year,state_name,state_code,district_name,district_code,registration_circles,murder_homicide,rape_sexual_violence,attempted_rape,assault_modesty,kidnapping_abduction,kidnapping_ransom,human_trafficking,crimes_against_children,pocso_crimes,cruelty_domestic_violence,dowry_crimes,acid_attack,suicide_abetment,hurt_grievous_hurt,juvenile_crimes,cybercrime,cyber_fraud,identity_privacy_crimes,cyber_harassment_threats,online_sexual_obscene_crimes,cheating_fraud,theft_property_crimes,forgery_counterfeiting,immoral_traffic_prostitution,other_ipc_special_laws
2017,Andaman And Nicobar Islands,35,Nicobars,603,Nicobar,0.0,5.0,0.0,0.0,0.0,0.0,0.0,8.0,7.0,0.0,0.0,0.0,0.0,0.0,1.0,0.0,0.0,0.0,0.0,0.0,0.0,0.0,0.0,0.0,0.0
2017,Andaman And Nicobar Islands,35,North And Middle Andaman,632,North & Middle Andaman,3.0,5.0,0.0,0.0,0.0,0.0,0.0,0.0,0.0,0.0,0.0,0.0,0.0,0.0,0.0,0.0,0.0,0.0,0.0,0.0,3.0,0.0,1.0,0.0,8.0
2017,Andaman And Nicobar Islands,35,North And Middle Andaman,632,North And Middle Andaman,0.0,0.0,0.0,0.0,7.0,0.0,0.0,42.0,26.0,0.0,0.0,0.0,0.0,0.0,4.0,0.0,0.0,0.0,0.0,0.0,0.0,0.0,0.0,0.0,0.0
2017,Andaman And Nicobar Islands,35,North And Middle Andaman,632,North Andmiddle Andaman,0.0,28.0,0.0,19.0,0.0,0.0,0.0,0.0,0.0,3.0,0.0,0.0,0.0,0.0,0.0,0.0,0.0,0.0,0.0,0.0,0.0,0.0,0.0,0.0,0.0
2017,Andaman And Nicobar Islands,35,South Andamans,602,South Andaman,6.0,36.0,0.0,34.0,26.0,0.0,0.0,69.0,32.0,1.0,1.0,0.0,0.0,2.0,12.0,3.0,0.0,2.0,0.0,1.0,14.0,8.0,0.0,0.0,4.0
2017,Andhra Pradesh,28,Anantapur,502,Anantapur,4.0,23.0,0.0,10.0,33.0,4.0,1.0,120.0,3.0,0.0,0.0,0.0,1.0,19.0,0.0,0.0,0.0,0.0,0.0,0.0,0.0,0.0,0.0,0.0,0.0
2017,Andhra Pradesh,28,Anantapur,502,Guntakal Railway,1.0,0.0,0.0,0.0,0.0,0.0,0.0,3.0,2.0,0.0,0.0,0.0,0.0,0.0,0.0,0.0,0.0,0.0,0.0,0.0,0.0,0.0,0.0,0.0,0.0
2017,Andhra Pradesh,28,Ananthapuramu,502,Anantapur,113.0,86.0,11.0,425.0,46.0,8.0,5.0,0.0,0.0,471.0,14.0,0.0,55.0,0.0,188.0,86.0,15.0,0.0,14.0,0.0,152.0,28.0,4.0,10.0,209.0
2017,Andhra Pradesh,28,Ananthapuramu,502,Guntakal Railway,11.0,0.0,0.0,7.0,0.0,0.0,0.0,0.0,0.0,1.0,3.0,0.0,1.0,0.0,0.0,0.0,0.0,0.0,0.0,0.0,0.0,6.0,0.0,0.0,6.0
2017,Andhra Pradesh,28,Chittoor,503,Chittoor,74.0,72.0,9.0,185.0,11.0,2.0,0.0,81.0,9.0,212.0,36.0,0.0,25.0,4.0,16.0,6.0,1.0,0.0,0.0,1.0,142.0,12.0,8.0,0.0,473.0
2017,Andhra Pradesh,28,East Godavari,505,East Godavari,73.0,305.0,12.0,679.0,24.0,4.0,0.0,167.0,2.0,601.0,12.0,1.0,18.0,3.0,136.0,78.0,18.0,2.0,10.0,0.0,302.0,18.0,34.0,0.0,95.0
2017,Andhra Pradesh,28,East Godavari,505,Rajahmundry,16.0,63.0,4.0,140.0,12.0,0.0,6.0,46.0,0.0,163.0,1.0,0.0,12.0,0.0,127.0,10.0,5.0,0.0,0.0,0.0,61.0,14.0,6.0,9.0,17.0
2017,Andhra Pradesh,28,Guntur,506,Guntur,103.0,238.0,27.0,749.0,24.0,1.0,0.0,185.0,0.0,558.0,14.0,0.0,49.0,0.0,98.0,63.0,18.0,3.0,5.0,0.0,373.0,19.0,11.0,5.0,763.0
2017,Andhra Pradesh,28,Guntur,506,Guntur Urban,34.0,100.0,8.0,372.0,177.0,0.0,0.0,167.0,5.0,335.0,2.0,0.0,35.0,0.0,33.0,88.0,39.0,4.0,2.0,0.0,415.0,16.0,0.0,45.0,198.0
2017,Andhra Pradesh,28,Krishna,510,Krishna,37.0,208.0,18.0,704.0,148.0,0.0,0.0,183.0,0.0,620.0,14.0,0.0,33.0,8.0,32.0,21.0,10.0,0.0,0.0,0.0,322.0,10.0,0.0,4.0,1249.0
2017,Andhra Pradesh,28,Kurnool,511,Kurnool,97.0,100.0,6.0,753.0,39.0,0.0,0.0,99.0,26.0,313.0,413.0,0.0,70.0,3.0,40.0,53.0,0.0,0.0,0.0,0.0,334.0,12.0,6.0,6.0,1147.0
2017,Andhra Pradesh,28,Ntr,749,Vijayawada City,36.0,196.0,2.0,470.0,33.0,1.0,26.0,252.0,0.0,460.0,10.0,0.0,18.0,15.0,171.0,364.0,148.0,7.0,20.0,0.0,511.0,53.0,64.0,4.0,346.0
2017,Andhra Pradesh,28,Ntr,749,Vijayawada Railway,8.0,0.0,0.0,10.0,1.0,0.0,0.0,6.0,0.0,1.0,0.0,0.0,3.0,0.0,5.0,0.0,0.0,0.0,0.0,0.0,1.0,16.0,0.0,0.0,0.0
2017,Andhra Pradesh,28,Prakasam,517,Prakasham,97.0,294.0,13.0,382.0,75.0,0.0,21.0,218.0,96.0,598.0,7.0,0.0,37.0,0.0,48.0,32.0,0.0,11.0,0.0,2.0,149.0,30.0,18.0,0.0,295.0
2017,Andhra Pradesh,28,Spsr Nellore,515,Nellore,2.0,43.0,0.0,2.0,16.0,0.0,0.0,89.0,14.0,0.0,0.0,0.0,1.0,0.0,0.0,0.0,0.0,0.0,0.0,0.0,0.0,0.0,0.0,0.0,0.0
2017,Andhra Pradesh,28,Sri Potti Sriramulu Nellore,515,Nellore,67.0,116.0,15.0,386.0,25.0,0.0,2.0,0.0,1.0,469.0,6.0,0.0,28.0,0.0,84.0,0.0,0.0,0.0,0.0,0.0,169.0,44.0,10.0,13.0,317.0
2017,Andhra Pradesh,28,Srikakulam,519,Srikakulam,33.0,103.0,0.0,113.0,12.0,0.0,2.0,61.0,3.0,224.0,7.0,0.0,20.0,2.0,33.0,51.0,16.0,5.0,3.0,0.0,115.0,3.0,3.0,1.0,103.0
2017,Andhra Pradesh,28,Tirupati,752,Tirupathi Urban,38.0,64.0,4.0,140.0,26.0,0.0,0.0,51.0,18.0,86.0,7.0,0.0,10.0,0.0,0.0,55.0,15.0,0.0,4.0,0.0,254.0,14.0,30.0,1.0,236.0
2017,Andhra Pradesh,28,Visakhapatanam,520,Visakha Rural,2.0,8.0,0.0,7.0,7.0,0.0,0.0,36.0,3.0,0.0,0.0,0.0,0.0,0.0,0.0,0.0,0.0,0.0,0.0,0.0,0.0,0.0,0.0,0.0,0.0
2017,Andhra Pradesh,28,Visakhapatanam,520,Visakhapatnam,0.0,27.0,0.0,18.0,125.0,0.0,0.0,204.0,3.0,0.0,0.0,0.0,4.0,12.0,0.0,0.0,0.0,0.0,0.0,0.0,0.0,0.0,0.0,0.0,0.0
2017,Andhra Pradesh,28,Visakhapatnam,520,Visakha Rural,39.0,70.0,5.0,172.0,18.0,0.0,0.0,0.0,0.0,116.0,1.0,0.0,6.0,0.0,21.0,3.0,1.0,1.0,0.0,0.0,77.0,4.0,4.0,0.0,490.0
2017,Andhra Pradesh,28,Visakhapatnam,520,Visakhapatnam,40.0,180.0,0.0,390.0,83.0,1.0,6.0,0.0,1.0,449.0,7.0,0.0,16.0,0.0,170.0,366.0,43.0,187.0,10.0,0.0,543.0,49.0,41.0,9.0,527.0
2017,Andhra Pradesh,28,Vizianagaram,521,Vizianagaram,30.0,94.0,2.0,160.0,12.0,0.0,1.0,50.0,8.0,221.0,3.0,0.0,7.0,7.0,32.0,29.0,13.0,0.0,0.0,0.0,94.0,6.0,4.0,0.0,1929.0
2017,Andhra Pradesh,28,West Godavari,523,West Godavari,60.0,190.0,33.0,594.0,102.0,3.0,8.0,261.0,165.0,777.0,7.0,1.0,33.0,15.0,131.0,77.0,19.0,0.0,5.0,1.0,436.0,25.0,15.0,11.0,277.0
2017,Andhra Pradesh,28,Y.S.R.,504,Cuddapah,94.0,115.0,6.0,561.0,25.0,0.0,6.0,118.0,22.0,481.0,22.0,0.0,137.0,3.0,65.0,54.0,6.0,11.0,0.0,2.0,212.0,19.0,45.0,4.0,453.0
2017,Arunachal Pradesh,12,Anjaw,628,Anjaw,2.0,0.0,0.0,2.0,2.0,0.0,0.0,2.0,0.0,0.0,0.0,0.0,0.0,0.0,0.0,0.0,0.0,0.0,0.0,0.0,1.0,0.0,0.0,0.0,3.0
2017,Arunachal Pradesh,12,Changlang,229,Changlang,9.0,8.0,0.0,4.0,6.0,1.0,0.0,7.0,0.0,1.0,0.0,0.0,0.0,0.0,6.0,0.0,0.0,0.0,0.0,0.0,2.0,3.0,1.0,0.0,4.0
2017,Arunachal Pradesh,12,Dibang Valley,230,Dibang Valley,1.0,2.0,0.0,0.0,1.0,0.0,0.0,1.0,0.0,0.0,0.0,0.0,0.0,0.0,0.0,0.0,0.0,0.0,0.0,0.0,0.0,0.0,0.0,0.0,0.0
2017,Arunachal Pradesh,12,East Kameng,231,Kameng East,4.0,9.0,0.0,6.0,1.0,0.0,0.0,1.0,0.0,1.0,0.0,0.0,0.0,0.0,0.0,0.0,0.0,0.0,0.0,0.0,3.0,1.0,1.0,0.0,9.0
2017,Arunachal Pradesh,12,East Kameng,231,Kameng West,0.0,2.0,0.0,1.0,1.0,0.0,0.0,4.0,0.0,0.0,0.0,0.0,0.0,0.0,0.0,0.0,0.0,0.0,0.0,0.0,0.0,0.0,0.0,0.0,0.0
2017,Arunachal Pradesh,12,East Siang,232,Siang East,5.0,19.0,6.0,9.0,8.0,0.0,0.0,13.0,0.0,11.0,0.0,0.0,1.0,0.0,10.0,0.0,0.0,0.0,0.0,0.0,7.0,10.0,4.0,0.0,34.0
2017,Arunachal Pradesh,12,Kamle,718,Kamle,0.0,3.0,0.0,1.0,0.0,0.0,0.0,1.0,0.0,0.0,0.0,0.0,0.0,0.0,1.0,0.0,0.0,0.0,0.0,0.0,0.0,0.0,0.0,0.0,2.0
2017,Arunachal Pradesh,12,Kurung Kumey,233,Kurung Kumey,9.0,0.0,0.0,4.0,0.0,0.0,0.0,4.0,0.0,1.0,0.0,0.0,0.0,0.0,0.0,0.0,0.0,0.0,0.0,0.0,0.0,0.0,0.0,0.0,10.0
2017,Arunachal Pradesh,12,Lohit,234,Lohit,1.0,4.0,0.0,3.0,10.0,1.0,0.0,3.0,0.0,3.0,0.0,0.0,0.0,0.0,12.0,0.0,0.0,0.0,0.0,0.0,2.0,1.0,0.0,1.0,12.0
2017,Arunachal Pradesh,12,Longding,666,Longding,3.0,19.0,0.0,2.0,0.0,3.0,0.0,10.0,0.0,0.0,0.0,0.0,0.0,5.0,0.0,0.0,0.0,0.0,0.0,0.0,2.0,6.0,0.0,0.0,12.0
2017,Arunachal Pradesh,12,Lower Dibang Valley,235,Lower Dibang Valley,2.0,0.0,0.0,2.0,0.0,0.0,0.0,0.0,0.0,0.0,0.0,0.0,0.0,0.0,1.0,0.0,0.0,0.0,0.0,0.0,4.0,6.0,0.0,0.0,2.0
2017,Arunachal Pradesh,12,Lower Siang,719,Lower Siang,1.0,5.0,6.0,3.0,1.0,0.0,0.0,3.0,0.0,0.0,0.0,0.0,0.0,1.0,0.0,0.0,0.0,0.0,0.0,0.0,4.0,2.0,0.0,0.0,2.0
2017,Arunachal Pradesh,12,Lower Subansiri,236,Subansiri Lower,6.0,0.0,0.0,2.0,2.0,0.0,0.0,0.0,0.0,2.0,0.0,0.0,0.0,0.0,0.0,0.0,0.0,0.0,0.0,0.0,3.0,4.0,0.0,0.0,19.0
2017,Arunachal Pradesh,12,Namsai,678,Namsai,8.0,9.0,1.0,7.0,1.0,0.0,0.0,10.0,6.0,0.0,0.0,0.0,0.0,0.0,0.0,0.0,0.0,0.0,0.0,0.0,2.0,11.0,1.0,0.0,6.0
2017,Arunachal Pradesh,12,Papum Pare,237,Crime Branch,1.0,0.0,0.0,0.0,0.0,1.0,0.0,0.0,0.0,0.0,0.0,0.0,0.0,0.0,0.0,1.0,0.0,1.0,0.0,0.0,0.0,0.0,0.0,0.0,0.0
2017,Arunachal Pradesh,12,Papum Pare,237,Papum Pare City,11.0,33.0,8.0,43.0,51.0,3.0,2.0,50.0,3.0,30.0,0.0,0.0,3.0,2.0,4.0,0.0,0.0,0.0,0.0,0.0,16.0,16.0,15.0,2.0,107.0
2017,Arunachal Pradesh,12,Papum Pare,237,Papum Pare Rural,6.0,10.0,0.0,0.0,0.0,0.0,0.0,5.0,2.0,0.0,0.0,0.0,0.0,0.0,5.0,0.0,0.0,0.0,0.0,0.0,0.0,0.0,1.0,0.0,18.0
2017,Arunachal Pradesh,12,Siang,679,Siang,0.0,7.0,0.0,0.0,0.0,0.0,0.0,1.0,0.0,0.0,0.0,0.0,0.0,0.0,0.0,0.0,0.0,0.0,0.0,0.0,0.0,1.0,0.0,0.0,2.0
2017,Arunachal Pradesh,12,Tawang,238,Tawang,2.0,3.0,0.0,0.0,0.0,0.0,0.0,2.0,0.0,0.0,0.0,0.0,0.0,0.0,0.0,0.0,0.0,0.0,0.0,0.0,5.0,0.0,1.0,0.0,11.0
2017,Arunachal Pradesh,12,Tirap,239,Tirap,3.0,0.0,1.0,3.0,0.0,0.0,0.0,0.0,0.0,0.0,0.0,0.0,0.0,0.0,0.0,0.0,0.0,0.0,0.0,0.0,0.0,0.0,0.0,0.0,3.0
2017,Arunachal Pradesh,12,Upper Siang,240,Siang Upper,1.0,3.0,0.0,1.0,3.0,0.0,0.0,1.0,0.0,0.0,0.0,0.0,0.0,0.0,0.0,0.0,0.0,0.0,0.0,0.0,0.0,0.0,0.0,0.0,6.0
2017,Arunachal Pradesh,12,Upper Subansiri,241,Subansiri Upper,5.0,6.0,2.0,9.0,3.0,0.0,0.0,9.0,3.0,5.0,0.0,0.0,1.0,1.0,8.0,0.0,0.0,0.0,0.0,0.0,3.0,0.0,0.0,0.0,12.0
2017,Arunachal Pradesh,12,West Kameng,242,Kameng West,5.0,4.0,0.0,4.0,2.0,0.0,0.0,0.0,0.0,1.0,0.0,0.0,0.0,0.0,8.0,0.0,0.0,0.0,0.0,0.0,1.0,3.0,2.0,0.0,19.0
2017,Arunachal Pradesh,12,West Siang,243,Siang West,2.0,16.0,0.0,9.0,7.0,0.0,0.0,11.0,0.0,1.0,0.0,0.0,0.0,0.0,0.0,0.0,0.0,0.0,0.0,0.0,9.0,0.0,1.0,0.0,17.0
2017,Assam,18,Baksa,616,Baksa,33.0,96.0,1.0,45.0,167.0,0.0,2.0,119.0,38.0,92.0,3.0,0.0,0.0,0.0,5.0,18.0,0.0,0.0,3.0,11.0,56.0,23.0,11.0,0.0,38.0
2017,Assam,18,Barpeta,280,Barpeta,53.0,361.0,52.0,261.0,393.0,3.0,15.0,186.0,172.0,792.0,22.0,0.0,0.0,0.0,0.0,140.0,0.0,0.0,70.0,0.0,0.0,30.0,68.0,6.0,1478.0
2017,Assam,18,Biswanath,705,Biswanath,39.0,52.0,0.0,57.0,72.0,0.0,11.0,98.0,28.0,111.0,6.0,0.0,2.0,0.0,0.0,15.0,0.0,0.0,0.0,15.0,40.0,4.0,30.0,0.0,0.0
2017,Assam,18,Bongaigaon,281,Bongaigaon,17.0,119.0,13.0,56.0,93.0,0.0,6.0,76.0,39.0,338.0,9.0,0.0,0.0,0.0,0.0,39.0,0.0,0.0,0.0,0.0,164.0,33.0,0.0,0.0,697.0
2017,Assam,18,Cachar,282,Cachar,57.0,139.0,8.0,149.0,459.0,0.0,2.0,94.0,37.0,457.0,25.0,0.0,0.0,0.0,32.0,70.0,0.0,0.0,0.0,0.0,99.0,48.0,68.0,3.0,1450.0
2017,Assam,18,Charaideo,708,Charaideo,32.0,41.0,0.0,15.0,74.0,0.0,4.0,106.0,24.0,81.0,1.0,0.0,1.0,0.0,0.0,12.0,0.0,1.0,0.0,8.0,39.0,13.0,3.0,2.0,105.0
2017,Assam,18,Chirang,612,Chirang,16.0,68.0,0.0,17.0,30.0,2.0,4.0,11.0,8.0,74.0,0.0,0.0,3.0,0.0,2.0,11.0,0.0,0.0,0.0,0.0,35.0,7.0,5.0,0.0,0.0
2017,Assam,18,Darrang,283,Darrang,34.0,181.0,18.0,366.0,135.0,0.0,10.0,165.0,37.0,552.0,6.0,0.0,0.0,0.0,25.0,113.0,0.0,0.0,36.0,77.0,239.0,16.0,42.0,0.0,969.0
2017,Assam,18,Dhemaji,284,Dhemaji,20.0,101.0,20.0,98.0,54.0,0.0,2.0,96.0,27.0,149.0,7.0,0.0,1.0,0.0,8.0,23.0,0.0,3.0,0.0,0.0,40.0,22.0,4.0,2.0,140.0
2017,Assam,18,Dhubri,285,Dhubri,47.0,230.0,54.0,562.0,261.0,11.0,28.0,304.0,93.0,1054.0,18.0,0.0,1.0,0.0,0.0,0.0,0.0,0.0,0.0,0.0,71.0,50.0,37.0,5.0,118.0
2017,Assam,18,Dibrugarh,286,Dibrugarh,55.0,93.0,2.0,52.0,306.0,0.0,2.0,106.0,41.0,299.0,27.0,0.0,8.0,0.0,0.0,60.0,0.0,7.0,3.0,16.0,107.0,55.0,9.0,0.0,1729.0
2017,Assam,18,Dima Hasao,299,Dima Hasao,11.0,2.0,0.0,0.0,27.0,14.0,2.0,15.0,0.0,8.0,0.0,0.0,0.0,0.0,0.0,0.0,0.0,0.0,0.0,0.0,0.0,5.0,0.0,0.0,0.0
2017,Assam,18,Goalpara,287,Goalpara,22.0,107.0,28.0,100.0,169.0,2.0,7.0,102.0,13.0,123.0,6.0,3.0,0.0,0.0,30.0,20.0,0.0,0.0,0.0,0.0,80.0,11.0,0.0,0.0,535.0
2017,Assam,18,Golaghat,288,Golaghat,49.0,130.0,4.0,125.0,193.0,2.0,8.0,119.0,33.0,310.0,2.0,0.0,0.0,0.0,0.0,30.0,0.0,20.0,0.0,8.0,84.0,46.0,0.0,4.0,565.0
2017,Assam,18,Hailakandi,289,Hailakandi,19.0,178.0,8.0,88.0,79.0,0.0,0.0,28.0,22.0,273.0,7.0,0.0,0.0,0.0,0.0,17.0,0.0,0.0,0.0,1.0,87.0,41.0,12.0,0.0,0.0
2017,Assam,18,Hojai,709,Hojai,30.0,135.0,26.0,391.0,229.0,4.0,10.0,248.0,33.0,268.0,10.0,0.0,4.0,0.0,14.0,58.0,23.0,1.0,1.0,4.0,293.0,25.0,6.0,0.0,25.0
2017,Assam,18,Jorhat,290,Jorhat,43.0,94.0,12.0,115.0,223.0,0.0,4.0,162.0,36.0,388.0,2.0,0.0,0.0,0.0,0.0,69.0,0.0,0.0,0.0,0.0,175.0,35.0,55.0,4.0,1240.0
2017,Assam,18,Kamrup,291,Kamrup,44.0,221.0,5.0,150.0,156.0,4.0,14.0,196.0,76.0,350.0,3.0,0.0,0.0,0.0,0.0,42.0,0.0,11.0,0.0,14.0,1.0,55.0,0.0,0.0,2217.0
2017,Assam,18,Kamrup Metro,618,Bieo,0.0,0.0,0.0,0.0,0.0,0.0,0.0,0.0,0.0,0.0,0.0,0.0,0.0,0.0,0.0,0.0,0.0,0.0,0.0,0.0,1.0,0.0,4.0,0.0,0.0
2017,Assam,18,Kamrup Metro,618,Cid,0.0,0.0,0.0,0.0,0.0,0.0,0.0,0.0,0.0,0.0,0.0,0.0,0.0,0.0,0.0,5.0,0.0,5.0,0.0,0.0,11.0,0.0,0.0,0.0,1.0
2017,Assam,18,Kamrup Metro,618,Grp,9.0,1.0,0.0,5.0,1.0,0.0,3.0,5.0,1.0,0.0,0.0,0.0,0.0,0.0,0.0,0.0,0.0,0.0,0.0,0.0,4.0,6.0,0.0,0.0,52.0
2017,Assam,18,Kamrup Metro,618,Guwahati City,85.0,378.0,6.0,264.0,319.0,4.0,15.0,529.0,106.0,688.0,50.0,0.0,15.0,0.0,0.0,267.0,0.0,34.0,10.0,20.0,1262.0,340.0,282.0,4.0,80.0
2017,Assam,18,Kamrup Metro,618,Rpo,7.0,6.0,0.0,1.0,0.0,0.0,0.0,0.0,0.0,15.0,0.0,0.0,0.0,0.0,0.0,0.0,0.0,0.0,0.0,0.0,0.0,1.0,8.0,0.0,30.0
2017,Assam,18,Kamrup Metro,618,Sou,0.0,0.0,0.0,0.0,0.0,0.0,0.0,0.0,0.0,0.0,0.0,0.0,0.0,0.0,0.0,0.0,0.0,0.0,0.0,0.0,0.0,0.0,0.0,0.0,0.0
2017,Assam,18,Kamrup Metro,618,Stf,0.0,0.0,0.0,0.0,0.0,0.0,0.0,0.0,0.0,0.0,0.0,0.0,0.0,0.0,0.0,0.0,0.0,0.0,0.0,0.0,0.0,0.0,0.0,0.0,0.0
2017,Assam,18,Karbi Anglong,292,Karbi Anglong,33.0,33.0,1.0,39.0,81.0,9.0,13.0,102.0,11.0,69.0,3.0,0.0,0.0,13.0,0.0,21.0,0.0,2.0,5.0,4.0,29.0,5.0,12.0,4.0,20.0
2017,Assam,18,Karimganj,293,Karimganj,33.0,146.0,8.0,99.0,166.0,6.0,2.0,96.0,14.0,259.0,11.0,0.0,0.0,0.0,18.0,24.0,0.0,2.0,10.0,0.0,89.0,14.0,17.0,0.0,1091.0
2017,Assam,18,Kokrajhar,294,Kokrajhar,33.0,88.0,12.0,67.0,71.0,0.0,17.0,48.0,18.0,168.0,4.0,0.0,0.0,0.0,0.0,0.0,0.0,0.0,0.0,0.0,82.0,15.0,0.0,0.0,0.0
2017,Assam,18,Lakhimpur,295,Lakhimpur,41.0,187.0,0.0,26.0,552.0,19.0,32.0,337.0,57.0,438.0,66.0,0.0,0.0,0.0,4.0,14.0,0.0,0.0,0.0,0.0,2.0,39.0,0.0,0.0,1521.0
2017,Assam,18,Majuli,706,Majuli,0.0,12.0,3.0,15.0,0.0,0.0,0.0,6.0,0.0,33.0,0.0,0.0,1.0,0.0,0.0,7.0,0.0,0.0,0.0,0.0,11.0,2.0,0.0,2.0,0.0
2017,Assam,18,Marigaon,296,Morigaon,42.0,231.0,0.0,28.0,229.0,0.0,32.0,206.0,63.0,355.0,5.0,0.0,0.0,0.0,0.0,0.0,0.0,0.0,0.0,0.0,156.0,31.0,0.0,0.0,434.0
2017,Assam,18,Nagaon,297,Nagaon,71.0,249.0,29.0,304.0,215.0,6.0,22.0,760.0,63.0,963.0,36.0,1.0,5.0,460.0,0.0,58.0,0.0,49.0,0.0,0.0,0.0,101.0,0.0,4.0,625.0
2017,Assam,18,Nalbari,298,Nalbari,14.0,100.0,0.0,73.0,135.0,0.0,4.0,48.0,2.0,184.0,4.0,0.0,0.0,10.0,65.0,18.0,0.0,0.0,0.0,0.0,30.0,26.0,25.0,0.0,503.0
2017,Assam,18,Sivasagar,300,Sibsagar,39.0,39.0,9.0,32.0,281.0,0.0,0.0,131.0,31.0,233.0,15.0,0.0,1.0,0.0,38.0,33.0,0.0,6.0,0.0,38.0,134.0,30.0,7.0,4.0,218.0
2017,Assam,18,Sonitpur,301,Sonitpur,54.0,129.0,7.0,77.0,506.0,0.0,37.0,231.0,39.0,383.0,0.0,0.0,0.0,0.0,0.0,39.0,0.0,0.0,0.0,0.0,230.0,15.0,0.0,0.0,1787.0
2017,Assam,18,South Salmara Mancachar,707,South Salmara,19.0,175.0,0.0,0.0,13.0,3.0,4.0,45.0,21.0,0.0,6.0,0.0,0.0,0.0,5.0,13.0,0.0,0.0,0.0,13.0,24.0,3.0,8.0,0.0,387.0
2017,Assam,18,Tinsukia,302,Sadia,5.0,6.0,0.0,14.0,0.0,0.0,5.0,1.0,0.0,0.0,0.0,0.0,0.0,0.0,0.0,0.0,0.0,0.0,0.0,0.0,3.0,7.0,1.0,0.0,38.0
2017,Assam,18,Tinsukia,302,Tinsukia,57.0,177.0,20.0,59.0,164.0,0.0,5.0,81.0,48.0,220.0,4.0,0.0,6.0,0.0,0.0,49.0,0.0,3.0,0.0,10.0,65.0,69.0,15.0,0.0,355.0
2017,Assam,18,Udalguri,617,Udalguri,23.0,93.0,32.0,37.0,57.0,0.0,8.0,84.0,0.0,40.0,4.0,0.0,0.0,0.0,0.0,13.0,0.0,0.0,0.0,0.0,14.0,19.0,0.0,0.0,90.0
2017,Assam,18,West Karbi Anglong,710,Hamren,6.0,34.0,0.0,11.0,25.0,0.0,0.0,10.0,0.0,15.0,0.0,0.0,0.0,0.0,0.0,0.0,0.0,0.0,0.0,0.0,0.0,4.0,0.0,0.0,162.0
2017,Bihar,10,Araria,188,Araria,47.0,100.0,0.0,0.0,151.0,0.0,0.0,52.0,30.0,63.0,11.0,1.0,0.0,0.0,0.0,30.0,15.0,0.0,0.0,0.0,79.0,38.0,97.0,0.0,15.0
2017,Bihar,10,Arwal,611,Arwal,11.0,11.0,0.0,2.0,48.0,0.0,2.0,30.0,7.0,28.0,6.0,0.0,0.0,0.0,0.0,0.0,0.0,0.0,0.0,0.0,43.0,15.0,6.0,1.0,1.0
2017,Bihar,10,Aurangabad,189,Aurangabad,42.0,23.0,6.0,38.0,66.0,0.0,2.0,55.0,32.0,39.0,40.0,0.0,0.0,0.0,0.0,0.0,0.0,0.0,0.0,0.0,44.0,18.0,41.0,0.0,0.0
2017,Bihar,10,Balod,646,Balod,2.0,31.0,0.0,13.0,30.0,1.0,0.0,134.0,45.0,0.0,0.0,0.0,0.0,2.0,0.0,0.0,0.0,0.0,0.0,0.0,0.0,0.0,0.0,0.0,0.0
2017,Bihar,10,Baloda Bazar,644,Balodbazar,2.0,59.0,0.0,35.0,97.0,0.0,0.0,346.0,99.0,0.0,0.0,0.0,0.0,20.0,0.0,0.0,0.0,0.0,0.0,0.0,0.0,0.0,0.0,0.0,0.0
2017,Bihar,10,Balrampur,127,Balrampur,2.0,44.0,0.0,0.0,34.0,0.0,3.0,128.0,44.0,0.0,0.0,0.0,0.0,0.0,0.0,0.0,0.0,0.0,0.0,0.0,0.0,0.0,0.0,0.0,0.0
2017,Bihar,10,Banka,190,Banka,64.0,31.0,0.0,1.0,181.0,0.0,0.0,86.0,8.0,32.0,52.0,1.0,0.0,0.0,8.0,0.0,0.0,0.0,0.0,0.0,0.0,32.0,14.0,2.0,0.0
2017,Bihar,10,Bastar,374,Jagdalpur,2.0,39.0,0.0,0.0,30.0,0.0,0.0,157.0,46.0,0.0,0.0,0.0,0.0,0.0,0.0,0.0,0.0,0.0,0.0,0.0,0.0,0.0,0.0,0.0,0.0
2017,Bihar,10,Begusarai,191,Begusarai,88.0,32.0,10.0,10.0,182.0,0.0,0.0,93.0,47.0,46.0,45.0,1.0,0.0,0.0,0.0,0.0,0.0,0.0,0.0,0.0,31.0,72.0,56.0,0.0,0.0
2017,Bihar,10,Bemetara,650,Bemetra,3.0,25.0,0.0,21.0,52.0,0.0,0.0,184.0,46.0,0.0,0.0,0.0,0.0,3.0,0.0,0.0,0.0,0.0,0.0,0.0,0.0,0.0,0.0,0.0,0.0
2017,Bihar,10,Bhagalpur,192,Bhagalpur,75.0,119.0,6.0,6.0,283.0,5.0,1.0,66.0,43.0,114.0,155.0,0.0,0.0,0.0,50.0,0.0,0.0,0.0,0.0,0.0,191.0,62.0,95.0,0.0,0.0
2017,Bihar,10,Bhagalpur,192,Naugachia,33.0,8.0,1.0,5.0,140.0,0.0,0.0,58.0,9.0,23.0,33.0,0.0,0.0,0.0,0.0,0.0,0.0,0.0,0.0,0.0,29.0,22.0,8.0,0.0,0.0
2017,Bihar,10,Bhojpur,193,Bhojpur,90.0,23.0,19.0,3.0,200.0,0.0,0.0,122.0,27.0,180.0,34.0,0.0,0.0,0.0,0.0,0.0,0.0,0.0,0.0,0.0,370.0,38.0,157.0,0.0,0.0
2017,Bihar,10,Bijapur,636,Bizapur,1.0,7.0,0.0,4.0,7.0,0.0,0.0,61.0,9.0,0.0,0.0,0.0,0.0,0.0,0.0,0.0,0.0,0.0,0.0,0.0,0.0,0.0,0.0,0.0,0.0
2017,Bihar,10,Bilaspur,375,Bilaspur,0.0,71.0,0.0,77.0,239.0,0.0,0.0,559.0,147.0,0.0,0.0,0.0,0.0,18.0,0.0,0.0,0.0,0.0,0.0,0.0,0.0,0.0,0.0,0.0,0.0
2017,Bihar,10,Buxar,194,Buxar,44.0,21.0,4.0,5.0,95.0,0.0,0.0,77.0,34.0,41.0,88.0,0.0,0.0,0.0,5.0,18.0,9.0,0.0,0.0,0.0,123.0,19.0,32.0,0.0,11.0
2017,Bihar,10,Dantewada,376,Dantewara,0.0,15.0,0.0,4.0,15.0,0.0,1.0,79.0,20.0,0.0,0.0,0.0,0.0,1.0,0.0,0.0,0.0,0.0,0.0,0.0,0.0,0.0,0.0,0.0,0.0
2017,Bihar,10,Darbhanga,195,Darbhanga,36.0,50.0,0.0,10.0,368.0,3.0,0.0,238.0,52.0,195.0,17.0,0.0,0.0,23.0,0.0,18.0,9.0,0.0,0.0,0.0,262.0,40.0,18.0,0.0,9.0
2017,Bihar,10,Dhamtari,377,Dhamtari,2.0,34.0,0.0,14.0,17.0,0.0,0.0,146.0,53.0,0.0,0.0,0.0,0.0,1.0,0.0,0.0,0.0,0.0,0.0,0.0,0.0,0.0,0.0,0.0,0.0
2017,Bihar,10,Durg,378,Durg,3.0,66.0,0.0,74.0,238.0,0.0,0.0,691.0,148.0,0.0,0.0,0.0,0.0,120.0,0.0,0.0,0.0,0.0,0.0,0.0,0.0,0.0,0.0,0.0,0.0
2017,Bihar,10,Gariyaband,645,Gariyaband,1.0,20.0,0.0,5.0,9.0,0.0,1.0,78.0,26.0,0.0,0.0,0.0,0.0,8.0,0.0,0.0,0.0,0.0,0.0,0.0,0.0,0.0,0.0,0.0,0.0
2017,Bihar,10,Gaya,196,Gaya,167.0,59.0,22.0,5.0,424.0,1.0,2.0,227.0,49.0,141.0,108.0,0.0,0.0,0.0,151.0,30.0,15.0,0.0,0.0,0.0,104.0,82.0,45.0,0.0,15.0
2017,Bihar,10,Gopalganj,197,Gopalganj,69.0,16.0,0.0,0.0,278.0,2.0,0.0,171.0,21.0,54.0,61.0,0.0,0.0,0.0,24.0,10.0,5.0,0.0,0.0,0.0,44.0,45.0,83.0,0.0,5.0
2017,Bihar,10,Jamui,198,Jamui,49.0,23.0,0.0,1.0,149.0,4.0,0.0,94.0,12.0,75.0,11.0,0.0,0.0,0.0,120.0,0.0,0.0,0.0,0.0,0.0,0.0,14.0,3.0,0.0,1.0
2017,Bihar,10,Janjgir-Champa,379,Janjgir,4.0,52.0,0.0,34.0,82.0,0.0,0.0,338.0,87.0,0.0,0.0,0.0,1.0,25.0,0.0,0.0,0.0,0.0,0.0,0.0,0.0,0.0,0.0,0.0,0.0
2017,Bihar,10,Jashpur,380,Jashpur,2.0,50.0,0.0,12.0,55.0,0.0,9.0,220.0,66.0,0.0,0.0,0.0,0.0,1.0,0.0,0.0,0.0,0.0,0.0,0.0,0.0,0.0,0.0,0.0,0.0
2017,Bihar,10,Jehanabad,199,Jehanabad,40.0,28.0,3.0,9.0,88.0,0.0,0.0,30.0,25.0,31.0,18.0,0.0,0.0,0.0,0.0,54.0,25.0,0.0,2.0,0.0,85.0,22.0,23.0,0.0,27.0
2017,Bihar,10,Kabirdham,382,Kabirdham,2.0,22.0,0.0,14.0,60.0,0.0,0.0,117.0,0.0,0.0,0.0,0.0,1.0,13.0,0.0,0.0,0.0,0.0,0.0,0.0,0.0,0.0,0.0,0.0,0.0
2017,Bihar,10,Kaimur (Bhabua),200,Bhabhua,38.0,38.0,2.0,0.0,128.0,1.0,0.0,102.0,37.0,72.0,23.0,0.0,0.0,0.0,12.0,38.0,19.0,0.0,0.0,0.0,95.0,33.0,28.0,0.0,19.0
2017,Bihar,10,Kanker,381,Kanker,3.0,40.0,0.0,6.0,38.0,0.0,1.0,150.0,49.0,0.0,0.0,0.0,0.0,0.0,0.0,0.0,0.0,0.0,0.0,0.0,0.0,0.0,0.0,0.0,0.0
2017,Bihar,10,Katihar,201,Katihar,90.0,123.0,97.0,0.0,297.0,1.0,4.0,230.0,67.0,106.0,78.0,0.0,0.0,0.0,3.0,156.0,78.0,0.0,0.0,0.0,78.0,56.0,46.0,0.0,78.0
2017,Bihar,10,Katihar,201,Katihar Railway,4.0,0.0,0.0,4.0,4.0,0.0,0.0,2.0,1.0,0.0,0.0,0.0,0.0,0.0,0.0,0.0,0.0,0.0,0.0,0.0,4.0,10.0,3.0,0.0,9.0
2017,Bihar,10,Khagaria,202,Khagaria,56.0,15.0,5.0,3.0,65.0,0.0,0.0,17.0,12.0,78.0,10.0,0.0,0.0,0.0,0.0,18.0,9.0,0.0,0.0,0.0,191.0,23.0,1.0,0.0,9.0
2017,Bihar,10,Kishanganj,203,Kishanganj,39.0,59.0,0.0,0.0,91.0,0.0,2.0,19.0,19.0,33.0,42.0,0.0,0.0,0.0,0.0,0.0,0.0,0.0,0.0,0.0,42.0,22.0,19.0,1.0,0.0
2017,Bihar,10,Kondagaon,643,Kondagaon,0.0,25.0,0.0,4.0,13.0,0.0,2.0,73.0,29.0,0.0,0.0,0.0,0.0,0.0,0.0,0.0,0.0,0.0,0.0,0.0,0.0,0.0,0.0,0.0,0.0
2017,Bihar,10,Korba,383,Korba,8.0,47.0,0.0,29.0,74.0,0.0,0.0,278.0,74.0,0.0,0.0,0.0,0.0,15.0,0.0,0.0,0.0,0.0,0.0,0.0,0.0,0.0,0.0,0.0,0.0
2017,Bihar,10,Korea,384,Koriya,1.0,23.0,0.0,63.0,84.0,0.0,2.0,223.0,25.0,0.0,0.0,0.0,0.0,14.0,0.0,0.0,0.0,0.0,0.0,0.0,0.0,0.0,0.0,0.0,0.0
2017,Bihar,10,Lakhisarai,204,Lakhisarai,51.0,23.0,5.0,0.0,9.0,0.0,7.0,47.0,45.0,41.0,11.0,0.0,0.0,0.0,69.0,0.0,0.0,0.0,0.0,0.0,24.0,23.0,36.0,0.0,0.0
2017,Bihar,10,Madhepura,205,Madhepura,69.0,35.0,12.0,0.0,215.0,0.0,2.0,106.0,14.0,96.0,11.0,0.0,0.0,0.0,0.0,1.0,0.0,0.0,0.0,2.0,61.0,37.0,25.0,0.0,0.0
2017,Bihar,10,Madhubani,206,Madhubani,60.0,96.0,0.0,0.0,402.0,2.0,0.0,250.0,47.0,199.0,39.0,0.0,0.0,0.0,0.0,58.0,29.0,0.0,0.0,0.0,156.0,42.0,55.0,0.0,29.0
2017,Bihar,10,Mahasamund,385,Mahasamund,4.0,44.0,0.0,10.0,65.0,0.0,0.0,207.0,56.0,0.0,0.0,0.0,0.0,14.0,0.0,0.0,0.0,0.0,0.0,0.0,0.0,0.0,0.0,0.0,0.0
2017,Bihar,10,Mungeli,647,Mungali,1.0,42.0,0.0,13.0,33.0,0.0,0.0,167.0,55.0,0.0,0.0,0.0,0.0,13.0,0.0,0.0,0.0,0.0,0.0,0.0,0.0,0.0,0.0,0.0,0.0
2017,Bihar,10,Munger,207,Jamalpur Railway,4.0,0.0,0.0,5.0,2.0,0.0,0.0,1.0,0.0,0.0,0.0,0.0,0.0,0.0,0.0,0.0,0.0,0.0,0.0,0.0,0.0,7.0,0.0,0.0,0.0
2017,Bihar,10,Munger,207,Munger,57.0,22.0,4.0,7.0,55.0,0.0,0.0,14.0,10.0,78.0,11.0,0.0,0.0,0.0,157.0,0.0,0.0,0.0,0.0,0.0,112.0,26.0,7.0,0.0,0.0
2017,Bihar,10,Muzaffarpur,208,Muzaffarpur,140.0,86.0,23.0,17.0,571.0,8.0,8.0,360.0,86.0,121.0,84.0,0.0,0.0,0.0,77.0,0.0,0.0,0.0,0.0,0.0,354.0,113.0,106.0,0.0,0.0
2017,Bihar,10,Muzaffarpur,208,Muzaffarpur Railway,11.0,3.0,0.0,0.0,13.0,0.0,0.0,50.0,4.0,1.0,0.0,0.0,0.0,0.0,47.0,0.0,0.0,0.0,0.0,0.0,8.0,4.0,4.0,0.0,87.0
2017,Bihar,10,Nalanda,209,Nalanda,95.0,40.0,0.0,0.0,459.0,2.0,3.0,306.0,48.0,107.0,200.0,0.0,0.0,0.0,21.0,4.0,2.0,0.0,0.0,0.0,423.0,77.0,34.0,0.0,2.0
2017,Bihar,10,Narayanpur,637,Narayanpur,1.0,8.0,0.0,0.0,11.0,0.0,0.0,29.0,8.0,0.0,0.0,0.0,0.0,0.0,0.0,0.0,0.0,0.0,0.0,0.0,0.0,0.0,0.0,0.0,0.0
2017,Bihar,10,Nawada,210,Nawadah,61.0,49.0,0.0,7.0,197.0,1.0,1.0,118.0,34.0,54.0,17.0,1.0,0.0,0.0,120.0,0.0,0.0,0.0,0.0,0.0,139.0,25.0,10.0,0.0,0.0
2017,Bihar,10,Pashchim Champaran,211,Bagaha,27.0,18.0,3.0,0.0,73.0,0.0,0.0,17.0,14.0,30.0,16.0,0.0,0.0,0.0,0.0,14.0,7.0,0.0,0.0,0.0,7.0,3.0,43.0,0.0,7.0
2017,Bihar,10,Pashchim Champaran,211,Bettiah,72.0,43.0,2.0,0.0,295.0,0.0,0.0,180.0,41.0,222.0,33.0,0.0,0.0,0.0,47.0,7.0,3.0,0.0,0.0,2.0,140.0,19.0,81.0,0.0,3.0
2017,Bihar,10,Patna,212,Anti Terrorist Squad,0.0,0.0,0.0,0.0,0.0,0.0,0.0,0.0,0.0,0.0,0.0,0.0,0.0,0.0,0.0,0.0,0.0,0.0,0.0,0.0,0.0,0.0,0.0,0.0,0.0
2017,Bihar,10,Patna,212,Economic Offences Unit,0.0,0.0,0.0,0.0,0.0,0.0,0.0,0.0,0.0,0.0,0.0,0.0,0.0,0.0,0.0,4.0,2.0,0.0,0.0,0.0,4.0,0.0,6.0,0.0,2.0
2017,Bihar,10,Patna,212,Patna,271.0,148.0,22.0,10.0,856.0,2.0,0.0,256.0,130.0,447.0,97.0,0.0,0.0,41.0,220.0,170.0,85.0,0.0,0.0,0.0,177.0,269.0,21.0,0.0,95.0
2017,Bihar,10,Patna,212,Patna Railway,2.0,1.0,0.0,8.0,18.0,0.0,0.0,12.0,1.0,0.0,2.0,0.0,0.0,0.0,0.0,0.0,0.0,0.0,0.0,0.0,14.0,17.0,0.0,0.0,0.0
2017,Bihar,10,Purbi Champaran,213,Motihari,98.0,20.0,0.0,0.0,461.0,1.0,0.0,223.0,23.0,170.0,63.0,0.0,0.0,0.0,83.0,0.0,0.0,0.0,0.0,0.0,88.0,33.0,71.0,0.0,5.0
2017,Bihar,10,Purnia,214,Purnea,91.0,46.0,0.0,0.0,280.0,0.0,0.0,130.0,30.0,80.0,66.0,0.0,0.0,0.0,220.0,0.0,0.0,0.0,0.0,0.0,21.0,43.0,95.0,0.0,3.0
2017,Bihar,10,Raigarh,386,Raigarh,3.0,62.0,0.0,36.0,105.0,0.0,0.0,301.0,86.0,0.0,0.0,0.0,0.0,0.0,0.0,0.0,0.0,0.0,0.0,0.0,0.0,0.0,0.0,0.0,0.0
2017,Bihar,10,Raipur,387,Grp Raipur,0.0,1.0,0.0,1.0,5.0,0.0,0.0,10.0,2.0,0.0,0.0,0.0,0.0,0.0,0.0,0.0,0.0,0.0,0.0,0.0,0.0,0.0,0.0,0.0,0.0
2017,Bihar,10,Raipur,387,Raipur,5.0,134.0,0.0,68.0,391.0,0.0,0.0,922.0,210.0,0.0,0.0,0.0,0.0,43.0,0.0,0.0,0.0,0.0,0.0,0.0,0.0,0.0,0.0,0.0,0.0
2017,Bihar,10,Rajnandgaon,388,Rajnandgaon,1.0,28.0,0.0,37.0,103.0,0.0,1.0,280.0,63.0,0.0,0.0,0.0,0.0,0.0,0.0,0.0,0.0,0.0,0.0,0.0,0.0,0.0,0.0,0.0,0.0
2017,Bihar,10,Rohtas,215,Rohtas,100.0,54.0,4.0,5.0,362.0,2.0,0.0,226.0,45.0,108.0,52.0,0.0,0.0,0.0,24.0,132.0,66.0,0.0,0.0,0.0,94.0,67.0,67.0,0.0,67.0
2017,Bihar,10,Saharsa,216,Saharsa,44.0,42.0,0.0,0.0,84.0,0.0,0.0,33.0,27.0,75.0,17.0,0.0,0.0,0.0,0.0,0.0,0.0,0.0,0.0,0.0,178.0,69.0,0.0,0.0,0.0
2017,Bihar,10,Samastipur,217,Samastipur,65.0,30.0,7.0,1.0,552.0,1.0,0.0,303.0,33.0,51.0,94.0,0.0,0.0,0.0,0.0,59.0,29.0,0.0,0.0,2.0,29.0,34.0,42.0,5.0,29.0
2017,Bihar,10,Saran,218,Saran,125.0,58.0,3.0,1.0,402.0,1.0,0.0,132.0,31.0,78.0,198.0,0.0,0.0,0.0,0.0,22.0,11.0,0.0,0.0,0.0,360.0,121.0,9.0,3.0,11.0
2017,Bihar,10,Sheikhpura,219,Sheikhpura,16.0,5.0,3.0,30.0,24.0,0.0,0.0,51.0,41.0,19.0,53.0,0.0,0.0,0.0,6.0,0.0,0.0,0.0,0.0,0.0,75.0,10.0,0.0,0.0,0.0
2017,Bihar,10,Sheohar,220,Sheohar,12.0,16.0,0.0,4.0,89.0,0.0,0.0,50.0,5.0,19.0,4.0,0.0,0.0,0.0,0.0,0.0,0.0,0.0,0.0,0.0,10.0,8.0,2.0,0.0,0.0
2017,Bihar,10,Sitamarhi,221,Sitamarhi,68.0,46.0,0.0,0.0,454.0,2.0,0.0,263.0,32.0,183.0,28.0,0.0,0.0,18.0,0.0,0.0,0.0,0.0,0.0,0.0,34.0,64.0,28.0,10.0,0.0
2017,Bihar,10,Siwan,222,Siwan,71.0,34.0,0.0,0.0,319.0,2.0,0.0,156.0,10.0,148.0,56.0,0.0,0.0,0.0,20.0,19.0,9.0,0.0,0.0,2.0,49.0,43.0,174.0,0.0,15.0
2017,Bihar,10,Sukma,642,Sukma,1.0,0.0,0.0,1.0,3.0,0.0,0.0,9.0,2.0,0.0,0.0,0.0,0.0,0.0,0.0,0.0,0.0,0.0,0.0,0.0,0.0,0.0,0.0,0.0,0.0
2017,Bihar,10,Supaul,223,Supaul,47.0,67.0,12.0,0.0,88.0,1.0,0.0,37.0,24.0,65.0,142.0,0.0,0.0,3.0,0.0,0.0,0.0,0.0,0.0,0.0,100.0,51.0,35.0,0.0,0.0
2017,Bihar,10,Surajpur,648,Surajpur,1.0,59.0,0.0,26.0,41.0,0.0,1.0,299.0,89.0,0.0,0.0,0.0,5.0,20.0,0.0,0.0,0.0,0.0,0.0,0.0,0.0,0.0,0.0,0.0,0.0
2017,Bihar,10,Surguja,389,Sarguja,4.0,72.0,0.0,22.0,79.0,0.0,4.0,332.0,92.0,0.0,0.0,0.0,2.0,11.0,0.0,0.0,0.0,0.0,0.0,0.0,0.0,0.0,0.0,0.0,0.0
2017,Bihar,10,Vaishali,224,Vaishali,100.0,48.0,42.0,1.0,466.0,0.0,0.0,296.0,50.0,114.0,52.0,0.0,0.0,10.0,10.0,0.0,0.0,0.0,0.0,0.0,0.0,47.0,65.0,2.0,4.0
2017,Chandigarh,4,Chandigarh,44,Chandigarh,26.0,175.0,3.0,138.0,301.0,4.0,0.0,275.0,3.0,121.0,1.0,0.0,9.0,3.0,197.0,47.0,10.0,2.0,3.0,5.0,80.0,64.0,0.0,0.0,33.0
2017,Chhattisgarh,22,Balod,646,Balod,17.0,115.0,1.0,42.0,24.0,1.0,0.0,0.0,0.0,6.0,1.0,0.0,1.0,0.0,69.0,51.0,22.0,2.0,1.0,0.0,71.0,5.0,7.0,0.0,37.0
2017,Chhattisgarh,22,Baloda Bazar,644,Balodbazar,0.0,149.0,0.0,114.0,83.0,0.0,0.0,0.0,10.0,20.0,3.0,0.0,11.0,0.0,0.0,0.0,0.0,0.0,0.0,0.0,0.0,0.0,0.0,0.0,0.0
2017,Chhattisgarh,22,Balodabazar-Bhatapara,644,Balodbazar,32.0,90.0,0.0,0.0,0.0,0.0,0.0,0.0,0.0,0.0,0.0,0.0,0.0,0.0,232.0,2.0,0.0,0.0,0.0,0.0,47.0,13.0,0.0,0.0,19.0
2017,Chhattisgarh,22,Balrampur Ramanujganj,649,Balrampur,41.0,212.0,0.0,40.0,21.0,0.0,6.0,0.0,0.0,11.0,3.0,0.0,8.0,0.0,13.0,0.0,0.0,0.0,0.0,0.0,0.0,8.0,3.0,0.0,397.0
2017,Chhattisgarh,22,Bastar,374,Jagdalpur,36.0,159.0,0.0,25.0,36.0,0.0,4.0,0.0,0.0,9.0,0.0,0.0,0.0,0.0,98.0,0.0,0.0,0.0,0.0,0.0,23.0,3.0,0.0,0.0,50.0
2017,Chhattisgarh,22,Bemetara,650,Bemetra,14.0,107.0,0.0,59.0,47.0,0.0,0.0,0.0,0.0,15.0,5.0,0.0,4.0,0.0,49.0,4.0,0.0,0.0,0.0,0.0,33.0,9.0,0.0,0.0,683.0
2017,Chhattisgarh,22,Bijapur,636,Bizapur,24.0,27.0,0.0,7.0,7.0,0.0,2.0,0.0,0.0,0.0,0.0,0.0,1.0,0.0,0.0,1.0,0.0,0.0,0.0,0.0,0.0,2.0,0.0,0.0,84.0
2017,Chhattisgarh,22,Bilaspur,375,Bilaspur,58.0,309.0,0.0,240.0,179.0,0.0,6.0,0.0,0.0,69.0,7.0,0.0,18.0,0.0,297.0,24.0,0.0,0.0,0.0,1.0,99.0,70.0,37.0,3.0,0.0
2017,Chhattisgarh,22,Dakshin Bastar Dantewada,376,Dantewara,31.0,53.0,1.0,11.0,7.0,0.0,1.0,0.0,0.0,4.0,1.0,0.0,1.0,0.0,18.0,13.0,3.0,0.0,0.0,1.0,10.0,7.0,1.0,0.0,12.0
2017,Chhattisgarh,22,Dhamtari,377,Dhamtari,25.0,141.0,0.0,61.0,10.0,0.0,0.0,0.0,0.0,8.0,7.0,0.0,8.0,0.0,52.0,30.0,9.0,0.0,2.0,0.0,41.0,3.0,0.0,2.0,593.0
2017,Chhattisgarh,22,Durg,378,Durg,38.0,336.0,0.0,269.0,157.0,0.0,0.0,0.0,3.0,64.0,6.0,0.0,5.0,0.0,291.0,4.0,0.0,0.0,0.0,4.0,175.0,35.0,1.0,7.0,0.0
2017,Chhattisgarh,22,Gariyaband,645,Gariyaband,13.0,75.0,1.0,32.0,8.0,0.0,1.0,0.0,0.0,5.0,0.0,0.0,1.0,0.0,29.0,3.0,0.0,0.0,0.0,0.0,10.0,6.0,0.0,0.0,8.0
2017,Chhattisgarh,22,Janjgir-Champa,379,Janjgir,41.0,218.0,0.0,113.0,68.0,1.0,0.0,0.0,1.0,56.0,7.0,0.0,8.0,0.0,195.0,0.0,0.0,0.0,0.0,0.0,41.0,20.0,9.0,0.0,23.0
2017,Chhattisgarh,22,Jashpur,380,Jashpur,50.0,236.0,1.0,41.0,49.0,0.0,19.0,0.0,0.0,6.0,1.0,0.0,3.0,0.0,37.0,8.0,2.0,0.0,0.0,0.0,14.0,12.0,0.0,0.0,50.0
2017,Chhattisgarh,22,Kabeerdham,382,Kabirdham,19.0,72.0,0.0,57.0,45.0,0.0,0.0,0.0,0.0,14.0,2.0,0.0,4.0,0.0,107.0,0.0,0.0,0.0,0.0,0.0,14.0,3.0,6.0,0.0,77.0
2017,Chhattisgarh,22,Kondagaon,643,Kondagaon,23.0,91.0,0.0,13.0,19.0,0.0,2.0,0.0,0.0,5.0,0.0,0.0,0.0,0.0,17.0,6.0,2.0,0.0,1.0,0.0,23.0,5.0,0.0,0.0,3.0
2017,Chhattisgarh,22,Korba,383,Korba,38.0,223.0,0.0,84.0,39.0,0.0,0.0,0.0,0.0,46.0,6.0,0.0,7.0,0.0,134.0,0.0,0.0,0.0,0.0,0.0,29.0,25.0,2.0,0.0,52.0
2017,Chhattisgarh,22,Korea,384,Koriya,36.0,197.0,0.0,86.0,64.0,0.0,2.0,0.0,0.0,28.0,4.0,0.0,8.0,0.0,30.0,3.0,0.0,0.0,0.0,0.0,38.0,9.0,0.0,0.0,305.0
2017,Chhattisgarh,22,Mahasamund,385,Mahasamund,24.0,186.0,1.0,49.0,45.0,0.0,0.0,0.0,0.0,12.0,7.0,0.0,10.0,0.0,53.0,0.0,0.0,0.0,0.0,0.0,20.0,9.0,2.0,0.0,8.0
2017,Chhattisgarh,22,Mungeli,647,Mungali,21.0,152.0,0.0,49.0,25.0,1.0,0.0,0.0,0.0,26.0,5.0,0.0,4.0,0.0,95.0,0.0,0.0,0.0,0.0,0.0,25.0,4.0,3.0,0.0,1.0
2017,Chhattisgarh,22,Narayanpur,637,Narayanpur,18.0,32.0,0.0,0.0,9.0,0.0,0.0,0.0,0.0,1.0,0.0,0.0,0.0,0.0,10.0,0.0,0.0,0.0,0.0,0.0,0.0,2.0,0.0,0.0,2.0
2017,Chhattisgarh,22,Raigarh,386,Raigarh,54.0,240.0,4.0,119.0,76.0,0.0,0.0,0.0,0.0,26.0,6.0,0.0,8.0,0.0,40.0,16.0,0.0,1.0,0.0,2.0,62.0,25.0,0.0,0.0,549.0
2017,Chhattisgarh,22,Raipur,387,Grp Raipur,2.0,7.0,0.0,2.0,5.0,0.0,0.0,0.0,0.0,1.0,0.0,0.0,0.0,0.0,18.0,1.0,0.0,0.0,0.0,2.0,1.0,9.0,0.0,0.0,2.0
2017,Chhattisgarh,22,Raipur,387,Raipur,67.0,556.0,7.0,241.0,248.0,2.0,2.0,0.0,2.0,82.0,31.0,0.0,14.0,0.0,372.0,67.0,0.0,6.0,8.0,6.0,0.0,59.0,0.0,4.0,331.0
2017,Chhattisgarh,22,Rajnandgaon,388,Rajnandgaon,41.0,154.0,2.0,92.0,79.0,0.0,4.0,0.0,0.0,27.0,0.0,0.0,6.0,0.0,98.0,1.0,0.0,0.0,0.0,1.0,102.0,31.0,15.0,0.0,1266.0
2017,Chhattisgarh,22,Sukma,642,Sukma,34.0,17.0,0.0,5.0,3.0,0.0,0.0,0.0,0.0,1.0,1.0,0.0,0.0,0.0,0.0,0.0,0.0,0.0,0.0,0.0,0.0,24.0,0.0,0.0,52.0
2017,Chhattisgarh,22,Surajpur,648,Surajpur,36.0,263.0,0.0,82.0,24.0,0.0,2.0,0.0,0.0,22.0,3.0,0.0,15.0,0.0,95.0,6.0,1.0,0.0,0.0,0.0,31.0,9.0,5.0,0.0,11.0
2017,Chhattisgarh,22,Surguja,389,Sarguja,60.0,328.0,1.0,66.0,45.0,0.0,8.0,0.0,0.0,12.0,1.0,0.0,0.0,0.0,0.0,1.0,0.0,0.0,0.0,0.0,43.0,15.0,0.0,0.0,324.0
2017,Chhattisgarh,22,Uttar Bastar Kanker,381,Kanker,29.0,166.0,0.0,44.0,32.0,0.0,1.0,0.0,1.0,8.0,2.0,0.0,6.0,0.0,53.0,26.0,6.0,0.0,0.0,0.0,41.0,3.0,0.0,0.0,347.0
2017,Delhi,7,Central,77,Central,9.0,198.0,0.0,207.0,428.0,0.0,39.0,360.0,61.0,73.0,2.0,1.0,0.0,4.0,253.0,7.0,0.0,1.0,0.0,10.0,149.0,165.0,7.0,1.0,194.0
2017,Delhi,7,East,78,East,30.0,281.0,1.0,180.0,515.0,6.0,5.0,483.0,127.0,208.0,4.0,1.0,3.0,7.0,142.0,6.0,0.0,1.0,1.0,3.0,182.0,220.0,9.0,0.0,145.0
2017,Delhi,7,New Delhi,79,Economic Offences Wing,0.0,0.0,0.0,6.0,0.0,0.0,0.0,0.0,0.0,0.0,0.0,0.0,0.0,0.0,0.0,20.0,0.0,4.0,1.0,5.0,90.0,0.0,62.0,0.0,8.0
2017,Delhi,7,New Delhi,79,Eow,0.0,0.0,0.0,0.0,0.0,0.0,0.0,0.0,0.0,0.0,0.0,0.0,0.0,0.0,0.0,0.0,0.0,0.0,0.0,0.0,0.0,0.0,0.0,0.0,0.0
2017,Delhi,7,New Delhi,79,Igi Airport,1.0,2.0,0.0,15.0,1.0,0.0,0.0,0.0,0.0,0.0,0.0,0.0,0.0,0.0,0.0,0.0,0.0,0.0,0.0,0.0,28.0,0.0,220.0,0.0,20.0
2017,Delhi,7,New Delhi,79,New Delhi,4.0,27.0,0.0,65.0,90.0,0.0,0.0,86.0,13.0,14.0,1.0,0.0,0.0,0.0,18.0,12.0,4.0,0.0,0.0,0.0,118.0,35.0,28.0,0.0,81.0
2017,Delhi,7,New Delhi,79,Railway,8.0,6.0,0.0,6.0,41.0,0.0,4.0,35.0,2.0,0.0,0.0,0.0,0.0,0.0,54.0,0.0,0.0,0.0,0.0,0.0,2.0,13.0,0.0,0.0,17.0
2017,Delhi,7,New Delhi,79,Spuwac,0.0,0.0,0.0,0.0,0.0,0.0,0.0,0.0,0.0,164.0,0.0,0.0,0.0,0.0,0.0,0.0,0.0,0.0,0.0,0.0,0.0,0.0,0.0,0.0,0.0
2017,Delhi,7,New Delhi,79,Vigilance,0.0,0.0,0.0,0.0,0.0,0.0,0.0,0.0,0.0,0.0,0.0,0.0,0.0,0.0,0.0,0.0,0.0,0.0,0.0,0.0,0.0,0.0,0.0,0.0,0.0
2017,Delhi,7,North,80,North,37.0,108.0,1.0,158.0,398.0,0.0,0.0,354.0,69.0,123.0,2.0,0.0,1.0,13.0,132.0,7.0,0.0,1.0,0.0,1.0,120.0,109.0,1.0,0.0,272.0
2017,Delhi,7,North East,81,North-East,54.0,291.0,0.0,232.0,1060.0,7.0,8.0,893.0,181.0,294.0,24.0,4.0,8.0,1.0,308.0,6.0,0.0,0.0,2.0,2.0,159.0,476.0,0.0,1.0,373.0
2017,Delhi,7,North West,82,Crime Branch,1.0,4.0,0.0,3.0,0.0,1.0,0.0,0.0,0.0,0.0,0.0,0.0,0.0,0.0,0.0,24.0,6.0,0.0,1.0,0.0,28.0,1.0,19.0,0.0,14.0
2017,Delhi,7,North West,82,Metro,0.0,0.0,0.0,23.0,19.0,0.0,0.0,12.0,0.0,0.0,0.0,0.0,0.0,0.0,47.0,0.0,0.0,0.0,0.0,0.0,14.0,2.0,0.0,0.0,0.0
2017,Delhi,7,North West,82,North-West,52.0,352.0,5.0,347.0,907.0,0.0,17.0,810.0,156.0,305.0,7.0,1.0,5.0,4.0,408.0,16.0,4.0,1.0,0.0,4.0,263.0,357.0,0.0,0.0,632.0
2017,Delhi,7,North West,82,Outer,57.0,329.0,4.0,167.0,1154.0,1.0,27.0,919.0,173.0,141.0,19.0,6.0,6.0,13.0,328.0,0.0,0.0,0.0,0.0,0.0,156.0,216.0,0.0,1.0,289.0
2017,Delhi,7,North West,82,Rohini,82.0,344.0,3.0,334.0,1035.0,0.0,10.0,861.0,178.0,312.0,18.0,0.0,8.0,2.0,472.0,7.0,0.0,1.0,1.0,0.0,131.0,336.0,5.0,0.0,149.0
2017,Delhi,7,North West,82,Spl Cell,0.0,0.0,0.0,0.0,0.0,0.0,0.0,0.0,0.0,0.0,0.0,0.0,0.0,0.0,0.0,2.0,0.0,0.0,0.0,0.0,0.0,0.0,1.0,0.0,1.0
2017,Delhi,7,Shahdara,671,Shahdara,19.0,160.0,0.0,209.0,437.0,3.0,1.0,384.0,74.0,141.0,7.0,0.0,2.0,0.0,309.0,30.0,13.0,0.0,1.0,1.0,159.0,262.0,7.0,2.0,122.0
2017,Delhi,7,South,83,South,36.0,308.0,1.0,392.0,723.0,1.0,5.0,553.0,117.0,173.0,11.0,2.0,8.0,4.0,184.0,14.0,0.0,2.0,1.0,5.0,388.0,261.0,10.0,0.0,383.0
2017,Delhi,7,South East,670,South-East,49.0,285.0,0.0,398.0,835.0,3.0,0.0,683.0,124.0,130.0,9.0,0.0,4.0,5.0,260.0,23.0,3.0,3.0,3.0,5.0,300.0,189.0,7.0,0.0,128.0
2017,Delhi,7,South West,84,Dwarka,51.0,248.0,1.0,280.0,833.0,0.0,0.0,605.0,117.0,275.0,9.0,0.0,11.0,2.0,176.0,9.0,1.0,1.0,2.0,2.0,330.0,153.0,0.0,0.0,163.0
2017,Delhi,7,South West,84,South-West,11.0,226.0,3.0,256.0,340.0,1.0,1.0,321.0,123.0,93.0,12.0,1.0,2.0,0.0,97.0,22.0,1.0,1.0,3.0,1.0,202.0,92.0,5.0,0.0,442.0
2017,Delhi,7,West,85,West,23.0,218.0,1.0,215.0,512.0,0.0,12.0,493.0,111.0,291.0,6.0,2.0,4.0,42.0,266.0,33.0,6.0,0.0,2.0,6.0,183.0,296.0,5.0,1.0,129.0
2017,Goa,30,North Goa,551,Cid,1.0,11.0,0.0,5.0,2.0,0.0,22.0,10.0,0.0,1.0,0.0,0.0,0.0,0.0,0.0,17.0,6.0,4.0,0.0,1.0,17.0,0.0,1.0,0.0,8.0
2017,Goa,30,North Goa,551,North Goa,13.0,98.0,0.0,115.0,77.0,0.0,37.0,105.0,0.0,10.0,0.0,0.0,1.0,7.0,17.0,4.0,2.0,0.0,0.0,0.0,44.0,19.0,5.0,1.0,34.0
2017,Goa,30,South Goa,552,South Goa,22.0,99.0,0.0,65.0,46.0,0.0,15.0,81.0,0.0,10.0,1.0,0.0,4.0,4.0,23.0,0.0,0.0,0.0,0.0,0.0,33.0,10.0,2.0,0.0,8.0
2017,Gujarat,24,Ahmadabad,438,Ahmedabad City,99.0,351.0,3.0,244.0,342.0,3.0,3.0,600.0,299.0,667.0,2.0,1.0,24.0,7.0,527.0,196.0,55.0,10.0,8.0,7.0,460.0,269.0,51.0,11.0,169.0
2017,Gujarat,24,Ahmadabad,438,Ahmedabad Rural,22.0,76.0,0.0,23.0,6.0,0.0,0.0,60.0,53.0,54.0,1.0,0.0,15.0,0.0,21.0,17.0,1.0,0.0,0.0,0.0,22.0,23.0,0.0,0.0,170.0
2017,Gujarat,24,Ahmadabad,438,W.Rly Ahmedabad,1.0,2.0,0.0,1.0,1.0,0.0,0.0,6.0,1.0,0.0,0.0,0.0,2.0,0.0,0.0,0.0,0.0,0.0,0.0,0.0,0.0,0.0,0.0,0.0,0.0
2017,Gujarat,24,Ahmadabad,438,Western Railway Ahmedabad,2.0,2.0,0.0,0.0,0.0,0.0,0.0,0.0,0.0,0.0,0.0,0.0,0.0,0.0,14.0,0.0,0.0,0.0,0.0,0.0,2.0,9.0,0.0,0.0,3.0
2017,Gujarat,24,Amreli,439,Amreli,20.0,63.0,0.0,19.0,60.0,0.0,0.0,99.0,57.0,72.0,0.0,0.0,13.0,0.0,63.0,7.0,1.0,0.0,0.0,1.0,1.0,29.0,4.0,0.0,173.0
2017,Gujarat,24,Anand,440,Anand,21.0,42.0,0.0,26.0,210.0,2.0,0.0,148.0,33.0,92.0,0.0,0.0,8.0,0.0,35.0,0.0,0.0,0.0,0.0,0.0,47.0,30.0,9.0,1.0,21.0
2017,Gujarat,24,Arvalli,672,Arvalli,9.0,16.0,0.0,14.0,134.0,0.0,0.0,69.0,6.0,49.0,0.0,0.0,7.0,0.0,0.0,0.0,0.0,0.0,0.0,0.0,14.0,28.0,7.0,0.0,94.0
2017,Gujarat,24,Banas Kantha,441,Banaskantha,28.0,110.0,0.0,48.0,161.0,2.0,0.0,126.0,34.0,94.0,2.0,0.0,0.0,0.0,5.0,4.0,0.0,1.0,0.0,3.0,56.0,79.0,0.0,3.0,311.0
2017,Gujarat,24,Bharuch,442,Bharuch,43.0,66.0,0.0,32.0,74.0,0.0,0.0,108.0,51.0,43.0,0.0,0.0,2.0,1.0,54.0,9.0,1.0,3.0,1.0,2.0,9.0,16.0,2.0,0.0,245.0
2017,Gujarat,24,Bhavnagar,443,Bhavnagar,31.0,32.0,0.0,23.0,35.0,0.0,0.0,135.0,174.0,88.0,0.0,0.0,8.0,1.0,64.0,2.0,0.0,0.0,0.0,1.0,31.0,26.0,14.0,0.0,37.0
2017,Gujarat,24,Botad,676,Botad,15.0,39.0,0.0,15.0,4.0,1.0,0.0,38.0,33.0,16.0,0.0,0.0,5.0,0.0,3.0,1.0,0.0,0.0,0.0,2.0,0.0,1.0,2.0,0.0,12.0
2017,Gujarat,24,Chhotaudepur,668,Chhotaudepur,27.0,58.0,0.0,10.0,6.0,0.0,0.0,53.0,44.0,7.0,0.0,0.0,5.0,0.0,21.0,6.0,1.0,1.0,1.0,0.0,10.0,10.0,3.0,0.0,11.0
2017,Gujarat,24,Dang,444,Dang,7.0,3.0,0.0,1.0,3.0,0.0,0.0,4.0,1.0,0.0,0.0,0.0,0.0,0.0,3.0,0.0,0.0,0.0,0.0,0.0,3.0,2.0,0.0,0.0,2.0
2017,Gujarat,24,Devbhumi Dwarka,674,Devbhumi Dwarka,12.0,17.0,0.0,8.0,17.0,0.0,0.0,21.0,9.0,90.0,0.0,0.0,9.0,0.0,26.0,10.0,5.0,0.0,0.0,0.0,15.0,13.0,1.0,0.0,8.0
2017,Gujarat,24,Dohad,445,Dahod,45.0,127.0,0.0,24.0,24.0,0.0,0.0,121.0,105.0,119.0,0.0,0.0,12.0,0.0,38.0,4.0,0.0,0.0,0.0,2.0,20.0,66.0,0.0,0.0,22.0
2017,Gujarat,24,Gandhinagar,446,Cid Crime,0.0,0.0,0.0,0.0,0.0,0.0,0.0,0.0,0.0,0.0,0.0,0.0,0.0,0.0,0.0,0.0,0.0,0.0,0.0,0.0,4.0,0.0,0.0,0.0,0.0
2017,Gujarat,24,Gandhinagar,446,Gandhinagar,15.0,72.0,0.0,35.0,53.0,0.0,0.0,102.0,65.0,116.0,0.0,0.0,14.0,0.0,67.0,50.0,15.0,3.0,0.0,1.0,90.0,50.0,15.0,0.0,27.0
2017,Gujarat,24,Gir Somnath,675,Gir Somnath,8.0,24.0,0.0,24.0,50.0,0.0,0.0,53.0,45.0,110.0,0.0,0.0,8.0,0.0,0.0,10.0,3.0,0.0,1.0,1.0,22.0,21.0,0.0,0.0,55.0
2017,Gujarat,24,Jamnagar,447,Jamnagar,18.0,41.0,0.0,27.0,62.0,0.0,0.0,64.0,26.0,81.0,0.0,0.0,13.0,0.0,49.0,13.0,5.0,0.0,0.0,1.0,16.0,27.0,7.0,1.0,61.0
2017,Gujarat,24,Junagadh,448,Junagadh,21.0,40.0,0.0,21.0,90.0,1.0,0.0,81.0,23.0,150.0,0.0,0.0,8.0,1.0,24.0,9.0,3.0,0.0,0.0,0.0,18.0,16.0,5.0,0.0,53.0
2017,Gujarat,24,Kachchh,449,Kachchh East(G),22.0,37.0,10.0,18.0,41.0,0.0,0.0,58.0,25.0,51.0,0.0,1.0,12.0,0.0,22.0,8.0,0.0,3.0,0.0,0.0,27.0,38.0,5.0,0.0,4.0
2017,Gujarat,24,Kachchh,449,Kachchh West(B),22.0,55.0,0.0,14.0,37.0,0.0,0.0,99.0,31.0,68.0,0.0,0.0,17.0,2.0,28.0,26.0,5.0,5.0,1.0,1.0,33.0,5.0,17.0,0.0,22.0
2017,Gujarat,24,Kheda,450,Kheda,35.0,25.0,0.0,23.0,89.0,0.0,0.0,78.0,12.0,22.0,0.0,0.0,10.0,0.0,17.0,0.0,0.0,0.0,0.0,0.0,26.0,9.0,13.0,0.0,438.0
2017,Gujarat,24,Mahesana,451,Mehsana,34.0,37.0,0.0,38.0,205.0,0.0,0.0,128.0,7.0,104.0,0.0,1.0,13.0,0.0,22.0,15.0,4.0,0.0,1.0,3.0,48.0,97.0,5.0,1.0,21.0
2017,Gujarat,24,Mahisagar,669,Mahisagar,12.0,11.0,0.0,8.0,51.0,0.0,0.0,43.0,11.0,47.0,0.0,0.0,5.0,0.0,8.0,2.0,0.0,0.0,0.0,0.0,5.0,7.0,1.0,0.0,294.0
2017,Gujarat,24,Morbi,673,Morbi,29.0,42.0,0.0,13.0,42.0,2.0,0.0,64.0,35.0,31.0,0.0,0.0,11.0,0.0,19.0,4.0,0.0,0.0,1.0,0.0,1.0,14.0,0.0,1.0,10.0
2017,Gujarat,24,Narmada,452,Narmada,6.0,12.0,0.0,8.0,14.0,0.0,0.0,15.0,8.0,8.0,0.0,0.0,2.0,0.0,19.0,1.0,0.0,0.0,0.0,2.0,0.0,5.0,0.0,0.0,10.0
2017,Gujarat,24,Navsari,453,Navsari,21.0,24.0,0.0,15.0,38.0,0.0,0.0,45.0,11.0,18.0,0.0,2.0,4.0,0.0,56.0,12.0,3.0,0.0,0.0,0.0,16.0,13.0,3.0,1.0,29.0
2017,Gujarat,24,Panch Mahals,454,Panchmahal,33.0,82.0,0.0,39.0,14.0,0.0,0.0,90.0,75.0,65.0,0.0,0.0,11.0,0.0,10.0,15.0,2.0,0.0,3.0,0.0,24.0,17.0,0.0,0.0,16.0
2017,Gujarat,24,Patan,455,Patan,22.0,40.0,0.0,26.0,12.0,0.0,0.0,44.0,46.0,45.0,0.0,0.0,7.0,0.0,54.0,2.0,0.0,1.0,0.0,1.0,7.0,41.0,0.0,1.0,61.0
2017,Gujarat,24,Porbandar,456,Porbandar,9.0,13.0,0.0,12.0,25.0,0.0,0.0,29.0,5.0,42.0,1.0,0.0,4.0,0.0,34.0,7.0,0.0,5.0,1.0,0.0,14.0,7.0,0.0,0.0,11.0
2017,Gujarat,24,Rajkot,457,Rajkot City,51.0,84.0,0.0,17.0,107.0,0.0,0.0,112.0,45.0,157.0,0.0,1.0,24.0,0.0,108.0,14.0,4.0,1.0,1.0,0.0,26.0,64.0,17.0,4.0,83.0
2017,Gujarat,24,Rajkot,457,Rajkot Rural,32.0,36.0,0.0,35.0,144.0,0.0,0.0,103.0,21.0,133.0,0.0,0.0,13.0,0.0,16.0,11.0,0.0,6.0,1.0,0.0,12.0,41.0,4.0,0.0,1.0
2017,Gujarat,24,Sabar Kantha,458,Sabarkantha,24.0,49.0,0.0,34.0,77.0,0.0,0.0,79.0,34.0,104.0,0.0,0.0,12.0,0.0,53.0,63.0,28.0,2.0,0.0,0.0,95.0,65.0,7.0,0.0,45.0
2017,Gujarat,24,Surat,459,Surat City,96.0,207.0,0.0,74.0,342.0,12.0,0.0,526.0,174.0,217.0,0.0,0.0,15.0,0.0,518.0,204.0,78.0,1.0,3.0,1.0,715.0,179.0,14.0,0.0,182.0
2017,Gujarat,24,Surat,459,Surat Rural,44.0,47.0,0.0,20.0,15.0,0.0,3.0,55.0,37.0,34.0,1.0,0.0,10.0,0.0,42.0,13.0,2.0,0.0,1.0,0.0,52.0,29.0,17.0,0.0,278.0
2017,Gujarat,24,Surendranagar,460,Surendranagar,31.0,36.0,0.0,2.0,63.0,2.0,0.0,82.0,40.0,46.0,1.0,0.0,9.0,1.0,37.0,17.0,0.0,0.0,0.0,1.0,5.0,42.0,1.0,1.0,119.0
2017,Gujarat,24,Tapi,641,Tapi,14.0,31.0,0.0,9.0,13.0,0.0,0.0,31.0,20.0,7.0,0.0,0.0,4.0,0.0,0.0,0.0,0.0,0.0,0.0,0.0,3.0,9.0,0.0,0.0,2.0
2017,Gujarat,24,Vadodara,461,Vadodara City,16.0,30.0,0.0,56.0,169.0,0.0,0.0,168.0,24.0,161.0,1.0,0.0,6.0,1.0,154.0,16.0,0.0,1.0,0.0,0.0,152.0,112.0,19.0,3.0,219.0
2017,Gujarat,24,Vadodara,461,Vadodara Rural,21.0,62.0,1.0,27.0,27.0,0.0,0.0,89.0,60.0,6.0,0.0,0.0,5.0,1.0,50.0,16.0,2.0,3.0,1.0,0.0,30.0,12.0,8.0,0.0,66.0
2017,Gujarat,24,Vadodara,461,W.Rly Vadodara,1.0,1.0,0.0,9.0,7.0,0.0,0.0,11.0,0.0,1.0,0.0,0.0,0.0,0.0,0.0,0.0,0.0,0.0,0.0,0.0,0.0,0.0,0.0,0.0,0.0
2017,Gujarat,24,Vadodara,461,Western Railway Vadodara,6.0,1.0,0.0,0.0,0.0,0.0,0.0,0.0,0.0,0.0,0.0,0.0,0.0,0.0,17.0,0.0,0.0,0.0,0.0,0.0,1.0,31.0,0.0,0.0,16.0
2017,Gujarat,24,Valsad,462,Valsad,23.0,46.0,0.0,16.0,98.0,0.0,2.0,118.0,22.0,9.0,0.0,0.0,10.0,0.0,91.0,13.0,4.0,0.0,0.0,5.0,18.0,31.0,39.0,0.0,12.0
2017,Haryana,6,Ambala,58,Ambala,21.0,117.0,0.0,69.0,91.0,0.0,0.0,78.0,39.0,107.0,10.0,0.0,7.0,0.0,36.0,98.0,49.0,0.0,0.0,0.0,134.0,10.0,0.0,1.0,427.0
2017,Haryana,6,Ambala,58,Grp,46.0,9.0,2.0,14.0,32.0,0.0,0.0,28.0,1.0,0.0,4.0,0.0,6.0,0.0,17.0,0.0,0.0,0.0,0.0,0.0,9.0,18.0,0.0,0.0,201.0
2017,Haryana,6,Bhiwani,59,Bhiwani,32.0,129.0,11.0,158.0,38.0,0.0,0.0,130.0,1.0,79.0,12.0,0.0,6.0,0.0,142.0,1.0,0.0,1.0,0.0,0.0,0.0,36.0,26.0,1.0,487.0
2017,Haryana,6,Charki Dadri,701,Charkhi Dadri,23.0,42.0,5.0,53.0,6.0,3.0,0.0,52.0,1.0,30.0,2.0,0.0,3.0,2.0,7.0,5.0,0.0,0.0,0.0,5.0,22.0,16.0,12.0,0.0,35.0
2017,Haryana,6,Faridabad,60,Faridabad,87.0,308.0,14.0,192.0,171.0,4.0,4.0,529.0,174.0,473.0,26.0,0.0,14.0,0.0,246.0,73.0,1.0,8.0,3.0,4.0,251.0,57.0,136.0,0.0,1530.0
2017,Haryana,6,Fatehabad,61,Fatehabad,25.0,61.0,1.0,47.0,14.0,0.0,5.0,147.0,47.0,60.0,5.0,0.0,10.0,1.0,32.0,4.0,0.0,0.0,0.0,4.0,42.0,17.0,0.0,2.0,111.0
2017,Haryana,6,Gurugram,62,Gurugram,117.0,353.0,16.0,350.0,239.0,1.0,6.0,537.0,142.0,242.0,29.0,1.0,12.0,0.0,85.0,281.0,0.0,31.0,17.0,21.0,452.0,140.0,1.0,15.0,501.0
2017,Haryana,6,Gurugram,62,Irrigation And Power,0.0,0.0,0.0,0.0,0.0,0.0,0.0,0.0,0.0,0.0,0.0,0.0,0.0,0.0,0.0,0.0,0.0,0.0,0.0,0.0,0.0,0.0,0.0,0.0,331.0
2017,Haryana,6,Gurugram,62,Irrigation Andpower,0.0,0.0,0.0,0.0,0.0,0.0,0.0,0.0,0.0,0.0,0.0,0.0,0.0,0.0,0.0,0.0,0.0,0.0,0.0,0.0,0.0,0.0,0.0,0.0,0.0
2017,Haryana,6,Hisar,63,Hansi,13.0,38.0,3.0,34.0,5.0,0.0,1.0,41.0,16.0,52.0,3.0,0.0,6.0,4.0,4.0,11.0,0.0,0.0,4.0,1.0,20.0,18.0,0.0,0.0,202.0
2017,Haryana,6,Hisar,63,Hisar,32.0,64.0,0.0,0.0,0.0,2.0,1.0,0.0,0.0,0.0,0.0,0.0,0.0,0.0,0.0,0.0,0.0,0.0,0.0,0.0,211.0,23.0,4.0,0.0,809.0
2017,Haryana,6,Hisar,63,Hissar,4.0,103.0,0.0,96.0,12.0,0.0,2.0,239.0,40.0,121.0,8.0,0.0,6.0,0.0,104.0,18.0,1.0,0.0,1.0,4.0,1.0,0.0,0.0,0.0,12.0
2017,Haryana,6,Jhajjar,64,Jhajjar,67.0,79.0,5.0,133.0,83.0,0.0,0.0,102.0,46.0,199.0,16.0,0.0,7.0,0.0,37.0,4.0,0.0,0.0,0.0,0.0,113.0,12.0,38.0,0.0,101.0
2017,Haryana,6,Jind,65,Jind,40.0,59.0,6.0,76.0,78.0,0.0,0.0,251.0,21.0,156.0,8.0,0.0,37.0,5.0,46.0,5.0,0.0,0.0,0.0,0.0,169.0,41.0,0.0,3.0,533.0
2017,Haryana,6,Kaithal,66,Kaithal,35.0,84.0,5.0,50.0,103.0,0.0,0.0,146.0,51.0,81.0,12.0,0.0,6.0,2.0,39.0,7.0,0.0,0.0,0.0,2.0,44.0,32.0,14.0,2.0,182.0
2017,Haryana,6,Karnal,67,Karnal,75.0,180.0,14.0,112.0,218.0,0.0,0.0,276.0,15.0,120.0,15.0,0.0,12.0,0.0,12.0,10.0,0.0,0.0,2.0,3.0,166.0,66.0,47.0,4.0,272.0
2017,Haryana,6,Kurukshetra,68,Kurukshetra,31.0,102.0,3.0,47.0,70.0,0.0,0.0,83.0,54.0,143.0,4.0,0.0,5.0,0.0,61.0,2.0,0.0,0.0,0.0,0.0,0.0,11.0,27.0,8.0,459.0
2017,Haryana,6,Mahendragarh,69,Mahendergarh,0.0,36.0,1.0,51.0,11.0,0.0,0.0,26.0,26.0,55.0,11.0,0.0,0.0,0.0,8.0,8.0,0.0,1.0,0.0,0.0,0.0,0.0,0.0,0.0,0.0
2017,Haryana,6,Mahendragarh,69,Mahendragarh,42.0,24.0,0.0,0.0,0.0,0.0,0.0,0.0,0.0,0.0,0.0,0.0,0.0,0.0,0.0,0.0,0.0,0.0,0.0,0.0,27.0,14.0,32.0,0.0,146.0
2017,Haryana,6,Nuh,604,Mewat,34.0,172.0,2.0,67.0,48.0,1.0,0.0,126.0,87.0,126.0,16.0,0.0,5.0,0.0,49.0,2.0,0.0,0.0,0.0,2.0,41.0,48.0,46.0,0.0,370.0
2017,Haryana,6,Palwal,619,Palwal,41.0,78.0,2.0,65.0,83.0,0.0,0.0,82.0,44.0,137.0,17.0,2.0,3.0,0.0,0.0,4.0,0.0,0.0,0.0,0.0,0.0,1.0,19.0,4.0,450.0
2017,Haryana,6,Panchkula,70,Panchkula,20.0,57.0,2.0,26.0,24.0,2.0,0.0,38.0,26.0,50.0,3.0,0.0,0.0,0.0,74.0,9.0,0.0,0.0,0.0,0.0,0.0,9.0,27.0,0.0,425.0
2017,Haryana,6,Panipat,71,Panipat,63.0,172.0,11.0,210.0,548.0,0.0,2.0,453.0,84.0,255.0,13.0,1.0,12.0,2.0,32.0,15.0,2.0,0.0,3.0,2.0,198.0,10.0,49.0,4.0,30.0
2017,Haryana,6,Rewari,72,Rewari,34.0,89.0,4.0,56.0,9.0,3.0,0.0,75.0,26.0,97.0,12.0,0.0,5.0,0.0,29.0,7.0,0.0,1.0,1.0,0.0,76.0,7.0,26.0,0.0,185.0
2017,Haryana,6,Rohtak,73,Rohtak,65.0,213.0,15.0,257.0,374.0,1.0,2.0,239.0,39.0,274.0,16.0,0.0,7.0,0.0,44.0,4.0,0.0,0.0,0.0,0.0,216.0,100.0,0.0,8.0,398.0
2017,Haryana,6,Sirsa,74,Sirsa,25.0,57.0,2.0,37.0,28.0,2.0,4.0,78.0,32.0,94.0,3.0,0.0,11.0,0.0,48.0,5.0,0.0,0.0,2.0,0.0,108.0,40.0,27.0,3.0,378.0
2017,Haryana,6,Sonipat,75,Sonipat,106.0,202.0,15.0,175.0,209.0,1.0,0.0,169.0,86.0,221.0,14.0,0.0,14.0,0.0,36.0,16.0,0.0,1.0,1.0,4.0,210.0,26.0,0.0,3.0,527.0
2017,Haryana,6,Yamunanagar,76,Yamunanagar,41.0,126.0,6.0,49.0,389.0,2.0,2.0,244.0,50.0,157.0,7.0,0.0,8.0,0.0,40.0,35.0,3.0,2.0,5.0,9.0,99.0,16.0,1.0,0.0,1286.0
2017,Himachal Pradesh,2,Bilaspur,15,Bilaspur,5.0,65.0,1.0,46.0,35.0,0.0,0.0,42.0,2.0,16.0,0.0,0.0,3.0,2.0,16.0,3.0,0.0,0.0,0.0,5.0,7.0,1.0,1.0,0.0,49.0
2017,Himachal Pradesh,2,Chamba,16,Chamba,5.0,26.0,0.0,20.0,40.0,0.0,0.0,35.0,0.0,7.0,0.0,0.0,3.0,0.0,5.0,1.0,0.0,1.0,0.0,0.0,17.0,0.0,0.0,0.0,52.0
2017,Himachal Pradesh,2,Hamirpur,17,Hamirpur,0.0,46.0,0.0,39.0,17.0,0.0,0.0,28.0,0.0,9.0,0.0,0.0,6.0,0.0,8.0,1.0,0.0,1.0,0.0,0.0,0.0,0.0,5.0,0.0,4.0
2017,Himachal Pradesh,2,Kangra,18,Kangra,19.0,101.0,6.0,106.0,81.0,0.0,0.0,83.0,0.0,31.0,1.0,2.0,16.0,0.0,27.0,24.0,0.0,0.0,2.0,10.0,58.0,0.0,16.0,4.0,46.0
2017,Himachal Pradesh,2,Kinnaur,19,Kinnaur,4.0,7.0,0.0,8.0,6.0,0.0,0.0,8.0,0.0,0.0,0.0,0.0,3.0,0.0,7.0,0.0,0.0,0.0,0.0,0.0,5.0,1.0,3.0,0.0,0.0
2017,Himachal Pradesh,2,Kullu,20,Kullu,10.0,50.0,0.0,29.0,37.0,0.0,0.0,38.0,1.0,12.0,0.0,0.0,0.0,0.0,14.0,2.0,0.0,0.0,1.0,0.0,7.0,0.0,17.0,0.0,81.0
2017,Himachal Pradesh,2,Lahul And Spiti,21,Lahaul And Spiti,0.0,2.0,0.0,0.0,1.0,0.0,0.0,7.0,1.0,0.0,0.0,0.0,0.0,0.0,1.0,0.0,0.0,0.0,0.0,0.0,0.0,0.0,2.0,0.0,4.0
2017,Himachal Pradesh,2,Lahul And Spiti,21,Lahaul Andspiti,0.0,1.0,0.0,1.0,1.0,0.0,0.0,0.0,0.0,0.0,0.0,0.0,1.0,0.0,0.0,0.0,0.0,0.0,0.0,0.0,0.0,0.0,0.0,0.0,0.0
2017,Himachal Pradesh,2,Mandi,22,Mandi,11.0,94.0,0.0,87.0,77.0,0.0,0.0,71.0,2.0,44.0,1.0,0.0,14.0,1.0,50.0,5.0,0.0,1.0,0.0,0.0,0.0,2.0,3.0,0.0,28.0
2017,Himachal Pradesh,2,Shimla,23,Cid,0.0,0.0,0.0,0.0,0.0,0.0,0.0,0.0,0.0,0.0,0.0,0.0,0.0,0.0,0.0,0.0,0.0,0.0,0.0,0.0,5.0,0.0,4.0,0.0,3.0
2017,Himachal Pradesh,2,Shimla,23,Cyber,0.0,0.0,0.0,0.0,0.0,0.0,0.0,0.0,0.0,0.0,0.0,0.0,0.0,0.0,0.0,3.0,0.0,0.0,0.0,1.0,0.0,0.0,0.0,0.0,0.0
2017,Himachal Pradesh,2,Shimla,23,Grp,0.0,0.0,0.0,1.0,0.0,0.0,0.0,0.0,0.0,0.0,0.0,0.0,0.0,0.0,0.0,0.0,0.0,0.0,0.0,0.0,0.0,0.0,0.0,0.0,1.0
2017,Himachal Pradesh,2,Shimla,23,Shimla,19.0,78.0,1.0,52.0,83.0,0.0,0.0,75.0,0.0,15.0,0.0,0.0,3.0,0.0,16.0,6.0,0.0,1.0,0.0,0.0,44.0,3.0,9.0,2.0,131.0
2017,Himachal Pradesh,2,Sirmaur,24,Sirmaur,10.0,67.0,0.0,44.0,53.0,0.0,0.0,58.0,0.0,20.0,0.0,0.0,2.0,0.0,30.0,1.0,0.0,0.0,0.0,0.0,30.0,1.0,0.0,1.0,10.0
2017,Himachal Pradesh,2,Solan,25,Baddi,11.0,24.0,0.0,9.0,6.0,0.0,0.0,15.0,0.0,12.0,1.0,0.0,3.0,0.0,22.0,4.0,0.0,0.0,0.0,0.0,3.0,3.0,4.0,0.0,11.0
2017,Himachal Pradesh,2,Solan,25,Solan,7.0,48.0,0.0,14.0,27.0,0.0,0.0,34.0,2.0,4.0,1.0,0.0,0.0,0.0,21.0,8.0,0.0,3.0,0.0,0.0,28.0,0.0,5.0,1.0,29.0
2017,Himachal Pradesh,2,Una,26,Una,14.0,34.0,0.0,47.0,28.0,0.0,0.0,34.0,0.0,25.0,0.0,0.0,5.0,0.0,21.0,1.0,0.0,0.0,0.0,0.0,63.0,0.0,2.0,0.0,3.0
2017,Jammu And Kashmir,1,Anantnag,1,Anantnag,7.0,22.0,0.0,107.0,118.0,0.0,0.0,39.0,0.0,16.0,1.0,0.0,0.0,0.0,0.0,0.0,0.0,0.0,0.0,0.0,21.0,2.0,0.0,0.0,310.0
2017,Jammu And Kashmir,1,Bandipora,623,Bandipora,7.0,8.0,0.0,47.0,27.0,0.0,0.0,0.0,0.0,2.0,0.0,0.0,0.0,0.0,0.0,0.0,0.0,0.0,0.0,0.0,12.0,0.0,0.0,0.0,0.0
2017,Jammu And Kashmir,1,Baramulla,3,Baramulla,7.0,8.0,0.0,60.0,55.0,0.0,0.0,0.0,0.0,46.0,0.0,0.0,0.0,0.0,0.0,1.0,0.0,0.0,0.0,0.0,28.0,2.0,0.0,0.0,174.0
2017,Jammu And Kashmir,1,Baramulla,3,Sopore,2.0,5.0,2.0,74.0,62.0,0.0,0.0,25.0,0.0,8.0,0.0,0.0,1.0,0.0,2.0,10.0,0.0,0.0,0.0,0.0,15.0,7.0,0.0,0.0,29.0
2017,Jammu And Kashmir,1,Budgam,2,Budgam,0.0,20.0,0.0,155.0,66.0,0.0,0.0,0.0,0.0,2.0,0.0,0.0,0.0,0.0,0.0,0.0,0.0,0.0,0.0,0.0,18.0,4.0,11.0,0.0,0.0
2017,Jammu And Kashmir,1,Doda,4,Doda,2.0,30.0,0.0,16.0,32.0,0.0,0.0,0.0,0.0,7.0,0.0,0.0,0.0,0.0,0.0,0.0,0.0,0.0,0.0,0.0,7.0,0.0,0.0,0.0,28.0
2017,Jammu And Kashmir,1,Ganderbal,626,Ganderbal,2.0,8.0,2.0,72.0,49.0,0.0,0.0,20.0,0.0,10.0,0.0,0.0,0.0,0.0,0.0,0.0,0.0,0.0,0.0,0.0,3.0,0.0,5.0,0.0,37.0
2017,Jammu And Kashmir,1,Jammu,5,Crime Jammu,0.0,0.0,0.0,1.0,0.0,0.0,0.0,0.0,0.0,0.0,0.0,0.0,0.0,0.0,0.0,6.0,0.0,0.0,2.0,0.0,29.0,0.0,0.0,0.0,5.0
2017,Jammu And Kashmir,1,Jammu,5,Crime Srinagar,0.0,0.0,0.0,0.0,0.0,0.0,0.0,0.0,0.0,0.0,0.0,0.0,0.0,0.0,0.0,0.0,0.0,0.0,0.0,0.0,0.0,0.0,0.0,0.0,0.0
2017,Jammu And Kashmir,1,Jammu,5,Jammu,14.0,98.0,0.0,124.0,114.0,0.0,0.0,3.0,0.0,64.0,4.0,0.0,9.0,0.0,46.0,11.0,0.0,0.0,0.0,0.0,0.0,0.0,154.0,0.0,1097.0
2017,Jammu And Kashmir,1,Jammu,5,Railways Jammu,0.0,0.0,0.0,0.0,0.0,0.0,0.0,0.0,0.0,0.0,0.0,0.0,0.0,0.0,0.0,0.0,0.0,0.0,0.0,0.0,2.0,0.0,0.0,0.0,0.0
2017,Jammu And Kashmir,1,Jammu,5,Railways Kashmir,0.0,0.0,0.0,0.0,0.0,0.0,0.0,0.0,0.0,0.0,0.0,0.0,0.0,0.0,0.0,0.0,0.0,0.0,0.0,0.0,0.0,0.0,0.0,0.0,0.0
2017,Jammu And Kashmir,1,Kargil,6,Kargil,0.0,0.0,0.0,0.0,1.0,0.0,0.0,0.0,0.0,0.0,0.0,0.0,0.0,0.0,0.0,0.0,0.0,0.0,0.0,0.0,0.0,0.0,0.0,0.0,0.0
2017,Jammu And Kashmir,1,Kathua,7,Kathua,4.0,40.0,2.0,27.0,39.0,1.0,0.0,29.0,0.0,12.0,2.0,0.0,1.0,0.0,23.0,2.0,0.0,0.0,0.0,0.0,0.0,0.0,0.0,0.0,26.0
2017,Jammu And Kashmir,1,Kishtwar,620,Kishtwar,2.0,10.0,0.0,26.0,27.0,0.0,0.0,12.0,0.0,4.0,0.0,0.0,2.0,0.0,0.0,0.0,0.0,0.0,0.0,0.0,7.0,0.0,0.0,0.0,8.0
2017,Jammu And Kashmir,1,Kulgam,622,Kulgam,11.0,44.0,0.0,99.0,42.0,0.0,0.0,0.0,0.0,11.0,0.0,0.0,0.0,0.0,0.0,0.0,0.0,0.0,0.0,0.0,14.0,5.0,0.0,0.0,84.0
2017,Jammu And Kashmir,1,Kupwara,8,Handwara,8.0,16.0,6.0,61.0,16.0,0.0,0.0,4.0,0.0,4.0,0.0,1.0,2.0,0.0,0.0,7.0,0.0,0.0,0.0,0.0,12.0,1.0,0.0,0.0,4.0
2017,Jammu And Kashmir,1,Kupwara,8,Kupwara,6.0,24.0,0.0,31.0,54.0,0.0,0.0,0.0,0.0,13.0,0.0,0.0,0.0,0.0,0.0,0.0,0.0,0.0,0.0,0.0,9.0,0.0,0.0,0.0,161.0
2017,Jammu And Kashmir,1,Leh Ladakh,9,Leh,0.0,2.0,1.0,2.0,5.0,0.0,0.0,0.0,0.0,0.0,0.0,0.0,0.0,0.0,0.0,0.0,0.0,0.0,0.0,0.0,0.0,0.0,0.0,0.0,0.0
2017,Jammu And Kashmir,1,Poonch,10,Poonch,9.0,37.0,1.0,38.0,45.0,0.0,0.0,28.0,0.0,8.0,0.0,0.0,1.0,0.0,21.0,13.0,3.0,0.0,1.0,4.0,10.0,0.0,2.0,0.0,23.0
2017,Jammu And Kashmir,1,Pulwama,11,Awantipora,4.0,2.0,1.0,42.0,32.0,0.0,0.0,0.0,0.0,5.0,0.0,0.0,0.0,0.0,0.0,0.0,0.0,0.0,0.0,0.0,9.0,0.0,0.0,0.0,51.0
2017,Jammu And Kashmir,1,Pulwama,11,Pulwama,12.0,8.0,1.0,32.0,25.0,0.0,0.0,19.0,0.0,4.0,0.0,0.0,0.0,0.0,4.0,0.0,0.0,0.0,0.0,0.0,7.0,9.0,2.0,0.0,3.0
2017,Jammu And Kashmir,1,Rajouri,12,Rajouri,6.0,58.0,0.0,55.0,58.0,0.0,0.0,7.0,0.0,42.0,0.0,0.0,1.0,0.0,0.0,0.0,0.0,0.0,0.0,0.0,12.0,0.0,8.0,0.0,356.0
2017,Jammu And Kashmir,1,Ramban,621,Ramban,5.0,36.0,2.0,29.0,35.0,0.0,0.0,20.0,0.0,6.0,0.0,0.0,3.0,0.0,26.0,4.0,0.0,0.0,0.0,0.0,7.0,0.0,0.0,0.0,19.0
2017,Jammu And Kashmir,1,Reasi,627,Railways Katra,0.0,0.0,0.0,0.0,0.0,0.0,0.0,0.0,0.0,0.0,0.0,0.0,0.0,0.0,0.0,0.0,0.0,0.0,0.0,0.0,0.0,0.0,0.0,0.0,0.0
2017,Jammu And Kashmir,1,Reasi,627,Reasi,5.0,48.0,0.0,36.0,29.0,0.0,0.0,8.0,0.0,5.0,0.0,0.0,0.0,0.0,0.0,0.0,0.0,0.0,0.0,0.0,15.0,0.0,0.0,0.0,101.0
2017,Jammu And Kashmir,1,Samba,624,Samba,2.0,16.0,0.0,10.0,24.0,0.0,0.0,9.0,0.0,11.0,1.0,0.0,1.0,0.0,10.0,0.0,0.0,0.0,0.0,0.0,0.0,0.0,0.0,0.0,70.0
2017,Jammu And Kashmir,1,Shopian,625,Shopian,14.0,2.0,0.0,51.0,42.0,0.0,0.0,18.0,0.0,4.0,0.0,0.0,0.0,0.0,0.0,0.0,0.0,0.0,0.0,0.0,13.0,5.0,0.0,0.0,52.0
2017,Jammu And Kashmir,1,Srinagar,13,Crime Srinagar,0.0,0.0,0.0,0.0,0.0,0.0,0.0,0.0,0.0,0.0,0.0,0.0,0.0,0.0,0.0,0.0,0.0,0.0,0.0,0.0,0.0,0.0,0.0,0.0,0.0
2017,Jammu And Kashmir,1,Srinagar,13,Srinagar,15.0,26.0,3.0,229.0,160.0,0.0,0.0,77.0,0.0,52.0,0.0,0.0,2.0,0.0,52.0,10.0,0.0,0.0,0.0,1.0,60.0,23.0,12.0,0.0,59.0
2017,Jammu And Kashmir,1,Udhampur,14,Udhampur,10.0,64.0,0.0,40.0,53.0,1.0,0.0,41.0,0.0,41.0,1.0,0.0,2.0,0.0,50.0,8.0,0.0,6.0,0.0,0.0,14.0,0.0,0.0,0.0,164.0
2017,Jharkhand,20,Bokaro,322,Bokaro,48.0,149.0,0.0,4.0,71.0,0.0,1.0,15.0,0.0,140.0,54.0,0.0,0.0,0.0,0.0,22.0,0.0,0.0,0.0,0.0,145.0,36.0,65.0,0.0,1049.0
2017,Jharkhand,20,Chatra,323,Chatra,64.0,69.0,0.0,15.0,43.0,5.0,2.0,28.0,11.0,18.0,62.0,0.0,0.0,0.0,0.0,10.0,0.0,0.0,0.0,0.0,52.0,37.0,0.0,0.0,139.0
2017,Jharkhand,20,Deoghar,324,Deoghar,70.0,65.0,7.0,79.0,24.0,0.0,0.0,8.0,7.0,64.0,142.0,0.0,0.0,0.0,0.0,57.0,0.0,0.0,0.0,0.0,45.0,25.0,56.0,0.0,1284.0
2017,Jharkhand,20,Dhanbad,325,Dhanbad,58.0,74.0,0.0,63.0,2.0,0.0,2.0,96.0,37.0,39.0,76.0,0.0,0.0,5.0,9.0,15.0,0.0,9.0,0.0,0.0,81.0,46.0,45.0,0.0,563.0
2017,Jharkhand,20,Dhanbad,325,Dhanbad Railway,4.0,4.0,0.0,7.0,3.0,0.0,0.0,7.0,1.0,0.0,0.0,0.0,0.0,1.0,0.0,0.0,0.0,0.0,0.0,0.0,1.0,10.0,0.0,0.0,11.0
2017,Jharkhand,20,Dumka,326,Dumka,63.0,77.0,2.0,12.0,5.0,1.0,2.0,45.0,27.0,16.0,28.0,0.0,9.0,0.0,0.0,22.0,0.0,0.0,0.0,0.0,18.0,26.0,0.0,0.0,43.0
2017,Jharkhand,20,East Singhbum,327,Jamshedpur,98.0,198.0,14.0,50.0,75.0,0.0,8.0,28.0,28.0,70.0,153.0,0.0,5.0,0.0,0.0,52.0,0.0,26.0,0.0,0.0,389.0,14.0,44.0,3.0,45.0
2017,Jharkhand,20,East Singhbum,327,Jamshedpur Railway,4.0,0.0,0.0,3.0,1.0,0.0,6.0,0.0,0.0,0.0,0.0,0.0,0.0,0.0,0.0,0.0,0.0,0.0,0.0,0.0,0.0,2.0,0.0,0.0,4.0
2017,Jharkhand,20,Garhwa,328,Garhwa,62.0,79.0,4.0,65.0,0.0,2.0,0.0,70.0,23.0,43.0,130.0,0.0,0.0,0.0,0.0,0.0,0.0,0.0,0.0,0.0,101.0,28.0,31.0,0.0,679.0
2017,Jharkhand,20,Giridih,329,Giridih,51.0,160.0,26.0,191.0,132.0,6.0,3.0,126.0,10.0,49.0,134.0,0.0,0.0,0.0,0.0,79.0,0.0,73.0,3.0,0.0,89.0,38.0,23.0,2.0,315.0
2017,Jharkhand,20,Godda,330,Godda,52.0,112.0,0.0,0.0,105.0,44.0,3.0,99.0,0.0,126.0,4.0,0.0,0.0,0.0,0.0,0.0,0.0,0.0,0.0,0.0,0.0,3.0,0.0,0.0,905.0
2017,Jharkhand,20,Gumla,331,Gumla,138.0,138.0,8.0,19.0,9.0,3.0,46.0,94.0,25.0,13.0,21.0,0.0,0.0,0.0,97.0,11.0,0.0,8.0,0.0,1.0,6.0,27.0,0.0,0.0,4.0
2017,Jharkhand,20,Hazaribagh,332,Hazaribagh,80.0,167.0,11.0,22.0,116.0,18.0,3.0,108.0,26.0,39.0,149.0,0.0,0.0,0.0,0.0,70.0,0.0,67.0,0.0,0.0,214.0,23.0,30.0,0.0,348.0
2017,Jharkhand,20,Jamtara,333,Jamtara,19.0,71.0,4.0,61.0,26.0,0.0,4.0,54.0,19.0,90.0,47.0,0.0,0.0,0.0,0.0,81.0,0.0,81.0,0.0,0.0,77.0,14.0,25.0,0.0,23.0
2017,Jharkhand,20,Khunti,606,Khunti,56.0,29.0,2.0,2.0,6.0,1.0,12.0,7.0,7.0,3.0,19.0,0.0,0.0,0.0,0.0,4.0,0.0,0.0,0.0,0.0,14.0,16.0,0.0,0.0,59.0
2017,Jharkhand,20,Koderma,334,Koderma,28.0,50.0,0.0,0.0,47.0,0.0,0.0,46.0,24.0,24.0,33.0,0.0,0.0,0.0,0.0,44.0,22.0,0.0,0.0,0.0,65.0,9.0,52.0,0.0,294.0
2017,Jharkhand,20,Latehar,335,Latehar,33.0,70.0,5.0,35.0,16.0,1.0,4.0,30.0,19.0,5.0,19.0,0.0,0.0,0.0,0.0,11.0,0.0,0.0,0.0,1.0,17.0,14.0,27.0,0.0,12.0
2017,Jharkhand,20,Lohardaga,336,Lohardagga,22.0,74.0,0.0,3.0,7.0,3.0,6.0,1.0,0.0,13.0,14.0,0.0,0.0,0.0,0.0,0.0,0.0,0.0,0.0,0.0,0.0,12.0,25.0,0.0,349.0
2017,Jharkhand,20,Pakur,337,Pakur,23.0,86.0,20.0,15.0,17.0,0.0,5.0,36.0,0.0,16.0,37.0,0.0,0.0,0.0,0.0,10.0,0.0,0.0,0.0,0.0,35.0,15.0,7.0,0.0,153.0
2017,Jharkhand,20,Palamu,338,Palamu,95.0,74.0,1.0,110.0,155.0,6.0,12.0,128.0,80.0,88.0,111.0,0.0,0.0,0.0,0.0,0.0,0.0,0.0,0.0,0.0,15.0,41.0,17.0,0.0,118.0
2017,Jharkhand,20,Ramgarh,607,Ramgarh,19.0,30.0,1.0,23.0,41.0,8.0,1.0,20.0,16.0,14.0,34.0,0.0,0.0,0.0,0.0,5.0,0.0,0.0,0.0,0.0,53.0,20.0,26.0,0.0,79.0
2017,Jharkhand,20,Ranchi,339,Ranchi,152.0,31.0,0.0,25.0,6.0,6.0,27.0,23.0,4.0,0.0,118.0,0.0,0.0,0.0,0.0,295.0,58.0,10.0,12.0,0.0,381.0,161.0,175.0,0.0,1387.0
2017,Jharkhand,20,Sahebganj,340,Sahebganj,64.0,120.0,39.0,78.0,0.0,0.0,7.0,49.0,24.0,144.0,4.0,0.0,3.0,0.0,0.0,7.0,0.0,0.0,0.0,0.0,91.0,19.0,0.0,0.0,494.0
2017,Jharkhand,20,Saraikela Kharsawan,341,Saraikela,43.0,40.0,18.0,27.0,16.0,0.0,0.0,57.0,17.0,27.0,26.0,0.0,2.0,0.0,0.0,30.0,0.0,16.0,2.0,6.0,73.0,29.0,3.0,0.0,3.0
2017,Jharkhand,20,Simdega,342,Simdega,53.0,65.0,0.0,0.0,11.0,0.0,0.0,17.0,17.0,14.0,0.0,0.0,0.0,0.0,0.0,8.0,0.0,0.0,0.0,0.0,27.0,8.0,0.0,0.0,22.0
2017,Jharkhand,20,West Singhbhum,343,Chaibasa,101.0,129.0,6.0,29.0,2.0,0.0,12.0,55.0,0.0,13.0,19.0,0.0,0.0,0.0,0.0,17.0,0.0,12.0,0.0,0.0,11.0,30.0,13.0,0.0,85.0
2017,Karnataka,29,Bagalkote,524,Bagalkot,42.0,25.0,0.0,137.0,13.0,0.0,0.0,58.0,36.0,33.0,37.0,0.0,3.0,0.0,0.0,8.0,0.0,3.0,0.0,3.0,62.0,16.0,16.0,0.0,12.0
2017,Karnataka,29,Ballari,528,Ballari,40.0,62.0,0.0,131.0,97.0,5.0,0.0,156.0,45.0,37.0,75.0,0.0,2.0,1.0,8.0,13.0,1.0,6.0,0.0,1.0,154.0,61.0,7.0,3.0,27.0
2017,Karnataka,29,Belagavi,527,Belagavi City,20.0,27.0,0.0,53.0,43.0,1.0,4.0,78.0,23.0,44.0,43.0,0.0,4.0,3.0,12.0,17.0,0.0,0.0,0.0,1.0,109.0,53.0,3.0,7.0,8.0
2017,Karnataka,29,Belagavi,527,Belagavi District,79.0,105.0,0.0,244.0,81.0,2.0,0.0,173.0,61.0,116.0,16.0,0.0,7.0,4.0,21.0,11.0,0.0,2.0,0.0,0.0,120.0,43.0,21.0,1.0,11.0
2017,Karnataka,29,Belagavi,527,K.G.F.,9.0,23.0,0.0,23.0,18.0,0.0,0.0,50.0,14.0,5.0,12.0,0.0,1.0,1.0,10.0,4.0,0.0,1.0,0.0,1.0,17.0,9.0,7.0,0.0,3.0
2017,Karnataka,29,Bengaluru Urban,525,Bengaluru City,252.0,536.0,1.0,1082.0,1340.0,38.0,9.0,1582.0,419.0,493.0,776.0,2.0,92.0,2.0,253.0,2743.0,0.0,2200.0,0.0,93.0,2539.0,1039.0,38.0,128.0,8885.0
2017,Karnataka,29,Bengaluru Urban,525,Bengaluru District,65.0,82.0,0.0,157.0,11.0,12.0,0.0,86.0,58.0,61.0,57.0,0.0,1.0,0.0,0.0,24.0,0.0,10.0,0.0,0.0,336.0,92.0,18.0,0.0,41.0
2017,Karnataka,29,Bengaluru Urban,525,K.Railways,17.0,3.0,0.0,4.0,10.0,0.0,0.0,23.0,3.0,1.0,0.0,0.0,0.0,0.0,0.0,0.0,0.0,0.0,0.0,0.0,7.0,91.0,1.0,0.0,10.0
2017,Karnataka,29,Bidar,529,Bidar,35.0,38.0,0.0,105.0,21.0,0.0,0.0,87.0,35.0,83.0,26.0,0.0,2.0,0.0,9.0,3.0,0.0,1.0,0.0,1.0,24.0,25.0,6.0,3.0,74.0
2017,Karnataka,29,Chamarajanagara,531,Chamarajnagar,16.0,28.0,0.0,135.0,23.0,0.0,0.0,63.0,26.0,24.0,8.0,0.0,5.0,0.0,0.0,5.0,0.0,0.0,0.0,10.0,19.0,15.0,2.0,1.0,20.0
2017,Karnataka,29,Chikkaballapura,630,Chikkaballapura,29.0,70.0,0.0,51.0,51.0,0.0,0.0,151.0,73.0,21.0,24.0,0.0,9.0,0.0,13.0,13.0,0.0,1.0,0.0,4.0,81.0,19.0,17.0,0.0,22.0
2017,Karnataka,29,Chikkamagaluru,532,Chikkamagaluru,18.0,54.0,0.0,247.0,38.0,2.0,0.0,136.0,55.0,50.0,14.0,0.0,5.0,1.0,4.0,19.0,0.0,5.0,0.0,3.0,70.0,31.0,16.0,2.0,19.0
2017,Karnataka,29,Chitradurga,533,Chitradurga,17.0,52.0,2.0,214.0,73.0,0.0,0.0,248.0,27.0,48.0,45.0,0.0,3.0,6.0,0.0,18.0,0.0,4.0,0.0,2.0,67.0,25.0,6.0,2.0,17.0
2017,Karnataka,29,Dakshina Kannada,534,Dakshina Kannada,17.0,64.0,1.0,54.0,20.0,1.0,0.0,189.0,55.0,22.0,2.0,0.0,4.0,0.0,2.0,7.0,0.0,0.0,0.0,4.0,35.0,26.0,3.0,1.0,34.0
2017,Karnataka,29,Dakshina Kannada,534,Mangaluru City,16.0,45.0,0.0,94.0,41.0,0.0,2.0,142.0,53.0,52.0,21.0,0.0,4.0,0.0,34.0,47.0,0.0,30.0,1.0,2.0,96.0,71.0,8.0,22.0,34.0
2017,Karnataka,29,Davangere,535,Davanagere,38.0,67.0,1.0,197.0,86.0,0.0,0.0,167.0,51.0,51.0,45.0,0.0,6.0,0.0,4.0,18.0,0.0,5.0,0.0,1.0,107.0,49.0,15.0,9.0,13.0
2017,Karnataka,29,Dharwad,536,Dharwad,31.0,38.0,0.0,42.0,13.0,0.0,0.0,42.0,27.0,19.0,2.0,0.0,2.0,0.0,0.0,0.0,0.0,0.0,0.0,0.0,54.0,11.0,1.0,0.0,4.0
2017,Karnataka,29,Dharwad,536,Hubballi Dharwad City,22.0,21.0,0.0,41.0,48.0,1.0,0.0,78.0,26.0,48.0,2.0,0.0,3.0,1.0,25.0,21.0,0.0,5.0,0.0,4.0,128.0,101.0,13.0,10.0,3.0
2017,Karnataka,29,Gadag,537,Gadag,20.0,32.0,2.0,65.0,22.0,0.0,0.0,40.0,16.0,28.0,1.0,0.0,5.0,0.0,0.0,2.0,0.0,0.0,0.0,0.0,55.0,17.0,3.0,3.0,1.0
2017,Karnataka,29,Hassan,539,Hassan,50.0,67.0,0.0,239.0,111.0,0.0,3.0,187.0,57.0,57.0,65.0,0.0,1.0,0.0,0.0,11.0,0.0,0.0,0.0,1.0,119.0,53.0,1.0,2.0,22.0
2017,Karnataka,29,Haveri,540,Haveri,26.0,71.0,0.0,112.0,24.0,0.0,0.0,135.0,59.0,39.0,28.0,0.0,9.0,0.0,16.0,4.0,0.0,0.0,0.0,0.0,51.0,10.0,16.0,2.0,6.0
2017,Karnataka,29,Kalaburagi,538,Kalaburgi,74.0,83.0,0.0,164.0,73.0,0.0,0.0,190.0,67.0,105.0,49.0,0.0,3.0,2.0,23.0,36.0,1.0,3.0,0.0,1.0,99.0,42.0,18.0,8.0,86.0
2017,Karnataka,29,Kodagu,541,Kodagu,27.0,47.0,0.0,38.0,18.0,7.0,0.0,70.0,47.0,22.0,1.0,0.0,1.0,0.0,0.0,5.0,0.0,1.0,0.0,2.0,52.0,8.0,2.0,7.0,18.0
2017,Karnataka,29,Kolar,542,Kolar,38.0,39.0,0.0,64.0,39.0,0.0,0.0,135.0,27.0,23.0,36.0,0.0,1.0,0.0,2.0,4.0,0.0,2.0,0.0,4.0,78.0,32.0,3.0,4.0,10.0
2017,Karnataka,29,Koppal,543,Koppal,17.0,57.0,0.0,87.0,44.0,0.0,0.0,90.0,37.0,49.0,4.0,0.0,17.0,0.0,39.0,2.0,0.0,0.0,0.0,2.0,73.0,20.0,9.0,1.0,150.0
2017,Karnataka,29,Mandya,544,Mandya,46.0,68.0,1.0,368.0,93.0,0.0,0.0,173.0,79.0,69.0,59.0,0.0,7.0,0.0,22.0,7.0,0.0,0.0,0.0,0.0,102.0,66.0,8.0,7.0,79.0
2017,Karnataka,29,Mysuru,545,Mysuru City,23.0,55.0,1.0,113.0,96.0,0.0,2.0,151.0,39.0,29.0,64.0,0.0,11.0,0.0,8.0,21.0,0.0,6.0,0.0,2.0,216.0,66.0,12.0,0.0,24.0
2017,Karnataka,29,Mysuru,545,Mysuru District,58.0,68.0,0.0,271.0,75.0,2.0,0.0,285.0,81.0,72.0,28.0,0.0,1.0,0.0,15.0,8.0,0.0,1.0,0.0,3.0,106.0,32.0,9.0,7.0,38.0
2017,Karnataka,29,Raichur,546,Raichur,45.0,57.0,0.0,213.0,24.0,4.0,12.0,92.0,49.0,133.0,74.0,0.0,9.0,0.0,0.0,3.0,0.0,2.0,0.0,0.0,110.0,7.0,5.0,1.0,22.0
2017,Karnataka,29,Ramanagara,631,Ramanagara,46.0,45.0,1.0,178.0,80.0,7.0,0.0,124.0,41.0,55.0,40.0,0.0,8.0,0.0,0.0,9.0,0.0,3.0,0.0,5.0,131.0,57.0,23.0,0.0,23.0
2017,Karnataka,29,Shivamogga,547,Shimoga,50.0,94.0,0.0,448.0,152.0,0.0,3.0,210.0,88.0,191.0,1.0,0.0,0.0,0.0,27.0,30.0,0.0,7.0,0.0,3.0,176.0,80.0,11.0,3.0,37.0
2017,Karnataka,29,Tumakuru,548,Tumakuru,46.0,75.0,1.0,76.0,70.0,4.0,0.0,191.0,71.0,36.0,69.0,0.0,2.0,4.0,17.0,11.0,0.0,1.0,0.0,0.0,164.0,62.0,24.0,4.0,48.0
2017,Karnataka,29,Udupi,549,Udupi,14.0,55.0,0.0,114.0,28.0,0.0,0.0,79.0,38.0,31.0,5.0,0.0,0.0,0.0,4.0,11.0,0.0,2.0,0.0,1.0,98.0,33.0,7.0,1.0,37.0
2017,Karnataka,29,Uttara Kannada,550,Uttara Kannada,20.0,42.0,0.0,157.0,32.0,0.0,0.0,78.0,38.0,30.0,17.0,0.0,3.0,0.0,11.0,28.0,4.0,12.0,0.0,2.0,74.0,23.0,0.0,1.0,45.0
2017,Karnataka,29,Vijayapura,530,Vijayapura,94.0,82.0,1.0,125.0,61.0,2.0,0.0,93.0,43.0,105.0,4.0,0.0,4.0,0.0,0.0,24.0,7.0,0.0,0.0,0.0,97.0,64.0,4.0,0.0,29.0
2017,Karnataka,29,Yadgir,635,Yadgiri,29.0,21.0,0.0,136.0,16.0,3.0,0.0,58.0,18.0,50.0,23.0,0.0,4.0,0.0,11.0,7.0,0.0,6.0,0.0,0.0,27.0,7.0,1.0,0.0,37.0
2017,Kerala,32,Alappuzha,554,Alapuzha,20.0,248.0,9.0,319.0,30.0,0.0,0.0,190.0,50.0,133.0,1.0,2.0,4.0,5.0,36.0,14.0,2.0,3.0,0.0,3.0,191.0,31.0,18.0,1.0,149.0
2017,Kerala,32,Ernakulam,555,Ernakulam Commissionerate,11.0,171.0,0.0,304.0,9.0,3.0,14.0,0.0,0.0,111.0,0.0,0.0,0.0,0.0,39.0,63.0,5.0,4.0,1.0,6.0,364.0,41.0,14.0,6.0,286.0
2017,Kerala,32,Ernakulam,555,Ernakulam Commr.,0.0,34.0,0.0,38.0,12.0,0.0,2.0,138.0,15.0,0.0,0.0,0.0,0.0,19.0,0.0,0.0,0.0,0.0,0.0,0.0,0.0,0.0,0.0,0.0,0.0
2017,Kerala,32,Ernakulam,555,Ernakulam Rural,17.0,306.0,6.0,369.0,30.0,0.0,0.0,200.0,48.0,181.0,0.0,0.0,0.0,9.0,49.0,19.0,0.0,0.0,2.0,0.0,342.0,42.0,28.0,4.0,27.0
2017,Kerala,32,Idukki,556,Idukki,24.0,277.0,3.0,276.0,14.0,0.0,0.0,209.0,68.0,130.0,2.0,1.0,0.0,11.0,2.0,16.0,0.0,5.0,1.0,8.0,224.0,13.0,12.0,0.0,229.0
2017,Kerala,32,Kannur,557,Kannur,22.0,198.0,4.0,189.0,4.0,0.0,0.0,131.0,20.0,138.0,1.0,0.0,0.0,6.0,39.0,11.0,0.0,2.0,0.0,3.0,154.0,51.0,15.0,0.0,405.0
2017,Kerala,32,Kasaragod,558,Kasargod,11.0,218.0,0.0,209.0,16.0,0.0,0.0,191.0,21.0,118.0,0.0,0.0,6.0,34.0,13.0,3.0,0.0,0.0,0.0,0.0,83.0,38.0,14.0,1.0,80.0
2017,Kerala,32,Kollam,559,Kollam Commissionerate,10.0,190.0,0.0,195.0,11.0,0.0,0.0,0.0,0.0,160.0,1.0,0.0,4.0,0.0,36.0,12.0,0.0,12.0,0.0,0.0,166.0,37.0,16.0,0.0,90.0
2017,Kerala,32,Kollam,559,Kollam Commr.,1.0,51.0,0.0,11.0,8.0,0.0,0.0,132.0,51.0,0.0,0.0,0.0,1.0,2.0,0.0,0.0,0.0,0.0,0.0,0.0,0.0,0.0,0.0,0.0,0.0
2017,Kerala,32,Kollam,559,Kollam Rural,25.0,320.0,3.0,316.0,13.0,0.0,0.0,130.0,20.0,149.0,1.0,2.0,4.0,9.0,40.0,17.0,0.0,0.0,0.0,0.0,122.0,17.0,6.0,0.0,510.0
2017,Kerala,32,Kottayam,560,Kottayam,11.0,264.0,2.0,267.0,20.0,0.0,1.0,164.0,48.0,113.0,0.0,1.0,0.0,4.0,25.0,8.0,0.0,0.0,0.0,4.0,245.0,45.0,14.0,0.0,44.0
2017,Kerala,32,Kozhikode,561,Kozhikode Commissionerate,7.0,109.0,2.0,121.0,9.0,0.0,1.0,0.0,0.0,125.0,0.0,0.0,1.0,0.0,40.0,19.0,1.0,1.0,3.0,1.0,130.0,59.0,23.0,0.0,155.0
2017,Kerala,32,Kozhikode,561,Kozhikode Commr.,2.0,30.0,0.0,9.0,6.0,0.0,0.0,132.0,54.0,0.0,0.0,0.0,0.0,13.0,0.0,0.0,0.0,0.0,0.0,0.0,0.0,0.0,0.0,0.0,0.0
2017,Kerala,32,Kozhikode,561,Kozhikode Rural,7.0,251.0,6.0,324.0,18.0,0.0,2.0,216.0,97.0,249.0,1.0,1.0,2.0,6.0,6.0,4.0,0.0,1.0,0.0,1.0,125.0,21.0,11.0,0.0,458.0
2017,Kerala,32,Malappuram,562,Malappuram,20.0,421.0,2.0,406.0,21.0,1.0,1.0,286.0,105.0,369.0,4.0,1.0,3.0,11.0,31.0,20.0,0.0,5.0,2.0,5.0,310.0,91.0,20.0,1.0,139.0
2017,Kerala,32,Palakkad,563,Palakkad,28.0,554.0,1.0,147.0,25.0,0.0,2.0,235.0,63.0,204.0,0.0,0.0,4.0,0.0,5.0,22.0,10.0,0.0,0.0,0.0,178.0,100.0,7.0,0.0,269.0
2017,Kerala,32,Pathanamthitta,564,Pathanamthitta,34.0,213.0,0.0,161.0,4.0,0.0,0.0,146.0,58.0,96.0,0.0,0.0,0.0,0.0,0.0,6.0,0.0,4.0,0.0,2.0,144.0,24.0,20.0,0.0,461.0
2017,Kerala,32,Thiruvananthapuram,565,Crime Branch,0.0,11.0,0.0,2.0,1.0,0.0,1.0,5.0,3.0,2.0,0.0,0.0,2.0,0.0,0.0,50.0,2.0,4.0,4.0,12.0,44.0,0.0,9.0,0.0,15.0
2017,Kerala,32,Thiruvananthapuram,565,Railways,0.0,0.0,1.0,53.0,1.0,0.0,0.0,10.0,5.0,0.0,0.0,0.0,0.0,1.0,0.0,0.0,0.0,0.0,0.0,0.0,1.0,32.0,2.0,0.0,11.0
2017,Kerala,32,Thiruvananthapuram,565,Trivandrum Commissionerate,13.0,193.0,1.0,254.0,15.0,0.0,0.0,0.0,0.0,93.0,0.0,0.0,0.0,0.0,69.0,93.0,21.0,10.0,9.0,10.0,220.0,64.0,0.0,2.0,36.0
2017,Kerala,32,Thiruvananthapuram,565,Trivandrum Commr.,2.0,39.0,0.0,0.0,13.0,0.0,0.0,266.0,81.0,0.0,0.0,0.0,0.0,0.0,0.0,0.0,0.0,0.0,0.0,0.0,0.0,0.0,0.0,0.0,0.0
2017,Kerala,32,Thiruvananthapuram,565,Trivandrum Rural,28.0,549.0,7.0,585.0,21.0,0.0,0.0,378.0,191.0,222.0,7.0,0.0,15.0,4.0,31.0,15.0,1.0,1.0,0.0,3.0,240.0,69.0,17.0,0.0,1952.0
2017,Kerala,32,Thrissur,566,Thrissur Commissionerate,11.0,120.0,3.0,136.0,8.0,0.0,1.0,0.0,0.0,70.0,0.0,1.0,1.0,0.0,22.0,22.0,1.0,4.0,5.0,1.0,221.0,35.0,7.0,5.0,122.0
2017,Kerala,32,Thrissur,566,Thrissur Commr.,1.0,26.0,0.0,1.0,7.0,0.0,1.0,87.0,33.0,0.0,0.0,0.0,0.0,10.0,0.0,0.0,0.0,0.0,0.0,0.0,0.0,0.0,0.0,0.0,0.0
2017,Kerala,32,Thrissur,566,Thrissur Rural,28.0,295.0,6.0,317.0,13.0,0.0,0.0,157.0,47.0,241.0,3.0,0.0,6.0,11.0,50.0,11.0,0.0,1.0,2.0,0.0,377.0,50.0,17.0,0.0,247.0
2017,Kerala,32,Wayanad,567,Wayanadu,4.0,198.0,1.0,131.0,15.0,0.0,0.0,159.0,118.0,89.0,0.0,0.0,2.0,0.0,13.0,1.0,0.0,0.0,0.0,0.0,85.0,10.0,2.0,1.0,37.0
2017,Ladakh,37,Kargil,6,Kargil,0.0,0.0,0.0,0.0,0.0,0.0,0.0,0.0,0.0,0.0,0.0,0.0,0.0,0.0,0.0,1.0,0.0,0.0,0.0,0.0,1.0,0.0,0.0,0.0,4.0
2017,Ladakh,37,Leh Ladakh,9,Leh,0.0,2.0,0.0,0.0,0.0,0.0,0.0,0.0,0.0,0.0,0.0,0.0,0.0,0.0,0.0,0.0,0.0,0.0,0.0,0.0,2.0,1.0,0.0,0.0,3.0
2017,Lakshadweep,31,Lakshadweep District,553,Lakshadweep,0.0,3.0,0.0,0.0,0.0,0.0,0.0,4.0,4.0,2.0,0.0,0.0,0.0,0.0,0.0,0.0,0.0,0.0,0.0,0.0,0.0,1.0,0.0,0.0,19.0
2017,Lakshadweep,31,Pondicherry,600,Karaikal,0.0,9.0,0.0,12.0,2.0,0.0,0.0,0.0,0.0,3.0,1.0,0.0,2.0,0.0,0.0,0.0,0.0,0.0,0.0,0.0,0.0,0.0,0.0,0.0,0.0
2017,Lakshadweep,31,Pondicherry,600,Puducherry,4.0,39.0,3.0,25.0,7.0,0.0,0.0,0.0,0.0,2.0,11.0,0.0,3.0,0.0,0.0,0.0,0.0,0.0,0.0,0.0,0.0,0.0,0.0,0.0,0.0
2017,Madhya Pradesh,23,Agar Malwa,667,Agar,2.0,17.0,0.0,10.0,17.0,0.0,0.0,100.0,0.0,0.0,0.0,0.0,2.0,21.0,0.0,0.0,0.0,0.0,0.0,0.0,0.0,0.0,0.0,0.0,0.0
2017,Madhya Pradesh,23,Agar-Malwa,667,Agar,9.0,70.0,0.0,84.0,10.0,0.0,0.0,0.0,0.0,19.0,3.0,1.0,3.0,0.0,81.0,0.0,0.0,0.0,0.0,0.0,18.0,9.0,0.0,0.0,44.0
2017,Madhya Pradesh,23,Alirajpur,639,Alirajpur,47.0,182.0,3.0,100.0,148.0,0.0,0.0,164.0,0.0,10.0,3.0,0.0,10.0,8.0,74.0,2.0,0.0,0.0,1.0,0.0,20.0,27.0,0.0,0.0,3.0
2017,Madhya Pradesh,23,Anuppur,390,Anuppur,26.0,169.0,4.0,124.0,132.0,0.0,0.0,187.0,0.0,78.0,4.0,0.0,7.0,22.0,41.0,10.0,3.0,0.0,0.0,0.0,11.0,8.0,0.0,0.0,41.0
2017,Madhya Pradesh,23,Ashoknagar,391,Ashok Nagar,24.0,204.0,5.0,274.0,94.0,0.0,2.0,258.0,0.0,81.0,13.0,0.0,12.0,44.0,295.0,0.0,0.0,0.0,0.0,0.0,34.0,16.0,0.0,0.0,90.0
2017,Madhya Pradesh,23,Balaghat,392,Balaghat,44.0,314.0,1.0,205.0,290.0,0.0,0.0,352.0,0.0,65.0,10.0,0.0,8.0,30.0,69.0,0.0,0.0,0.0,0.0,0.0,26.0,12.0,0.0,0.0,22.0
2017,Madhya Pradesh,23,Barwani,393,Barwani,28.0,292.0,0.0,133.0,97.0,0.0,0.0,224.0,0.0,25.0,5.0,0.0,12.0,23.0,74.0,4.0,0.0,0.0,0.0,0.0,2.0,6.0,2.0,0.0,30.0
2017,Madhya Pradesh,23,Betul,394,Betul,62.0,215.0,1.0,117.0,297.0,0.0,9.0,288.0,114.0,105.0,17.0,0.0,16.0,0.0,63.0,0.0,0.0,0.0,0.0,0.0,34.0,8.0,3.0,0.0,0.0
2017,Madhya Pradesh,23,Bhind,395,Bhind,42.0,178.0,3.0,120.0,193.0,2.0,0.0,170.0,24.0,106.0,32.0,0.0,11.0,0.0,0.0,0.0,0.0,0.0,0.0,0.0,37.0,35.0,15.0,0.0,315.0
2017,Madhya Pradesh,23,Bhopal,396,Bhopal,68.0,1013.0,2.0,658.0,771.0,0.0,11.0,1282.0,214.0,439.0,28.0,0.0,24.0,2.0,1045.0,26.0,0.0,3.0,6.0,12.0,152.0,101.0,17.0,6.0,894.0
2017,Madhya Pradesh,23,Bhopal,396,Bhopal Railway,1.0,14.0,0.0,29.0,12.0,0.0,2.0,18.0,5.0,2.0,0.0,0.0,2.0,0.0,33.0,0.0,0.0,0.0,0.0,0.0,8.0,68.0,0.0,0.0,129.0
2017,Madhya Pradesh,23,Bhopal,396,Cyber Crime Cell,0.0,0.0,0.0,0.0,0.0,0.0,0.0,0.0,0.0,0.0,0.0,0.0,0.0,0.0,0.0,0.0,0.0,0.0,0.0,0.0,0.0,0.0,0.0,0.0,0.0
2017,Madhya Pradesh,23,Burhanpur,397,Burhanpur,14.0,101.0,1.0,88.0,66.0,0.0,0.0,108.0,0.0,25.0,0.0,0.0,4.0,6.0,0.0,0.0,0.0,0.0,0.0,0.0,6.0,3.0,3.0,0.0,734.0
2017,Madhya Pradesh,23,Chhatarpur,398,Chhatarpur,52.0,271.0,1.0,338.0,151.0,0.0,0.0,430.0,62.0,109.0,26.0,0.0,14.0,1.0,115.0,6.0,1.0,0.0,2.0,0.0,27.0,31.0,0.0,0.0,69.0
2017,Madhya Pradesh,23,Chhindwara,399,Chhindwara,58.0,640.0,0.0,470.0,413.0,0.0,0.0,657.0,0.0,186.0,29.0,0.0,32.0,66.0,260.0,0.0,0.0,0.0,0.0,0.0,67.0,28.0,0.0,2.0,177.0
2017,Madhya Pradesh,23,Cyber Crime,9999,Cyber Crime Cell,0.0,0.0,0.0,0.0,0.0,0.0,0.0,0.0,0.0,0.0,0.0,0.0,0.0,0.0,0.0,0.0,0.0,0.0,0.0,0.0,0.0,0.0,0.0,0.0,0.0
2017,Madhya Pradesh,23,Cyber Crime Cell,9999,Cyber Crime Cell,0.0,0.0,0.0,0.0,0.0,0.0,0.0,0.0,0.0,0.0,0.0,0.0,0.0,0.0,0.0,132.0,0.0,31.0,0.0,33.0,0.0,0.0,0.0,0.0,0.0
2017,Madhya Pradesh,23,Damoh,400,Damoh,38.0,119.0,0.0,213.0,313.0,0.0,0.0,262.0,0.0,104.0,18.0,0.0,13.0,0.0,6.0,4.0,0.0,4.0,0.0,0.0,8.0,15.0,0.0,0.0,8.0
2017,Madhya Pradesh,23,Datia,401,Datia,32.0,58.0,0.0,89.0,97.0,0.0,0.0,164.0,0.0,33.0,7.0,0.0,10.0,20.0,27.0,10.0,1.0,0.0,4.0,0.0,10.0,13.0,0.0,1.0,70.0
2017,Madhya Pradesh,23,Dewas,402,Dewas,29.0,396.0,3.0,378.0,183.0,0.0,2.0,377.0,2.0,303.0,10.0,0.0,19.0,91.0,609.0,0.0,0.0,0.0,0.0,0.0,71.0,33.0,0.0,0.0,50.0
2017,Madhya Pradesh,23,Dhar,403,Dhar,80.0,745.0,0.0,236.0,388.0,0.0,0.0,889.0,214.0,74.0,10.0,1.0,26.0,83.0,356.0,25.0,0.0,1.0,0.0,1.0,5.0,48.0,2.0,0.0,173.0
2017,Madhya Pradesh,23,Dindori,404,Dindori,23.0,204.0,0.0,154.0,147.0,0.0,3.0,265.0,67.0,105.0,2.0,0.0,1.0,21.0,51.0,4.0,0.0,0.0,0.0,0.0,0.0,3.0,0.0,0.0,154.0
2017,Madhya Pradesh,23,Guna,406,Guna,44.0,442.0,4.0,100.0,105.0,3.0,0.0,262.0,86.0,117.0,9.0,0.0,6.0,3.0,411.0,0.0,0.0,0.0,0.0,0.0,41.0,47.0,0.0,0.0,520.0
2017,Madhya Pradesh,23,Gwalior,407,Gwalior,76.0,622.0,3.0,427.0,461.0,9.0,24.0,848.0,157.0,234.0,48.0,0.0,28.0,22.0,422.0,22.0,0.0,2.0,0.0,6.0,0.0,183.0,1.0,0.0,26.0
2017,Madhya Pradesh,23,Harda,408,Harda,21.0,212.0,0.0,171.0,96.0,0.0,2.0,180.0,1.0,72.0,1.0,0.0,6.0,18.0,108.0,3.0,1.0,0.0,0.0,0.0,13.0,7.0,0.0,0.0,46.0
2017,Madhya Pradesh,23,Indore,410,Cyber Crime Cell,0.0,0.0,0.0,0.0,0.0,0.0,0.0,0.0,0.0,0.0,0.0,0.0,0.0,0.0,0.0,0.0,0.0,0.0,0.0,13.0,0.0,0.0,0.0,0.0,0.0
2017,Madhya Pradesh,23,Indore,410,Indore,98.0,838.0,2.0,597.0,713.0,4.0,6.0,1110.0,305.0,368.0,21.0,1.0,28.0,0.0,439.0,80.0,19.0,0.0,4.0,0.0,223.0,111.0,50.0,10.0,4129.0
2017,Madhya Pradesh,23,Indore,410,Indore Railway,2.0,5.0,0.0,11.0,0.0,0.0,1.0,2.0,0.0,1.0,0.0,0.0,0.0,0.0,0.0,0.0,0.0,0.0,0.0,0.0,0.0,5.0,0.0,0.0,13.0
2017,Madhya Pradesh,23,Indore,410,Khandwa,2.0,70.0,0.0,119.0,86.0,0.0,1.0,300.0,1.0,0.0,0.0,0.0,1.0,0.0,0.0,0.0,0.0,0.0,0.0,0.0,0.0,0.0,0.0,0.0,0.0
2017,Madhya Pradesh,23,Jabalpur,411,Jabalpur,91.0,464.0,6.0,460.0,797.0,0.0,2.0,1026.0,0.0,400.0,29.0,0.0,40.0,350.0,711.0,70.0,14.0,0.0,6.0,1.0,41.0,140.0,22.0,0.0,123.0
2017,Madhya Pradesh,23,Jabalpur,411,Jabalpur Railway,6.0,3.0,0.0,19.0,7.0,0.0,8.0,15.0,0.0,0.0,2.0,0.0,1.0,0.0,0.0,0.0,0.0,0.0,0.0,0.0,0.0,50.0,0.0,0.0,41.0
2017,Madhya Pradesh,23,Jhabua,412,Jhabua,22.0,268.0,0.0,180.0,463.0,0.0,0.0,367.0,0.0,29.0,0.0,0.0,19.0,16.0,553.0,1.0,0.0,1.0,0.0,0.0,6.0,25.0,0.0,0.0,16.0
2017,Madhya Pradesh,23,Katni,413,Katni,40.0,271.0,2.0,222.0,246.0,2.0,0.0,389.0,8.0,132.0,18.0,0.0,5.0,62.0,0.0,0.0,0.0,0.0,0.0,0.0,46.0,16.0,5.0,0.0,507.0
2017,Madhya Pradesh,23,Khandwa (East Nimar),405,Khandwa,24.0,226.0,0.0,191.0,66.0,0.0,5.0,0.0,0.0,38.0,4.0,0.0,13.0,0.0,25.0,1.0,0.0,0.0,0.0,1.0,0.0,14.0,2.0,0.0,1406.0
2017,Madhya Pradesh,23,Khargone,414,Khargone,3.0,161.0,0.0,86.0,91.0,0.0,1.0,404.0,0.0,0.0,0.0,0.0,0.0,14.0,0.0,0.0,0.0,0.0,0.0,0.0,0.0,0.0,0.0,0.0,0.0
2017,Madhya Pradesh,23,Khargone (West Nimar),414,Khargone,50.0,406.0,1.0,279.0,57.0,1.0,1.0,0.0,0.0,79.0,3.0,0.0,10.0,0.0,91.0,35.0,6.0,0.0,2.0,2.0,10.0,25.0,4.0,0.0,50.0
2017,Madhya Pradesh,23,Mandla,415,Mandla,28.0,158.0,0.0,112.0,207.0,0.0,0.0,260.0,0.0,42.0,5.0,0.0,13.0,3.0,76.0,0.0,0.0,0.0,0.0,0.0,21.0,3.0,0.0,0.0,622.0
2017,Madhya Pradesh,23,Mandsaur,416,Mandsaur,37.0,199.0,0.0,149.0,121.0,0.0,0.0,167.0,0.0,31.0,4.0,1.0,17.0,0.0,42.0,10.0,1.0,0.0,1.0,0.0,26.0,17.0,0.0,0.0,752.0
2017,Madhya Pradesh,23,Morena,417,Morena,41.0,216.0,1.0,169.0,92.0,3.0,1.0,372.0,0.0,225.0,35.0,0.0,17.0,14.0,419.0,0.0,0.0,0.0,0.0,0.0,123.0,71.0,0.0,0.0,576.0
2017,Madhya Pradesh,23,Narmadapuram,409,Hoshangabad,39.0,290.0,1.0,252.0,215.0,0.0,5.0,365.0,0.0,115.0,7.0,0.0,14.0,57.0,207.0,0.0,0.0,0.0,0.0,0.0,31.0,24.0,9.0,0.0,36.0
2017,Madhya Pradesh,23,Narsimhapur,418,Narsinghpur,30.0,238.0,0.0,258.0,80.0,0.0,0.0,0.0,0.0,157.0,17.0,0.0,15.0,0.0,244.0,12.0,0.0,0.0,3.0,6.0,23.0,4.0,0.0,0.0,61.0
2017,Madhya Pradesh,23,Narsinghpur,418,Narsinghpur,1.0,59.0,0.0,87.0,99.0,0.0,0.0,311.0,0.0,0.0,0.0,0.0,2.0,17.0,0.0,0.0,0.0,0.0,0.0,0.0,0.0,0.0,0.0,0.0,0.0
2017,Madhya Pradesh,23,Neemuch,419,Neemuch,10.0,124.0,0.0,88.0,55.0,0.0,0.0,91.0,0.0,25.0,1.0,0.0,13.0,0.0,29.0,8.0,3.0,0.0,0.0,0.0,20.0,11.0,1.0,1.0,98.0
2017,Madhya Pradesh,23,Panna,420,Panna,18.0,58.0,0.0,109.0,220.0,1.0,0.0,183.0,0.0,31.0,20.0,0.0,15.0,9.0,6.0,1.0,0.0,1.0,0.0,0.0,0.0,3.0,0.0,0.0,6.0
2017,Madhya Pradesh,23,Raisen,421,Raisen,38.0,190.0,1.0,163.0,102.0,0.0,0.0,81.0,70.0,84.0,12.0,0.0,14.0,0.0,0.0,2.0,0.0,0.0,0.0,0.0,30.0,16.0,0.0,0.0,34.0
2017,Madhya Pradesh,23,Rajgarh,422,Rajgarh,23.0,187.0,2.0,263.0,65.0,0.0,6.0,248.0,0.0,98.0,7.0,0.0,16.0,0.0,0.0,7.0,1.0,1.0,1.0,3.0,1.0,25.0,0.0,0.0,1097.0
2017,Madhya Pradesh,23,Ratlam,423,Ratlam,31.0,366.0,1.0,265.0,270.0,0.0,2.0,446.0,0.0,164.0,4.0,0.0,17.0,4.0,308.0,22.0,7.0,1.0,1.0,0.0,48.0,31.0,12.0,0.0,104.0
2017,Madhya Pradesh,23,Rewa,424,Rewa,62.0,301.0,1.0,289.0,553.0,6.0,2.0,659.0,2.0,116.0,35.0,0.0,27.0,64.0,94.0,13.0,0.0,0.0,0.0,4.0,15.0,82.0,39.0,0.0,2367.0
2017,Madhya Pradesh,23,Sagar,425,Sagar,70.0,556.0,2.0,708.0,449.0,0.0,0.0,708.0,0.0,304.0,30.0,0.0,39.0,102.0,284.0,29.0,2.0,0.0,9.0,0.0,77.0,35.0,0.0,0.0,121.0
2017,Madhya Pradesh,23,Satna,426,Satna,68.0,345.0,1.0,291.0,522.0,0.0,0.0,565.0,0.0,144.0,27.0,0.0,21.0,16.0,227.0,0.0,0.0,0.0,0.0,0.0,0.0,30.0,0.0,0.0,133.0
2017,Madhya Pradesh,23,Sehore,427,Sehore,21.0,354.0,0.0,321.0,130.0,0.0,0.0,310.0,0.0,203.0,10.0,0.0,18.0,0.0,109.0,0.0,0.0,0.0,0.0,0.0,42.0,23.0,1.0,0.0,15.0
2017,Madhya Pradesh,23,Seoni,428,Seoni,34.0,124.0,1.0,185.0,185.0,0.0,3.0,301.0,0.0,123.0,9.0,0.0,12.0,13.0,59.0,15.0,1.0,0.0,3.0,0.0,30.0,3.0,6.0,0.0,1175.0
2017,Madhya Pradesh,23,Shahdol,429,Shahdol,39.0,278.0,1.0,192.0,263.0,0.0,14.0,309.0,0.0,282.0,11.0,1.0,8.0,3.0,159.0,18.0,7.0,0.0,1.0,0.0,44.0,27.0,0.0,0.0,2375.0
2017,Madhya Pradesh,23,Shajapur,430,Shajapur,24.0,164.0,1.0,126.0,66.0,0.0,0.0,201.0,71.0,32.0,5.0,0.0,9.0,26.0,180.0,15.0,2.0,1.0,2.0,0.0,12.0,7.0,7.0,0.0,15.0
2017,Madhya Pradesh,23,Sheopur,431,Sheopur,15.0,68.0,0.0,65.0,32.0,0.0,0.0,60.0,0.0,24.0,3.0,0.0,3.0,5.0,45.0,0.0,0.0,0.0,0.0,0.0,6.0,5.0,0.0,0.0,115.0
2017,Madhya Pradesh,23,Shivpuri,432,Shivpuri,38.0,212.0,0.0,239.0,200.0,0.0,4.0,383.0,0.0,62.0,16.0,0.0,9.0,19.0,38.0,0.0,0.0,0.0,0.0,0.0,46.0,22.0,0.0,4.0,118.0
2017,Madhya Pradesh,23,Sidhi,433,Sidhi,30.0,108.0,0.0,125.0,141.0,2.0,0.0,139.0,18.0,24.0,11.0,0.0,20.0,0.0,139.0,0.0,0.0,0.0,0.0,0.0,16.0,10.0,0.0,0.0,86.0
2017,Madhya Pradesh,23,Singrauli,638,Singrauli,52.0,233.0,1.0,133.0,162.0,0.0,0.0,227.0,0.0,131.0,13.0,0.0,11.0,50.0,101.0,26.0,10.0,0.0,2.0,0.0,16.0,13.0,15.0,0.0,21.0
2017,Madhya Pradesh,23,Tikamgarh,434,Tikamgarh,21.0,342.0,2.0,311.0,181.0,0.0,11.0,384.0,0.0,121.0,21.0,1.0,11.0,27.0,62.0,37.0,5.0,0.0,7.0,0.0,26.0,29.0,14.0,0.0,140.0
2017,Madhya Pradesh,23,Ujjain,435,Ujjain,53.0,484.0,1.0,434.0,297.0,3.0,2.0,613.0,0.0,279.0,5.0,0.0,17.0,156.0,298.0,77.0,6.0,1.0,2.0,2.0,100.0,67.0,4.0,4.0,200.0
2017,Madhya Pradesh,23,Umaria,436,Umaria,16.0,118.0,1.0,90.0,101.0,0.0,0.0,137.0,0.0,48.0,4.0,0.0,5.0,10.0,40.0,2.0,0.0,0.0,0.0,0.0,6.0,7.0,1.0,0.0,8.0
2017,Madhya Pradesh,23,Vidisha,437,Vidisha,41.0,176.0,1.0,168.0,237.0,2.0,2.0,420.0,149.0,136.0,12.0,0.0,15.0,30.0,320.0,0.0,0.0,0.0,0.0,0.0,43.0,24.0,0.0,0.0,259.0
2017,Maharashtra,27,Ahmednagar,466,Ahmednagar,94.0,223.0,0.0,430.0,408.0,2.0,0.0,292.0,95.0,239.0,14.0,0.0,48.0,2.0,67.0,9.0,1.0,3.0,0.0,0.0,174.0,380.0,0.0,8.0,53.0
2017,Maharashtra,27,Akola,467,Akola,39.0,95.0,1.0,146.0,145.0,0.0,0.0,231.0,108.0,185.0,10.0,0.0,21.0,12.0,18.0,24.0,3.0,0.0,4.0,0.0,67.0,65.0,2.0,0.0,145.0
2017,Maharashtra,27,Amravati,468,Amravati Commissionerate,15.0,90.0,0.0,159.0,72.0,0.0,0.0,0.0,0.0,170.0,10.0,1.0,11.0,0.0,36.0,61.0,3.0,8.0,7.0,2.0,66.0,36.0,27.0,0.0,125.0
2017,Maharashtra,27,Amravati,468,Amravati Commr.,1.0,0.0,0.0,0.0,97.0,0.0,0.0,247.0,85.0,0.0,0.0,0.0,0.0,19.0,0.0,0.0,0.0,0.0,0.0,0.0,0.0,0.0,0.0,0.0,0.0
2017,Maharashtra,27,Amravati,468,Amravati Rural,65.0,143.0,0.0,196.0,167.0,0.0,4.0,277.0,148.0,175.0,6.0,0.0,41.0,30.0,110.0,132.0,53.0,10.0,4.0,8.0,120.0,44.0,2.0,0.0,79.0
2017,Maharashtra,27,Aurangabad,469,Aurangabad Commr.,2.0,0.0,0.0,0.0,137.0,1.0,0.0,274.0,116.0,0.0,0.0,0.0,0.0,6.0,0.0,0.0,0.0,0.0,0.0,0.0,0.0,0.0,0.0,0.0,0.0
2017,Maharashtra,27,Aurangabad,469,Aurangabad Rural,8.0,0.0,0.0,0.0,82.0,0.0,0.0,177.0,67.0,0.0,0.0,0.0,0.0,4.0,0.0,0.0,0.0,0.0,0.0,0.0,0.0,0.0,0.0,0.0,0.0
2017,Maharashtra,27,Beed,470,Beed,61.0,95.0,1.0,201.0,161.0,0.0,3.0,229.0,70.0,280.0,12.0,0.0,48.0,9.0,159.0,33.0,8.0,1.0,2.0,2.0,64.0,87.0,29.0,5.0,106.0
2017,Maharashtra,27,Bhandara,471,Bhandara,16.0,48.0,3.0,99.0,183.0,0.0,2.0,208.0,52.0,31.0,3.0,0.0,5.0,7.0,93.0,90.0,31.0,1.0,2.0,0.0,47.0,20.0,0.0,5.0,67.0
2017,Maharashtra,27,Buldhana,472,Buldhana,47.0,89.0,0.0,286.0,157.0,7.0,0.0,236.0,98.0,145.0,11.0,0.0,32.0,12.0,105.0,32.0,10.0,0.0,0.0,2.0,109.0,54.0,2.0,2.0,24.0
2017,Maharashtra,27,Chandrapur,473,Chandrapur,36.0,124.0,0.0,179.0,349.0,0.0,0.0,362.0,122.0,136.0,10.0,0.0,12.0,3.0,152.0,90.0,25.0,2.0,0.0,2.0,100.0,50.0,0.0,2.0,87.0
2017,Maharashtra,27,Chhatrapati Sambhajinagar,469,Aurangabad Commissionerate,32.0,111.0,0.0,343.0,97.0,1.0,0.0,0.0,0.0,227.0,4.0,0.0,15.0,0.0,217.0,310.0,109.0,21.0,27.0,0.0,255.0,165.0,13.0,12.0,172.0
2017,Maharashtra,27,Chhatrapati Sambhajinagar,469,Aurangabad Rural,43.0,89.0,0.0,136.0,58.0,0.0,0.0,0.0,0.0,162.0,14.0,0.0,34.0,0.0,98.0,62.0,25.0,0.0,1.0,1.0,61.0,41.0,3.0,2.0,192.0
2017,Maharashtra,27,Dharashiv,488,Osmanabad,48.0,59.0,0.0,124.0,52.0,0.0,0.0,0.0,0.0,73.0,8.0,0.0,26.0,0.0,124.0,25.0,9.0,0.0,1.0,0.0,48.0,34.0,0.0,0.0,18.0
2017,Maharashtra,27,Dhule,474,Dhule,44.0,58.0,0.0,118.0,91.0,0.0,0.0,105.0,32.0,244.0,5.0,0.0,27.0,0.0,45.0,45.0,13.0,1.0,2.0,0.0,97.0,96.0,0.0,0.0,38.0
2017,Maharashtra,27,Gadchiroli,475,Gadchiroli,40.0,45.0,0.0,44.0,67.0,1.0,1.0,79.0,38.0,10.0,0.0,0.0,9.0,2.0,6.0,12.0,4.0,0.0,0.0,0.0,20.0,9.0,0.0,0.0,18.0
2017,Maharashtra,27,Gondia,476,Gondia,31.0,84.0,0.0,97.0,133.0,1.0,0.0,174.0,69.0,40.0,7.0,0.0,8.0,1.0,86.0,29.0,8.0,0.0,5.0,0.0,46.0,34.0,0.0,0.0,22.0
2017,Maharashtra,27,Hingoli,477,Hingoli,33.0,49.0,0.0,78.0,54.0,2.0,0.0,95.0,26.0,65.0,4.0,0.0,5.0,3.0,67.0,10.0,2.0,0.0,1.0,0.0,9.0,51.0,0.0,0.0,21.0
2017,Maharashtra,27,Jalgaon,478,Jalgaon,60.0,106.0,1.0,206.0,219.0,1.0,3.0,236.0,70.0,227.0,3.0,0.0,34.0,5.0,57.0,32.0,7.0,0.0,2.0,2.0,154.0,128.0,11.0,14.0,286.0
2017,Maharashtra,27,Jalna,479,Jalna,46.0,74.0,0.0,225.0,48.0,13.0,0.0,57.0,25.0,216.0,11.0,0.0,4.0,0.0,131.0,25.0,5.0,2.0,2.0,4.0,88.0,84.0,15.0,1.0,132.0
2017,Maharashtra,27,Kolhapur,480,Kolhapur,47.0,110.0,1.0,157.0,258.0,8.0,2.0,282.0,122.0,96.0,8.0,0.0,29.0,2.0,201.0,64.0,15.0,0.0,1.0,1.0,180.0,154.0,12.0,21.0,71.0
2017,Maharashtra,27,Latur,481,Latur,44.0,67.0,0.0,139.0,159.0,0.0,0.0,136.0,64.0,187.0,9.0,0.0,18.0,0.0,114.0,36.0,10.0,0.0,1.0,0.0,127.0,69.0,0.0,0.0,25.0
2017,Maharashtra,27,Mumbai,482,Mumbai Commissionerate,127.0,1041.0,1.0,2161.0,1270.0,0.0,65.0,0.0,0.0,560.0,11.0,5.0,33.0,0.0,1247.0,2678.0,1024.0,11.0,136.0,12.0,3724.0,1020.0,329.0,34.0,5090.0
2017,Maharashtra,27,Mumbai,482,Mumbai Commr.,14.0,0.0,0.0,0.0,1884.0,0.0,12.0,3790.0,1054.0,0.0,0.0,0.0,3.0,66.0,0.0,0.0,0.0,0.0,0.0,0.0,0.0,0.0,0.0,0.0,0.0
2017,Maharashtra,27,Mumbai,482,Mumbai Railway,4.0,12.0,0.0,102.0,39.0,0.0,0.0,620.0,14.0,0.0,1.0,0.0,1.0,0.0,240.0,40.0,4.0,0.0,1.0,0.0,112.0,498.0,2.0,0.0,66.0
2017,Maharashtra,27,Mumbai Suburban,483,Navi Mumbai,44.0,189.0,0.0,164.0,381.0,5.0,12.0,419.0,140.0,119.0,1.0,0.0,20.0,7.0,141.0,132.0,34.0,3.0,4.0,2.0,373.0,203.0,12.0,9.0,154.0
2017,Maharashtra,27,Nagpur,484,Nagpur Commissionerate,85.0,237.0,0.0,288.0,299.0,1.0,30.0,0.0,0.0,214.0,11.0,0.0,13.0,0.0,574.0,153.0,44.0,3.0,13.0,0.0,437.0,336.0,29.0,31.0,201.0
2017,Maharashtra,27,Nagpur,484,Nagpur Commr.,2.0,0.0,0.0,0.0,426.0,1.0,3.0,725.0,209.0,0.0,0.0,0.0,0.0,29.0,0.0,0.0,0.0,0.0,0.0,0.0,0.0,0.0,0.0,0.0,0.0
2017,Maharashtra,27,Nagpur,484,Nagpur Railway,5.0,1.0,0.0,21.0,24.0,0.0,0.0,24.0,5.0,0.0,2.0,0.0,3.0,0.0,79.0,2.0,0.0,0.0,1.0,0.0,7.0,107.0,0.0,0.0,6.0
2017,Maharashtra,27,Nagpur,484,Nagpur Rural,42.0,160.0,0.0,144.0,281.0,0.0,0.0,296.0,124.0,64.0,9.0,0.0,21.0,4.0,122.0,67.0,19.0,10.0,7.0,0.0,69.0,70.0,25.0,0.0,42.0
2017,Maharashtra,27,Nanded,485,Nanded,62.0,117.0,0.0,148.0,227.0,2.0,0.0,274.0,86.0,205.0,12.0,0.0,28.0,8.0,130.0,17.0,3.0,0.0,0.0,0.0,82.0,59.0,3.0,3.0,35.0
2017,Maharashtra,27,Nandurbar,486,Nandurbar,37.0,43.0,0.0,60.0,71.0,0.0,0.0,84.0,24.0,61.0,0.0,0.0,6.0,1.0,35.0,5.0,2.0,1.0,0.0,0.0,41.0,40.0,0.0,4.0,5.0
2017,Maharashtra,27,Nashik,487,Nasik Commissionerate,41.0,48.0,0.0,104.0,169.0,3.0,2.0,0.0,0.0,131.0,2.0,0.0,9.0,0.0,211.0,163.0,48.0,16.0,13.0,8.0,106.0,224.0,9.0,17.0,94.0
2017,Maharashtra,27,Nashik,487,Nasik Commr.,4.0,0.0,0.0,0.0,201.0,0.0,0.0,347.0,62.0,0.0,0.0,0.0,1.0,17.0,0.0,0.0,0.0,0.0,0.0,0.0,0.0,0.0,0.0,0.0,0.0
2017,Maharashtra,27,Nashik,487,Nasik Rural,81.0,96.0,0.0,233.0,119.0,0.0,2.0,213.0,95.0,243.0,7.0,1.0,39.0,0.0,187.0,55.0,18.0,2.0,1.0,6.0,208.0,130.0,5.0,2.0,230.0
2017,Maharashtra,27,Osmanabad,488,Osmanabad,3.0,0.0,0.0,0.0,64.0,0.0,0.0,139.0,66.0,0.0,0.0,0.0,2.0,0.0,0.0,0.0,0.0,0.0,0.0,0.0,0.0,0.0,0.0,0.0,0.0
2017,Maharashtra,27,Palghar,665,Palghar,79.0,247.0,0.0,144.0,678.0,2.0,39.0,696.0,167.0,63.0,1.0,0.0,31.0,13.0,221.0,112.0,32.0,4.0,6.0,5.0,254.0,212.0,23.0,10.0,141.0
2017,Maharashtra,27,Parbhani,489,Parbhani,36.0,76.0,0.0,110.0,139.0,0.0,0.0,189.0,65.0,178.0,4.0,0.0,18.0,10.0,128.0,25.0,3.0,0.0,4.0,0.0,15.0,30.0,0.0,1.0,46.0
2017,Maharashtra,27,Pune,490,Pune Commissionerate,112.0,483.0,1.0,550.0,498.0,12.0,45.0,0.0,0.0,332.0,7.0,0.0,51.0,0.0,898.0,548.0,195.0,49.0,26.0,7.0,729.0,419.0,40.0,10.0,370.0
2017,Maharashtra,27,Pune,490,Pune Commr.,10.0,0.0,0.0,0.0,826.0,1.0,7.0,1335.0,427.0,0.0,0.0,0.0,2.0,5.0,0.0,0.0,0.0,0.0,0.0,0.0,0.0,0.0,0.0,2.0,0.0
2017,Maharashtra,27,Pune,490,Pune Railway,1.0,5.0,0.0,4.0,9.0,0.0,0.0,15.0,4.0,0.0,0.0,0.0,0.0,0.0,9.0,0.0,0.0,0.0,0.0,0.0,6.0,17.0,0.0,0.0,5.0
2017,Maharashtra,27,Pune,490,Pune Rural,132.0,358.0,0.0,647.0,828.0,13.0,0.0,785.0,191.0,247.0,6.0,0.0,48.0,58.0,52.0,301.0,129.0,27.0,2.0,3.0,358.0,421.0,0.0,13.0,287.0
2017,Maharashtra,27,Raigad,491,Raigad,16.0,76.0,0.0,97.0,147.0,0.0,0.0,149.0,58.0,39.0,0.0,0.0,13.0,0.0,64.0,105.0,41.0,2.0,3.0,0.0,145.0,47.0,0.0,0.0,57.0
2017,Maharashtra,27,Ratnagiri,492,Ratnagiri,12.0,66.0,0.0,112.0,122.0,0.0,0.0,131.0,48.0,13.0,1.0,0.0,12.0,2.0,62.0,94.0,41.0,2.0,4.0,0.0,86.0,26.0,6.0,0.0,53.0
2017,Maharashtra,27,Sangli,493,Sangli,45.0,89.0,0.0,162.0,293.0,1.0,6.0,282.0,89.0,92.0,7.0,0.0,22.0,8.0,220.0,55.0,6.0,5.0,6.0,4.0,88.0,147.0,14.0,1.0,216.0
2017,Maharashtra,27,Satara,494,Satara,50.0,158.0,0.0,265.0,363.0,2.0,8.0,396.0,139.0,138.0,2.0,0.0,32.0,5.0,348.0,77.0,22.0,4.0,1.0,0.0,167.0,183.0,7.0,0.0,76.0
2017,Maharashtra,27,Sindhudurg,495,Sindhudurg,8.0,14.0,0.0,58.0,54.0,0.0,0.0,52.0,18.0,2.0,1.0,0.0,2.0,0.0,25.0,29.0,9.0,2.0,1.0,2.0,14.0,5.0,11.0,0.0,150.0
2017,Maharashtra,27,Solapur,496,Solapur Commissionerate,10.0,54.0,0.0,74.0,7.0,2.0,0.0,0.0,0.0,79.0,0.0,0.0,9.0,0.0,67.0,35.0,6.0,0.0,2.0,0.0,147.0,76.0,0.0,0.0,17.0
2017,Maharashtra,27,Solapur,496,Solapur Commr.,0.0,0.0,0.0,0.0,76.0,2.0,0.0,145.0,65.0,0.0,0.0,0.0,0.0,0.0,0.0,0.0,0.0,0.0,0.0,0.0,0.0,0.0,0.0,0.0,0.0
2017,Maharashtra,27,Solapur,496,Solapur Rural,75.0,156.0,0.0,301.0,255.0,1.0,2.0,328.0,172.0,102.0,6.0,0.0,37.0,0.0,47.0,38.0,10.0,0.0,3.0,2.0,110.0,92.0,31.0,4.0,170.0
2017,Maharashtra,27,Thane,497,Thane Commissionerate,113.0,383.0,0.0,389.0,370.0,1.0,22.0,0.0,0.0,242.0,7.0,0.0,35.0,0.0,568.0,481.0,123.0,34.0,17.0,4.0,916.0,819.0,17.0,25.0,685.0
2017,Maharashtra,27,Thane,497,Thane Commr.,5.0,0.0,0.0,0.0,671.0,0.0,5.0,995.0,272.0,0.0,0.0,0.0,0.0,9.0,0.0,0.0,0.0,0.0,0.0,0.0,0.0,0.0,0.0,0.0,0.0
2017,Maharashtra,27,Thane,497,Thane Rural,48.0,137.0,0.0,156.0,352.0,0.0,25.0,309.0,78.0,97.0,4.0,0.0,21.0,0.0,89.0,83.0,24.0,5.0,3.0,0.0,235.0,153.0,32.0,14.0,325.0
2017,Maharashtra,27,Wardha,498,Wardha,32.0,56.0,0.0,127.0,211.0,1.0,0.0,203.0,84.0,57.0,6.0,0.0,12.0,0.0,83.0,112.0,44.0,2.0,5.0,1.0,46.0,54.0,35.0,0.0,82.0
2017,Maharashtra,27,Washim,499,Washim,29.0,47.0,0.0,124.0,64.0,0.0,0.0,78.0,30.0,132.0,0.0,0.0,23.0,0.0,2.0,16.0,7.0,0.0,1.0,0.0,48.0,37.0,0.0,1.0,80.0
2017,Maharashtra,27,Yavatmal,500,Yavatmal,58.0,155.0,0.0,271.0,242.0,0.0,0.0,202.0,59.0,277.0,12.0,0.0,24.0,5.0,118.0,52.0,18.0,0.0,0.0,1.0,98.0,68.0,0.0,1.0,30.0
2017,Manipur,14,Bishnupur,252,Bishnupur,8.0,11.0,0.0,4.0,19.0,0.0,2.0,8.0,4.0,2.0,0.0,0.0,0.0,0.0,0.0,0.0,0.0,0.0,0.0,0.0,9.0,1.0,0.0,0.0,25.0
2017,Manipur,14,Chandel,253,Chandel,7.0,3.0,0.0,1.0,0.0,0.0,0.0,3.0,3.0,0.0,0.0,0.0,0.0,0.0,0.0,0.0,0.0,0.0,0.0,0.0,2.0,0.0,1.0,0.0,13.0
2017,Manipur,14,Churachandpur,254,Churachandpur,7.0,1.0,0.0,1.0,3.0,0.0,3.0,4.0,2.0,0.0,0.0,0.0,0.0,0.0,2.0,0.0,0.0,0.0,0.0,0.0,9.0,1.0,1.0,0.0,13.0
2017,Manipur,14,Imphal East,255,Imphal East,8.0,21.0,0.0,21.0,28.0,1.0,3.0,33.0,2.0,6.0,0.0,1.0,0.0,0.0,0.0,2.0,0.0,0.0,0.0,0.0,28.0,2.0,13.0,0.0,122.0
2017,Manipur,14,Imphal West,256,Cid,0.0,0.0,0.0,12.0,0.0,0.0,0.0,0.0,0.0,0.0,0.0,0.0,0.0,0.0,0.0,102.0,30.0,1.0,8.0,1.0,51.0,1.0,2.0,0.0,56.0
2017,Manipur,14,Imphal West,256,Imphal West,13.0,37.0,3.0,32.0,19.0,1.0,10.0,34.0,10.0,7.0,0.0,0.0,0.0,0.0,9.0,34.0,3.0,0.0,0.0,2.0,45.0,0.0,27.0,0.0,363.0
2017,Manipur,14,Senapati,257,Senapati,6.0,0.0,0.0,0.0,0.0,2.0,0.0,0.0,0.0,0.0,0.0,0.0,0.0,0.0,0.0,0.0,0.0,0.0,0.0,0.0,1.0,2.0,0.0,0.0,19.0
2017,Manipur,14,Tamenglong,258,Tamenglong,3.0,0.0,0.0,0.0,0.0,1.0,2.0,1.0,0.0,0.0,0.0,0.0,0.0,0.0,0.0,0.0,0.0,0.0,0.0,0.0,2.0,2.0,0.0,0.0,15.0
2017,Manipur,14,Thoubal,259,Thoubal,3.0,19.0,1.0,9.0,23.0,1.0,0.0,23.0,7.0,4.0,0.0,0.0,0.0,0.0,0.0,1.0,0.0,0.0,0.0,1.0,15.0,0.0,22.0,0.0,45.0
2017,Manipur,14,Ukhrul,260,Ukhrul,9.0,1.0,0.0,0.0,2.0,1.0,0.0,3.0,1.0,0.0,0.0,0.0,0.0,0.0,0.0,0.0,0.0,0.0,0.0,0.0,3.0,0.0,0.0,0.0,5.0
2017,Meghalaya,17,East Garo Hills,273,East Garo Hills,6.0,24.0,0.0,3.0,0.0,0.0,0.0,0.0,0.0,0.0,0.0,0.0,0.0,0.0,0.0,0.0,0.0,0.0,0.0,0.0,8.0,4.0,3.0,0.0,5.0
2017,Meghalaya,17,East Garo Hills,273,Garo Hills East,0.0,0.0,0.0,0.0,0.0,0.0,0.0,0.0,0.0,0.0,0.0,0.0,0.0,0.0,0.0,0.0,0.0,0.0,0.0,0.0,0.0,0.0,0.0,0.0,0.0
2017,Meghalaya,17,East Jaintia Hills,657,East Jaintia Hills,9.0,38.0,0.0,10.0,0.0,1.0,0.0,0.0,0.0,0.0,0.0,0.0,0.0,0.0,0.0,0.0,0.0,0.0,0.0,0.0,14.0,6.0,3.0,0.0,185.0
2017,Meghalaya,17,East Jaintia Hills,657,Jaintia Hills East,0.0,13.0,0.0,0.0,0.0,0.0,0.0,31.0,18.0,0.0,0.0,0.0,0.0,0.0,0.0,0.0,0.0,0.0,0.0,0.0,0.0,0.0,0.0,0.0,0.0
2017,Meghalaya,17,East Khasi Hills,274,East Khasi Hills,18.0,119.0,3.0,47.0,12.0,2.0,0.0,0.0,4.0,9.0,0.0,0.0,0.0,0.0,32.0,35.0,2.0,17.0,1.0,4.0,132.0,26.0,16.0,0.0,81.0
2017,Meghalaya,17,East Khasi Hills,274,Khasi Hills East,1.0,0.0,0.0,0.0,8.0,1.0,0.0,135.0,119.0,0.0,0.0,0.0,0.0,0.0,0.0,0.0,0.0,0.0,0.0,0.0,0.0,0.0,0.0,0.0,0.0
2017,Meghalaya,17,North Garo Hills,656,Garo Hills North,3.0,10.0,0.0,2.0,4.0,1.0,0.0,17.0,14.0,0.0,0.0,0.0,0.0,0.0,0.0,0.0,0.0,0.0,0.0,0.0,2.0,1.0,0.0,0.0,55.0
2017,Meghalaya,17,Ri Bhoi,276,Ri-Bhoi,9.0,120.0,11.0,12.0,12.0,2.0,0.0,46.0,1.0,0.0,2.0,0.0,1.0,0.0,11.0,5.0,1.0,2.0,0.0,0.0,18.0,17.0,0.0,0.0,10.0
2017,Meghalaya,17,South Garo Hills,277,Garo Hills South,0.0,0.0,0.0,0.0,0.0,0.0,0.0,8.0,8.0,0.0,0.0,0.0,0.0,0.0,0.0,0.0,0.0,0.0,0.0,0.0,0.0,0.0,0.0,0.0,0.0
2017,Meghalaya,17,South Garo Hills,277,South Garo Hills,2.0,5.0,0.0,0.0,0.0,2.0,0.0,0.0,0.0,0.0,0.0,0.0,0.0,0.0,1.0,0.0,0.0,0.0,0.0,0.0,0.0,4.0,0.0,0.0,7.0
2017,Meghalaya,17,South West Garo Hills,663,Garo Hills South West,0.0,0.0,0.0,4.0,0.0,0.0,0.0,4.0,0.0,0.0,0.0,0.0,0.0,0.0,0.0,0.0,0.0,0.0,0.0,0.0,0.0,0.0,0.0,0.0,0.0
2017,Meghalaya,17,South West Garo Hills,663,South West Garo Hills,5.0,10.0,0.0,8.0,6.0,0.0,0.0,0.0,0.0,2.0,0.0,0.0,0.0,0.0,0.0,0.0,0.0,0.0,0.0,0.0,3.0,1.0,0.0,0.0,25.0
2017,Meghalaya,17,South West Khasi Hills,658,Khasi Hills South West,0.0,0.0,0.0,0.0,2.0,0.0,0.0,12.0,10.0,0.0,0.0,0.0,0.0,0.0,0.0,0.0,0.0,0.0,0.0,0.0,0.0,0.0,0.0,0.0,0.0
2017,Meghalaya,17,South West Khasi Hills,658,South West Khasi Hills,1.0,15.0,0.0,2.0,0.0,0.0,0.0,0.0,0.0,0.0,0.0,0.0,0.0,0.0,2.0,1.0,0.0,0.0,0.0,2.0,0.0,4.0,1.0,0.0,8.0
2017,Meghalaya,17,West Garo Hills,278,Garo Hills West,2.0,3.0,0.0,1.0,0.0,0.0,0.0,48.0,11.0,0.0,0.0,0.0,0.0,2.0,0.0,0.0,0.0,0.0,0.0,0.0,0.0,0.0,0.0,0.0,0.0
2017,Meghalaya,17,West Garo Hills,278,West Garo Hills,9.0,26.0,4.0,16.0,4.0,1.0,0.0,0.0,0.0,7.0,0.0,0.0,0.0,0.0,6.0,0.0,0.0,0.0,0.0,0.0,8.0,12.0,4.0,0.0,32.0
2017,Meghalaya,17,West Jaintia Hills,275,Jaintia Hills West,3.0,0.0,0.0,2.0,2.0,0.0,0.0,40.0,29.0,0.0,0.0,0.0,0.0,0.0,0.0,0.0,0.0,0.0,0.0,0.0,0.0,0.0,0.0,0.0,0.0
2017,Meghalaya,17,West Jaintia Hills,275,West Jaintia Hills,15.0,35.0,1.0,8.0,0.0,0.0,0.0,0.0,0.0,0.0,0.0,0.0,0.0,0.0,10.0,0.0,0.0,0.0,0.0,0.0,12.0,12.0,1.0,0.0,6.0
2017,Meghalaya,17,West Khasi Hills,279,Khasi Hills West,2.0,0.0,0.0,0.0,2.0,0.0,0.0,38.0,33.0,0.0,0.0,0.0,0.0,0.0,0.0,0.0,0.0,0.0,0.0,0.0,0.0,0.0,0.0,0.0,0.0
2017,Meghalaya,17,West Khasi Hills,279,West Khasi Hills,10.0,30.0,1.0,5.0,0.0,0.0,0.0,0.0,0.0,2.0,0.0,0.0,0.0,0.0,3.0,2.0,0.0,1.0,0.0,2.0,9.0,2.0,0.0,0.0,49.0
2017,Mizoram,15,Aizawl,261,Aizawl,9.0,57.0,0.0,39.0,1.0,0.0,1.0,79.0,65.0,10.0,0.0,0.0,0.0,2.0,15.0,9.0,0.0,4.0,0.0,0.0,32.0,3.0,5.0,0.0,10.0
2017,Mizoram,15,Aizawl,261,Spl Narcotic,0.0,0.0,0.0,0.0,0.0,0.0,0.0,0.0,0.0,0.0,0.0,0.0,0.0,0.0,0.0,0.0,0.0,0.0,0.0,0.0,0.0,0.0,0.0,0.0,0.0
2017,Mizoram,15,Champhai,262,Champhai,2.0,28.0,0.0,0.0,0.0,0.0,0.0,38.0,34.0,2.0,0.0,0.0,0.0,0.0,0.0,0.0,0.0,0.0,0.0,0.0,1.0,0.0,0.0,0.0,0.0
2017,Mizoram,15,Kolasib,263,Kolasib,1.0,20.0,0.0,6.0,0.0,0.0,0.0,23.0,23.0,2.0,0.0,0.0,0.0,0.0,0.0,0.0,0.0,0.0,0.0,0.0,4.0,0.0,0.0,0.0,1.0
2017,Mizoram,15,Lawngtlai,264,Lawngtlai,0.0,13.0,0.0,4.0,0.0,0.0,0.0,8.0,8.0,0.0,0.0,0.0,0.0,0.0,0.0,0.0,0.0,0.0,0.0,0.0,1.0,1.0,0.0,0.0,1.0
2017,Mizoram,15,Lunglei,265,Lunglei,3.0,16.0,0.0,5.0,1.0,0.0,0.0,19.0,15.0,2.0,0.0,0.0,0.0,2.0,0.0,0.0,0.0,0.0,0.0,0.0,9.0,1.0,1.0,0.0,15.0
2017,Mizoram,15,Mamit,266,Mamit,4.0,19.0,0.0,5.0,0.0,0.0,0.0,24.0,23.0,2.0,0.0,0.0,0.0,0.0,0.0,0.0,0.0,0.0,0.0,0.0,0.0,0.0,1.0,0.0,5.0
2017,Mizoram,15,Saiha,267,Saiha,0.0,0.0,0.0,0.0,0.0,0.0,0.0,16.0,16.0,0.0,0.0,0.0,0.0,0.0,0.0,0.0,0.0,0.0,0.0,0.0,0.0,0.0,0.0,0.0,0.0
2017,Mizoram,15,Serchhip,268,Serchhip,2.0,7.0,0.0,2.0,1.0,0.0,0.0,13.0,10.0,1.0,0.0,0.0,0.0,0.0,0.0,0.0,0.0,0.0,0.0,0.0,4.0,0.0,0.0,0.0,1.0
2017,Mizoram,15,Siaha,267,Saiha,1.0,13.0,1.0,6.0,0.0,0.0,0.0,0.0,0.0,1.0,0.0,0.0,0.0,0.0,0.0,1.0,0.0,1.0,0.0,0.0,4.0,0.0,0.0,0.0,1.0
2017,Nagaland,24,Ahmadabad,438,Western Railway Ahmedabad,0.0,0.0,0.0,0.0,0.0,0.0,0.0,0.0,0.0,0.0,0.0,0.0,0.0,0.0,0.0,4.0,0.0,0.0,2.0,0.0,0.0,0.0,0.0,0.0,2.0
2017,Nagaland,13,Dimapur,244,Dimapur,17.0,11.0,0.0,6.0,41.0,3.0,0.0,57.0,18.0,3.0,0.0,0.0,0.0,0.0,7.0,0.0,0.0,0.0,0.0,0.0,10.0,26.0,10.0,3.0,13.0
2017,Nagaland,13,Kiphire,614,Kiphire,1.0,3.0,0.0,0.0,1.0,0.0,0.0,2.0,0.0,0.0,0.0,0.0,0.0,0.0,0.0,0.0,0.0,0.0,0.0,0.0,0.0,0.0,0.0,0.0,0.0
2017,Nagaland,13,Kohima,245,Kohima,9.0,6.0,0.0,1.0,0.0,0.0,0.0,10.0,6.0,0.0,0.0,0.0,0.0,0.0,0.0,0.0,0.0,0.0,0.0,0.0,6.0,2.0,2.0,0.0,1.0
2017,Nagaland,13,Longleng,615,Longleng,0.0,0.0,0.0,0.0,0.0,0.0,0.0,0.0,0.0,0.0,0.0,0.0,0.0,0.0,0.0,0.0,0.0,0.0,0.0,0.0,0.0,0.0,0.0,0.0,2.0
2017,Nagaland,13,Mokokchung,246,Mokokchung,3.0,1.0,0.0,0.0,0.0,0.0,0.0,1.0,1.0,0.0,0.0,0.0,0.0,0.0,0.0,0.0,0.0,0.0,0.0,0.0,2.0,0.0,1.0,0.0,2.0
2017,Nagaland,13,Mon,247,Mon,3.0,4.0,0.0,0.0,0.0,0.0,0.0,2.0,2.0,0.0,0.0,0.0,0.0,0.0,3.0,0.0,0.0,0.0,0.0,0.0,4.0,5.0,0.0,0.0,6.0
2017,Nagaland,13,Peren,613,Peren,1.0,2.0,1.0,0.0,0.0,0.0,0.0,3.0,2.0,0.0,0.0,0.0,0.0,0.0,0.0,0.0,0.0,0.0,0.0,0.0,1.0,0.0,0.0,0.0,9.0
2017,Nagaland,13,Phek,248,Phek,0.0,9.0,0.0,3.0,0.0,2.0,0.0,1.0,1.0,0.0,0.0,0.0,0.0,0.0,0.0,0.0,0.0,0.0,0.0,0.0,0.0,1.0,1.0,0.0,1.0
2017,Nagaland,13,Tuensang,249,Tuensang,0.0,2.0,0.0,2.0,0.0,0.0,0.0,3.0,3.0,0.0,0.0,0.0,0.0,0.0,0.0,0.0,0.0,0.0,0.0,0.0,0.0,0.0,1.0,0.0,1.0
2017,Nagaland,24,Vadodara,461,Western Railway Vadodara,0.0,0.0,0.0,0.0,0.0,0.0,0.0,0.0,0.0,0.0,0.0,0.0,0.0,0.0,0.0,0.0,0.0,0.0,0.0,0.0,0.0,0.0,0.0,0.0,0.0
2017,Nagaland,13,Wokha,250,Wokha,2.0,5.0,0.0,0.0,0.0,0.0,0.0,5.0,5.0,0.0,0.0,0.0,0.0,0.0,0.0,0.0,0.0,0.0,0.0,0.0,1.0,0.0,0.0,0.0,9.0
2017,Nagaland,13,Zunheboto,251,Zunheboto,2.0,4.0,1.0,0.0,5.0,0.0,0.0,9.0,3.0,0.0,0.0,0.0,0.0,0.0,3.0,0.0,0.0,0.0,0.0,0.0,3.0,0.0,0.0,0.0,0.0
2017,Odisha,21,Anugul,344,Angul,43.0,133.0,0.0,388.0,56.0,1.0,4.0,48.0,0.0,68.0,16.0,0.0,0.0,0.0,59.0,44.0,14.0,0.0,6.0,0.0,81.0,141.0,0.0,2.0,538.0
2017,Odisha,21,Balangir,345,Bolangir,37.0,157.0,5.0,238.0,15.0,0.0,2.0,52.0,0.0,59.0,2.0,0.0,0.0,0.0,45.0,48.0,24.0,0.0,0.0,0.0,63.0,71.0,0.0,0.0,509.0
2017,Odisha,21,Baleshwar,346,Balasore,45.0,256.0,11.0,769.0,528.0,3.0,0.0,378.0,0.0,95.0,381.0,2.0,12.0,0.0,13.0,37.0,11.0,0.0,0.0,22.0,141.0,118.0,2.0,0.0,264.0
2017,Odisha,21,Baleshwar,346,Berhampur,15.0,131.0,0.0,223.0,73.0,0.0,0.0,37.0,0.0,29.0,47.0,1.0,0.0,0.0,18.0,70.0,19.0,0.0,0.0,0.0,136.0,50.0,0.0,3.0,41.0
2017,Odisha,21,Bargarh,347,Baragarh,29.0,106.0,3.0,485.0,145.0,0.0,0.0,94.0,0.0,36.0,82.0,0.0,0.0,0.0,84.0,30.0,7.0,1.0,0.0,0.0,60.0,51.0,2.0,3.0,306.0
2017,Odisha,21,Bhadrak,348,Bhadrak,33.0,277.0,8.0,428.0,189.0,0.0,0.0,145.0,0.0,48.0,293.0,0.0,0.0,0.0,30.0,36.0,12.0,0.0,4.0,0.0,96.0,48.0,2.0,0.0,505.0
2017,Odisha,21,Boudh,349,Boudh,13.0,77.0,0.0,104.0,16.0,0.0,2.0,32.0,0.0,51.0,2.0,0.0,0.0,0.0,15.0,6.0,3.0,0.0,0.0,0.0,29.0,15.0,0.0,0.0,225.0
2017,Odisha,21,Cuttack,350,Cid Cb,0.0,0.0,0.0,0.0,0.0,0.0,0.0,0.0,0.0,0.0,0.0,0.0,0.0,0.0,0.0,0.0,0.0,0.0,0.0,0.0,0.0,0.0,0.0,0.0,0.0
2017,Odisha,21,Cuttack,350,Cid Crime Branch,0.0,0.0,0.0,0.0,0.0,0.0,0.0,0.0,0.0,0.0,0.0,0.0,0.0,0.0,0.0,0.0,0.0,0.0,0.0,0.0,32.0,0.0,0.0,0.0,26.0
2017,Odisha,21,Cuttack,350,Cid Cyber Crime,0.0,0.0,0.0,0.0,0.0,0.0,0.0,0.0,0.0,0.0,0.0,0.0,0.0,0.0,0.0,60.0,30.0,0.0,0.0,0.0,30.0,0.0,0.0,0.0,30.0
2017,Odisha,21,Cuttack,350,Cuttack,29.0,112.0,7.0,188.0,72.0,0.0,0.0,98.0,0.0,41.0,163.0,0.0,0.0,0.0,8.0,54.0,23.0,0.0,4.0,0.0,97.0,86.0,0.0,0.0,446.0
2017,Odisha,21,Cuttack,350,Dcp Ctc,0.0,27.0,0.0,0.0,131.0,0.0,0.0,163.0,0.0,0.0,0.0,0.0,0.0,0.0,0.0,0.0,0.0,0.0,0.0,0.0,0.0,0.0,0.0,0.0,0.0
2017,Odisha,21,Cuttack,350,Dcp Cuttack,24.0,101.0,1.0,155.0,0.0,0.0,2.0,0.0,0.0,176.0,0.0,1.0,0.0,0.0,36.0,102.0,43.0,0.0,0.0,0.0,183.0,85.0,0.0,5.0,1107.0
2017,Odisha,21,Cuttack,350,Srp(Cuttack),2.0,1.0,1.0,3.0,3.0,0.0,2.0,1.0,0.0,0.0,1.0,0.0,0.0,0.0,6.0,0.0,0.0,0.0,0.0,0.0,14.0,14.0,0.0,0.0,12.0
2017,Odisha,21,Deogarh,351,Deogarh,13.0,64.0,1.0,112.0,30.0,0.0,0.0,19.0,0.0,27.0,33.0,0.0,0.0,0.0,5.0,28.0,12.0,0.0,2.0,0.0,36.0,29.0,0.0,0.0,14.0
2017,Odisha,21,Dhenkanal,352,Dhenkanal,31.0,82.0,3.0,455.0,73.0,1.0,1.0,21.0,0.0,42.0,130.0,0.0,0.0,0.0,39.0,22.0,11.0,0.0,0.0,0.0,52.0,77.0,0.0,0.0,146.0
2017,Odisha,21,Gajapati,353,Gajapati,19.0,65.0,0.0,77.0,25.0,0.0,9.0,32.0,0.0,38.0,4.0,0.0,0.0,0.0,9.0,16.0,6.0,0.0,0.0,0.0,26.0,4.0,0.0,0.0,10.0
2017,Odisha,21,Ganjam,354,Ganjam,75.0,248.0,1.0,479.0,59.0,0.0,1.0,140.0,0.0,0.0,151.0,1.0,0.0,0.0,36.0,58.0,15.0,0.0,0.0,0.0,87.0,88.0,2.0,1.0,153.0
2017,Odisha,21,Jagatsinghapur,355,Jagatsinghpur,25.0,116.0,5.0,309.0,153.0,0.0,0.0,77.0,0.0,62.0,92.0,0.0,0.0,0.0,4.0,28.0,14.0,0.0,0.0,0.0,90.0,73.0,0.0,0.0,111.0
2017,Odisha,21,Jajapur,356,Jajpur,71.0,296.0,4.0,248.0,92.0,0.0,0.0,139.0,69.0,61.0,248.0,4.0,0.0,0.0,30.0,92.0,32.0,0.0,14.0,0.0,147.0,132.0,0.0,2.0,1505.0
2017,Odisha,21,Jharsuguda,357,Jharsuguda,24.0,97.0,0.0,142.0,19.0,0.0,0.0,26.0,0.0,14.0,33.0,0.0,0.0,0.0,44.0,22.0,5.0,0.0,6.0,0.0,54.0,63.0,0.0,0.0,62.0
2017,Odisha,21,Kalahandi,358,Kalahandi,47.0,191.0,1.0,394.0,2.0,0.0,2.0,44.0,0.0,75.0,0.0,0.0,0.0,0.0,31.0,8.0,0.0,0.0,0.0,2.0,99.0,37.0,0.0,0.0,211.0
2017,Odisha,21,Kandhamal,359,Kandhamal,44.0,283.0,1.0,195.0,90.0,0.0,10.0,178.0,74.0,108.0,55.0,0.0,0.0,0.0,47.0,24.0,8.0,0.0,4.0,0.0,47.0,26.0,1.0,0.0,12.0
2017,Odisha,21,Kendrapara,360,Kendrapara,40.0,153.0,10.0,336.0,183.0,0.0,3.0,150.0,0.0,206.0,0.0,0.0,0.0,0.0,40.0,35.0,17.0,0.0,0.0,0.0,62.0,69.0,3.0,0.0,247.0
2017,Odisha,21,Kendujhar,361,Keonjhar,56.0,247.0,12.0,468.0,47.0,0.0,1.0,128.0,42.0,198.0,19.0,0.0,0.0,0.0,69.0,32.0,11.0,0.0,0.0,20.0,77.0,70.0,0.0,0.0,226.0
2017,Odisha,21,Khordha,362,Dcp Bbsr,0.0,82.0,0.0,0.0,0.0,0.0,0.0,90.0,0.0,0.0,0.0,0.0,0.0,0.0,0.0,0.0,0.0,0.0,0.0,0.0,0.0,0.0,0.0,0.0,0.0
2017,Odisha,21,Khordha,362,Dcp Bhubaneswar,29.0,227.0,15.0,528.0,919.0,3.0,0.0,0.0,0.0,119.0,187.0,0.0,0.0,0.0,44.0,180.0,90.0,0.0,0.0,0.0,696.0,214.0,0.0,0.0,970.0
2017,Odisha,21,Khordha,362,Khurda,42.0,91.0,16.0,154.0,86.0,0.0,0.0,17.0,0.0,26.0,139.0,2.0,0.0,0.0,8.0,18.0,9.0,0.0,0.0,0.0,71.0,92.0,0.0,0.0,350.0
2017,Odisha,21,Koraput,363,Koraput,55.0,311.0,1.0,280.0,111.0,0.0,0.0,89.0,0.0,88.0,105.0,0.0,0.0,0.0,50.0,84.0,35.0,0.0,7.0,0.0,115.0,111.0,0.0,0.0,129.0
2017,Odisha,21,Malkangiri,364,Malkangiri,30.0,58.0,0.0,98.0,25.0,0.0,4.0,20.0,3.0,42.0,18.0,0.0,0.0,0.0,3.0,24.0,8.0,0.0,4.0,0.0,35.0,8.0,0.0,0.0,58.0
2017,Odisha,21,Mayurbhanj,365,Mayurbhanj,81.0,383.0,15.0,361.0,192.0,0.0,8.0,204.0,0.0,267.0,0.0,1.0,3.0,0.0,35.0,50.0,15.0,0.0,0.0,0.0,86.0,67.0,4.0,1.0,166.0
2017,Odisha,21,Nabarangpur,366,Nabarangpur,29.0,260.0,4.0,296.0,139.0,0.0,11.0,190.0,60.0,61.0,2.0,0.0,3.0,0.0,27.0,54.0,0.0,0.0,0.0,2.0,38.0,25.0,0.0,0.0,72.0
2017,Odisha,21,Nayagarh,367,Nayagarh,30.0,86.0,4.0,193.0,20.0,0.0,1.0,54.0,0.0,46.0,100.0,0.0,0.0,0.0,21.0,15.0,0.0,1.0,0.0,3.0,44.0,61.0,7.0,0.0,465.0
2017,Odisha,21,Nuapada,368,Nuapada,14.0,37.0,2.0,193.0,84.0,0.0,9.0,55.0,0.0,44.0,44.0,0.0,0.0,0.0,10.0,22.0,7.0,4.0,0.0,0.0,61.0,29.0,0.0,0.0,186.0
2017,Odisha,21,Puri,369,Puri,61.0,154.0,7.0,595.0,125.0,0.0,4.0,58.0,1.0,57.0,195.0,0.0,0.0,0.0,30.0,30.0,5.0,0.0,10.0,0.0,95.0,163.0,0.0,3.0,85.0
2017,Odisha,21,Rayagada,370,Rayagada,48.0,169.0,5.0,101.0,45.0,0.0,0.0,90.0,0.0,117.0,1.0,0.0,0.0,0.0,29.0,9.0,0.0,0.0,0.0,0.0,31.0,15.0,1.0,0.0,0.0
2017,Odisha,21,Sambalpur,371,Sambalpur,38.0,204.0,1.0,325.0,68.0,0.0,7.0,60.0,0.0,68.0,10.0,0.0,0.0,0.0,153.0,70.0,25.0,0.0,10.0,0.0,159.0,139.0,0.0,1.0,847.0
2017,Odisha,21,Sonepur,372,Sonepur,16.0,11.0,0.0,117.0,8.0,0.0,0.0,3.0,0.0,16.0,8.0,0.0,0.0,0.0,5.0,2.0,1.0,0.0,0.0,0.0,15.0,27.0,0.0,0.0,29.0
2017,Odisha,21,Sundargarh,373,Rourkela,50.0,174.0,6.0,210.0,200.0,0.0,0.0,142.0,0.0,70.0,75.0,0.0,0.0,0.0,69.0,108.0,34.0,0.0,20.0,0.0,138.0,128.0,0.0,0.0,283.0
2017,Odisha,21,Sundargarh,373,Srp(Rourkela),2.0,3.0,0.0,9.0,2.0,0.0,0.0,2.0,0.0,0.0,0.0,0.0,0.0,0.0,5.0,0.0,0.0,0.0,0.0,0.0,0.0,11.0,0.0,0.0,12.0
2017,Odisha,21,Sundargarh,373,Sundargarh,52.0,105.0,1.0,130.0,58.0,0.0,10.0,109.0,0.0,70.0,6.0,0.0,1.0,1.0,58.0,69.0,20.0,0.0,0.0,0.0,35.0,72.0,1.0,0.0,51.0
2017,Puducherry,34,Karaikal,598,Karaikal,3.0,2.0,0.0,0.0,3.0,0.0,0.0,13.0,10.0,0.0,0.0,0.0,0.0,0.0,2.0,0.0,0.0,0.0,0.0,0.0,14.0,5.0,3.0,0.0,65.0
2017,Puducherry,34,Pondicherry,600,Puducherry,23.0,5.0,0.0,0.0,1.0,1.0,2.0,63.0,56.0,0.0,0.0,0.0,0.0,2.0,115.0,5.0,0.0,0.0,0.0,0.0,38.0,26.0,4.0,0.0,180.0
2017,Punjab,3,Amritsar,27,Amritsar Rural,44.0,41.0,2.0,69.0,129.0,0.0,0.0,86.0,5.0,34.0,5.0,0.0,5.0,0.0,18.0,7.0,0.0,0.0,1.0,5.0,86.0,4.0,0.0,0.0,125.0
2017,Punjab,3,Amritsar,27,Cp Amritsar,22.0,48.0,4.0,44.0,141.0,0.0,0.0,121.0,25.0,58.0,4.0,2.0,6.0,0.0,0.0,31.0,6.0,0.0,1.0,2.0,136.0,16.0,1.0,0.0,73.0
2017,Punjab,3,Amritsar,27,Special Task Force,0.0,0.0,0.0,0.0,0.0,0.0,0.0,0.0,0.0,0.0,0.0,0.0,0.0,0.0,0.0,0.0,0.0,0.0,0.0,0.0,0.0,0.0,0.0,0.0,0.0
2017,Punjab,3,Barnala,605,Barnala,20.0,24.0,4.0,25.0,56.0,0.0,0.0,53.0,12.0,17.0,1.0,0.0,6.0,4.0,17.0,2.0,0.0,0.0,0.0,2.0,59.0,3.0,1.0,1.0,29.0
2017,Punjab,3,Bathinda,28,Bathinda,45.0,92.0,4.0,73.0,104.0,0.0,0.0,102.0,29.0,63.0,5.0,0.0,8.0,0.0,0.0,7.0,0.0,0.0,0.0,0.0,146.0,3.0,0.0,0.0,234.0
2017,Punjab,3,Faridkot,29,Faridkot,13.0,41.0,0.0,23.0,28.0,0.0,0.0,43.0,11.0,26.0,0.0,0.0,7.0,2.0,0.0,1.0,0.0,0.0,0.0,0.0,57.0,3.0,0.0,0.0,41.0
2017,Punjab,3,Fatehgarh Sahib,30,Fatehgarh Sahib,16.0,23.0,0.0,32.0,48.0,0.0,0.0,53.0,16.0,29.0,0.0,0.0,7.0,0.0,0.0,0.0,0.0,0.0,0.0,0.0,93.0,0.0,0.0,2.0,56.0
2017,Punjab,3,Fazilka,651,Fazilka,23.0,84.0,3.0,17.0,44.0,0.0,0.0,81.0,33.0,15.0,3.0,1.0,9.0,0.0,25.0,12.0,0.0,0.0,2.0,0.0,99.0,1.0,1.0,0.0,70.0
2017,Punjab,3,Ferozepur,31,Ferozepur,27.0,110.0,3.0,54.0,62.0,0.0,0.0,61.0,23.0,20.0,2.0,0.0,1.0,0.0,0.0,3.0,0.0,0.0,0.0,1.0,116.0,0.0,0.0,0.0,21.0
2017,Punjab,3,Gurdaspur,32,Batala,21.0,38.0,1.0,36.0,74.0,0.0,0.0,45.0,8.0,32.0,5.0,0.0,3.0,0.0,1.0,0.0,0.0,0.0,0.0,0.0,73.0,4.0,0.0,0.0,64.0
2017,Punjab,3,Gurdaspur,32,Gurdaspur,14.0,39.0,3.0,12.0,51.0,0.0,0.0,48.0,5.0,27.0,2.0,0.0,8.0,0.0,0.0,0.0,0.0,0.0,0.0,0.0,79.0,1.0,1.0,0.0,27.0
2017,Punjab,3,Hoshiarpur,33,Hoshiarpur,28.0,70.0,4.0,29.0,86.0,0.0,0.0,75.0,17.0,78.0,4.0,0.0,7.0,0.0,6.0,5.0,0.0,3.0,0.0,0.0,0.0,6.0,0.0,0.0,138.0
2017,Punjab,3,Jalandhar,34,Cp Jalandhar,17.0,50.0,6.0,70.0,73.0,0.0,0.0,113.0,13.0,75.0,0.0,0.0,7.0,0.0,25.0,24.0,5.0,2.0,0.0,7.0,145.0,7.0,3.0,0.0,87.0
2017,Punjab,3,Jalandhar,34,Jalandhar Rural,21.0,92.0,3.0,47.0,33.0,0.0,0.0,85.0,0.0,66.0,4.0,0.0,9.0,3.0,9.0,5.0,1.0,0.0,0.0,2.0,108.0,15.0,1.0,1.0,16.0
2017,Punjab,3,Kapurthala,35,Kapurthala,19.0,44.0,1.0,80.0,64.0,0.0,0.0,88.0,15.0,32.0,1.0,0.0,3.0,0.0,0.0,24.0,2.0,4.0,2.0,0.0,98.0,5.0,0.0,0.0,116.0
2017,Punjab,3,Ludhiana,36,Cp Ludhiana,69.0,208.0,9.0,99.0,269.0,0.0,0.0,312.0,85.0,116.0,13.0,0.0,13.0,0.0,35.0,61.0,14.0,1.0,4.0,1.0,256.0,16.0,4.0,0.0,487.0
2017,Punjab,3,Ludhiana,36,Khanna,25.0,19.0,1.0,22.0,64.0,0.0,0.0,88.0,11.0,15.0,0.0,0.0,3.0,0.0,0.0,0.0,0.0,0.0,0.0,0.0,18.0,1.0,0.0,0.0,141.0
2017,Punjab,3,Ludhiana,36,Ludhiana Rural,21.0,58.0,2.0,26.0,27.0,0.0,0.0,45.0,7.0,15.0,0.0,0.0,7.0,0.0,0.0,14.0,0.0,2.0,3.0,4.0,85.0,5.0,0.0,0.0,52.0
2017,Punjab,3,Mansa,37,Mansa,25.0,35.0,2.0,20.0,10.0,0.0,0.0,32.0,24.0,27.0,0.0,0.0,9.0,0.0,26.0,8.0,0.0,0.0,0.0,0.0,60.0,5.0,0.0,0.0,36.0
2017,Punjab,3,Moga,38,Moga,21.0,46.0,2.0,36.0,80.0,3.0,0.0,75.0,18.0,37.0,1.0,0.0,6.0,0.0,18.0,6.0,0.0,0.0,1.0,0.0,15.0,4.0,7.0,0.0,13.0
2017,Punjab,3,Pathankot,662,Pathankot,13.0,18.0,3.0,10.0,27.0,0.0,0.0,45.0,16.0,18.0,1.0,0.0,3.0,0.0,6.0,7.0,0.0,1.0,1.0,3.0,0.0,1.0,0.0,0.0,16.0
2017,Punjab,3,Patiala,41,Grp,12.0,5.0,0.0,4.0,1.0,0.0,2.0,10.0,1.0,1.0,1.0,0.0,4.0,0.0,0.0,2.0,0.0,0.0,0.0,0.0,1.0,1.0,0.0,0.0,51.0
2017,Punjab,3,Patiala,41,Patiala,52.0,81.0,6.0,81.0,113.0,0.0,0.0,110.0,19.0,91.0,7.0,1.0,16.0,0.0,31.0,6.0,0.0,0.0,0.0,0.0,160.0,8.0,0.0,1.0,66.0
2017,Punjab,3,Rupnagar,42,Ropar,13.0,30.0,4.0,26.0,24.0,0.0,0.0,24.0,15.0,22.0,4.0,0.0,6.0,0.0,16.0,0.0,0.0,0.0,0.0,0.0,0.0,6.0,10.0,0.0,63.0
2017,Punjab,3,S.A.S Nagar,608,Bureau Of Investigation,1.0,0.0,0.0,0.0,0.0,0.0,0.0,0.0,0.0,0.0,0.0,0.0,0.0,0.0,0.0,0.0,0.0,0.0,0.0,0.0,6.0,0.0,1.0,0.0,1.0
2017,Punjab,3,S.A.S Nagar,608,Intelligence Wing,0.0,0.0,0.0,0.0,0.0,0.0,0.0,0.0,0.0,0.0,0.0,0.0,0.0,0.0,0.0,0.0,0.0,0.0,0.0,0.0,0.0,0.0,1.0,0.0,0.0
2017,Punjab,3,S.A.S Nagar,608,Nri Wing,0.0,0.0,0.0,0.0,0.0,0.0,0.0,0.0,0.0,62.0,0.0,0.0,0.0,0.0,0.0,0.0,0.0,0.0,0.0,0.0,26.0,0.0,11.0,0.0,10.0
2017,Punjab,3,S.A.S Nagar,608,S.A.S Nagar,22.0,28.0,0.0,0.0,0.0,0.0,1.0,0.0,0.0,0.0,0.0,0.0,0.0,0.0,0.0,0.0,0.0,0.0,0.0,0.0,363.0,7.0,0.0,0.0,417.0
2017,Punjab,3,S.A.S Nagar,608,Sas Nagar,4.0,47.0,5.0,39.0,149.0,0.0,2.0,102.0,21.0,88.0,2.0,0.0,6.0,0.0,0.0,0.0,0.0,0.0,0.0,0.0,0.0,0.0,0.0,0.0,0.0
2017,Punjab,3,Sangrur,43,Sangrur,35.0,59.0,2.0,82.0,85.0,0.0,0.0,92.0,17.0,45.0,4.0,0.0,0.0,0.0,0.0,8.0,0.0,0.0,0.0,0.0,140.0,10.0,0.0,0.0,48.0
2017,Punjab,3,Sas Nagar,608,Bureau Of Investigation,0.0,0.0,0.0,0.0,0.0,0.0,0.0,0.0,0.0,0.0,0.0,0.0,0.0,0.0,0.0,7.0,0.0,3.0,0.0,0.0,0.0,0.0,0.0,0.0,0.0
2017,Punjab,3,Sas Nagar,608,Sas Nagar,0.0,0.0,0.0,0.0,0.0,0.0,0.0,0.0,0.0,0.0,0.0,0.0,0.0,0.0,0.0,12.0,0.0,2.0,2.0,0.0,0.0,0.0,0.0,0.0,2.0
2017,Punjab,3,Shahid Bhagat Singh Nagar,40,Sbs Nagar,8.0,24.0,1.0,11.0,24.0,0.0,0.0,39.0,13.0,54.0,0.0,0.0,8.0,0.0,16.0,3.0,0.0,0.0,0.0,3.0,0.0,6.0,1.0,2.0,7.0
2017,Punjab,3,Sri Muktsar Sahib,39,Muktsar,23.0,48.0,2.0,31.0,59.0,0.0,0.0,59.0,25.0,17.0,2.0,0.0,6.0,0.0,13.0,0.0,0.0,0.0,0.0,0.0,0.0,2.0,1.0,0.0,103.0
2017,Punjab,3,Tarn Taran,609,Tarn Taran,36.0,41.0,2.0,34.0,61.0,1.0,0.0,46.0,7.0,19.0,1.0,0.0,6.0,0.0,0.0,1.0,0.0,0.0,0.0,1.0,86.0,9.0,10.0,0.0,358.0
2017,Rajasthan,8,Ajmer,86,Ajmer,52.0,269.0,21.0,228.0,250.0,0.0,0.0,216.0,41.0,672.0,16.0,0.0,10.0,0.0,70.0,33.0,10.0,5.0,1.0,2.0,1047.0,44.0,58.0,4.0,331.0
2017,Rajasthan,8,Ajmer,86,Grp Ajmer,1.0,3.0,1.0,19.0,13.0,0.0,4.0,12.0,2.0,0.0,1.0,0.0,1.0,0.0,16.0,1.0,0.0,0.0,0.0,0.0,5.0,4.0,0.0,0.0,14.0
2017,Rajasthan,8,Alwar,87,Alwar,122.0,588.0,96.0,280.0,88.0,0.0,11.0,264.0,0.0,706.0,42.0,0.0,2.0,7.0,0.0,2.0,0.0,0.0,0.0,0.0,1067.0,76.0,567.0,3.0,1151.0
2017,Rajasthan,8,Banswara,88,Banswara,41.0,167.0,9.0,72.0,167.0,0.0,0.0,138.0,24.0,159.0,5.0,0.0,8.0,0.0,49.0,8.0,1.0,0.0,0.0,0.0,127.0,30.0,3.0,0.0,104.0
2017,Rajasthan,8,Baran,89,Baran,39.0,228.0,5.0,287.0,169.0,0.0,0.0,114.0,0.0,302.0,5.0,0.0,4.0,0.0,37.0,2.0,0.0,0.0,0.0,1.0,0.0,20.0,0.0,0.0,0.0
2017,Rajasthan,8,Barmer,90,Barmer,40.0,193.0,31.0,229.0,85.0,0.0,0.0,156.0,38.0,208.0,30.0,0.0,5.0,0.0,87.0,31.0,8.0,0.0,0.0,2.0,175.0,15.0,151.0,0.0,21.0
2017,Rajasthan,8,Bharatpur,91,Bharatpur,90.0,407.0,50.0,81.0,209.0,19.0,5.0,157.0,106.0,528.0,48.0,1.0,1.0,0.0,121.0,26.0,4.0,0.0,2.0,2.0,695.0,38.0,0.0,2.0,3585.0
2017,Rajasthan,8,Bhilwara,92,Bhilwara,40.0,259.0,3.0,289.0,228.0,1.0,0.0,204.0,122.0,522.0,6.0,1.0,10.0,0.0,57.0,55.0,6.0,0.0,3.0,0.0,728.0,40.0,18.0,2.0,302.0
2017,Rajasthan,8,Bikaner,93,Bikaner,43.0,254.0,8.0,69.0,105.0,1.0,0.0,132.0,59.0,384.0,22.0,0.0,7.0,0.0,0.0,18.0,0.0,0.0,0.0,0.0,331.0,14.0,179.0,2.0,1248.0
2017,Rajasthan,8,Bundi,94,Bundi,19.0,182.0,6.0,199.0,133.0,0.0,2.0,85.0,42.0,230.0,4.0,0.0,3.0,0.0,90.0,1.0,0.0,0.0,0.0,0.0,0.0,13.0,0.0,2.0,609.0
2017,Rajasthan,8,Chittorgarh,95,Chittorgarh,27.0,176.0,12.0,156.0,139.0,0.0,0.0,95.0,48.0,433.0,3.0,0.0,5.0,0.0,89.0,3.0,0.0,0.0,0.0,0.0,328.0,44.0,61.0,0.0,599.0
2017,Rajasthan,8,Churu,96,Churu,39.0,232.0,1.0,71.0,73.0,2.0,0.0,60.0,36.0,272.0,7.0,0.0,4.0,0.0,0.0,6.0,0.0,0.0,0.0,0.0,0.0,8.0,406.0,1.0,843.0
2017,Rajasthan,8,Dausa,97,Dausa,31.0,156.0,3.0,18.0,74.0,2.0,0.0,77.0,29.0,183.0,15.0,0.0,3.0,0.0,44.0,94.0,47.0,0.0,0.0,0.0,542.0,15.0,0.0,0.0,1087.0
2017,Rajasthan,8,Dholpur,98,Dholpur,51.0,146.0,31.0,100.0,91.0,0.0,0.0,96.0,25.0,214.0,25.0,0.0,2.0,0.0,73.0,1.0,0.0,1.0,0.0,0.0,223.0,9.0,0.0,0.0,1021.0
2017,Rajasthan,8,Dungarpur,99,Dungarpur,32.0,213.0,1.0,81.0,76.0,0.0,0.0,76.0,2.0,93.0,5.0,0.0,2.0,0.0,120.0,2.0,0.0,0.0,0.0,0.0,89.0,28.0,0.0,3.0,114.0
2017,Rajasthan,8,Ganganagar,100,Ganganagar,65.0,299.0,20.0,190.0,181.0,2.0,0.0,181.0,48.0,549.0,12.0,0.0,8.0,1.0,70.0,28.0,5.0,0.0,1.0,0.0,658.0,32.0,285.0,2.0,821.0
2017,Rajasthan,8,Hanumangarh,101,Hanumangarh,58.0,226.0,17.0,130.0,95.0,1.0,3.0,153.0,74.0,379.0,7.0,0.0,2.0,0.0,49.0,13.0,1.0,0.0,0.0,0.0,1.0,9.0,206.0,17.0,1101.0
2017,Rajasthan,8,Jaipur,102,Jaipur East,34.0,116.0,5.0,70.0,188.0,2.0,0.0,162.0,22.0,213.0,7.0,0.0,2.0,1.0,92.0,178.0,48.0,17.0,1.0,3.0,48.0,28.0,0.0,0.0,77.0
2017,Rajasthan,8,Jaipur,102,Jaipur Metro,0.0,0.0,0.0,0.0,0.0,0.0,0.0,0.0,0.0,0.0,0.0,0.0,0.0,0.0,1.0,0.0,0.0,0.0,0.0,0.0,0.0,0.0,0.0,0.0,0.0
2017,Rajasthan,8,Jaipur,102,Jaipur North,17.0,98.0,1.0,26.0,104.0,0.0,0.0,119.0,41.0,206.0,7.0,0.0,1.0,0.0,118.0,195.0,24.0,20.0,0.0,2.0,15.0,14.0,0.0,0.0,524.0
2017,Rajasthan,8,Jaipur,102,Jaipur Rural,29.0,149.0,12.0,78.0,81.0,0.0,0.0,0.0,8.0,179.0,5.0,0.0,5.0,0.0,66.0,113.0,7.0,4.0,0.0,2.0,410.0,17.0,109.0,0.0,1112.0
2017,Rajasthan,8,Jaipur,102,Jaipur South,18.0,118.0,2.0,72.0,143.0,2.0,0.0,154.0,17.0,185.0,10.0,0.0,2.0,0.0,33.0,200.0,0.0,30.0,0.0,0.0,890.0,32.0,24.0,2.0,977.0
2017,Rajasthan,8,Jaipur,102,Jaipur West,23.0,148.0,1.0,82.0,236.0,0.0,0.0,244.0,28.0,296.0,11.0,0.0,3.0,0.0,67.0,190.0,0.0,41.0,0.0,1.0,1133.0,22.0,157.0,13.0,633.0
2017,Rajasthan,8,Jaipur,102,Scrb,0.0,0.0,0.0,0.0,0.0,0.0,0.0,0.0,0.0,0.0,0.0,0.0,0.0,0.0,0.0,36.0,0.0,1.0,0.0,1.0,0.0,0.0,0.0,0.0,0.0
2017,Rajasthan,8,Jaipur,102,Sog,0.0,0.0,0.0,0.0,0.0,0.0,0.0,0.0,0.0,0.0,0.0,0.0,0.0,0.0,0.0,2.0,1.0,0.0,0.0,0.0,0.0,1.0,0.0,0.0,1.0
2017,Rajasthan,8,Jaipur,102,Ssb,0.0,0.0,0.0,0.0,0.0,0.0,0.0,0.0,0.0,0.0,0.0,0.0,0.0,0.0,0.0,0.0,0.0,0.0,0.0,0.0,0.0,0.0,0.0,0.0,0.0
2017,Rajasthan,8,Jaipur (Gramin),783,Jaipur Rural,0.0,21.0,0.0,6.0,38.0,0.0,0.0,129.0,38.0,0.0,0.0,0.0,0.0,0.0,0.0,0.0,0.0,0.0,0.0,0.0,0.0,0.0,0.0,0.0,0.0
2017,Rajasthan,8,Jaisalmer,103,Jaisalmer,15.0,26.0,2.0,90.0,15.0,0.0,0.0,62.0,10.0,56.0,14.0,0.0,1.0,0.0,28.0,29.0,8.0,0.0,1.0,2.0,136.0,17.0,0.0,0.0,242.0
2017,Rajasthan,8,Jalore,104,Jalore,29.0,76.0,6.0,90.0,49.0,0.0,0.0,41.0,23.0,119.0,7.0,0.0,1.0,0.0,41.0,7.0,0.0,0.0,0.0,0.0,0.0,21.0,179.0,3.0,1.0
2017,Rajasthan,8,Jhalawar,105,Jhalawar,26.0,228.0,19.0,210.0,248.0,2.0,0.0,224.0,41.0,277.0,10.0,1.0,7.0,0.0,138.0,6.0,0.0,0.0,0.0,0.0,147.0,27.0,0.0,0.0,16.0
2017,Rajasthan,8,Jhunjhunu,106,Jhunjhunu,33.0,193.0,10.0,107.0,123.0,0.0,0.0,90.0,18.0,361.0,13.0,0.0,3.0,0.0,83.0,11.0,0.0,5.0,0.0,0.0,579.0,12.0,0.0,0.0,1556.0
2017,Rajasthan,8,Jodhpur,107,Grp Jodhpur,0.0,1.0,0.0,5.0,5.0,0.0,0.0,10.0,2.0,0.0,0.0,0.0,0.0,0.0,8.0,0.0,0.0,0.0,0.0,0.0,1.0,3.0,0.0,0.0,4.0
2017,Rajasthan,8,Jodhpur,107,Jodhpur East,13.0,94.0,1.0,104.0,63.0,0.0,0.0,45.0,15.0,177.0,5.0,0.0,0.0,0.0,71.0,70.0,6.0,0.0,0.0,3.0,6.0,34.0,223.0,0.0,441.0
2017,Rajasthan,8,Jodhpur,107,Jodhpur Rural,41.0,135.0,10.0,113.0,81.0,0.0,2.0,72.0,44.0,146.0,19.0,0.0,0.0,0.0,85.0,0.0,0.0,0.0,0.0,0.0,38.0,12.0,196.0,0.0,474.0
2017,Rajasthan,8,Jodhpur,107,Jodhpur West,21.0,110.0,6.0,93.0,97.0,0.0,2.0,110.0,32.0,195.0,8.0,0.0,2.0,0.0,56.0,78.0,23.0,0.0,0.0,3.0,267.0,34.0,136.0,5.0,297.0
2017,Rajasthan,8,Karauli,108,Karauli,39.0,149.0,30.0,60.0,104.0,0.0,0.0,60.0,0.0,142.0,16.0,0.0,1.0,0.0,0.0,2.0,0.0,0.0,0.0,0.0,335.0,7.0,0.0,0.0,2016.0
2017,Rajasthan,8,Kota,109,Kota City,27.0,176.0,2.0,124.0,226.0,0.0,0.0,253.0,34.0,329.0,5.0,0.0,3.0,0.0,199.0,39.0,7.0,2.0,1.0,3.0,413.0,27.0,4.0,5.0,35.0
2017,Rajasthan,8,Kota,109,Kota Rural,14.0,130.0,2.0,154.0,140.0,0.0,0.0,133.0,5.0,163.0,3.0,0.0,4.0,10.0,0.0,6.0,0.0,0.0,0.0,0.0,166.0,8.0,0.0,0.0,709.0
2017,Rajasthan,8,Nagaur,110,Nagaur,52.0,219.0,33.0,130.0,146.0,0.0,2.0,99.0,9.0,452.0,12.0,0.0,4.0,0.0,79.0,5.0,0.0,2.0,0.0,0.0,404.0,25.0,112.0,2.0,1026.0
2017,Rajasthan,8,Pali,111,Pali,47.0,263.0,12.0,228.0,155.0,0.0,0.0,116.0,39.0,412.0,7.0,0.0,1.0,0.0,0.0,5.0,0.0,2.0,0.0,3.0,496.0,48.0,101.0,2.0,1991.0
2017,Rajasthan,8,Pratapgarh,629,Pratapgarh,29.0,275.0,11.0,143.0,80.0,1.0,0.0,107.0,52.0,184.0,5.0,0.0,7.0,0.0,31.0,2.0,0.0,0.0,0.0,1.0,114.0,10.0,13.0,0.0,222.0
2017,Rajasthan,8,Rajsamand,112,Rajsamand,22.0,80.0,1.0,80.0,111.0,0.0,0.0,98.0,5.0,199.0,3.0,0.0,5.0,2.0,34.0,2.0,0.0,0.0,0.0,2.0,233.0,25.0,10.0,0.0,77.0
2017,Rajasthan,8,Sawai Madhopur,113,Sawai Madhopur,22.0,130.0,17.0,164.0,108.0,4.0,2.0,108.0,1.0,207.0,9.0,0.0,2.0,0.0,87.0,66.0,14.0,0.0,5.0,0.0,176.0,18.0,165.0,10.0,1310.0
2017,Rajasthan,8,Sikar,114,Sikar,49.0,220.0,14.0,92.0,169.0,1.0,0.0,127.0,29.0,359.0,16.0,1.0,5.0,0.0,74.0,50.0,12.0,0.0,5.0,2.0,12.0,15.0,917.0,3.0,2088.0
2017,Rajasthan,8,Sirohi,115,Sirohi,26.0,156.0,8.0,95.0,73.0,0.0,0.0,103.0,32.0,125.0,2.0,0.0,2.0,0.0,54.0,1.0,0.0,0.0,0.0,1.0,181.0,21.0,0.0,0.0,276.0
2017,Rajasthan,8,Tonk,116,Tonk,18.0,64.0,7.0,61.0,78.0,0.0,0.0,68.0,13.0,283.0,4.0,0.0,1.0,0.0,67.0,25.0,7.0,0.0,0.0,6.0,14.0,15.0,301.0,1.0,572.0
2017,Rajasthan,8,Udaipur,117,Udaipur,74.0,368.0,23.0,248.0,325.0,1.0,2.0,230.0,85.0,418.0,7.0,0.0,17.0,0.0,131.0,9.0,0.0,3.0,0.0,6.0,624.0,84.0,63.0,3.0,492.0
2017,Sikkim,11,Gangtok,225,East,6.0,44.0,1.0,17.0,70.0,0.0,0.0,108.0,39.0,3.0,0.0,0.0,0.0,2.0,11.0,1.0,0.0,0.0,0.0,1.0,17.0,3.0,0.0,0.0,5.0
2017,Sikkim,11,Gyalshing,228,West,3.0,14.0,1.0,2.0,7.0,0.0,0.0,24.0,15.0,2.0,0.0,0.0,0.0,0.0,0.0,0.0,0.0,0.0,0.0,0.0,0.0,0.0,0.0,0.0,0.0
2017,Sikkim,11,Mangan,226,North,1.0,3.0,0.0,2.0,4.0,0.0,0.0,11.0,3.0,0.0,0.0,0.0,0.0,0.0,0.0,0.0,0.0,0.0,0.0,0.0,0.0,0.0,0.0,0.0,0.0
2017,Sikkim,11,Namchi,227,South,3.0,28.0,0.0,9.0,9.0,0.0,0.0,47.0,30.0,0.0,0.0,0.0,0.0,0.0,9.0,0.0,0.0,0.0,0.0,0.0,1.0,0.0,0.0,0.0,4.0
2017,Tamil Nadu,33,Ariyalur,610,Ariyalur,22.0,41.0,0.0,17.0,10.0,0.0,0.0,89.0,40.0,6.0,6.0,0.0,7.0,0.0,19.0,0.0,0.0,0.0,0.0,0.0,22.0,17.0,0.0,0.0,0.0
2017,Tamil Nadu,33,Chennai,568,Chennai,161.0,145.0,0.0,77.0,26.0,10.0,0.0,249.0,143.0,123.0,18.0,1.0,26.0,25.0,516.0,61.0,2.0,10.0,0.0,4.0,466.0,163.0,173.0,204.0,416.0
2017,Tamil Nadu,33,Chennai,568,Cyber Cell,0.0,0.0,0.0,0.0,0.0,0.0,0.0,0.0,0.0,0.0,0.0,0.0,0.0,0.0,0.0,11.0,3.0,0.0,1.0,2.0,3.0,0.0,0.0,0.0,4.0
2017,Tamil Nadu,33,Chennai,568,Other Units,0.0,0.0,0.0,0.0,0.0,0.0,0.0,0.0,0.0,0.0,0.0,0.0,0.0,0.0,0.0,0.0,0.0,0.0,0.0,0.0,0.0,0.0,0.0,0.0,0.0
2017,Tamil Nadu,33,Chennai,568,Railway Chennai,1.0,0.0,0.0,4.0,0.0,0.0,0.0,1.0,1.0,0.0,0.0,0.0,0.0,0.0,27.0,0.0,0.0,0.0,0.0,0.0,5.0,137.0,0.0,0.0,23.0
2017,Tamil Nadu,33,Coimbatore,569,Coimbatore,50.0,39.0,0.0,7.0,21.0,0.0,0.0,40.0,35.0,28.0,0.0,0.0,0.0,0.0,12.0,0.0,0.0,0.0,0.0,0.0,72.0,74.0,9.0,3.0,233.0
2017,Tamil Nadu,33,Coimbatore,569,Coimbatore City,21.0,8.0,0.0,5.0,3.0,2.0,0.0,32.0,14.0,30.0,0.0,0.0,0.0,0.0,40.0,37.0,16.0,0.0,0.0,0.0,152.0,93.0,4.0,25.0,21.0
2017,Tamil Nadu,33,Coimbatore,569,Cyber Cell,0.0,0.0,0.0,0.0,0.0,0.0,0.0,0.0,0.0,0.0,0.0,0.0,0.0,0.0,0.0,0.0,0.0,0.0,0.0,0.0,1.0,0.0,0.0,0.0,1.0
2017,Tamil Nadu,33,Cuddalore,570,Cuddalore,51.0,79.0,0.0,34.0,12.0,0.0,0.0,68.0,41.0,33.0,6.0,0.0,10.0,0.0,61.0,1.0,0.0,1.0,0.0,0.0,63.0,18.0,9.0,4.0,55.0
2017,Tamil Nadu,33,Dharmapuri,571,Dharmapuri,40.0,35.0,0.0,4.0,82.0,0.0,0.0,150.0,34.0,9.0,0.0,0.0,8.0,0.0,26.0,3.0,0.0,0.0,0.0,0.0,24.0,13.0,0.0,5.0,59.0
2017,Tamil Nadu,33,Dindigul,572,Dindigul,36.0,42.0,1.0,32.0,16.0,0.0,0.0,85.0,38.0,52.0,1.0,1.0,9.0,0.0,41.0,5.0,0.0,1.0,1.0,0.0,11.0,36.0,2.0,37.0,283.0
2017,Tamil Nadu,33,Erode,573,Erode,35.0,14.0,0.0,17.0,18.0,0.0,0.0,23.0,14.0,16.0,4.0,0.0,0.0,0.0,11.0,0.0,0.0,0.0,0.0,0.0,51.0,28.0,0.0,13.0,149.0
2017,Tamil Nadu,33,Kanchipuram,574,Kanchipuram,68.0,50.0,0.0,3.0,10.0,0.0,0.0,41.0,41.0,12.0,2.0,0.0,8.0,0.0,0.0,0.0,0.0,0.0,0.0,0.0,74.0,44.0,22.0,26.0,1062.0
2017,Tamil Nadu,33,Kanniyakumari,575,Kanyakumari,27.0,48.0,2.0,7.0,23.0,0.0,5.0,90.0,68.0,8.0,23.0,0.0,7.0,0.0,83.0,8.0,0.0,0.0,0.0,6.0,65.0,11.0,1.0,9.0,48.0
2017,Tamil Nadu,33,Karur,576,Karur,15.0,13.0,0.0,3.0,7.0,0.0,0.0,16.0,14.0,3.0,5.0,0.0,3.0,0.0,0.0,1.0,0.0,0.0,0.0,0.0,6.0,25.0,0.0,0.0,0.0
2017,Tamil Nadu,33,Krishnagiri,577,Krishnagiri,51.0,35.0,1.0,22.0,32.0,0.0,0.0,192.0,42.0,7.0,2.0,1.0,16.0,0.0,38.0,1.0,0.0,0.0,0.0,0.0,46.0,28.0,0.0,4.0,170.0
2017,Tamil Nadu,33,Madurai,578,Madurai,50.0,66.0,2.0,27.0,82.0,0.0,0.0,121.0,74.0,165.0,44.0,0.0,0.0,0.0,35.0,12.0,0.0,1.0,0.0,0.0,244.0,84.0,0.0,0.0,25.0
2017,Tamil Nadu,33,Madurai,578,Madurai City,44.0,40.0,0.0,14.0,5.0,4.0,4.0,38.0,33.0,75.0,0.0,0.0,1.0,0.0,106.0,3.0,0.0,0.0,0.0,3.0,181.0,127.0,0.0,17.0,6.0
2017,Tamil Nadu,33,Nagapattinam,579,Nagapattinam,32.0,62.0,0.0,17.0,23.0,0.0,0.0,41.0,41.0,8.0,4.0,0.0,0.0,0.0,4.0,0.0,0.0,0.0,0.0,0.0,7.0,39.0,0.0,0.0,0.0
2017,Tamil Nadu,33,Namakkal,580,Namakkal,46.0,29.0,0.0,25.0,12.0,0.0,0.0,61.0,28.0,7.0,6.0,0.0,4.0,0.0,23.0,1.0,0.0,0.0,0.0,0.0,56.0,27.0,0.0,2.0,386.0
2017,Tamil Nadu,33,Perambalur,581,Perambalur,6.0,20.0,0.0,33.0,0.0,0.0,0.0,54.0,17.0,3.0,0.0,0.0,8.0,0.0,46.0,1.0,0.0,1.0,0.0,0.0,3.0,25.0,2.0,0.0,46.0
2017,Tamil Nadu,33,Pudukkottai,582,Pudukottai,28.0,22.0,0.0,14.0,15.0,0.0,0.0,27.0,21.0,13.0,3.0,0.0,3.0,0.0,49.0,3.0,0.0,0.0,0.0,3.0,19.0,19.0,17.0,0.0,110.0
2017,Tamil Nadu,33,Ramanathapuram,583,Ramnathapuram,35.0,27.0,0.0,15.0,15.0,0.0,0.0,29.0,21.0,11.0,10.0,0.0,1.0,0.0,77.0,14.0,2.0,0.0,2.0,4.0,23.0,20.0,0.0,0.0,66.0
2017,Tamil Nadu,33,Salem,584,Salem,46.0,60.0,0.0,71.0,15.0,1.0,0.0,102.0,90.0,12.0,2.0,0.0,17.0,0.0,33.0,4.0,0.0,0.0,0.0,0.0,39.0,40.0,0.0,1.0,559.0
2017,Tamil Nadu,33,Salem,584,Salem City,21.0,24.0,0.0,1.0,3.0,0.0,0.0,29.0,29.0,2.0,2.0,0.0,5.0,0.0,0.0,3.0,0.0,1.0,0.0,0.0,22.0,55.0,4.0,0.0,127.0
2017,Tamil Nadu,33,Sivaganga,585,Sivagangai,33.0,45.0,0.0,23.0,21.0,5.0,0.0,47.0,35.0,45.0,0.0,0.0,4.0,0.0,64.0,3.0,0.0,0.0,0.0,3.0,79.0,63.0,7.0,4.0,246.0
2017,Tamil Nadu,33,Thanjavur,586,Thanjavur,67.0,49.0,0.0,26.0,32.0,0.0,0.0,164.0,45.0,12.0,6.0,0.0,4.0,2.0,15.0,1.0,0.0,1.0,0.0,0.0,28.0,91.0,0.0,0.0,0.0
2017,Tamil Nadu,33,The Nilgiris,587,Nilgiris,8.0,11.0,0.0,7.0,6.0,0.0,0.0,18.0,14.0,3.0,0.0,0.0,4.0,0.0,5.0,0.0,0.0,0.0,0.0,0.0,15.0,6.0,0.0,7.0,407.0
2017,Tamil Nadu,33,Theni,588,Theni,30.0,58.0,0.0,14.0,6.0,0.0,0.0,159.0,64.0,70.0,1.0,0.0,8.0,15.0,30.0,0.0,0.0,0.0,0.0,0.0,71.0,11.0,0.0,3.0,850.0
2017,Tamil Nadu,33,Thiruvallur,589,Thiruvallur,43.0,32.0,0.0,2.0,4.0,0.0,0.0,115.0,25.0,13.0,4.0,0.0,14.0,34.0,101.0,2.0,0.0,0.0,0.0,0.0,68.0,32.0,0.0,4.0,391.0
2017,Tamil Nadu,33,Thiruvarur,590,Thiruvarur,27.0,20.0,0.0,10.0,9.0,1.0,0.0,82.0,22.0,7.0,4.0,0.0,8.0,0.0,20.0,4.0,0.0,1.0,0.0,0.0,15.0,35.0,14.0,2.0,602.0
2017,Tamil Nadu,33,Tiruchirappalli,591,Railway Trichy,0.0,0.0,0.0,1.0,0.0,0.0,0.0,85.0,0.0,0.0,0.0,0.0,0.0,0.0,6.0,0.0,0.0,0.0,0.0,0.0,2.0,18.0,0.0,0.0,16.0
2017,Tamil Nadu,33,Tiruchirappalli,591,Trichy,33.0,33.0,0.0,19.0,5.0,0.0,0.0,64.0,25.0,9.0,1.0,0.0,0.0,13.0,172.0,5.0,0.0,1.0,1.0,2.0,35.0,41.0,7.0,3.0,1.0
2017,Tamil Nadu,33,Tiruchirappalli,591,Trichy City,16.0,26.0,0.0,6.0,2.0,4.0,8.0,29.0,28.0,9.0,5.0,0.0,14.0,0.0,0.0,34.0,0.0,15.0,0.0,0.0,109.0,80.0,14.0,10.0,0.0
2017,Tamil Nadu,33,Tirunelveli,592,Thirunelveli,77.0,89.0,2.0,35.0,25.0,0.0,0.0,205.0,87.0,36.0,23.0,0.0,3.0,32.0,333.0,10.0,0.0,1.0,0.0,5.0,136.0,27.0,17.0,1.0,424.0
2017,Tamil Nadu,33,Tirunelveli,592,Thirunelveli City,13.0,22.0,0.0,7.0,3.0,0.0,0.0,22.0,22.0,5.0,8.0,0.0,0.0,0.0,26.0,2.0,0.0,0.0,0.0,0.0,46.0,43.0,6.0,4.0,52.0
2017,Tamil Nadu,33,Tiruppur,634,Tiruppur,30.0,18.0,0.0,12.0,17.0,1.0,0.0,149.0,26.0,15.0,1.0,0.0,4.0,0.0,25.0,0.0,0.0,0.0,0.0,0.0,32.0,46.0,4.0,2.0,49.0
2017,Tamil Nadu,33,Tiruppur,634,Tiruppur City,20.0,12.0,0.0,5.0,0.0,2.0,0.0,42.0,15.0,17.0,0.0,0.0,7.0,0.0,12.0,3.0,0.0,0.0,0.0,2.0,34.0,62.0,5.0,4.0,40.0
2017,Tamil Nadu,33,Tiruvannamalai,593,Thiruvannamalai,55.0,69.0,2.0,4.0,9.0,2.0,0.0,126.0,47.0,23.0,6.0,0.0,4.0,4.0,39.0,0.0,0.0,0.0,0.0,0.0,63.0,16.0,8.0,1.0,251.0
2017,Tamil Nadu,33,Tuticorin,594,Thoothukudi,74.0,85.0,1.0,34.0,18.0,2.0,0.0,195.0,78.0,19.0,5.0,0.0,5.0,40.0,225.0,31.0,8.0,0.0,0.0,16.0,124.0,120.0,1.0,3.0,37.0
2017,Tamil Nadu,33,Vellore,595,Vellore,80.0,80.0,0.0,39.0,43.0,0.0,5.0,121.0,84.0,32.0,25.0,0.0,0.0,0.0,58.0,0.0,0.0,0.0,0.0,0.0,81.0,37.0,0.0,3.0,2.0
2017,Tamil Nadu,33,Villupuram,596,Villupuram,85.0,130.0,0.0,54.0,311.0,0.0,0.0,238.0,96.0,26.0,20.0,0.0,7.0,0.0,116.0,16.0,5.0,0.0,1.0,0.0,128.0,40.0,0.0,1.0,1180.0
2017,Tamil Nadu,33,Virudhunagar,597,Virudhunagar,50.0,27.0,0.0,9.0,11.0,0.0,0.0,90.0,35.0,21.0,26.0,0.0,6.0,0.0,119.0,1.0,0.0,0.0,0.0,0.0,59.0,47.0,0.0,1.0,909.0
2017,Telangana,36,Adilabad,501,Adilabad,9.0,24.0,0.0,81.0,5.0,0.0,0.0,35.0,25.0,151.0,3.0,0.0,5.0,0.0,32.0,0.0,0.0,0.0,0.0,0.0,74.0,15.0,1.0,0.0,59.0
2017,Telangana,36,Bhadradri Kothagudem,690,Bhadradri Kothagudem,32.0,74.0,1.0,200.0,71.0,0.0,0.0,227.0,89.0,238.0,11.0,0.0,27.0,0.0,144.0,6.0,0.0,0.0,0.0,0.0,106.0,6.0,14.0,0.0,330.0
2017,Telangana,36,Hyderabad,507,Cyberabad Commissionerate,82.0,349.0,0.0,1338.0,189.0,6.0,138.0,575.0,273.0,1562.0,32.0,0.0,64.0,0.0,172.0,0.0,0.0,0.0,0.0,0.0,1457.0,282.0,25.0,17.0,642.0
2017,Telangana,36,Hyderabad,507,Hyderabad Commissionerate,69.0,231.0,4.0,536.0,279.0,3.0,17.0,385.0,185.0,1278.0,28.0,0.0,38.0,0.0,293.0,328.0,0.0,0.0,0.0,49.0,1519.0,134.0,334.0,2.0,1096.0
2017,Telangana,36,Hyderabad,507,Railway Police Secunderabad,7.0,3.0,0.0,9.0,4.0,0.0,0.0,99.0,1.0,0.0,0.0,0.0,1.0,0.0,24.0,0.0,0.0,0.0,0.0,0.0,102.0,12.0,0.0,0.0,33.0
2017,Telangana,36,Jagitial,681,Jagitial,28.0,8.0,0.0,0.0,0.0,0.0,0.0,0.0,0.0,0.0,0.0,0.0,0.0,0.0,0.0,0.0,0.0,0.0,0.0,0.0,134.0,5.0,1.0,0.0,302.0
2017,Telangana,36,Jagitial,681,Jagityal,0.0,27.0,1.0,93.0,11.0,0.0,0.0,56.0,54.0,142.0,9.0,0.0,10.0,0.0,102.0,0.0,0.0,0.0,0.0,0.0,0.0,0.0,0.0,0.0,0.0
2017,Telangana,36,Jagityal,681,Jagityal,0.0,0.0,0.0,0.0,0.0,0.0,0.0,0.0,0.0,0.0,0.0,0.0,0.0,0.0,0.0,2.0,0.0,0.0,0.0,0.0,0.0,0.0,0.0,0.0,0.0
2017,Telangana,36,Jayashankar Bhupalapally,687,Jayashankar Bhupalpalli,19.0,38.0,0.0,89.0,25.0,0.0,0.0,60.0,52.0,94.0,9.0,0.0,23.0,0.0,20.0,20.0,4.0,0.0,0.0,0.0,4.0,0.0,115.0,0.0,702.0
2017,Telangana,36,Jogulamba Gadwal,695,Jogulamba Gadwal,8.0,34.0,0.0,70.0,16.0,0.0,0.0,106.0,36.0,39.0,0.0,0.0,15.0,2.0,25.0,25.0,0.0,3.0,0.0,1.0,205.0,6.0,21.0,0.0,91.0
2017,Telangana,36,Kamareddy,685,Kamareddy,25.0,38.0,1.0,77.0,0.0,0.0,0.0,62.0,16.0,122.0,5.0,0.0,5.0,6.0,47.0,14.0,0.0,10.0,0.0,0.0,40.0,2.0,0.0,0.0,120.0
2017,Telangana,36,Karimnagar,508,Karimnagar Commissionerate,19.0,40.0,0.0,199.0,13.0,0.0,3.0,64.0,26.0,241.0,6.0,0.0,33.0,0.0,90.0,9.0,0.0,0.0,2.0,4.0,369.0,19.0,0.0,11.0,883.0
2017,Telangana,36,Khammam,509,Khammam Commissionerate,33.0,55.0,0.0,275.0,164.0,0.0,2.0,369.0,92.0,228.0,5.0,1.0,28.0,0.0,141.0,50.0,24.0,0.0,1.0,0.0,300.0,11.0,2.0,16.0,217.0
2017,Telangana,36,Kumuram Bheem Asifabad,699,Kumaram Bheem Asifabad,17.0,40.0,1.0,66.0,2.0,0.0,0.0,33.0,23.0,85.0,1.0,0.0,10.0,3.0,79.0,16.0,1.0,0.0,4.0,0.0,61.0,4.0,6.0,0.0,45.0
2017,Telangana,36,Mahabubabad,688,Mahabubabad,20.0,39.0,3.0,95.0,14.0,0.0,0.0,86.0,44.0,85.0,5.0,0.0,12.0,0.0,28.0,5.0,0.0,0.0,0.0,6.0,179.0,7.0,0.0,0.0,419.0
2017,Telangana,36,Mahabubnagar,512,Mahabubnagar,27.0,103.0,1.0,211.0,68.0,0.0,0.0,197.0,83.0,128.0,4.0,0.0,21.0,0.0,42.0,6.0,0.0,0.0,0.0,0.0,155.0,6.0,19.0,4.0,491.0
2017,Telangana,36,Medak,513,Medak,26.0,21.0,2.0,54.0,28.0,0.0,0.0,51.0,32.0,145.0,3.0,0.0,0.0,0.0,24.0,18.0,9.0,0.0,0.0,0.0,92.0,3.0,0.0,2.0,380.0
2017,Telangana,36,Nagarkurnool,694,Nagarkurnool,29.0,47.0,0.0,132.0,30.0,0.0,0.0,73.0,38.0,77.0,7.0,0.0,18.0,0.0,12.0,14.0,7.0,0.0,0.0,0.0,150.0,4.0,8.0,0.0,152.0
2017,Telangana,36,Nalgonda,514,Nalgonda,40.0,94.0,2.0,299.0,30.0,10.0,7.0,112.0,70.0,304.0,9.0,0.0,25.0,0.0,67.0,23.0,0.0,6.0,0.0,8.0,301.0,30.0,10.0,0.0,1172.0
2017,Telangana,36,Nirmal,680,Nirmal,16.0,25.0,0.0,53.0,11.0,0.0,0.0,37.0,30.0,148.0,6.0,0.0,9.0,0.0,57.0,8.0,0.0,0.0,2.0,0.0,66.0,7.0,0.0,0.0,82.0
2017,Telangana,36,Nizamabad,516,Nizamabad Commissionerate,27.0,40.0,0.0,125.0,8.0,2.0,0.0,117.0,50.0,278.0,6.0,0.0,16.0,0.0,57.0,26.0,6.0,0.0,5.0,0.0,196.0,11.0,0.0,0.0,140.0
2017,Telangana,36,Peddapalli,682,Ramagundam Commissionerate,44.0,74.0,1.0,214.0,15.0,0.0,0.0,99.0,61.0,263.0,7.0,0.0,11.0,0.0,68.0,63.0,22.0,1.0,1.0,0.0,459.0,10.0,0.0,6.0,323.0
2017,Telangana,36,Rajanna Sircilla,683,Rajanna Siricilla,17.0,19.0,0.0,0.0,59.0,0.0,0.0,35.0,11.0,71.0,4.0,0.0,15.0,0.0,7.0,7.0,3.0,0.0,0.0,0.0,131.0,11.0,0.0,0.0,687.0
2017,Telangana,36,Ranga Reddy,518,Cyberabad Commissionerate,0.0,0.0,0.0,0.0,0.0,0.0,0.0,0.0,0.0,0.0,0.0,0.0,0.0,0.0,0.0,499.0,158.0,17.0,32.0,2.0,129.0,0.0,0.0,0.0,284.0
2017,Telangana,36,Sangareddy,691,Sangareddy,38.0,39.0,1.0,139.0,11.0,0.0,0.0,86.0,32.0,172.0,14.0,0.0,16.0,0.0,39.0,6.0,0.0,0.0,0.0,1.0,53.0,5.0,31.0,0.0,397.0
2017,Telangana,36,Siddipet,692,Siddipet Commissionerate,25.0,47.0,1.0,137.0,12.0,0.0,2.0,42.0,25.0,208.0,12.0,0.0,27.0,0.0,17.0,9.0,0.0,0.0,0.0,0.0,130.0,11.0,15.0,2.0,393.0
2017,Telangana,36,Suryapet,696,Suryapet,26.0,75.0,16.0,260.0,37.0,4.0,0.0,77.0,31.0,223.0,3.0,0.0,7.0,0.0,56.0,1.0,0.0,0.0,0.0,0.0,252.0,6.0,13.0,0.0,1215.0
2017,Telangana,36,Vikarabad,698,Vikarabad,22.0,54.0,2.0,75.0,18.0,0.0,0.0,61.0,42.0,153.0,4.0,0.0,13.0,8.0,22.0,18.0,4.0,0.0,4.0,2.0,83.0,3.0,8.0,0.0,108.0
2017,Telangana,36,Wanaparthy,693,Wanaparthy,17.0,34.0,0.0,43.0,8.0,0.0,0.0,40.0,24.0,70.0,1.0,0.0,12.0,0.0,23.0,1.0,0.0,0.0,0.0,1.0,48.0,1.0,0.0,0.0,37.0
2017,Telangana,36,Warangal,522,Warangal Commissionerate,51.0,70.0,1.0,282.0,161.0,0.0,6.0,173.0,85.0,387.0,38.0,0.0,39.0,0.0,57.0,64.0,0.0,0.0,0.0,0.0,444.0,17.0,0.0,0.0,1752.0
2017,Telangana,36,Yadadri Bhuvanagiri,697,Rachakonda Commissionerate,69.0,384.0,0.0,764.0,83.0,0.0,88.0,223.0,106.0,946.0,30.0,0.0,31.0,0.0,115.0,723.0,136.0,16.0,4.0,0.0,1506.0,235.0,126.0,24.0,4563.0
2017,The Dadra And Nagar Haveli And Daman And Diu,38,Dadra And Nagar Haveli,465,Dadra And Nagar Haveli,4.0,8.0,0.0,3.0,13.0,1.0,0.0,31.0,12.0,4.0,0.0,0.0,0.0,0.0,13.0,2.0,0.0,0.0,1.0,0.0,14.0,8.0,0.0,0.0,37.0
2017,The Dadra And Nagar Haveli And Daman And Diu,38,Daman,463,Daman,7.0,15.0,0.0,5.0,13.0,0.0,1.0,23.0,5.0,4.0,0.0,0.0,0.0,0.0,10.0,0.0,0.0,0.0,0.0,0.0,25.0,1.0,4.0,0.0,31.0
2017,The Dadra And Nagar Haveli And Daman And Diu,38,Diu,464,Diu,1.0,4.0,0.0,3.0,1.0,0.0,0.0,1.0,0.0,1.0,0.0,0.0,2.0,0.0,0.0,0.0,0.0,0.0,0.0,0.0,42.0,0.0,0.0,0.0,16.0
2017,Tripura,16,Dhalai,269,Dhalai,14.0,36.0,5.0,23.0,11.0,0.0,0.0,27.0,17.0,24.0,4.0,0.0,0.0,0.0,2.0,0.0,0.0,0.0,0.0,0.0,8.0,5.0,2.0,0.0,1.0
2017,Tripura,16,Gomati,654,Gomati,12.0,17.0,1.0,33.0,19.0,1.0,0.0,27.0,11.0,51.0,4.0,0.0,1.0,0.0,6.0,0.0,0.0,0.0,0.0,0.0,9.0,6.0,7.0,0.0,98.0
2017,Tripura,16,Khowai,652,Kowai,16.0,24.0,0.0,14.0,14.0,0.0,0.0,17.0,7.0,24.0,2.0,0.0,0.0,0.0,0.0,6.0,3.0,0.0,0.0,0.0,4.0,2.0,0.0,0.0,27.0
2017,Tripura,16,North Tripura,270,North,17.0,32.0,1.0,42.0,15.0,0.0,0.0,43.0,10.0,30.0,8.0,0.0,2.0,0.0,0.0,2.0,0.0,0.0,0.0,0.0,6.0,1.0,0.0,0.0,80.0
2017,Tripura,16,Sepahijala,653,Sipahijala,1.0,0.0,0.0,0.0,8.0,0.0,0.0,20.0,10.0,0.0,0.0,0.0,0.0,0.0,0.0,0.0,0.0,0.0,0.0,0.0,0.0,0.0,0.0,0.0,0.0
2017,Tripura,16,South Tripura,271,South,15.0,46.0,5.0,20.0,18.0,0.0,0.0,38.0,20.0,52.0,4.0,0.0,5.0,5.0,2.0,0.0,0.0,0.0,0.0,0.0,6.0,4.0,3.0,0.0,3.0
2017,Tripura,16,Unakoti,655,Sipahijala,20.0,14.0,1.0,23.0,8.0,0.0,2.0,0.0,0.0,38.0,3.0,0.0,3.0,0.0,5.0,0.0,0.0,0.0,0.0,0.0,6.0,2.0,3.0,0.0,7.0
2017,Tripura,16,Unakoti,655,Unakoti,6.0,33.0,3.0,23.0,27.0,0.0,0.0,35.0,22.0,26.0,3.0,0.0,2.0,0.0,13.0,2.0,0.0,0.0,0.0,0.0,4.0,0.0,0.0,0.0,19.0
2017,Tripura,16,West Tripura,272,Grp,0.0,0.0,0.0,1.0,0.0,0.0,0.0,0.0,0.0,0.0,0.0,0.0,0.0,0.0,0.0,0.0,0.0,0.0,0.0,0.0,0.0,0.0,0.0,0.0,0.0
2017,Tripura,16,West Tripura,272,West,34.0,83.0,1.0,74.0,45.0,0.0,0.0,69.0,42.0,103.0,5.0,0.0,2.0,0.0,13.0,2.0,0.0,0.0,0.0,0.0,16.0,1.0,11.0,0.0,8.0
2017,Uttar Pradesh,9,Agra,118,Agra,127.0,240.0,64.0,559.0,833.0,8.0,6.0,687.0,168.0,502.0,76.0,3.0,15.0,0.0,0.0,81.0,0.0,16.0,0.0,3.0,485.0,173.0,0.0,0.0,1296.0
2017,Uttar Pradesh,9,Aligarh,119,Aligarh,147.0,306.0,35.0,427.0,783.0,2.0,0.0,759.0,188.0,377.0,61.0,3.0,13.0,0.0,0.0,87.0,0.0,0.0,0.0,0.0,368.0,216.0,0.0,0.0,947.0
2017,Uttar Pradesh,9,Almora,45,Almora,0.0,10.0,0.0,3.0,17.0,0.0,0.0,0.0,0.0,0.0,2.0,0.0,0.0,0.0,0.0,0.0,0.0,0.0,0.0,0.0,0.0,0.0,0.0,0.0,0.0
2017,Uttar Pradesh,9,Ambedkar Nagar,121,Ambedkar Nagar,31.0,76.0,0.0,83.0,248.0,0.0,0.0,154.0,13.0,20.0,87.0,0.0,0.0,0.0,0.0,15.0,0.0,0.0,0.0,0.0,77.0,15.0,0.0,0.0,190.0
2017,Uttar Pradesh,9,Amethi,640,Amethi,35.0,62.0,0.0,100.0,246.0,1.0,0.0,37.0,10.0,82.0,16.0,0.0,0.0,0.0,0.0,96.0,10.0,0.0,0.0,0.0,94.0,44.0,0.0,0.0,178.0
2017,Uttar Pradesh,9,Amroha,154,Amroha,53.0,114.0,0.0,170.0,116.0,0.0,0.0,99.0,11.0,0.0,25.0,0.0,0.0,0.0,0.0,21.0,0.0,21.0,0.0,0.0,127.0,38.0,0.0,0.0,328.0
2017,Uttar Pradesh,9,Auraiya,122,Auraiya,53.0,162.0,4.0,200.0,212.0,0.0,0.0,238.0,82.0,180.0,35.0,0.0,3.0,0.0,46.0,47.0,11.0,0.0,0.0,1.0,124.0,44.0,0.0,0.0,73.0
2017,Uttar Pradesh,9,Ayodhya,140,Ayodhya,42.0,108.0,21.0,167.0,230.0,0.0,0.0,156.0,95.0,24.0,214.0,1.0,2.0,0.0,0.0,39.0,0.0,3.0,0.0,6.0,0.0,49.0,42.0,0.0,59.0
2017,Uttar Pradesh,9,Azamgarh,123,Azamgarh,73.0,132.0,0.0,156.0,202.0,0.0,2.0,70.0,49.0,172.0,208.0,0.0,0.0,0.0,7.0,107.0,0.0,5.0,0.0,25.0,261.0,62.0,0.0,0.0,1093.0
2017,Uttar Pradesh,9,Bageshwar,46,Bageshwar,0.0,10.0,0.0,3.0,17.0,0.0,0.0,0.0,0.0,0.0,2.0,0.0,0.0,0.0,0.0,0.0,0.0,0.0,0.0,0.0,0.0,0.0,0.0,0.0,0.0
2017,Uttar Pradesh,9,Baghpat,124,Baghpat,64.0,76.0,10.0,153.0,207.0,0.0,0.0,222.0,31.0,96.0,7.0,0.0,0.0,0.0,0.0,22.0,0.0,0.0,0.0,3.0,0.0,41.0,0.0,0.0,403.0
2017,Uttar Pradesh,9,Bahraich,125,Bahraich,43.0,92.0,0.0,189.0,299.0,0.0,2.0,171.0,57.0,1.0,303.0,0.0,0.0,0.0,10.0,58.0,19.0,0.0,0.0,0.0,197.0,20.0,0.0,0.0,767.0
2017,Uttar Pradesh,9,Ballia,126,Ballia,37.0,177.0,6.0,215.0,328.0,0.0,0.0,347.0,178.0,122.0,31.0,0.0,6.0,0.0,0.0,30.0,0.0,7.0,0.0,2.0,8.0,46.0,123.0,0.0,0.0
2017,Uttar Pradesh,9,Balrampur,127,Balrampur,27.0,48.0,7.0,36.0,73.0,0.0,0.0,114.0,86.0,4.0,77.0,0.0,6.0,0.0,0.0,21.0,0.0,3.0,0.0,0.0,39.0,8.0,6.0,0.0,34.0
2017,Uttar Pradesh,9,Banda,128,Banda,41.0,122.0,0.0,106.0,106.0,0.0,0.0,51.0,2.0,78.0,40.0,0.0,13.0,10.0,0.0,27.0,0.0,0.0,0.0,0.0,76.0,12.0,0.0,0.0,105.0
2017,Uttar Pradesh,9,Bara Banki,129,Barabanki,57.0,120.0,0.0,142.0,193.0,0.0,0.0,0.0,0.0,123.0,28.0,0.0,0.0,0.0,66.0,25.0,0.0,0.0,0.0,0.0,210.0,25.0,0.0,0.0,1114.0
2017,Uttar Pradesh,9,Barabanki,129,Barabanki,4.0,26.0,0.0,23.0,166.0,0.0,0.0,281.0,62.0,0.0,0.0,0.0,0.0,0.0,0.0,0.0,0.0,0.0,0.0,0.0,0.0,0.0,0.0,0.0,0.0
2017,Uttar Pradesh,9,Bareilly,130,Bareilly,100.0,170.0,4.0,380.0,445.0,2.0,0.0,162.0,133.0,0.0,532.0,2.0,0.0,0.0,10.0,47.0,0.0,0.0,0.0,0.0,343.0,114.0,0.0,2.0,945.0
2017,Uttar Pradesh,9,Basti,131,Basti,44.0,135.0,0.0,89.0,298.0,0.0,0.0,259.0,76.0,159.0,19.0,1.0,0.0,0.0,0.0,60.0,0.0,0.0,0.0,0.0,100.0,23.0,0.0,0.0,148.0
2017,Uttar Pradesh,9,Bhadohi,179,Bhadohi,20.0,32.0,1.0,35.0,105.0,0.0,0.0,91.0,8.0,3.0,104.0,0.0,7.0,0.0,0.0,20.0,0.0,0.0,0.0,0.0,35.0,4.0,2.0,0.0,217.0
2017,Uttar Pradesh,9,Bijnor,132,Bijnor,95.0,197.0,3.0,169.0,217.0,2.0,0.0,84.0,57.0,185.0,21.0,0.0,0.0,0.0,0.0,44.0,0.0,15.0,0.0,0.0,0.0,67.0,26.0,0.0,60.0
2017,Uttar Pradesh,9,Budaun,133,Badaun,100.0,164.0,9.0,288.0,294.0,0.0,0.0,163.0,75.0,347.0,55.0,0.0,8.0,0.0,5.0,37.0,0.0,0.0,0.0,0.0,98.0,52.0,0.0,0.0,489.0
2017,Uttar Pradesh,9,Bulandshahr,134,Bulandshahar,140.0,371.0,31.0,399.0,374.0,3.0,2.0,176.0,0.0,394.0,45.0,1.0,3.0,0.0,109.0,70.0,0.0,7.0,0.0,25.0,35.0,173.0,0.0,0.0,218.0
2017,Uttar Pradesh,9,Chamoli,47,Chamoli,0.0,6.0,0.0,2.0,3.0,0.0,0.0,0.0,0.0,0.0,4.0,0.0,2.0,0.0,0.0,0.0,0.0,0.0,0.0,0.0,0.0,0.0,0.0,0.0,0.0
2017,Uttar Pradesh,9,Champawat,48,Champawat,0.0,12.0,1.0,7.0,14.0,0.0,0.0,0.0,0.0,3.0,2.0,0.0,1.0,0.0,0.0,0.0,0.0,0.0,0.0,0.0,0.0,0.0,0.0,1.0,0.0
2017,Uttar Pradesh,9,Chandauli,135,Chandoli,16.0,96.0,2.0,66.0,148.0,0.0,0.0,132.0,34.0,8.0,125.0,0.0,2.0,0.0,27.0,24.0,0.0,5.0,0.0,0.0,16.0,14.0,53.0,0.0,188.0
2017,Uttar Pradesh,9,Chitrakoot,136,Chitrakoot,32.0,71.0,0.0,120.0,94.0,3.0,0.0,82.0,17.0,46.0,60.0,0.0,1.0,0.0,0.0,15.0,0.0,0.0,0.0,0.0,29.0,7.0,0.0,0.0,291.0
2017,Uttar Pradesh,9,Dehradun,49,Dehradun,0.0,87.0,2.0,61.0,41.0,1.0,2.0,0.0,0.0,137.0,13.0,0.0,2.0,0.0,0.0,0.0,0.0,0.0,0.0,0.0,0.0,0.0,0.0,4.0,0.0
2017,Uttar Pradesh,9,Deoria,137,Deoria,32.0,87.0,0.0,163.0,229.0,0.0,0.0,405.0,0.0,39.0,32.0,0.0,0.0,39.0,0.0,65.0,0.0,0.0,0.0,0.0,114.0,23.0,0.0,0.0,457.0
2017,Uttar Pradesh,9,Etah,138,Etah,71.0,128.0,9.0,185.0,161.0,0.0,0.0,147.0,80.0,115.0,36.0,1.0,2.0,1.0,10.0,27.0,0.0,0.0,0.0,0.0,130.0,71.0,0.0,0.0,49.0
2017,Uttar Pradesh,9,Etawah,139,Etawah,70.0,97.0,2.0,212.0,321.0,5.0,0.0,330.0,82.0,173.0,45.0,0.0,8.0,0.0,91.0,108.0,28.0,8.0,2.0,0.0,164.0,64.0,0.0,0.0,102.0
2017,Uttar Pradesh,9,Farrukhabad,141,Fatehgarh,54.0,68.0,1.0,91.0,190.0,1.0,3.0,125.0,0.0,205.0,42.0,1.0,8.0,0.0,0.0,58.0,13.0,3.0,2.0,3.0,153.0,41.0,0.0,0.0,474.0
2017,Uttar Pradesh,9,Fatehpur,142,Fatehpur,52.0,266.0,2.0,298.0,310.0,0.0,0.0,609.0,190.0,100.0,40.0,0.0,2.0,10.0,40.0,39.0,0.0,0.0,0.0,8.0,43.0,35.0,40.0,0.0,581.0
2017,Uttar Pradesh,9,Firozabad,143,Firozabad,81.0,148.0,11.0,216.0,438.0,2.0,2.0,411.0,107.0,182.0,42.0,1.0,8.0,0.0,20.0,65.0,3.0,1.0,3.0,11.0,126.0,100.0,0.0,0.0,257.0
2017,Uttar Pradesh,9,Gautam Buddha Nagar,144,Gautambudh Nagar,106.0,118.0,13.0,216.0,319.0,1.0,0.0,135.0,7.0,233.0,29.0,1.0,4.0,0.0,7.0,224.0,0.0,0.0,0.0,0.0,11.0,199.0,376.0,0.0,359.0
2017,Uttar Pradesh,9,Ghaziabad,145,Ghaziabad,122.0,256.0,13.0,300.0,481.0,2.0,2.0,92.0,34.0,575.0,41.0,2.0,4.0,0.0,34.0,145.0,0.0,0.0,0.0,0.0,12.0,105.0,411.0,1.0,384.0
2017,Uttar Pradesh,9,Ghazipur,146,Ghazipur,43.0,103.0,3.0,220.0,236.0,0.0,0.0,211.0,0.0,110.0,26.0,0.0,0.0,7.0,0.0,84.0,0.0,9.0,0.0,3.0,2.0,44.0,0.0,0.0,359.0
2017,Uttar Pradesh,9,Gonda,147,Gonda,44.0,182.0,0.0,110.0,201.0,0.0,0.0,148.0,36.0,12.0,40.0,0.0,0.0,0.0,0.0,23.0,0.0,0.0,0.0,0.0,214.0,19.0,0.0,0.0,726.0
2017,Uttar Pradesh,9,Gorakhpur,148,Gorakhpur,82.0,231.0,0.0,234.0,467.0,1.0,2.0,69.0,1.0,0.0,500.0,0.0,7.0,0.0,14.0,188.0,0.0,0.0,0.0,0.0,347.0,214.0,111.0,0.0,70.0
2017,Uttar Pradesh,9,Hamirpur,149,Hamirpur,56.0,112.0,0.0,242.0,190.0,1.0,0.0,226.0,43.0,54.0,44.0,0.0,14.0,5.0,81.0,4.0,0.0,1.0,0.0,0.0,63.0,8.0,0.0,0.0,25.0
2017,Uttar Pradesh,9,Hapur,661,Hapur,48.0,116.0,7.0,157.0,158.0,0.0,0.0,115.0,7.0,76.0,18.0,0.0,0.0,0.0,2.0,19.0,0.0,0.0,0.0,0.0,160.0,61.0,207.0,0.0,371.0
2017,Uttar Pradesh,9,Hardoi,150,Hardoi,59.0,313.0,0.0,363.0,452.0,0.0,1.0,700.0,140.0,188.0,65.0,0.0,17.0,0.0,0.0,18.0,0.0,0.0,0.0,0.0,173.0,36.0,0.0,0.0,355.0
2017,Uttar Pradesh,9,Haridwar,50,Haridwar,1.0,188.0,7.0,165.0,108.0,0.0,0.0,0.0,0.0,105.0,16.0,2.0,3.0,0.0,0.0,0.0,0.0,0.0,0.0,0.0,0.0,0.0,0.0,0.0,0.0
2017,Uttar Pradesh,9,Hathras,163,Hathras,51.0,86.0,0.0,154.0,148.0,0.0,0.0,123.0,0.0,167.0,12.0,0.0,0.0,0.0,0.0,30.0,0.0,0.0,0.0,0.0,61.0,39.0,125.0,0.0,752.0
2017,Uttar Pradesh,9,Jalaun,151,Jalaun,43.0,101.0,0.0,163.0,217.0,0.0,0.0,303.0,87.0,62.0,27.0,0.0,0.0,0.0,0.0,16.0,0.0,0.0,0.0,0.0,58.0,27.0,0.0,0.0,323.0
2017,Uttar Pradesh,9,Jaunpur,152,Jaunpur,78.0,238.0,0.0,158.0,257.0,2.0,0.0,214.0,101.0,86.0,38.0,1.0,0.0,0.0,0.0,26.0,0.0,0.0,0.0,0.0,100.0,57.0,0.0,0.0,302.0
2017,Uttar Pradesh,9,Jhansi,153,Jhansi,57.0,135.0,7.0,209.0,164.0,1.0,0.0,235.0,71.0,152.0,34.0,1.0,10.0,0.0,2.0,53.0,0.0,0.0,0.0,0.0,33.0,33.0,78.0,0.0,310.0
2017,Uttar Pradesh,9,Kannauj,155,Kannauj,39.0,68.0,0.0,146.0,183.0,0.0,0.0,119.0,14.0,151.0,32.0,2.0,10.0,0.0,0.0,21.0,0.0,0.0,0.0,0.0,80.0,29.0,0.0,0.0,131.0
2017,Uttar Pradesh,9,Kanpur Dehat,156,Kanpur Dehat,51.0,171.0,6.0,261.0,252.0,1.0,0.0,249.0,90.0,180.0,49.0,5.0,3.0,0.0,2.0,91.0,3.0,0.0,0.0,0.0,48.0,44.0,59.0,0.0,3.0
2017,Uttar Pradesh,9,Kanpur Nagar,157,Kanpur Nagar,97.0,260.0,7.0,420.0,723.0,3.0,0.0,389.0,196.0,792.0,55.0,1.0,0.0,0.0,20.0,248.0,0.0,41.0,0.0,31.0,633.0,108.0,0.0,0.0,1401.0
2017,Uttar Pradesh,9,Kasganj,633,Kasganj,41.0,80.0,0.0,98.0,208.0,0.0,0.0,156.0,40.0,78.0,32.0,1.0,2.0,0.0,0.0,26.0,0.0,0.0,0.0,26.0,0.0,18.0,52.0,0.0,619.0
2017,Uttar Pradesh,9,Kaushambi,158,Kaushambi,37.0,68.0,0.0,208.0,272.0,0.0,0.0,417.0,0.0,121.0,20.0,0.0,0.0,0.0,0.0,73.0,0.0,0.0,0.0,0.0,104.0,21.0,0.0,0.0,256.0
2017,Uttar Pradesh,9,Kheri,159,Khiri,100.0,167.0,0.0,302.0,379.0,1.0,1.0,252.0,68.0,158.0,72.0,1.0,0.0,0.0,0.0,109.0,4.0,0.0,0.0,0.0,97.0,50.0,0.0,0.0,92.0
2017,Uttar Pradesh,9,Kushi Nagar,160,Kushi Nagar,5.0,30.0,0.0,59.0,152.0,0.0,1.0,334.0,40.0,0.0,0.0,0.0,0.0,0.0,0.0,0.0,0.0,0.0,0.0,0.0,0.0,0.0,0.0,1.0,0.0
2017,Uttar Pradesh,9,Kushinagar,160,Kushi Nagar,45.0,113.0,63.0,134.0,201.0,0.0,1.0,0.0,0.0,54.0,57.0,0.0,4.0,0.0,105.0,112.0,23.0,0.0,9.0,0.0,23.0,11.0,128.0,4.0,39.0
2017,Uttar Pradesh,9,Lalitpur,161,Lalitpur,32.0,106.0,0.0,140.0,101.0,0.0,2.0,152.0,54.0,58.0,18.0,0.0,7.0,0.0,0.0,38.0,7.0,8.0,3.0,1.0,6.0,5.0,0.0,0.0,371.0
2017,Uttar Pradesh,9,Lucknow,162,Grp,21.0,6.0,0.0,62.0,29.0,0.0,0.0,19.0,1.0,0.0,1.0,0.0,0.0,0.0,0.0,3.0,0.0,0.0,0.0,0.0,27.0,247.0,0.0,0.0,628.0
2017,Uttar Pradesh,9,Lucknow,162,Grp,21.0,3.0,0.0,3.0,18.0,0.0,0.0,19.0,1.0,0.0,0.0,0.0,0.0,0.0,0.0,3.0,0.0,0.0,0.0,0.0,27.0,247.0,0.0,0.0,628.0
2017,Uttar Pradesh,9,Lucknow,162,Lucknow,124.0,362.0,47.0,650.0,1384.0,2.0,6.0,1115.0,18.0,1293.0,240.0,0.0,48.0,18.0,20.0,641.0,0.0,54.0,10.0,47.0,532.0,88.0,824.0,9.0,196.0
2017,Uttar Pradesh,9,Maharajganj,164,Maharajganj,4.0,0.0,0.0,0.0,10.0,0.0,0.0,257.0,220.0,0.0,0.0,0.0,0.0,0.0,0.0,0.0,0.0,0.0,0.0,0.0,0.0,0.0,0.0,0.0,0.0
2017,Uttar Pradesh,9,Mahoba,165,Mahoba,28.0,128.0,8.0,168.0,122.0,0.0,0.0,213.0,56.0,30.0,10.0,0.0,5.0,2.0,33.0,12.0,0.0,0.0,0.0,0.0,38.0,18.0,0.0,0.0,39.0
2017,Uttar Pradesh,9,Mahrajganj,164,Maharajganj,23.0,62.0,0.0,13.0,24.0,0.0,0.0,0.0,55.0,64.0,21.0,1.0,3.0,0.0,9.0,29.0,0.0,0.0,0.0,12.0,0.0,6.0,0.0,1.0,174.0
2017,Uttar Pradesh,9,Mainpuri,166,Mainpuri,87.0,96.0,0.0,275.0,329.0,2.0,0.0,265.0,0.0,127.0,41.0,0.0,5.0,0.0,0.0,108.0,0.0,0.0,0.0,0.0,98.0,83.0,0.0,0.0,1260.0
2017,Uttar Pradesh,9,Mathura,167,Mathura,100.0,193.0,20.0,328.0,242.0,4.0,0.0,416.0,23.0,208.0,44.0,1.0,11.0,0.0,6.0,43.0,0.0,0.0,0.0,17.0,0.0,98.0,0.0,0.0,917.0
2017,Uttar Pradesh,9,Mau,168,Mau,31.0,70.0,0.0,135.0,156.0,0.0,0.0,71.0,0.0,110.0,19.0,0.0,0.0,0.0,34.0,83.0,0.0,0.0,0.0,0.0,334.0,21.0,0.0,0.0,0.0
2017,Uttar Pradesh,9,Meerut,169,Meerut,183.0,306.0,36.0,427.0,518.0,2.0,0.0,485.0,101.0,601.0,40.0,1.0,0.0,26.0,0.0,103.0,23.0,0.0,0.0,57.0,18.0,151.0,695.0,7.0,234.0
2017,Uttar Pradesh,9,Mirzapur,170,Mirzapur,34.0,66.0,3.0,17.0,29.0,0.0,0.0,45.0,9.0,37.0,31.0,0.0,2.0,15.0,26.0,29.0,0.0,0.0,0.0,0.0,121.0,8.0,0.0,0.0,115.0
2017,Uttar Pradesh,9,Moradabad,171,Moradabad,84.0,298.0,25.0,419.0,377.0,2.0,0.0,438.0,152.0,346.0,30.0,1.0,0.0,0.0,51.0,76.0,0.0,18.0,0.0,17.0,0.0,74.0,0.0,2.0,28.0
2017,Uttar Pradesh,9,Muzaffarnagar,172,Muzaffarnagar,110.0,141.0,2.0,173.0,364.0,0.0,0.0,125.0,22.0,166.0,26.0,2.0,0.0,0.0,0.0,30.0,0.0,0.0,0.0,6.0,26.0,71.0,40.0,0.0,125.0
2017,Uttar Pradesh,9,Nainital,51,Nainital,0.0,47.0,0.0,83.0,71.0,0.0,0.0,0.0,0.0,40.0,8.0,0.0,6.0,0.0,0.0,0.0,0.0,0.0,0.0,0.0,0.0,0.0,0.0,0.0,0.0
2017,Uttar Pradesh,9,Pauri Garhwal,52,Pauri Garhwal,0.0,17.0,0.0,4.0,18.0,0.0,0.0,0.0,0.0,13.0,3.0,0.0,2.0,0.0,0.0,0.0,0.0,0.0,0.0,0.0,0.0,0.0,0.0,0.0,0.0
2017,Uttar Pradesh,9,Pilibhit,173,Pilibhit,41.0,157.0,28.0,128.0,173.0,0.0,0.0,253.0,185.0,200.0,38.0,2.0,0.0,45.0,36.0,47.0,0.0,0.0,3.0,11.0,120.0,49.0,0.0,1.0,145.0
2017,Uttar Pradesh,9,Pithoragarh,53,Pithoragarh,0.0,7.0,0.0,1.0,0.0,0.0,1.0,0.0,0.0,4.0,1.0,1.0,0.0,0.0,0.0,0.0,0.0,0.0,0.0,0.0,0.0,0.0,0.0,1.0,0.0
2017,Uttar Pradesh,9,Pratapgarh,174,Pratapgarh,69.0,194.0,3.0,106.0,307.0,0.0,1.0,221.0,38.0,147.0,27.0,0.0,3.0,0.0,0.0,21.0,0.0,0.0,0.0,0.0,0.0,71.0,0.0,0.0,53.0
2017,Uttar Pradesh,9,Prayagraj,120,Prayagraj,108.0,227.0,0.0,521.0,323.0,5.0,1.0,376.0,95.0,487.0,68.0,0.0,8.0,0.0,48.0,269.0,0.0,0.0,0.0,14.0,449.0,122.0,0.0,0.0,272.0
2017,Uttar Pradesh,9,Rae Bareli,175,Raibareilly,50.0,141.0,0.0,81.0,362.0,0.0,0.0,284.0,103.0,65.0,50.0,0.0,0.0,0.0,5.0,32.0,0.0,0.0,0.0,0.0,109.0,49.0,0.0,0.0,61.0
2017,Uttar Pradesh,9,Rampur,176,Rampur,32.0,195.0,15.0,127.0,215.0,0.0,0.0,111.0,35.0,0.0,463.0,0.0,3.0,0.0,20.0,40.0,0.0,0.0,0.0,21.0,0.0,37.0,132.0,0.0,82.0
2017,Uttar Pradesh,9,Rudra Prayag,54,Rudra Prayag,0.0,3.0,0.0,1.0,0.0,0.0,0.0,0.0,0.0,0.0,1.0,0.0,0.0,0.0,0.0,0.0,0.0,0.0,0.0,0.0,0.0,0.0,0.0,0.0,0.0
2017,Uttar Pradesh,9,Saharanpur,177,Saharanpur,101.0,151.0,21.0,223.0,173.0,2.0,0.0,181.0,71.0,125.0,25.0,2.0,0.0,0.0,17.0,58.0,0.0,10.0,0.0,0.0,202.0,63.0,0.0,0.0,1094.0
2017,Uttar Pradesh,9,Sambhal,659,Sambhal,61.0,202.0,8.0,183.0,317.0,0.0,2.0,277.0,63.0,159.0,68.0,4.0,0.0,0.0,0.0,48.0,11.0,0.0,6.0,6.0,93.0,37.0,0.0,0.0,367.0
2017,Uttar Pradesh,9,Sant Kabeer Nagar,178,Sant Kabirnagar,3.0,29.0,0.0,41.0,115.0,0.0,0.0,302.0,82.0,0.0,0.0,0.0,0.0,0.0,0.0,0.0,0.0,0.0,0.0,0.0,0.0,0.0,0.0,0.0,0.0
2017,Uttar Pradesh,9,Sant Kabir Nagar,178,Sant Kabirnagar,27.0,167.0,2.0,86.0,124.0,0.0,0.0,0.0,0.0,55.0,27.0,0.0,1.0,0.0,0.0,22.0,0.0,0.0,0.0,0.0,85.0,12.0,0.0,0.0,139.0
2017,Uttar Pradesh,9,Shahjahanpur,180,Shahjahanpur,54.0,127.0,0.0,151.0,257.0,0.0,0.0,265.0,97.0,247.0,48.0,0.0,3.0,0.0,0.0,40.0,0.0,0.0,0.0,0.0,0.0,45.0,0.0,1.0,209.0
2017,Uttar Pradesh,9,Shamli,660,Shamli,49.0,91.0,0.0,94.0,115.0,1.0,0.0,61.0,34.0,123.0,17.0,0.0,0.0,0.0,8.0,32.0,0.0,0.0,0.0,18.0,0.0,40.0,96.0,0.0,568.0
2017,Uttar Pradesh,9,Shravasti,181,Shrawasti,1.0,7.0,0.0,10.0,10.0,0.0,0.0,61.0,22.0,0.0,0.0,0.0,0.0,0.0,0.0,0.0,0.0,0.0,0.0,0.0,0.0,0.0,0.0,0.0,0.0
2017,Uttar Pradesh,9,Shrawasti,181,Shrawasti,12.0,37.0,8.0,60.0,54.0,0.0,0.0,0.0,0.0,6.0,135.0,0.0,2.0,0.0,11.0,19.0,9.0,0.0,0.0,1.0,12.0,3.0,10.0,0.0,30.0
2017,Uttar Pradesh,9,Siddharth Nagar,182,Sidharthnagar,4.0,14.0,0.0,0.0,117.0,0.0,0.0,173.0,38.0,0.0,0.0,0.0,0.0,0.0,0.0,0.0,0.0,0.0,0.0,0.0,0.0,0.0,0.0,0.0,0.0
2017,Uttar Pradesh,9,Siddharthnagar,182,Sidharthnagar,17.0,66.0,0.0,74.0,141.0,0.0,0.0,0.0,0.0,55.0,16.0,1.0,0.0,0.0,0.0,39.0,0.0,0.0,0.0,0.0,36.0,6.0,0.0,0.0,257.0
2017,Uttar Pradesh,9,Sitapur,183,Sitapur,85.0,342.0,0.0,271.0,280.0,0.0,0.0,281.0,199.0,230.0,75.0,0.0,0.0,0.0,0.0,16.0,0.0,2.0,0.0,3.0,189.0,53.0,0.0,0.0,0.0
2017,Uttar Pradesh,9,Sonbhadra,184,Sonbhadra,31.0,176.0,0.0,67.0,122.0,0.0,0.0,122.0,0.0,4.0,70.0,0.0,0.0,0.0,0.0,47.0,0.0,0.0,0.0,47.0,90.0,6.0,0.0,0.0,53.0
2017,Uttar Pradesh,9,Sultanpur,185,Sultanpur,65.0,87.0,32.0,137.0,322.0,0.0,0.0,219.0,0.0,21.0,147.0,0.0,4.0,0.0,0.0,83.0,12.0,0.0,0.0,0.0,92.0,53.0,94.0,0.0,65.0
2017,Uttar Pradesh,9,Tehri Garhwal,55,Tehri Garhwal,0.0,16.0,9.0,2.0,12.0,0.0,0.0,0.0,0.0,2.0,2.0,0.0,1.0,0.0,0.0,0.0,0.0,0.0,0.0,0.0,0.0,0.0,0.0,0.0,0.0
2017,Uttar Pradesh,9,Udam Singh Nagar,56,Udhamsingh Nagar,0.0,137.0,0.0,101.0,20.0,0.0,0.0,0.0,0.0,84.0,56.0,0.0,3.0,0.0,0.0,0.0,0.0,0.0,0.0,0.0,0.0,0.0,0.0,0.0,0.0
2017,Uttar Pradesh,9,Unnao,186,Unnao,84.0,196.0,2.0,256.0,483.0,2.0,0.0,477.0,136.0,232.0,50.0,1.0,0.0,1.0,68.0,42.0,0.0,2.0,0.0,10.0,0.0,69.0,0.0,0.0,206.0
2017,Uttar Pradesh,9,Uttar Kashi,57,Uttarkashi,0.0,14.0,0.0,3.0,12.0,0.0,0.0,0.0,0.0,6.0,0.0,0.0,0.0,0.0,0.0,0.0,0.0,0.0,0.0,2.0,0.0,0.0,0.0,0.0,0.0
2017,Uttar Pradesh,9,Varanasi,187,Varanasi,53.0,297.0,0.0,548.0,641.0,0.0,4.0,831.0,233.0,522.0,20.0,0.0,4.0,20.0,37.0,526.0,174.0,29.0,15.0,39.0,477.0,48.0,1.0,0.0,2454.0
2017,Uttarakhand,5,Almora,45,Almora,6.0,14.0,0.0,0.0,13.0,0.0,0.0,21.0,0.0,0.0,0.0,0.0,0.0,0.0,6.0,1.0,0.0,0.0,0.0,0.0,2.0,2.0,1.0,0.0,42.0
2017,Uttarakhand,5,Bageshwar,46,Bageshwar,6.0,14.0,0.0,3.0,13.0,0.0,0.0,24.0,0.0,0.0,0.0,0.0,0.0,0.0,6.0,1.0,0.0,0.0,0.0,0.0,2.0,2.0,1.0,0.0,42.0
2017,Uttarakhand,5,Chamoli,47,Chamoli,1.0,4.0,0.0,0.0,8.0,0.0,0.0,10.0,2.0,0.0,0.0,0.0,0.0,0.0,0.0,5.0,0.0,0.0,0.0,1.0,0.0,0.0,1.0,0.0,1.0
2017,Uttarakhand,5,Champawat,48,Champawat,1.0,22.0,0.0,2.0,11.0,0.0,0.0,24.0,0.0,0.0,0.0,0.0,0.0,0.0,14.0,7.0,0.0,2.0,0.0,0.0,2.0,3.0,0.0,0.0,26.0
2017,Uttarakhand,5,Dehradun,49,Dehradun,21.0,117.0,0.0,15.0,27.0,1.0,5.0,122.0,7.0,0.0,0.0,0.0,0.0,0.0,107.0,46.0,0.0,10.0,0.0,1.0,111.0,76.0,89.0,0.0,213.0
2017,Uttarakhand,5,Dehradun,49,Grp,0.0,0.0,0.0,0.0,1.0,0.0,0.0,1.0,0.0,0.0,0.0,0.0,0.0,0.0,1.0,0.0,0.0,0.0,0.0,0.0,1.0,7.0,0.0,0.0,3.0
2017,Uttarakhand,5,Haridwar,50,Haridwar,71.0,183.0,0.0,0.0,94.0,0.0,0.0,283.0,70.0,0.0,0.0,0.0,0.0,0.0,0.0,44.0,0.0,0.0,0.0,0.0,38.0,82.0,125.0,0.0,820.0
2017,Uttarakhand,5,Nainital,51,Nainital,17.0,78.0,0.0,22.0,89.0,0.0,0.0,171.0,0.0,0.0,0.0,0.0,0.0,2.0,10.0,7.0,0.0,1.0,0.0,2.0,65.0,11.0,0.0,0.0,0.0
2017,Uttarakhand,5,Pauri Garhwal,52,Pauri Garhwal,7.0,16.0,0.0,0.0,14.0,0.0,0.0,31.0,11.0,0.0,0.0,0.0,0.0,0.0,8.0,2.0,1.0,0.0,0.0,0.0,23.0,3.0,0.0,0.0,48.0
2017,Uttarakhand,5,Pithoragarh,53,Pithoragarh,2.0,4.0,0.0,0.0,6.0,0.0,2.0,11.0,3.0,0.0,0.0,0.0,0.0,0.0,7.0,0.0,0.0,0.0,0.0,0.0,6.0,2.0,0.0,0.0,11.0
2017,Uttarakhand,5,Rudra Prayag,54,Rudra Prayag,0.0,1.0,0.0,0.0,0.0,0.0,0.0,2.0,2.0,0.0,0.0,0.0,0.0,0.0,0.0,1.0,0.0,0.0,0.0,0.0,0.0,1.0,0.0,0.0,7.0
2017,Uttarakhand,5,Tehri Garhwal,55,Tehri Garhwal,3.0,9.0,0.0,0.0,20.0,0.0,0.0,28.0,7.0,0.0,0.0,0.0,0.0,0.0,0.0,8.0,0.0,0.0,0.0,0.0,9.0,1.0,0.0,0.0,18.0
2017,Uttarakhand,5,Udam Singh Nagar,56,Udham Singh Nagar,0.0,0.0,0.0,0.0,0.0,0.0,0.0,0.0,0.0,0.0,0.0,0.0,0.0,0.0,0.0,0.0,0.0,0.0,0.0,0.0,0.0,0.0,0.0,0.0,0.0
2017,Uttarakhand,5,Udam Singh Nagar,56,Udhamsingh Nagar,53.0,55.0,0.0,0.0,0.0,2.0,0.0,82.0,82.0,0.0,0.0,0.0,0.0,0.0,0.0,0.0,0.0,0.0,0.0,0.0,40.0,79.0,0.0,0.0,1605.0
2017,Uttarakhand,5,Uttar Kashi,57,Uttarkashi,1.0,7.0,0.0,0.0,6.0,0.0,0.0,19.0,7.0,0.0,0.0,0.0,0.0,1.0,8.0,4.0,0.0,0.0,1.0,2.0,0.0,0.0,0.0,0.0,5.0
2017,West Bengal,19,24 Paraganas North,303,Barasat,0.0,0.0,0.0,0.0,222.0,0.0,1.0,369.0,129.0,0.0,0.0,0.0,0.0,0.0,0.0,0.0,0.0,0.0,0.0,0.0,0.0,0.0,0.0,2.0,0.0
2017,West Bengal,19,24 Paraganas North,303,Barrackpur Pc,0.0,0.0,0.0,0.0,147.0,0.0,2.0,239.0,54.0,0.0,0.0,0.0,0.0,0.0,0.0,0.0,0.0,0.0,0.0,0.0,0.0,0.0,0.0,0.0,0.0
2017,West Bengal,19,24 Paraganas North,303,Basirhat,0.0,0.0,0.0,0.0,175.0,0.0,0.0,218.0,41.0,0.0,0.0,0.0,0.0,0.0,0.0,0.0,0.0,0.0,0.0,0.0,0.0,0.0,0.0,0.0,0.0
2017,West Bengal,19,24 Paraganas North,303,Bidhannagar Pc,0.0,0.0,0.0,0.0,39.0,0.0,1.0,64.0,20.0,0.0,0.0,0.0,0.0,0.0,0.0,0.0,0.0,0.0,0.0,0.0,0.0,0.0,0.0,0.0,0.0
2017,West Bengal,19,24 Paraganas South,304,Baruipur Police,3.0,0.0,0.0,0.0,277.0,0.0,0.0,379.0,74.0,0.0,0.0,0.0,0.0,0.0,0.0,0.0,0.0,0.0,0.0,0.0,0.0,0.0,0.0,0.0,0.0
2017,West Bengal,19,24 Paraganas South,304,Diamond Harbour Police,0.0,0.0,0.0,0.0,102.0,2.0,2.0,220.0,74.0,0.0,0.0,0.0,0.0,0.0,0.0,0.0,0.0,0.0,0.0,0.0,0.0,0.0,0.0,2.0,0.0
2017,West Bengal,19,24 Paraganas South,304,Sundarban Police,2.0,0.0,0.0,0.0,60.0,1.0,0.0,180.0,51.0,0.0,0.0,0.0,0.0,52.0,0.0,0.0,0.0,0.0,0.0,0.0,0.0,0.0,0.0,0.0,0.0
2017,West Bengal,19,Alipurduar,664,Alipurduar,49.0,109.0,25.0,76.0,182.0,2.0,19.0,172.0,62.0,218.0,4.0,1.0,14.0,0.0,12.0,12.0,0.0,0.0,0.0,0.0,56.0,12.0,12.0,0.0,106.0
2017,West Bengal,19,Bankura,305,Bankura,59.0,47.0,21.0,74.0,82.0,0.0,4.0,81.0,35.0,205.0,19.0,1.0,18.0,1.0,55.0,1.0,0.0,0.0,0.0,0.0,52.0,15.0,20.0,0.0,81.0
2017,West Bengal,19,Birbhum,307,Birbhum,109.0,105.0,32.0,63.0,88.0,0.0,0.0,195.0,91.0,233.0,16.0,4.0,27.0,16.0,11.0,37.0,5.0,3.0,5.0,0.0,120.0,30.0,6.0,1.0,114.0
2017,West Bengal,19,Cooch Behar,308,Coochbehar,58.0,125.0,57.0,88.0,244.0,4.0,0.0,0.0,0.0,572.0,27.0,0.0,31.0,0.0,0.0,2.0,0.0,0.0,1.0,0.0,81.0,1.0,0.0,0.0,1522.0
2017,West Bengal,19,Coochbehar,308,Coochbehar,0.0,0.0,0.0,0.0,0.0,0.0,0.0,43.0,26.0,0.0,0.0,0.0,0.0,0.0,0.0,0.0,0.0,0.0,0.0,0.0,0.0,0.0,0.0,0.0,0.0
2017,West Bengal,19,Dakshin Dinajpur,310,Dakshin Dinajpur,22.0,46.0,18.0,64.0,105.0,0.0,0.0,0.0,0.0,178.0,16.0,0.0,0.0,0.0,14.0,15.0,0.0,0.0,3.0,8.0,36.0,0.0,7.0,2.0,311.0
2017,West Bengal,19,Darjeeling,309,Darjeeling,20.0,37.0,4.0,73.0,56.0,0.0,0.0,91.0,48.0,86.0,6.0,0.0,0.0,0.0,2.0,3.0,0.0,0.0,0.0,0.0,26.0,8.0,15.0,0.0,102.0
2017,West Bengal,19,Darjeeling,309,Siliguri Grp,1.0,0.0,0.0,11.0,1.0,0.0,2.0,3.0,0.0,0.0,0.0,0.0,0.0,0.0,0.0,0.0,0.0,0.0,0.0,0.0,0.0,0.0,0.0,0.0,32.0
2017,West Bengal,19,Darjeeling,309,Siliguri Pc,31.0,54.0,4.0,124.0,127.0,1.0,5.0,124.0,53.0,625.0,3.0,1.0,0.0,0.0,0.0,65.0,19.0,0.0,1.0,1.0,192.0,13.0,58.0,0.0,387.0
2017,West Bengal,19,Dinajpur Dakshin,310,Dakshin Dinajpur,1.0,0.0,0.0,0.0,101.0,0.0,0.0,171.0,23.0,0.0,0.0,0.0,0.0,2.0,0.0,0.0,0.0,0.0,0.0,0.0,0.0,0.0,0.0,0.0,0.0
2017,West Bengal,19,Dinajpur Uttar,311,Uttar Dinajpur,2.0,0.0,0.0,0.0,132.0,0.0,1.0,201.0,50.0,0.0,0.0,0.0,0.0,0.0,0.0,0.0,0.0,0.0,0.0,0.0,0.0,0.0,0.0,0.0,0.0
2017,West Bengal,19,Hooghly,312,Chandannagar Pc,38.0,30.0,9.0,59.0,83.0,0.0,0.0,71.0,27.0,461.0,14.0,0.0,12.0,1.0,4.0,8.0,0.0,0.0,0.0,0.0,462.0,8.0,3.0,3.0,928.0
2017,West Bengal,19,Hooghly,312,Hooghly Rural Police,70.0,38.0,27.0,123.0,194.0,2.0,0.0,123.0,26.0,594.0,25.0,0.0,20.0,0.0,0.0,4.0,0.0,0.0,0.0,0.0,307.0,22.0,3.0,5.0,2015.0
2017,West Bengal,19,Howrah,313,Howrah Grp,13.0,3.0,0.0,13.0,2.0,0.0,5.0,6.0,2.0,0.0,0.0,0.0,1.0,0.0,0.0,0.0,0.0,0.0,0.0,0.0,5.0,3.0,1.0,0.0,33.0
2017,West Bengal,19,Howrah,313,Howrah Pc,26.0,23.0,5.0,117.0,290.0,3.0,4.0,172.0,33.0,236.0,4.0,0.0,9.0,0.0,0.0,22.0,0.0,0.0,0.0,0.0,289.0,17.0,13.0,1.0,1518.0
2017,West Bengal,19,Howrah,313,Howrah Rural,67.0,75.0,25.0,121.0,133.0,1.0,4.0,126.0,59.0,782.0,5.0,1.0,6.0,0.0,0.0,8.0,0.0,3.0,0.0,0.0,201.0,20.0,8.0,2.0,1032.0
2017,West Bengal,19,Jalpaiguri,314,Jalpaiguri,55.0,178.0,0.0,86.0,285.0,0.0,24.0,301.0,160.0,145.0,18.0,0.0,0.0,0.0,9.0,9.0,0.0,1.0,2.0,0.0,72.0,3.0,23.0,2.0,517.0
2017,West Bengal,19,Jhargram,703,Jhargram,32.0,38.0,5.0,42.0,106.0,0.0,0.0,100.0,35.0,73.0,7.0,0.0,4.0,0.0,9.0,2.0,0.0,0.0,1.0,0.0,12.0,3.0,2.0,1.0,262.0
2017,West Bengal,19,Kalimpong,702,Kalimpong,5.0,16.0,1.0,19.0,8.0,0.0,0.0,20.0,15.0,13.0,0.0,0.0,0.0,0.0,0.0,2.0,0.0,0.0,1.0,0.0,1.0,5.0,0.0,0.0,39.0
2017,West Bengal,19,Kolkata,315,Kolkata,65.0,113.0,0.0,558.0,426.0,18.0,14.0,643.0,200.0,871.0,13.0,2.0,40.0,10.0,35.0,207.0,0.0,23.0,3.0,55.0,1882.0,22.0,55.0,9.0,6413.0
2017,West Bengal,19,Kolkata,315,Sealdah Grp,14.0,5.0,1.0,21.0,5.0,0.0,1.0,3.0,1.0,2.0,0.0,1.0,0.0,0.0,0.0,0.0,0.0,0.0,0.0,0.0,12.0,3.0,3.0,0.0,27.0
2017,West Bengal,19,Malda,316,Malda,59.0,322.0,93.0,176.0,34.0,4.0,8.0,0.0,32.0,266.0,23.0,1.0,43.0,0.0,9.0,3.0,0.0,0.0,0.0,0.0,110.0,13.0,6.0,0.0,90.0
2017,West Bengal,19,Maldah,316,Malda,8.0,0.0,0.0,0.0,32.0,0.0,4.0,446.0,211.0,0.0,0.0,0.0,0.0,90.0,0.0,0.0,0.0,0.0,0.0,0.0,0.0,0.0,0.0,0.0,0.0
2017,West Bengal,19,Medinipur East,317,Purab Medinipur,4.0,0.0,0.0,0.0,128.0,0.0,1.0,239.0,49.0,0.0,0.0,0.0,0.0,0.0,0.0,0.0,0.0,0.0,0.0,0.0,0.0,0.0,0.0,0.0,0.0
2017,West Bengal,19,Medinipur West,318,Kharagpur Grp,0.0,0.0,0.0,0.0,0.0,0.0,0.0,0.0,0.0,0.0,0.0,0.0,0.0,0.0,0.0,0.0,0.0,0.0,0.0,0.0,0.0,0.0,0.0,0.0,0.0
2017,West Bengal,19,Medinipur West,318,Paschim Medinipur,6.0,0.0,0.0,0.0,223.0,0.0,0.0,348.0,99.0,0.0,0.0,0.0,0.0,0.0,0.0,0.0,0.0,0.0,0.0,0.0,0.0,0.0,0.0,0.0,0.0
2017,West Bengal,19,Murshidabad,319,Murshidabad,172.0,444.0,344.0,206.0,544.0,2.0,16.0,512.0,217.0,1573.0,42.0,2.0,13.0,0.0,256.0,38.0,3.0,2.0,3.0,4.0,198.0,23.0,49.0,11.0,443.0
2017,West Bengal,19,Nadia,320,Nadia,133.0,190.0,103.0,134.0,500.0,0.0,6.0,336.0,103.0,898.0,50.0,2.0,31.0,0.0,41.0,12.0,0.0,0.0,0.0,0.0,279.0,8.0,12.0,8.0,2445.0
2017,West Bengal,19,North 24 Parganas,303,Barasat,87.0,210.0,67.0,154.0,275.0,3.0,8.0,0.0,0.0,1342.0,25.0,4.0,41.0,0.0,0.0,37.0,0.0,11.0,0.0,12.0,246.0,14.0,119.0,3.0,2608.0
2017,West Bengal,19,North 24 Parganas,303,Barrackpur Pc,54.0,67.0,21.0,613.0,161.0,0.0,9.0,0.0,0.0,1176.0,19.0,4.0,26.0,0.0,28.0,18.0,2.0,0.0,0.0,0.0,693.0,24.0,106.0,3.0,812.0
2017,West Bengal,19,North 24 Parganas,303,Basirhat,45.0,76.0,11.0,42.0,158.0,4.0,8.0,0.0,0.0,650.0,14.0,0.0,17.0,0.0,0.0,5.0,0.0,0.0,0.0,0.0,74.0,11.0,0.0,0.0,1659.0
2017,West Bengal,19,North 24 Parganas,303,Bidhannagar Pc,12.0,23.0,5.0,78.0,29.0,3.0,12.0,0.0,0.0,269.0,8.0,6.0,6.0,0.0,33.0,5.0,0.0,0.0,0.0,0.0,398.0,8.0,95.0,1.0,711.0
2017,West Bengal,19,Paschim Bardhaman,704,Asansol-Durgapur Pc,74.0,55.0,13.0,59.0,105.0,4.0,0.0,90.0,37.0,411.0,17.0,0.0,9.0,0.0,2.0,89.0,24.0,0.0,5.0,1.0,316.0,11.0,106.0,0.0,354.0
2017,West Bengal,19,Paschim Medinipur,318,Kharagpur Grp,6.0,0.0,0.0,7.0,0.0,0.0,0.0,0.0,0.0,2.0,1.0,0.0,3.0,0.0,0.0,0.0,0.0,0.0,0.0,0.0,3.0,0.0,0.0,0.0,1.0
2017,West Bengal,19,Paschim Medinipur,318,Paschim Medinipur,107.0,173.0,34.0,352.0,188.0,7.0,0.0,0.0,0.0,450.0,17.0,3.0,7.0,0.0,13.0,2.0,0.0,0.0,0.0,0.0,86.0,19.0,22.0,5.0,828.0
2017,West Bengal,19,Purba Bardhaman,306,Purba Bardhaman,88.0,90.0,78.0,120.0,309.0,0.0,0.0,199.0,62.0,471.0,35.0,1.0,28.0,0.0,4.0,10.0,0.0,0.0,0.0,0.0,282.0,19.0,3.0,7.0,2797.0
2017,West Bengal,19,Purba Medinipur,317,Purab Medinipur,91.0,111.0,35.0,99.0,158.0,2.0,13.0,0.0,0.0,709.0,14.0,3.0,17.0,0.0,28.0,3.0,0.0,0.0,0.0,0.0,58.0,26.0,33.0,0.0,2792.0
2017,West Bengal,19,Purulia,321,Purulia,72.0,64.0,7.0,146.0,45.0,0.0,0.0,66.0,46.0,162.0,11.0,0.0,8.0,0.0,11.0,5.0,0.0,2.0,0.0,1.0,29.0,6.0,0.0,0.0,295.0
2017,West Bengal,19,South 24 Parganas,304,Baruipur Police,101.0,163.0,72.0,114.0,356.0,0.0,0.0,0.0,0.0,1500.0,24.0,1.0,7.0,0.0,69.0,25.0,2.0,0.0,0.0,0.0,449.0,16.0,25.0,0.0,4074.0
2017,West Bengal,19,South 24 Parganas,304,Diamond Harbour Police,67.0,126.0,20.0,186.0,94.0,4.0,4.0,0.0,2.0,728.0,10.0,3.0,0.0,0.0,2.0,31.0,2.0,0.0,0.0,0.0,128.0,13.0,7.0,2.0,763.0
2017,West Bengal,19,South 24 Parganas,304,Sundarban Police,50.0,60.0,25.0,41.0,63.0,1.0,8.0,0.0,0.0,631.0,6.0,4.0,4.0,0.0,0.0,36.0,0.0,0.0,0.0,0.0,84.0,6.0,3.0,0.0,104.0
2017,West Bengal,19,Uttar Dinajpur,311,Uttar Dinajpur,86.0,140.0,63.0,23.0,207.0,1.0,4.0,0.0,9.0,271.0,6.0,0.0,14.0,0.0,50.0,16.0,0.0,4.0,1.0,10.0,114.0,33.0,6.0,2.0,304.0
2018,Andaman And Nicobar Islands,35,Nicobars,603,Nicobar,2.0,20.0,0.0,0.0,1.0,0.0,0.0,22.0,21.0,0.0,0.0,0.0,0.0,0.0,0.0,0.0,0.0,0.0,0.0,0.0,0.0,0.0,0.0,0.0,1.0
2018,Andaman And Nicobar Islands,35,North And Middle Andaman,632,North & Middle Andaman,2.0,10.0,0.0,0.0,0.0,0.0,0.0,0.0,0.0,0.0,0.0,0.0,0.0,0.0,0.0,0.0,0.0,0.0,0.0,0.0,0.0,1.0,0.0,0.0,2.0
2018,Andaman And Nicobar Islands,35,North And Middle Andaman,632,North And Middle Andaman,0.0,2.0,0.0,0.0,7.0,0.0,0.0,48.0,23.0,0.0,0.0,0.0,1.0,1.0,2.0,0.0,0.0,0.0,0.0,0.0,0.0,0.0,0.0,0.0,0.0
2018,Andaman And Nicobar Islands,35,North And Middle Andaman,632,North Andmiddle Andaman,0.0,29.0,2.0,10.0,0.0,0.0,0.0,0.0,0.0,3.0,0.0,0.0,1.0,0.0,0.0,0.0,0.0,0.0,0.0,0.0,0.0,0.0,0.0,0.0,0.0
2018,Andaman And Nicobar Islands,35,South Andamans,602,South Andaman,7.0,52.0,12.0,36.0,28.0,0.0,0.0,92.0,25.0,1.0,0.0,0.0,2.0,2.0,17.0,10.0,2.0,3.0,0.0,2.0,19.0,5.0,2.0,0.0,6.0
2018,Andhra Pradesh,28,Anantapur,502,Anantapur,10.0,63.0,37.0,296.0,30.0,0.0,2.0,246.0,5.0,241.0,12.0,0.0,34.0,15.0,0.0,0.0,0.0,0.0,0.0,0.0,0.0,0.0,0.0,12.0,0.0
2018,Andhra Pradesh,28,Anantapur,502,Guntakal Railway,0.0,2.0,1.0,5.0,0.0,0.0,0.0,2.0,1.0,1.0,1.0,0.0,0.0,0.0,0.0,0.0,0.0,0.0,0.0,0.0,0.0,0.0,0.0,0.0,0.0
2018,Andhra Pradesh,28,Ananthapuramu,502,Anantapur,114.0,48.0,0.0,0.0,0.0,2.0,1.0,0.0,0.0,0.0,0.0,0.0,0.0,0.0,89.0,92.0,11.0,3.0,13.0,2.0,95.0,4.0,37.0,0.0,130.0
2018,Andhra Pradesh,28,Ananthapuramu,502,Guntakal Railway,3.0,1.0,0.0,0.0,0.0,0.0,0.0,0.0,0.0,0.0,0.0,0.0,0.0,0.0,3.0,0.0,0.0,0.0,0.0,0.0,5.0,12.0,0.0,0.0,2.0
2018,Andhra Pradesh,28,Chittoor,503,Chittoor,63.0,71.0,16.0,187.0,7.0,2.0,2.0,77.0,12.0,205.0,8.0,0.0,28.0,1.0,11.0,13.0,2.0,2.0,0.0,3.0,146.0,7.0,2.0,0.0,864.0
2018,Andhra Pradesh,28,East Godavari,505,East Godavari,62.0,210.0,63.0,476.0,37.0,0.0,0.0,105.0,20.0,471.0,7.0,0.0,22.0,4.0,113.0,24.0,4.0,1.0,1.0,1.0,279.0,17.0,15.0,11.0,706.0
2018,Andhra Pradesh,28,East Godavari,505,Rajahmundry,23.0,63.0,15.0,125.0,52.0,0.0,5.0,75.0,9.0,220.0,3.0,0.0,10.0,12.0,74.0,45.0,20.0,5.0,0.0,0.0,107.0,14.0,1.0,9.0,194.0
2018,Andhra Pradesh,28,Guntur,506,Guntur,90.0,210.0,82.0,649.0,144.0,0.0,0.0,233.0,0.0,748.0,10.0,0.0,32.0,0.0,152.0,108.0,31.0,10.0,13.0,0.0,584.0,20.0,0.0,11.0,469.0
2018,Andhra Pradesh,28,Guntur,506,Guntur Urban,31.0,112.0,38.0,275.0,97.0,0.0,4.0,126.0,3.0,567.0,10.0,0.0,17.0,1.0,48.0,112.0,35.0,1.0,4.0,3.0,338.0,21.0,35.0,28.0,650.0
2018,Andhra Pradesh,28,Krishna,510,Krishna,41.0,170.0,57.0,544.0,209.0,0.0,0.0,220.0,0.0,702.0,7.0,2.0,15.0,0.0,56.0,51.0,17.0,0.0,6.0,0.0,292.0,8.0,5.0,7.0,1520.0
2018,Andhra Pradesh,28,Kurnool,511,Kurnool,90.0,31.0,6.0,752.0,31.0,22.0,0.0,98.0,37.0,178.0,313.0,1.0,66.0,0.0,57.0,40.0,0.0,0.0,0.0,0.0,323.0,23.0,7.0,34.0,46.0
2018,Andhra Pradesh,28,Ntr,749,Vijayawada City,17.0,109.0,31.0,541.0,59.0,2.0,46.0,238.0,1.0,537.0,10.0,0.0,21.0,13.0,137.0,353.0,131.0,4.0,33.0,6.0,535.0,25.0,63.0,4.0,382.0
2018,Andhra Pradesh,28,Ntr,749,Vijayawada Railway,3.0,0.0,0.0,16.0,5.0,0.0,0.0,5.0,0.0,1.0,0.0,0.0,6.0,0.0,7.0,0.0,0.0,0.0,0.0,0.0,2.0,6.0,0.0,0.0,13.0
2018,Andhra Pradesh,28,Prakasam,517,Prakasham,89.0,302.0,83.0,795.0,92.0,0.0,20.0,224.0,65.0,542.0,5.0,0.0,36.0,4.0,0.0,102.0,14.0,6.0,14.0,8.0,243.0,22.0,63.0,1.0,149.0
2018,Andhra Pradesh,28,Spsr Nellore,515,Nellore,0.0,69.0,69.0,377.0,30.0,0.0,1.0,94.0,0.0,418.0,4.0,0.0,25.0,0.0,0.0,0.0,0.0,0.0,0.0,0.0,0.0,0.0,0.0,8.0,0.0
2018,Andhra Pradesh,28,Sri Potti Sriramulu Nellore,515,Nellore,72.0,68.0,0.0,0.0,0.0,0.0,1.0,0.0,0.0,0.0,0.0,0.0,0.0,0.0,34.0,76.0,10.0,2.0,0.0,0.0,210.0,56.0,8.0,0.0,945.0
2018,Andhra Pradesh,28,Srikakulam,519,Srikakulam,18.0,97.0,33.0,154.0,41.0,0.0,0.0,114.0,6.0,166.0,9.0,0.0,23.0,2.0,21.0,71.0,14.0,6.0,10.0,0.0,82.0,0.0,6.0,0.0,397.0
2018,Andhra Pradesh,28,Tirupati,752,Tirupathi Urban,24.0,44.0,13.0,105.0,8.0,0.0,16.0,47.0,0.0,83.0,6.0,0.0,7.0,0.0,39.0,77.0,24.0,0.0,6.0,0.0,249.0,7.0,6.0,4.0,142.0
2018,Andhra Pradesh,28,Visakhapatanam,520,Visakha Rural,0.0,39.0,17.0,168.0,36.0,0.0,0.0,118.0,0.0,106.0,5.0,0.0,8.0,0.0,0.0,0.0,0.0,0.0,0.0,0.0,0.0,0.0,0.0,0.0,0.0
2018,Andhra Pradesh,28,Visakhapatanam,520,Visakhapatnam,3.0,32.0,0.0,14.0,198.0,0.0,1.0,275.0,17.0,0.0,0.0,0.0,0.0,1.0,0.0,0.0,0.0,0.0,0.0,0.0,0.0,0.0,0.0,0.0,0.0
2018,Andhra Pradesh,28,Visakhapatnam,520,Visakha Rural,39.0,39.0,0.0,0.0,0.0,0.0,0.0,0.0,0.0,0.0,0.0,0.0,0.0,0.0,32.0,0.0,0.0,0.0,0.0,0.0,78.0,4.0,1.0,0.0,382.0
2018,Andhra Pradesh,28,Visakhapatnam,520,Visakhapatnam,35.0,143.0,32.0,420.0,81.0,0.0,3.0,0.0,0.0,634.0,5.0,1.0,5.0,0.0,128.0,569.0,55.0,260.0,14.0,0.0,581.0,29.0,74.0,15.0,696.0
2018,Andhra Pradesh,28,Vizianagaram,521,Vizianagaram,31.0,74.0,13.0,135.0,14.0,0.0,2.0,55.0,6.0,186.0,6.0,0.0,8.0,5.0,31.0,99.0,42.0,4.0,0.0,1.0,139.0,1.0,10.0,0.0,1137.0
2018,Andhra Pradesh,28,West Godavari,523,West Godavari,53.0,201.0,19.0,356.0,54.0,1.0,0.0,260.0,171.0,551.0,14.0,0.0,25.0,9.0,158.0,158.0,35.0,3.0,17.0,1.0,524.0,16.0,17.0,16.0,321.0
2018,Andhra Pradesh,28,Y.S.R.,504,Cuddapah,68.0,76.0,22.0,214.0,18.0,4.0,6.0,60.0,11.0,274.0,25.0,1.0,32.0,0.0,33.0,6.0,1.0,0.0,1.0,0.0,230.0,11.0,35.0,0.0,1310.0
2018,Arunachal Pradesh,12,Anjaw,628,Anjaw,1.0,2.0,1.0,2.0,0.0,0.0,0.0,1.0,0.0,1.0,0.0,0.0,0.0,0.0,0.0,0.0,0.0,0.0,0.0,0.0,1.0,1.0,0.0,0.0,8.0
2018,Arunachal Pradesh,12,Changlang,229,Changlang,5.0,4.0,2.0,10.0,2.0,1.0,0.0,9.0,0.0,0.0,0.0,0.0,0.0,0.0,2.0,0.0,0.0,0.0,0.0,0.0,3.0,5.0,0.0,0.0,3.0
2018,Arunachal Pradesh,12,Dibang Valley,230,Dibang Valley,0.0,2.0,1.0,0.0,0.0,0.0,0.0,1.0,0.0,0.0,0.0,0.0,0.0,0.0,0.0,0.0,0.0,0.0,0.0,0.0,0.0,0.0,0.0,0.0,5.0
2018,Arunachal Pradesh,12,East Kameng,231,Kameng East,7.0,11.0,1.0,5.0,10.0,0.0,1.0,6.0,1.0,2.0,0.0,0.0,0.0,0.0,0.0,0.0,0.0,0.0,0.0,0.0,7.0,2.0,0.0,0.0,11.0
2018,Arunachal Pradesh,12,East Kameng,231,Kameng West,1.0,2.0,0.0,0.0,1.0,0.0,0.0,5.0,0.0,0.0,0.0,0.0,0.0,0.0,0.0,0.0,0.0,0.0,0.0,0.0,0.0,0.0,0.0,0.0,0.0
2018,Arunachal Pradesh,12,East Siang,232,Siang East,3.0,25.0,8.0,21.0,38.0,0.0,0.0,37.0,0.0,1.0,0.0,0.0,1.0,0.0,15.0,1.0,0.0,0.0,0.0,0.0,9.0,2.0,2.0,0.0,37.0
2018,Arunachal Pradesh,12,Kamle,718,Kamle,2.0,2.0,0.0,0.0,0.0,0.0,0.0,2.0,2.0,0.0,0.0,0.0,0.0,0.0,0.0,0.0,0.0,0.0,0.0,0.0,0.0,0.0,1.0,0.0,5.0
2018,Arunachal Pradesh,12,Kurung Kumey,233,Kurung Kumey,3.0,2.0,0.0,2.0,1.0,0.0,0.0,1.0,0.0,2.0,0.0,0.0,0.0,0.0,0.0,0.0,0.0,0.0,0.0,0.0,2.0,0.0,0.0,0.0,12.0
2018,Arunachal Pradesh,12,Leparada,724,Leparada,0.0,2.0,0.0,2.0,0.0,0.0,0.0,0.0,0.0,1.0,0.0,0.0,0.0,0.0,0.0,0.0,0.0,0.0,0.0,0.0,1.0,1.0,0.0,0.0,5.0
2018,Arunachal Pradesh,12,Lohit,234,Lohit,9.0,2.0,1.0,4.0,23.0,0.0,0.0,13.0,0.0,3.0,0.0,0.0,0.0,0.0,6.0,0.0,0.0,0.0,0.0,0.0,1.0,2.0,0.0,0.0,13.0
2018,Arunachal Pradesh,12,Longding,666,Longding,4.0,8.0,4.0,3.0,0.0,0.0,0.0,7.0,0.0,0.0,0.0,0.0,0.0,0.0,0.0,0.0,0.0,0.0,0.0,0.0,1.0,1.0,0.0,0.0,0.0
2018,Arunachal Pradesh,12,Lower Dibang Valley,235,Lower Dibang Valley,2.0,9.0,0.0,0.0,0.0,0.0,0.0,5.0,5.0,0.0,0.0,0.0,0.0,0.0,0.0,0.0,0.0,0.0,0.0,0.0,2.0,4.0,0.0,0.0,5.0
2018,Arunachal Pradesh,12,Lower Siang,719,Lower Siang,0.0,2.0,1.0,2.0,1.0,0.0,0.0,3.0,0.0,1.0,0.0,0.0,0.0,0.0,0.0,0.0,0.0,0.0,0.0,0.0,0.0,1.0,0.0,0.0,5.0
2018,Arunachal Pradesh,12,Lower Subansiri,236,Subansiri Lower,2.0,0.0,0.0,0.0,0.0,0.0,0.0,0.0,0.0,1.0,0.0,0.0,0.0,0.0,0.0,0.0,0.0,0.0,0.0,0.0,5.0,0.0,0.0,0.0,18.0
2018,Arunachal Pradesh,12,Namsai,678,Namsai,10.0,12.0,1.0,5.0,0.0,1.0,0.0,5.0,0.0,6.0,0.0,0.0,0.0,0.0,0.0,0.0,0.0,0.0,0.0,0.0,6.0,8.0,0.0,0.0,18.0
2018,Arunachal Pradesh,12,Papum Pare,237,Crime Branch,0.0,0.0,0.0,1.0,0.0,0.0,0.0,0.0,0.0,0.0,0.0,0.0,0.0,0.0,0.0,2.0,0.0,1.0,0.0,0.0,1.0,0.0,1.0,0.0,0.0
2018,Arunachal Pradesh,12,Papum Pare,237,Papum Pare City,7.0,18.0,1.0,38.0,45.0,0.0,1.0,35.0,7.0,40.0,0.0,0.0,0.0,3.0,5.0,4.0,0.0,0.0,0.0,4.0,25.0,31.0,1.0,0.0,41.0
2018,Arunachal Pradesh,12,Papum Pare,237,Papum Pare Rural,4.0,0.0,0.0,2.0,0.0,0.0,0.0,4.0,0.0,0.0,0.0,0.0,0.0,1.0,0.0,0.0,0.0,0.0,0.0,0.0,4.0,2.0,1.0,0.0,18.0
2018,Arunachal Pradesh,12,Siang,679,Siang,1.0,6.0,2.0,3.0,0.0,0.0,0.0,2.0,0.0,0.0,0.0,0.0,0.0,0.0,0.0,0.0,0.0,0.0,0.0,0.0,0.0,0.0,0.0,0.0,8.0
2018,Arunachal Pradesh,12,Tawang,238,Tawang,0.0,0.0,0.0,2.0,0.0,0.0,0.0,1.0,1.0,0.0,0.0,0.0,0.0,0.0,0.0,0.0,0.0,0.0,0.0,0.0,2.0,0.0,0.0,0.0,13.0
2018,Arunachal Pradesh,12,Tirap,239,Tirap,1.0,6.0,0.0,3.0,0.0,2.0,0.0,1.0,1.0,1.0,0.0,0.0,0.0,0.0,1.0,0.0,0.0,0.0,0.0,0.0,0.0,3.0,1.0,0.0,4.0
2018,Arunachal Pradesh,12,Upper Siang,240,Siang Upper,1.0,13.0,2.0,3.0,0.0,0.0,0.0,5.0,3.0,0.0,0.0,0.0,0.0,0.0,0.0,0.0,0.0,0.0,0.0,0.0,0.0,0.0,0.0,0.0,7.0
2018,Arunachal Pradesh,12,Upper Subansiri,241,Subansiri Upper,4.0,7.0,0.0,7.0,4.0,0.0,0.0,10.0,4.0,0.0,0.0,0.0,2.0,1.0,2.0,0.0,0.0,0.0,0.0,0.0,1.0,1.0,2.0,0.0,7.0
2018,Arunachal Pradesh,12,West Kameng,242,Kameng West,2.0,2.0,2.0,5.0,4.0,0.0,0.0,0.0,0.0,2.0,0.0,0.0,0.0,0.0,0.0,0.0,0.0,0.0,0.0,0.0,2.0,2.0,3.0,0.0,5.0
2018,Arunachal Pradesh,12,West Siang,243,Siang West,2.0,21.0,7.0,9.0,6.0,0.0,0.0,13.0,0.0,1.0,0.0,0.0,0.0,0.0,6.0,0.0,0.0,0.0,0.0,0.0,1.0,2.0,1.0,0.0,11.0
2018,Assam,18,Baksa,616,Baksa,27.0,83.0,11.0,64.0,134.0,0.0,1.0,60.0,38.0,102.0,2.0,0.0,0.0,0.0,5.0,38.0,0.0,2.0,0.0,26.0,46.0,25.0,8.0,0.0,0.0
2018,Assam,18,Barpeta,280,Barpeta,57.0,342.0,0.0,200.0,43.0,3.0,14.0,198.0,120.0,0.0,914.0,1.0,0.0,0.0,0.0,262.0,0.0,0.0,0.0,0.0,282.0,54.0,67.0,0.0,2558.0
2018,Assam,18,Biswanath,705,Biswanath,47.0,80.0,7.0,63.0,51.0,0.0,28.0,172.0,39.0,157.0,5.0,0.0,4.0,0.0,0.0,0.0,0.0,0.0,0.0,0.0,21.0,9.0,20.0,0.0,55.0
2018,Assam,18,Bongaigaon,281,Bongaigaon,32.0,134.0,25.0,108.0,129.0,4.0,8.0,148.0,50.0,265.0,10.0,0.0,0.0,0.0,0.0,35.0,0.0,0.0,0.0,0.0,141.0,44.0,0.0,0.0,534.0
2018,Assam,18,Cachar,282,Cachar,74.0,177.0,0.0,77.0,48.0,0.0,0.0,396.0,53.0,620.0,12.0,0.0,6.0,0.0,0.0,100.0,0.0,0.0,0.0,0.0,40.0,40.0,48.0,5.0,1283.0
2018,Assam,18,Charaideo,708,Charaideo,27.0,57.0,0.0,21.0,51.0,0.0,1.0,70.0,28.0,72.0,4.0,0.0,3.0,0.0,0.0,12.0,0.0,0.0,0.0,6.0,21.0,8.0,1.0,0.0,35.0
2018,Assam,18,Chirang,612,Chirang,26.0,71.0,9.0,22.0,75.0,4.0,9.0,45.0,31.0,89.0,0.0,0.0,1.0,0.0,0.0,13.0,0.0,0.0,0.0,0.0,32.0,2.0,6.0,0.0,0.0
2018,Assam,18,Darrang,283,Darrang,26.0,156.0,29.0,483.0,278.0,0.0,18.0,132.0,37.0,493.0,6.0,0.0,10.0,0.0,5.0,59.0,0.0,0.0,0.0,118.0,206.0,33.0,15.0,0.0,14.0
2018,Assam,18,Dhemaji,284,Dhemaji,21.0,71.0,6.0,114.0,65.0,1.0,7.0,58.0,35.0,152.0,5.0,0.0,7.0,1.0,0.0,14.0,0.0,1.0,0.0,2.0,77.0,29.0,0.0,0.0,45.0
2018,Assam,18,Dhubri,285,Dhubri,24.0,271.0,62.0,427.0,423.0,12.0,11.0,305.0,126.0,1090.0,16.0,0.0,1.0,7.0,16.0,0.0,0.0,0.0,0.0,0.0,69.0,37.0,23.0,6.0,57.0
2018,Assam,18,Dibrugarh,286,Dibrugarh,76.0,176.0,12.0,83.0,238.0,0.0,2.0,151.0,65.0,386.0,54.0,0.0,0.0,0.0,0.0,192.0,0.0,8.0,19.0,54.0,192.0,36.0,16.0,0.0,1771.0
2018,Assam,18,Dima Hasao,299,Dima Hasao,11.0,12.0,0.0,1.0,23.0,1.0,0.0,13.0,9.0,6.0,0.0,0.0,0.0,0.0,0.0,16.0,0.0,0.0,1.0,0.0,8.0,9.0,2.0,0.0,13.0
2018,Assam,18,Goalpara,287,Goalpara,40.0,124.0,114.0,61.0,132.0,0.0,8.0,92.0,40.0,390.0,10.0,0.0,0.0,0.0,39.0,47.0,0.0,0.0,0.0,0.0,154.0,34.0,2.0,0.0,110.0
2018,Assam,18,Golaghat,288,Golaghat,57.0,139.0,13.0,133.0,464.0,0.0,8.0,210.0,47.0,389.0,6.0,0.0,0.0,0.0,0.0,64.0,0.0,13.0,0.0,45.0,126.0,55.0,0.0,2.0,431.0
2018,Assam,18,Hailakandi,289,Hailakandi,21.0,237.0,23.0,130.0,106.0,2.0,1.0,58.0,26.0,336.0,4.0,0.0,0.0,0.0,0.0,17.0,0.0,1.0,0.0,6.0,66.0,122.0,18.0,0.0,46.0
2018,Assam,18,Hojai,709,Hojai,30.0,163.0,31.0,209.0,297.0,0.0,18.0,205.0,62.0,437.0,9.0,0.0,1.0,0.0,6.0,38.0,0.0,1.0,0.0,18.0,180.0,15.0,11.0,3.0,85.0
2018,Assam,18,Jorhat,290,Jorhat,40.0,113.0,11.0,207.0,196.0,2.0,2.0,73.0,35.0,464.0,1.0,0.0,0.0,0.0,0.0,104.0,0.0,0.0,0.0,0.0,443.0,33.0,8.0,0.0,1385.0
2018,Assam,18,Kamrup,291,Kamrup,72.0,254.0,26.0,309.0,329.0,13.0,12.0,198.0,95.0,491.0,12.0,2.0,10.0,0.0,16.0,113.0,0.0,13.0,8.0,5.0,121.0,59.0,0.0,1.0,1026.0
2018,Assam,18,Kamrup Metro,618,Bieo,0.0,0.0,0.0,0.0,0.0,0.0,0.0,0.0,0.0,0.0,0.0,0.0,0.0,0.0,0.0,0.0,0.0,0.0,0.0,0.0,0.0,0.0,2.0,0.0,0.0
2018,Assam,18,Kamrup Metro,618,Cid,0.0,0.0,0.0,0.0,0.0,0.0,0.0,0.0,0.0,0.0,0.0,0.0,0.0,0.0,0.0,0.0,0.0,0.0,0.0,0.0,15.0,0.0,0.0,0.0,3.0
2018,Assam,18,Kamrup Metro,618,Grp,26.0,4.0,2.0,11.0,7.0,1.0,19.0,12.0,0.0,0.0,0.0,0.0,0.0,0.0,2.0,0.0,0.0,0.0,0.0,0.0,12.0,4.0,0.0,0.0,32.0
2018,Assam,18,Kamrup Metro,618,Guwahati City,105.0,182.0,13.0,299.0,648.0,0.0,16.0,602.0,118.0,774.0,49.0,0.0,17.0,0.0,0.0,468.0,0.0,40.0,13.0,155.0,1338.0,471.0,260.0,12.0,74.0
2018,Assam,18,Kamrup Metro,618,Rpo,0.0,8.0,0.0,0.0,7.0,0.0,2.0,0.0,0.0,9.0,0.0,0.0,0.0,0.0,0.0,0.0,0.0,0.0,0.0,0.0,8.0,1.0,0.0,0.0,22.0
2018,Assam,18,Kamrup Metro,618,Sou,0.0,0.0,0.0,0.0,0.0,0.0,0.0,0.0,0.0,0.0,0.0,0.0,0.0,0.0,0.0,1.0,0.0,0.0,0.0,0.0,0.0,0.0,0.0,0.0,0.0
2018,Assam,18,Kamrup Metro,618,Stf,0.0,0.0,0.0,0.0,0.0,0.0,0.0,0.0,0.0,0.0,0.0,0.0,0.0,0.0,0.0,0.0,0.0,0.0,0.0,0.0,0.0,0.0,0.0,0.0,0.0
2018,Assam,18,Karbi Anglong,292,Karbi Anglong,23.0,47.0,1.0,72.0,96.0,22.0,16.0,103.0,11.0,118.0,0.0,0.0,0.0,18.0,10.0,31.0,6.0,4.0,2.0,6.0,77.0,4.0,1.0,0.0,253.0
2018,Assam,18,Karimganj,293,Karimganj,45.0,235.0,0.0,201.0,183.0,6.0,0.0,138.0,40.0,270.0,4.0,0.0,0.0,0.0,11.0,429.0,127.0,2.0,3.0,25.0,254.0,28.0,123.0,0.0,654.0
2018,Assam,18,Kokrajhar,294,Kokrajhar,39.0,160.0,4.0,73.0,114.0,0.0,7.0,106.0,48.0,164.0,11.0,0.0,0.0,0.0,0.0,0.0,0.0,0.0,0.0,0.0,79.0,13.0,0.0,0.0,0.0
2018,Assam,18,Lakhimpur,295,Lakhimpur,30.0,186.0,15.0,128.0,126.0,0.0,30.0,264.0,108.0,410.0,26.0,0.0,5.0,1.0,0.0,19.0,0.0,0.0,1.0,34.0,184.0,33.0,15.0,1.0,148.0
2018,Assam,18,Majuli,706,Majuli,4.0,6.0,0.0,11.0,4.0,0.0,0.0,6.0,0.0,14.0,0.0,0.0,1.0,0.0,0.0,6.0,0.0,0.0,0.0,0.0,11.0,1.0,0.0,0.0,6.0
2018,Assam,18,Marigaon,296,Morigaon,35.0,324.0,40.0,40.0,538.0,2.0,20.0,248.0,84.0,510.0,33.0,0.0,0.0,0.0,0.0,0.0,0.0,0.0,0.0,0.0,214.0,30.0,0.0,0.0,0.0
2018,Assam,18,Nagaon,297,Nagaon,78.0,315.0,47.0,366.0,542.0,4.0,22.0,205.0,99.0,1115.0,82.0,0.0,2.0,0.0,0.0,0.0,0.0,0.0,0.0,0.0,0.0,170.0,0.0,5.0,6.0
2018,Assam,18,Nalbari,298,Nalbari,32.0,113.0,0.0,103.0,140.0,2.0,0.0,71.0,51.0,247.0,1.0,0.0,0.0,3.0,0.0,22.0,0.0,0.0,0.0,44.0,0.0,71.0,70.0,0.0,88.0
2018,Assam,18,Sivasagar,300,Sibsagar,52.0,166.0,10.0,166.0,228.0,0.0,2.0,180.0,49.0,349.0,6.0,0.0,0.0,0.0,42.0,62.0,0.0,0.0,0.0,68.0,25.0,26.0,45.0,2.0,561.0
2018,Assam,18,Sonitpur,301,Sonitpur,48.0,176.0,5.0,0.0,383.0,5.0,30.0,460.0,56.0,406.0,0.0,0.0,0.0,0.0,0.0,86.0,0.0,0.0,0.0,0.0,194.0,33.0,0.0,1.0,2068.0
2018,Assam,18,South Salmara Mancachar,707,South Salmara,15.0,256.0,40.0,56.0,78.0,1.0,4.0,122.0,40.0,485.0,7.0,0.0,0.0,2.0,0.0,20.0,0.0,0.0,0.0,0.0,26.0,4.0,2.0,0.0,132.0
2018,Assam,18,Tinsukia,302,Sadia,10.0,14.0,0.0,17.0,25.0,0.0,3.0,22.0,6.0,13.0,7.0,0.0,0.0,0.0,0.0,5.0,0.0,0.0,0.0,5.0,0.0,10.0,0.0,0.0,35.0
2018,Assam,18,Tinsukia,302,Tinsukia,57.0,107.0,51.0,49.0,200.0,2.0,2.0,234.0,43.0,249.0,2.0,0.0,9.0,0.0,0.0,115.0,0.0,46.0,0.0,0.0,128.0,93.0,0.0,0.0,363.0
2018,Assam,18,Udalguri,617,Udalguri,33.0,60.0,7.0,72.0,92.0,0.0,20.0,62.0,34.0,67.0,4.0,0.0,0.0,0.0,9.0,16.0,0.0,0.0,0.0,0.0,38.0,17.0,0.0,0.0,130.0
2018,Assam,18,West Karbi Anglong,710,Hamren,6.0,9.0,0.0,6.0,8.0,0.0,0.0,28.0,10.0,10.0,9.0,0.0,0.0,0.0,0.0,4.0,0.0,0.0,0.0,0.0,5.0,4.0,0.0,0.0,96.0
2018,Bihar,10,Araria,188,Araria,61.0,182.0,0.0,5.0,226.0,0.0,0.0,166.0,39.0,34.0,87.0,0.0,0.0,0.0,0.0,22.0,11.0,0.0,0.0,0.0,65.0,57.0,32.0,3.0,11.0
2018,Bihar,10,Arwal,611,Arwal,9.0,31.0,0.0,2.0,41.0,2.0,0.0,68.0,7.0,6.0,29.0,0.0,0.0,20.0,4.0,2.0,1.0,0.0,0.0,0.0,21.0,10.0,16.0,0.0,1.0
2018,Bihar,10,Aurangabad,189,Aurangabad,50.0,59.0,0.0,5.0,66.0,0.0,1.0,144.0,67.0,40.0,76.0,0.0,1.0,27.0,0.0,0.0,0.0,0.0,0.0,0.0,80.0,8.0,8.0,0.0,0.0
2018,Bihar,10,Banka,190,Banka,75.0,127.0,1.0,4.0,191.0,0.0,1.0,147.0,22.0,41.0,67.0,0.0,0.0,0.0,14.0,0.0,0.0,0.0,0.0,0.0,76.0,28.0,43.0,0.0,0.0
2018,Bihar,10,Begusarai,191,Begusarai,118.0,191.0,15.0,11.0,245.0,1.0,1.0,217.0,43.0,38.0,107.0,0.0,0.0,0.0,11.0,0.0,0.0,0.0,0.0,0.0,120.0,118.0,38.0,0.0,0.0
2018,Bihar,10,Bhagalpur,192,Bhagalpur,65.0,277.0,1.0,19.0,272.0,1.0,1.0,268.0,71.0,82.0,156.0,0.0,0.0,0.0,86.0,0.0,0.0,0.0,0.0,0.0,200.0,60.0,63.0,0.0,2.0
2018,Bihar,10,Bhagalpur,192,Naugachia,26.0,86.0,3.0,1.0,94.0,0.0,0.0,92.0,22.0,17.0,46.0,0.0,1.0,0.0,0.0,0.0,0.0,0.0,0.0,0.0,9.0,25.0,0.0,0.0,0.0
2018,Bihar,10,Bhojpur,193,Bhojpur,115.0,109.0,0.0,8.0,153.0,2.0,0.0,198.0,75.0,40.0,208.0,0.0,0.0,0.0,0.0,12.0,6.0,0.0,0.0,0.0,121.0,28.0,89.0,0.0,6.0
2018,Bihar,10,Buxar,194,Buxar,59.0,111.0,0.0,18.0,141.0,0.0,0.0,89.0,10.0,42.0,91.0,0.0,0.0,0.0,64.0,0.0,0.0,0.0,0.0,0.0,116.0,35.0,47.0,1.0,0.0
2018,Bihar,10,Darbhanga,195,Darbhanga,66.0,234.0,6.0,5.0,320.0,0.0,0.0,264.0,56.0,55.0,157.0,0.0,0.0,0.0,0.0,18.0,9.0,0.0,0.0,0.0,260.0,53.0,231.0,2.0,9.0
2018,Bihar,10,Gaya,196,Gaya,148.0,243.0,5.0,2.0,432.0,2.0,6.0,357.0,78.0,123.0,42.0,0.0,0.0,0.0,78.0,4.0,2.0,0.0,0.0,0.0,451.0,84.0,84.0,3.0,7.0
2018,Bihar,10,Gopalganj,197,Gopalganj,91.0,134.0,0.0,0.0,208.0,1.0,0.0,221.0,25.0,53.0,44.0,0.0,0.0,39.0,174.0,22.0,11.0,0.0,0.0,0.0,160.0,37.0,5.0,0.0,11.0
2018,Bihar,10,Jamui,198,Jamui,54.0,102.0,0.0,3.0,136.0,4.0,0.0,133.0,17.0,37.0,15.0,0.0,0.0,32.0,22.0,0.0,0.0,0.0,0.0,0.0,0.0,37.0,73.0,1.0,0.0
2018,Bihar,10,Jehanabad,199,Jehanabad,47.0,62.0,5.0,12.0,143.0,2.0,0.0,112.0,31.0,19.0,27.0,0.0,0.0,12.0,35.0,0.0,0.0,0.0,0.0,0.0,85.0,31.0,10.0,0.0,0.0
2018,Bihar,10,Kaimur (Bhabua),200,Bhabhua,63.0,42.0,3.0,0.0,85.0,0.0,1.0,100.0,54.0,29.0,75.0,0.0,0.0,14.0,15.0,0.0,0.0,0.0,0.0,0.0,113.0,8.0,39.0,0.0,0.0
2018,Bihar,10,Katihar,201,Katihar,90.0,307.0,0.0,0.0,295.0,0.0,0.0,326.0,96.0,113.0,16.0,0.0,0.0,0.0,0.0,4.0,2.0,0.0,0.0,0.0,2.0,41.0,87.0,0.0,2.0
2018,Bihar,10,Katihar,201,Katihar Railway,4.0,1.0,0.0,4.0,9.0,0.0,2.0,2.0,2.0,0.0,0.0,0.0,0.0,0.0,0.0,2.0,1.0,0.0,0.0,0.0,3.0,7.0,0.0,0.0,22.0
2018,Bihar,10,Khagaria,202,Khagaria,38.0,55.0,17.0,0.0,101.0,1.0,0.0,66.0,40.0,31.0,34.0,0.0,0.0,0.0,0.0,0.0,0.0,0.0,0.0,0.0,101.0,21.0,13.0,0.0,0.0
2018,Bihar,10,Kishanganj,203,Kishanganj,32.0,75.0,0.0,0.0,115.0,0.0,0.0,70.0,26.0,34.0,70.0,0.0,0.0,0.0,0.0,2.0,1.0,0.0,0.0,0.0,63.0,12.0,7.0,3.0,3.0
2018,Bihar,10,Lakhisarai,204,Lakhisarai,44.0,39.0,4.0,0.0,67.0,0.0,0.0,62.0,55.0,44.0,3.0,0.0,0.0,4.0,21.0,0.0,0.0,0.0,0.0,0.0,42.0,18.0,0.0,0.0,0.0
2018,Bihar,10,Madhepura,205,Madhepura,82.0,102.0,0.0,2.0,178.0,0.0,0.0,181.0,24.0,66.0,11.0,0.0,0.0,54.0,0.0,0.0,0.0,0.0,0.0,0.0,52.0,60.0,0.0,0.0,3.0
2018,Bihar,10,Madhubani,206,Madhubani,76.0,169.0,0.0,1.0,297.0,1.0,3.0,179.0,83.0,80.0,210.0,0.0,0.0,0.0,0.0,0.0,0.0,0.0,0.0,0.0,84.0,35.0,20.0,0.0,0.0
2018,Bihar,10,Munger,207,Jamalpur Railway,5.0,3.0,0.0,3.0,2.0,0.0,0.0,5.0,2.0,0.0,0.0,0.0,0.0,0.0,0.0,0.0,0.0,0.0,0.0,0.0,0.0,6.0,0.0,0.0,2.0
2018,Bihar,10,Munger,207,Munger,50.0,38.0,4.0,18.0,131.0,2.0,0.0,64.0,42.0,94.0,6.0,0.0,0.0,0.0,20.0,58.0,20.0,3.0,5.0,4.0,161.0,30.0,0.0,0.0,27.0
2018,Bihar,10,Muzaffarpur,208,Muzaffarpur,146.0,362.0,1.0,61.0,648.0,5.0,2.0,532.0,141.0,236.0,121.0,0.0,0.0,0.0,59.0,66.0,33.0,0.0,0.0,0.0,193.0,153.0,3.0,0.0,37.0
2018,Bihar,10,Muzaffarpur,208,Muzaffarpur Railway,3.0,3.0,0.0,5.0,11.0,0.0,0.0,70.0,2.0,0.0,0.0,0.0,2.0,0.0,3.0,0.0,0.0,0.0,0.0,0.0,10.0,9.0,0.0,0.0,141.0
2018,Bihar,10,Nalanda,209,Nalanda,87.0,120.0,3.0,0.0,331.0,3.0,0.0,222.0,76.0,58.0,155.0,0.0,0.0,0.0,67.0,12.0,6.0,0.0,0.0,0.0,242.0,54.0,32.0,0.0,6.0
2018,Bihar,10,Nawada,210,Nawadah,53.0,56.0,0.0,3.0,98.0,2.0,0.0,72.0,65.0,47.0,14.0,0.0,0.0,0.0,18.0,12.0,6.0,0.0,0.0,0.0,63.0,36.0,140.0,0.0,6.0
2018,Bihar,10,Pashchim Champaran,211,Bagaha,22.0,20.0,0.0,1.0,41.0,0.0,2.0,24.0,21.0,21.0,14.0,0.0,0.0,0.0,0.0,0.0,0.0,0.0,0.0,0.0,48.0,7.0,25.0,1.0,0.0
2018,Bihar,10,Pashchim Champaran,211,Bettiah,48.0,50.0,0.0,0.0,164.0,0.0,0.0,146.0,96.0,82.0,165.0,0.0,0.0,0.0,6.0,46.0,23.0,0.0,0.0,0.0,158.0,7.0,83.0,0.0,114.0
2018,Bihar,10,Patna,212,Anti Terrorist Squad,0.0,0.0,0.0,0.0,0.0,0.0,0.0,0.0,0.0,0.0,0.0,0.0,0.0,0.0,0.0,0.0,0.0,0.0,0.0,0.0,0.0,0.0,0.0,0.0,0.0
2018,Bihar,10,Patna,212,Economic Offences Unit,0.0,0.0,0.0,0.0,0.0,0.0,0.0,0.0,0.0,0.0,0.0,0.0,0.0,0.0,0.0,0.0,0.0,0.0,0.0,0.0,1.0,0.0,5.0,0.0,0.0
2018,Bihar,10,Patna,212,Patna,291.0,423.0,24.0,59.0,1081.0,10.0,1.0,510.0,175.0,220.0,211.0,0.0,0.0,0.0,11.0,238.0,119.0,0.0,0.0,0.0,1262.0,240.0,15.0,23.0,119.0
2018,Bihar,10,Patna,212,Patna Railway,21.0,5.0,0.0,11.0,15.0,0.0,0.0,11.0,2.0,0.0,0.0,0.0,0.0,0.0,0.0,0.0,0.0,0.0,0.0,0.0,11.0,12.0,0.0,1.0,4.0
2018,Bihar,10,Purbi Champaran,213,Motihari,112.0,141.0,0.0,0.0,427.0,1.0,0.0,285.0,35.0,107.0,220.0,0.0,0.0,12.0,6.0,2.0,1.0,0.0,0.0,0.0,380.0,35.0,552.0,1.0,6.0
2018,Bihar,10,Purnia,214,Purnea,83.0,92.0,0.0,3.0,86.0,3.0,0.0,181.0,145.0,23.0,53.0,0.0,0.0,0.0,0.0,16.0,8.0,0.0,0.0,0.0,104.0,57.0,11.0,6.0,8.0
2018,Bihar,10,Rohtas,215,Rohtas,97.0,105.0,0.0,5.0,255.0,2.0,1.0,167.0,80.0,93.0,133.0,0.0,0.0,0.0,0.0,0.0,0.0,0.0,0.0,0.0,93.0,80.0,87.0,1.0,0.0
2018,Bihar,10,Saharsa,216,Saharsa,42.0,38.0,0.0,0.0,114.0,0.0,2.0,39.0,31.0,56.0,19.0,0.0,0.0,0.0,0.0,0.0,0.0,0.0,0.0,0.0,127.0,30.0,0.0,0.0,0.0
2018,Bihar,10,Samastipur,217,Samastipur,89.0,154.0,0.0,0.0,317.0,0.0,0.0,191.0,39.0,49.0,119.0,0.0,0.0,0.0,11.0,46.0,23.0,0.0,0.0,0.0,109.0,34.0,0.0,0.0,23.0
2018,Bihar,10,Saran,218,Saran,107.0,236.0,0.0,0.0,542.0,6.0,0.0,541.0,30.0,125.0,92.0,5.0,0.0,133.0,70.0,38.0,19.0,0.0,0.0,0.0,407.0,118.0,20.0,2.0,19.0
2018,Bihar,10,Sheikhpura,219,Sheikhpura,17.0,21.0,6.0,7.0,62.0,1.0,0.0,126.0,39.0,16.0,35.0,0.0,0.0,25.0,10.0,0.0,0.0,0.0,0.0,0.0,95.0,6.0,12.0,0.0,1.0
2018,Bihar,10,Sheohar,220,Sheohar,15.0,55.0,0.0,0.0,63.0,0.0,0.0,64.0,5.0,15.0,28.0,0.0,0.0,6.0,0.0,8.0,4.0,0.0,0.0,0.0,26.0,7.0,8.0,0.0,4.0
2018,Bihar,10,Sitamarhi,221,Sitamarhi,78.0,58.0,0.0,0.0,388.0,0.0,0.0,126.0,32.0,110.0,26.0,1.0,0.0,0.0,0.0,94.0,47.0,0.0,0.0,0.0,47.0,83.0,12.0,0.0,52.0
2018,Bihar,10,Siwan,222,Siwan,81.0,105.0,4.0,0.0,254.0,0.0,0.0,165.0,36.0,42.0,92.0,0.0,0.0,0.0,0.0,0.0,0.0,0.0,0.0,0.0,149.0,67.0,76.0,3.0,0.0
2018,Bihar,10,Supaul,223,Supaul,52.0,67.0,7.0,18.0,156.0,1.0,0.0,32.0,29.0,51.0,63.0,0.0,0.0,0.0,0.0,0.0,0.0,0.0,0.0,0.0,27.0,37.0,60.0,0.0,0.0
2018,Bihar,10,Vaishali,224,Vaishali,119.0,178.0,0.0,2.0,460.0,1.0,0.0,305.0,34.0,70.0,64.0,0.0,0.0,0.0,16.0,20.0,10.0,0.0,0.0,0.0,10.0,87.0,24.0,2.0,10.0
2018,Chandigarh,4,Chandigarh,44,Chandigarh,21.0,201.0,56.0,131.0,286.0,7.0,0.0,288.0,2.0,93.0,7.0,1.0,3.0,1.0,169.0,59.0,22.0,0.0,5.0,0.0,167.0,63.0,1.0,0.0,84.0
2018,Chhattisgarh,22,Balod,646,Balod,15.0,119.0,32.0,52.0,69.0,0.0,5.0,132.0,41.0,5.0,3.0,0.0,0.0,2.0,72.0,10.0,4.0,0.0,0.0,0.0,32.0,6.0,6.0,0.0,382.0
2018,Chhattisgarh,22,Baloda Bazar,644,Balodbazar,3.0,169.0,65.0,142.0,175.0,0.0,0.0,328.0,110.0,38.0,6.0,0.0,15.0,7.0,0.0,0.0,0.0,0.0,0.0,0.0,0.0,0.0,0.0,0.0,0.0
2018,Chhattisgarh,22,Balodabazar-Bhatapara,644,Balodbazar,20.0,101.0,0.0,0.0,0.0,0.0,0.0,0.0,0.0,0.0,0.0,0.0,0.0,0.0,170.0,5.0,0.0,0.0,0.0,4.0,68.0,13.0,0.0,0.0,18.0
2018,Chhattisgarh,22,Balrampur,649,Balrampur,0.0,60.0,0.0,7.0,47.0,0.0,6.0,188.0,68.0,0.0,0.0,0.0,0.0,0.0,0.0,0.0,0.0,0.0,0.0,0.0,0.0,0.0,0.0,0.0,0.0
2018,Chhattisgarh,22,Balrampur Ramanujganj,649,Balrampur,50.0,213.0,60.0,47.0,51.0,0.0,11.0,0.0,0.0,7.0,0.0,0.0,3.0,0.0,44.0,0.0,0.0,0.0,0.0,0.0,0.0,5.0,4.0,0.0,411.0
2018,Chhattisgarh,22,Bastar,374,Jagdalpur,27.0,125.0,27.0,44.0,81.0,0.0,2.0,156.0,40.0,7.0,0.0,0.0,0.0,15.0,84.0,0.0,0.0,0.0,0.0,0.0,21.0,8.0,0.0,0.0,440.0
2018,Chhattisgarh,22,Bemetara,650,Bemetra,14.0,91.0,18.0,63.0,93.0,0.0,0.0,149.0,30.0,17.0,1.0,0.0,5.0,0.0,45.0,8.0,3.0,0.0,0.0,0.0,20.0,5.0,0.0,0.0,687.0
2018,Chhattisgarh,22,Bijapur,636,Bizapur,32.0,20.0,6.0,7.0,12.0,0.0,0.0,34.0,0.0,0.0,0.0,0.0,0.0,0.0,0.0,0.0,0.0,0.0,0.0,0.0,0.0,7.0,0.0,0.0,86.0
2018,Chhattisgarh,22,Bilaspur,375,Bilaspur,61.0,553.0,43.0,282.0,330.0,0.0,2.0,597.0,89.0,67.0,7.0,0.0,17.0,64.0,282.0,6.0,0.0,0.0,0.0,6.0,176.0,40.0,34.0,2.0,0.0
2018,Chhattisgarh,22,Dakshin Bastar Dantewada,376,Dantewara,33.0,33.0,9.0,13.0,7.0,0.0,2.0,0.0,0.0,1.0,1.0,0.0,0.0,0.0,28.0,9.0,2.0,0.0,1.0,0.0,9.0,12.0,1.0,0.0,12.0
2018,Chhattisgarh,22,Dantewada,376,Dantewara,0.0,9.0,0.0,2.0,10.0,0.0,1.0,40.0,15.0,0.0,0.0,0.0,0.0,0.0,0.0,0.0,0.0,0.0,0.0,0.0,0.0,0.0,0.0,0.0,0.0
2018,Chhattisgarh,22,Dhamtari,377,Dhamtari,15.0,195.0,51.0,55.0,61.0,0.0,0.0,193.0,72.0,5.0,4.0,0.0,6.0,1.0,47.0,25.0,8.0,1.0,2.0,0.0,45.0,8.0,0.0,0.0,588.0
2018,Chhattisgarh,22,Durg,378,Durg,49.0,388.0,86.0,321.0,420.0,0.0,0.0,704.0,176.0,49.0,15.0,0.0,15.0,64.0,376.0,10.0,0.0,0.0,0.0,14.0,186.0,55.0,0.0,1.0,0.0
2018,Chhattisgarh,22,Gariyaband,645,Gariyaband,29.0,138.0,40.0,36.0,25.0,0.0,0.0,149.0,47.0,0.0,0.0,0.0,0.0,10.0,40.0,2.0,1.0,0.0,0.0,0.0,15.0,7.0,1.0,0.0,4.0
2018,Chhattisgarh,22,Janjgir-Champa,379,Janjgir,44.0,301.0,71.0,191.0,258.0,0.0,0.0,502.0,112.0,57.0,13.0,0.0,8.0,49.0,262.0,0.0,0.0,0.0,0.0,0.0,57.0,28.0,0.0,0.0,42.0
2018,Chhattisgarh,22,Jashpur,380,Jashpur,50.0,266.0,52.0,50.0,105.0,0.0,12.0,245.0,62.0,4.0,1.0,0.0,1.0,3.0,81.0,3.0,0.0,2.0,0.0,0.0,14.0,21.0,0.0,0.0,47.0
2018,Chhattisgarh,22,Kabeerdham,382,Kabirdham,21.0,85.0,26.0,43.0,50.0,0.0,0.0,0.0,0.0,20.0,1.0,0.0,3.0,0.0,84.0,18.0,1.0,0.0,0.0,0.0,27.0,7.0,3.0,0.0,94.0
2018,Chhattisgarh,22,Kabirdham,382,Kabirdham,2.0,26.0,0.0,15.0,76.0,0.0,0.0,188.0,41.0,0.0,0.0,0.0,1.0,10.0,0.0,0.0,0.0,0.0,0.0,0.0,0.0,0.0,0.0,0.0,0.0
2018,Chhattisgarh,22,Kanker,381,Kanker,2.0,47.0,0.0,7.0,40.0,0.0,2.0,180.0,53.0,0.0,0.0,0.0,0.0,0.0,0.0,0.0,0.0,0.0,0.0,0.0,0.0,0.0,0.0,0.0,0.0
2018,Chhattisgarh,22,Kondagaon,643,Kondagaon,30.0,84.0,26.0,22.0,55.0,0.0,0.0,86.0,31.0,1.0,0.0,0.0,0.0,0.0,6.0,0.0,0.0,0.0,0.0,0.0,11.0,4.0,2.0,0.0,0.0
2018,Chhattisgarh,22,Korba,383,Korba,43.0,237.0,44.0,144.0,153.0,2.0,2.0,270.0,78.0,22.0,5.0,0.0,5.0,5.0,133.0,16.0,0.0,1.0,0.0,10.0,96.0,49.0,0.0,0.0,30.0
2018,Chhattisgarh,22,Korea,384,Koriya,36.0,254.0,49.0,94.0,49.0,0.0,9.0,229.0,68.0,20.0,3.0,0.0,3.0,26.0,8.0,6.0,1.0,0.0,2.0,0.0,25.0,6.0,0.0,0.0,52.0
2018,Chhattisgarh,22,Mahasamund,385,Mahasamund,21.0,182.0,42.0,79.0,108.0,0.0,7.0,205.0,69.0,6.0,1.0,0.0,3.0,6.0,53.0,2.0,0.0,0.0,0.0,3.0,44.0,8.0,0.0,0.0,60.0
2018,Chhattisgarh,22,Mungeli,647,Mungali,13.0,174.0,50.0,73.0,76.0,0.0,0.0,205.0,71.0,13.0,1.0,0.0,5.0,5.0,73.0,0.0,0.0,0.0,0.0,0.0,15.0,8.0,1.0,0.0,3.0
2018,Chhattisgarh,22,Narayanpur,637,Narayanpur,19.0,36.0,8.0,9.0,17.0,0.0,0.0,39.0,10.0,1.0,0.0,0.0,0.0,1.0,17.0,0.0,0.0,0.0,0.0,0.0,1.0,8.0,0.0,0.0,0.0
2018,Chhattisgarh,22,Raigarh,386,Raigarh,70.0,362.0,45.0,194.0,256.0,2.0,9.0,334.0,72.0,28.0,6.0,0.0,0.0,8.0,76.0,4.0,0.0,1.0,0.0,6.0,121.0,42.0,0.0,0.0,127.0
2018,Chhattisgarh,22,Raipur,387,Grp Raipur,3.0,5.0,1.0,3.0,3.0,0.0,0.0,5.0,1.0,0.0,0.0,0.0,2.0,0.0,24.0,0.0,0.0,0.0,0.0,0.0,2.0,1.0,0.0,0.0,3.0
2018,Chhattisgarh,22,Raipur,387,Raipur,61.0,576.0,137.0,293.0,668.0,1.0,8.0,917.0,234.0,83.0,21.0,0.0,15.0,42.0,444.0,47.0,3.0,1.0,10.0,2.0,3.0,84.0,0.0,12.0,44.0
2018,Chhattisgarh,22,Rajnandgaon,388,Rajnandgaon,40.0,174.0,40.0,104.0,243.0,0.0,0.0,272.0,57.0,27.0,0.0,0.0,5.0,0.0,52.0,2.0,0.0,0.0,0.0,0.0,66.0,24.0,0.0,0.0,1174.0
2018,Chhattisgarh,22,Sukma,642,Sukma,42.0,25.0,5.0,9.0,5.0,0.0,0.0,21.0,5.0,2.0,0.0,0.0,0.0,0.0,19.0,0.0,0.0,0.0,0.0,0.0,4.0,10.0,0.0,0.0,12.0
2018,Chhattisgarh,22,Surajpur,648,Surajpur,44.0,339.0,82.0,89.0,51.0,0.0,0.0,320.0,115.0,7.0,4.0,0.0,5.0,13.0,115.0,17.0,2.0,0.0,2.0,0.0,13.0,6.0,6.0,0.0,21.0
2018,Chhattisgarh,22,Surguja,389,Sarguja,47.0,287.0,63.0,56.0,159.0,0.0,2.0,236.0,63.0,9.0,3.0,0.0,7.0,9.0,54.0,5.0,0.0,0.0,0.0,10.0,37.0,26.0,0.0,0.0,20.0
2018,Chhattisgarh,22,Uttar Bastar Kanker,381,Kanker,29.0,135.0,47.0,33.0,36.0,0.0,2.0,0.0,0.0,8.0,1.0,0.0,4.0,0.0,31.0,18.0,9.0,0.0,0.0,0.0,44.0,2.0,0.0,0.0,266.0
2018,Delhi,7,Central,77,Central,22.0,191.0,0.0,215.0,381.0,1.0,8.0,335.0,97.0,101.0,9.0,1.0,0.0,1.0,162.0,15.0,0.0,0.0,5.0,1.0,179.0,104.0,3.0,0.0,284.0
2018,Delhi,7,East,78,East,28.0,297.0,0.0,208.0,592.0,3.0,5.0,558.0,144.0,269.0,5.0,0.0,3.0,17.0,288.0,9.0,1.0,2.0,0.0,0.0,178.0,189.0,2.0,0.0,23.0
2018,Delhi,7,New Delhi,79,Economic Offences Wing,0.0,0.0,0.0,0.0,0.0,0.0,0.0,0.0,0.0,0.0,0.0,0.0,0.0,0.0,0.0,15.0,3.0,2.0,0.0,0.0,178.0,0.0,89.0,0.0,6.0
2018,Delhi,7,New Delhi,79,Eow,0.0,0.0,0.0,0.0,0.0,0.0,0.0,0.0,0.0,0.0,0.0,0.0,0.0,0.0,0.0,0.0,0.0,0.0,0.0,0.0,0.0,0.0,0.0,0.0,0.0
2018,Delhi,7,New Delhi,79,Igi Airport,1.0,0.0,1.0,21.0,0.0,0.0,0.0,4.0,3.0,0.0,0.0,0.0,0.0,0.0,0.0,0.0,0.0,0.0,0.0,0.0,32.0,2.0,184.0,0.0,11.0
2018,Delhi,7,New Delhi,79,New Delhi,7.0,34.0,0.0,73.0,80.0,0.0,0.0,72.0,13.0,21.0,0.0,0.0,0.0,2.0,41.0,20.0,7.0,0.0,0.0,2.0,157.0,12.0,52.0,0.0,69.0
2018,Delhi,7,New Delhi,79,Railway,4.0,4.0,0.0,9.0,28.0,0.0,0.0,30.0,4.0,0.0,0.0,0.0,0.0,0.0,18.0,0.0,0.0,0.0,0.0,0.0,9.0,14.0,0.0,0.0,16.0
2018,Delhi,7,New Delhi,79,Spuwac,0.0,0.0,0.0,0.0,0.0,0.0,0.0,0.0,0.0,87.0,0.0,0.0,0.0,0.0,0.0,0.0,0.0,0.0,0.0,0.0,0.0,0.0,0.0,0.0,0.0
2018,Delhi,7,New Delhi,79,Vigilance,0.0,0.0,0.0,0.0,0.0,0.0,0.0,0.0,0.0,0.0,0.0,0.0,0.0,0.0,0.0,0.0,0.0,0.0,0.0,0.0,0.0,0.0,0.0,0.0,0.0
2018,Delhi,7,North,80,North,29.0,130.0,0.0,160.0,388.0,0.0,2.0,403.0,50.0,164.0,3.0,0.0,1.0,0.0,164.0,18.0,4.0,0.0,1.0,4.0,76.0,89.0,0.0,0.0,253.0
2018,Delhi,7,North East,81,North-East,44.0,234.0,1.0,188.0,951.0,7.0,30.0,802.0,150.0,287.0,18.0,1.0,4.0,4.0,258.0,16.0,0.0,1.0,6.0,1.0,102.0,314.0,0.0,0.0,383.0
2018,Delhi,7,North West,82,Crime Branch,3.0,4.0,0.0,1.0,0.0,2.0,4.0,2.0,0.0,0.0,0.0,0.0,0.0,0.0,5.0,16.0,5.0,0.0,1.0,0.0,12.0,1.0,20.0,0.0,8.0
2018,Delhi,7,North West,82,Metro,1.0,0.0,0.0,28.0,3.0,0.0,0.0,4.0,1.0,0.0,0.0,0.0,0.0,0.0,20.0,0.0,0.0,0.0,0.0,0.0,14.0,1.0,0.0,0.0,3.0
2018,Delhi,7,North West,82,North-West,67.0,369.0,0.0,215.0,870.0,4.0,40.0,857.0,175.0,353.0,14.0,3.0,3.0,10.0,448.0,37.0,3.0,0.0,8.0,6.0,170.0,313.0,1.0,0.0,515.0
2018,Delhi,7,North West,82,Outer,58.0,338.0,0.0,311.0,1210.0,3.0,20.0,983.0,253.0,409.0,28.0,4.0,5.0,1.0,394.0,14.0,2.0,3.0,1.0,2.0,203.0,212.0,3.0,0.0,207.0
2018,Delhi,7,North West,82,Rohini,76.0,287.0,1.0,272.0,950.0,0.0,36.0,792.0,177.0,345.0,11.0,1.0,8.0,1.0,390.0,5.0,0.0,0.0,0.0,6.0,93.0,280.0,4.0,0.0,196.0
2018,Delhi,7,North West,82,Spl Cell,0.0,2.0,0.0,3.0,1.0,0.0,0.0,0.0,0.0,0.0,0.0,0.0,0.0,0.0,0.0,40.0,5.0,1.0,1.0,7.0,5.0,0.0,1.0,0.0,16.0
2018,Delhi,7,Shahdara,671,Shahdara,25.0,161.0,0.0,185.0,420.0,3.0,8.0,435.0,100.0,162.0,11.0,1.0,4.0,12.0,146.0,19.0,1.0,1.0,3.0,0.0,113.0,201.0,4.0,0.0,26.0
2018,Delhi,7,South,83,South,42.0,247.0,2.0,261.0,732.0,0.0,0.0,585.0,102.0,250.0,18.0,0.0,6.0,9.0,196.0,18.0,1.0,2.0,1.0,4.0,386.0,187.0,14.0,0.0,670.0
2018,Delhi,7,South East,670,South-East,54.0,293.0,3.0,301.0,788.0,3.0,0.0,656.0,150.0,175.0,18.0,1.0,2.0,1.0,177.0,24.0,3.0,2.0,2.0,4.0,256.0,167.0,3.0,0.0,207.0
2018,Delhi,7,South West,84,Dwarka,48.0,307.0,1.0,273.0,845.0,1.0,2.0,694.0,189.0,304.0,18.0,1.0,5.0,0.0,270.0,8.0,1.0,1.0,0.0,0.0,271.0,102.0,9.0,0.0,141.0
2018,Delhi,7,South West,84,South-West,21.0,256.0,1.0,262.0,589.0,2.0,5.0,488.0,112.0,109.0,8.0,0.0,0.0,0.0,153.0,11.0,1.0,1.0,1.0,0.0,171.0,86.0,12.0,0.0,157.0
2018,Delhi,7,West,85,West,38.0,261.0,1.0,271.0,505.0,1.0,24.0,546.0,121.0,382.0,7.0,2.0,8.0,2.0,106.0,17.0,4.0,0.0,1.0,0.0,235.0,194.0,1.0,1.0,95.0
2018,Goa,30,North Goa,551,Cid,0.0,8.0,2.0,17.0,2.0,0.0,40.0,10.0,0.0,0.0,0.0,0.0,1.0,1.0,0.0,38.0,11.0,9.0,0.0,7.0,24.0,0.0,0.0,0.0,12.0
2018,Goa,30,North Goa,551,North Goa,15.0,56.0,16.0,102.0,110.0,0.0,40.0,113.0,2.0,5.0,0.0,0.0,0.0,12.0,10.0,1.0,0.0,0.0,0.0,2.0,60.0,9.0,9.0,3.0,15.0
2018,Goa,30,South Goa,552,South Goa,16.0,58.0,16.0,50.0,38.0,1.0,11.0,59.0,0.0,4.0,0.0,0.0,1.0,4.0,14.0,2.0,0.0,0.0,0.0,0.0,31.0,12.0,7.0,4.0,10.0
2018,Gujarat,24,Ahmadabad,438,Ahmedabad City,103.0,390.0,0.0,214.0,269.0,9.0,0.0,733.0,337.0,645.0,1.0,6.0,41.0,20.0,424.0,357.0,117.0,50.0,0.0,7.0,710.0,396.0,42.0,14.0,532.0
2018,Gujarat,24,Ahmadabad,438,Ahmedabad Rural,37.0,51.0,0.0,16.0,4.0,0.0,1.0,53.0,36.0,34.0,0.0,0.0,14.0,1.0,45.0,7.0,0.0,0.0,0.0,0.0,22.0,27.0,32.0,0.0,136.0
2018,Gujarat,24,Ahmadabad,438,W.Rly Ahmedabad,0.0,4.0,0.0,7.0,6.0,0.0,0.0,9.0,2.0,2.0,0.0,0.0,0.0,0.0,0.0,0.0,0.0,0.0,0.0,0.0,0.0,0.0,0.0,0.0,0.0
2018,Gujarat,24,Ahmadabad,438,Western Railway Ahmedabad,0.0,1.0,0.0,0.0,0.0,0.0,0.0,0.0,0.0,0.0,0.0,0.0,0.0,0.0,5.0,0.0,0.0,0.0,0.0,0.0,1.0,10.0,1.0,0.0,4.0
2018,Gujarat,24,Amreli,439,Amreli,19.0,114.0,1.0,50.0,54.0,1.0,1.0,126.0,61.0,88.0,0.0,0.0,9.0,1.0,56.0,41.0,13.0,0.0,2.0,3.0,56.0,38.0,6.0,0.0,178.0
2018,Gujarat,24,Anand,440,Anand,21.0,31.0,0.0,19.0,36.0,0.0,0.0,101.0,129.0,46.0,0.0,0.0,4.0,1.0,59.0,7.0,0.0,3.0,0.0,3.0,27.0,20.0,16.0,2.0,74.0
2018,Gujarat,24,Arvalli,672,Arvalli,15.0,63.0,0.0,16.0,52.0,0.0,0.0,64.0,16.0,85.0,0.0,0.0,14.0,0.0,0.0,3.0,1.0,1.0,0.0,0.0,9.0,19.0,12.0,0.0,4.0
2018,Gujarat,24,Banas Kantha,441,Banaskantha,40.0,116.0,0.0,89.0,159.0,2.0,2.0,114.0,33.0,112.0,0.0,0.0,0.0,0.0,63.0,26.0,2.0,4.0,0.0,2.0,84.0,105.0,0.0,1.0,25.0
2018,Gujarat,24,Bharuch,442,Bharuch,37.0,90.0,0.0,26.0,36.0,0.0,0.0,112.0,76.0,28.0,0.0,0.0,4.0,0.0,70.0,20.0,5.0,2.0,1.0,1.0,44.0,27.0,7.0,0.0,43.0
2018,Gujarat,24,Bhavnagar,443,Bhavnagar,52.0,96.0,1.0,72.0,14.0,3.0,0.0,163.0,200.0,98.0,1.0,0.0,21.0,1.0,58.0,20.0,8.0,1.0,0.0,0.0,67.0,70.0,15.0,0.0,86.0
2018,Gujarat,24,Botad,676,Botad,10.0,38.0,0.0,6.0,12.0,0.0,0.0,50.0,34.0,10.0,0.0,0.0,1.0,0.0,16.0,9.0,2.0,0.0,1.0,2.0,4.0,9.0,1.0,0.0,17.0
2018,Gujarat,24,Chhotaudepur,668,Chhotaudepur,29.0,50.0,1.0,9.0,4.0,0.0,0.0,50.0,41.0,11.0,0.0,0.0,6.0,1.0,26.0,2.0,0.0,0.0,0.0,0.0,4.0,7.0,7.0,0.0,28.0
2018,Gujarat,24,Dang,444,Dang,5.0,9.0,0.0,3.0,2.0,0.0,0.0,6.0,3.0,0.0,0.0,0.0,1.0,0.0,1.0,0.0,0.0,0.0,0.0,0.0,3.0,0.0,1.0,0.0,0.0
2018,Gujarat,24,Devbhumi Dwarka,674,Devbhumi Dwarka,13.0,40.0,0.0,9.0,9.0,0.0,0.0,33.0,24.0,62.0,0.0,0.0,7.0,1.0,33.0,1.0,0.0,0.0,0.0,1.0,1.0,7.0,4.0,0.0,4.0
2018,Gujarat,24,Dohad,445,Dahod,42.0,149.0,0.0,26.0,11.0,0.0,0.0,128.0,113.0,16.0,0.0,0.0,17.0,0.0,21.0,9.0,1.0,2.0,0.0,1.0,23.0,64.0,0.0,0.0,1.0
2018,Gujarat,24,Gandhinagar,446,Cid Crime,0.0,0.0,0.0,1.0,0.0,0.0,0.0,0.0,0.0,0.0,0.0,0.0,0.0,0.0,0.0,0.0,0.0,0.0,0.0,0.0,9.0,0.0,3.0,0.0,0.0
2018,Gujarat,24,Gandhinagar,446,Gandhinagar,23.0,81.0,0.0,19.0,46.0,0.0,0.0,102.0,56.0,88.0,0.0,0.0,17.0,0.0,64.0,35.0,13.0,3.0,0.0,0.0,82.0,42.0,17.0,0.0,20.0
2018,Gujarat,24,Gir Somnath,675,Gir Somnath,13.0,49.0,0.0,27.0,45.0,1.0,0.0,55.0,18.0,89.0,0.0,0.0,2.0,0.0,0.0,18.0,0.0,0.0,0.0,0.0,19.0,30.0,0.0,0.0,15.0
2018,Gujarat,24,Jamnagar,447,Jamnagar,26.0,82.0,0.0,22.0,21.0,0.0,3.0,113.0,52.0,46.0,1.0,0.0,9.0,0.0,51.0,14.0,0.0,0.0,1.0,0.0,7.0,35.0,1.0,1.0,50.0
2018,Gujarat,24,Junagadh,448,Junagadh,24.0,63.0,6.0,39.0,26.0,0.0,0.0,109.0,61.0,164.0,0.0,0.0,7.0,3.0,34.0,33.0,4.0,5.0,1.0,3.0,23.0,45.0,3.0,0.0,78.0
2018,Gujarat,24,Kachchh,449,Kachchh East(G),22.0,73.0,0.0,29.0,26.0,0.0,0.0,65.0,39.0,27.0,0.0,1.0,10.0,0.0,18.0,14.0,0.0,0.0,0.0,0.0,27.0,37.0,12.0,0.0,14.0
2018,Gujarat,24,Kachchh,449,Kachchh West(B),23.0,66.0,0.0,18.0,35.0,0.0,3.0,98.0,33.0,50.0,1.0,0.0,13.0,4.0,33.0,20.0,0.0,0.0,0.0,12.0,35.0,25.0,4.0,0.0,37.0
2018,Gujarat,24,Kheda,450,Kheda,24.0,48.0,0.0,28.0,97.0,1.0,0.0,97.0,14.0,59.0,0.0,0.0,19.0,1.0,19.0,2.0,0.0,0.0,1.0,0.0,23.0,18.0,13.0,0.0,1.0
2018,Gujarat,24,Mahesana,451,Mehsana,38.0,68.0,0.0,47.0,143.0,0.0,0.0,123.0,21.0,88.0,1.0,0.0,17.0,0.0,51.0,17.0,2.0,0.0,1.0,1.0,52.0,99.0,0.0,3.0,16.0
2018,Gujarat,24,Mahisagar,669,Mahisagar,13.0,33.0,0.0,18.0,46.0,0.0,0.0,40.0,13.0,41.0,0.0,0.0,6.0,0.0,28.0,0.0,0.0,0.0,0.0,0.0,4.0,3.0,2.0,0.0,292.0
2018,Gujarat,24,Morbi,673,Morbi,33.0,57.0,0.0,11.0,21.0,0.0,0.0,62.0,33.0,33.0,0.0,1.0,9.0,1.0,6.0,14.0,1.0,2.0,1.0,0.0,3.0,16.0,1.0,1.0,24.0
2018,Gujarat,24,Narmada,452,Narmada,11.0,26.0,1.0,13.0,7.0,0.0,0.0,20.0,13.0,6.0,0.0,0.0,7.0,0.0,18.0,0.0,0.0,0.0,0.0,0.0,1.0,3.0,0.0,0.0,3.0
2018,Gujarat,24,Navsari,453,Navsari,14.0,41.0,0.0,14.0,25.0,1.0,2.0,72.0,30.0,29.0,0.0,0.0,6.0,1.0,42.0,20.0,5.0,0.0,0.0,0.0,35.0,3.0,23.0,0.0,30.0
2018,Gujarat,24,Panch Mahals,454,Panchmahal,42.0,124.0,0.0,24.0,15.0,0.0,0.0,124.0,106.0,62.0,0.0,0.0,9.0,0.0,30.0,4.0,0.0,0.0,0.0,0.0,24.0,36.0,0.0,0.0,3.0
2018,Gujarat,24,Patan,455,Patan,14.0,52.0,0.0,46.0,19.0,2.0,0.0,67.0,57.0,64.0,0.0,0.0,5.0,0.0,61.0,6.0,0.0,0.0,0.0,3.0,10.0,37.0,5.0,0.0,23.0
2018,Gujarat,24,Porbandar,456,Porbandar,16.0,24.0,0.0,7.0,29.0,0.0,0.0,39.0,12.0,37.0,0.0,0.0,5.0,1.0,21.0,8.0,2.0,1.0,1.0,0.0,13.0,10.0,2.0,0.0,86.0
2018,Gujarat,24,Rajkot,457,Rajkot City,40.0,164.0,0.0,21.0,79.0,0.0,0.0,161.0,73.0,193.0,1.0,0.0,17.0,0.0,24.0,14.0,3.0,0.0,0.0,0.0,42.0,41.0,13.0,8.0,112.0
2018,Gujarat,24,Rajkot,457,Rajkot Rural,38.0,131.0,0.0,24.0,60.0,1.0,0.0,125.0,53.0,100.0,0.0,0.0,16.0,0.0,34.0,20.0,3.0,0.0,0.0,7.0,15.0,34.0,3.0,0.0,33.0
2018,Gujarat,24,Sabar Kantha,458,Sabarkantha,21.0,42.0,0.0,40.0,55.0,0.0,0.0,84.0,28.0,71.0,0.0,0.0,13.0,0.0,4.0,60.0,21.0,3.0,4.0,0.0,82.0,55.0,10.0,0.0,58.0
2018,Gujarat,24,Surat,459,Surat City,118.0,325.0,0.0,100.0,338.0,18.0,0.0,1075.0,228.0,264.0,0.0,0.0,21.0,3.0,489.0,253.0,63.0,45.0,2.0,11.0,817.0,210.0,28.0,0.0,224.0
2018,Gujarat,24,Surat,459,Surat Rural,56.0,39.0,0.0,13.0,45.0,1.0,0.0,68.0,21.0,23.0,0.0,0.0,5.0,0.0,32.0,9.0,0.0,0.0,0.0,3.0,57.0,24.0,5.0,0.0,86.0
2018,Gujarat,24,Surendranagar,460,Surendranagar,30.0,79.0,0.0,32.0,62.0,0.0,0.0,72.0,19.0,38.0,2.0,0.0,7.0,2.0,48.0,9.0,3.0,0.0,0.0,4.0,4.0,49.0,9.0,0.0,51.0
2018,Gujarat,24,Tapi,641,Tapi,6.0,38.0,0.0,6.0,5.0,0.0,0.0,35.0,21.0,5.0,2.0,0.0,2.0,0.0,7.0,8.0,2.0,0.0,0.0,0.0,8.0,6.0,1.0,0.0,7.0
2018,Gujarat,24,Vadodara,461,Vadodara City,34.0,76.0,0.0,44.0,42.0,0.0,0.0,170.0,109.0,88.0,1.0,0.0,16.0,0.0,156.0,28.0,4.0,0.0,3.0,0.0,189.0,100.0,20.0,3.0,281.0
2018,Gujarat,24,Vadodara,461,Vadodara Rural,21.0,60.0,0.0,15.0,18.0,2.0,0.0,75.0,48.0,13.0,0.0,0.0,9.0,0.0,37.0,22.0,2.0,1.0,0.0,0.0,2.0,15.0,18.0,0.0,74.0
2018,Gujarat,24,Vadodara,461,W.Rly Vadodara,2.0,1.0,0.0,10.0,7.0,0.0,0.0,13.0,2.0,0.0,0.0,0.0,1.0,0.0,0.0,0.0,0.0,0.0,0.0,0.0,0.0,0.0,0.0,0.0,0.0
2018,Gujarat,24,Vadodara,461,Western Railway Vadodara,4.0,0.0,0.0,0.0,0.0,0.0,0.0,0.0,0.0,0.0,0.0,0.0,0.0,0.0,13.0,0.0,0.0,0.0,0.0,0.0,2.0,15.0,2.0,0.0,3.0
2018,Gujarat,24,Valsad,462,Valsad,27.0,50.0,0.0,14.0,88.0,0.0,4.0,123.0,23.0,8.0,0.0,0.0,11.0,0.0,77.0,17.0,4.0,2.0,0.0,5.0,41.0,29.0,49.0,1.0,14.0
2018,Haryana,6,Ambala,58,Ambala,38.0,140.0,0.0,86.0,135.0,0.0,2.0,91.0,74.0,159.0,7.0,0.0,8.0,0.0,25.0,26.0,0.0,0.0,0.0,0.0,70.0,7.0,17.0,0.0,541.0
2018,Haryana,6,Ambala,58,Grp,30.0,8.0,2.0,18.0,24.0,0.0,0.0,22.0,0.0,0.0,3.0,0.0,11.0,0.0,24.0,0.0,0.0,0.0,0.0,0.0,7.0,9.0,0.0,0.0,135.0
2018,Haryana,6,Bhiwani,59,Bhiwani,38.0,138.0,13.0,251.0,37.0,1.0,4.0,125.0,27.0,221.0,9.0,0.0,2.0,0.0,59.0,17.0,0.0,2.0,0.0,9.0,0.0,49.0,1.0,0.0,642.0
2018,Haryana,6,Charki Dadri,701,Charkhi Dadri,28.0,51.0,6.0,132.0,20.0,1.0,2.0,66.0,29.0,78.0,1.0,0.0,2.0,1.0,20.0,7.0,0.0,1.0,0.0,8.0,9.0,34.0,16.0,0.0,50.0
2018,Haryana,6,Faridabad,60,Faridabad,102.0,418.0,10.0,152.0,172.0,3.0,9.0,717.0,254.0,380.0,25.0,0.0,14.0,1.0,179.0,17.0,0.0,1.0,0.0,4.0,276.0,67.0,141.0,0.0,2045.0
2018,Haryana,6,Fatehabad,61,Fatehabad,39.0,121.0,2.0,157.0,84.0,0.0,3.0,210.0,84.0,103.0,3.0,0.0,8.0,0.0,56.0,8.0,0.0,1.0,0.0,5.0,17.0,25.0,1.0,0.0,88.0
2018,Haryana,6,Gurugram,62,Gurugram,83.0,395.0,11.0,289.0,361.0,3.0,1.0,523.0,192.0,335.0,24.0,0.0,18.0,0.0,78.0,169.0,0.0,20.0,0.0,21.0,379.0,61.0,1.0,20.0,1169.0
2018,Haryana,6,Gurugram,62,Irrigation And Power,0.0,0.0,0.0,0.0,0.0,0.0,0.0,0.0,0.0,0.0,0.0,0.0,0.0,0.0,0.0,0.0,0.0,0.0,0.0,0.0,0.0,0.0,0.0,0.0,449.0
2018,Haryana,6,Gurugram,62,Irrigation Andpower,0.0,0.0,0.0,0.0,0.0,0.0,0.0,0.0,0.0,0.0,0.0,0.0,0.0,0.0,0.0,0.0,0.0,0.0,0.0,0.0,0.0,0.0,0.0,0.0,0.0
2018,Haryana,6,Hisar,63,Hansi,21.0,55.0,3.0,55.0,6.0,0.0,0.0,57.0,28.0,50.0,3.0,0.0,9.0,0.0,54.0,6.0,0.0,0.0,0.0,3.0,30.0,9.0,0.0,1.0,96.0
2018,Haryana,6,Hisar,63,Hissar,45.0,152.0,3.0,123.0,9.0,2.0,0.0,209.0,65.0,168.0,8.0,1.0,4.0,1.0,44.0,54.0,1.0,1.0,2.0,10.0,83.0,23.0,9.0,0.0,425.0
2018,Haryana,6,Jhajjar,64,Jhajjar,66.0,128.0,6.0,162.0,192.0,0.0,0.0,284.0,67.0,279.0,14.0,0.0,14.0,3.0,89.0,2.0,0.0,0.0,0.0,2.0,55.0,19.0,36.0,1.0,225.0
2018,Haryana,6,Jind,65,Jind,61.0,122.0,7.0,97.0,40.0,2.0,0.0,152.0,89.0,203.0,12.0,0.0,15.0,1.0,79.0,9.0,0.0,0.0,0.0,18.0,54.0,55.0,0.0,1.0,733.0
2018,Haryana,6,Kaithal,66,Kaithal,37.0,135.0,10.0,108.0,228.0,2.0,1.0,163.0,69.0,163.0,5.0,0.0,13.0,0.0,65.0,18.0,0.0,0.0,1.0,0.0,49.0,52.0,22.0,1.0,228.0
2018,Haryana,6,Karnal,67,Karnal,74.0,217.0,41.0,173.0,171.0,0.0,1.0,345.0,130.0,165.0,16.0,0.0,14.0,1.0,10.0,24.0,0.0,0.0,5.0,10.0,253.0,29.0,47.0,0.0,295.0
2018,Haryana,6,Kurukshetra,68,Kurukshetra,29.0,106.0,3.0,55.0,104.0,0.0,0.0,77.0,74.0,146.0,7.0,0.0,4.0,0.0,54.0,2.0,0.0,0.0,0.0,0.0,0.0,13.0,28.0,2.0,463.0
2018,Haryana,6,Mahendragarh,69,Mahendergarh,44.0,99.0,2.0,54.0,16.0,0.0,0.0,70.0,44.0,76.0,13.0,0.0,0.0,0.0,19.0,9.0,0.0,2.0,0.0,5.0,16.0,11.0,32.0,0.0,406.0
2018,Haryana,6,Nuh,604,Mewat,23.0,177.0,8.0,96.0,34.0,0.0,2.0,176.0,88.0,148.0,18.0,0.0,1.0,0.0,51.0,9.0,0.0,1.0,2.0,1.0,15.0,65.0,28.0,1.0,508.0
2018,Haryana,6,Palwal,619,Palwal,63.0,170.0,0.0,64.0,95.0,3.0,1.0,97.0,43.0,142.0,0.0,0.0,4.0,0.0,0.0,12.0,0.0,0.0,0.0,0.0,0.0,6.0,0.0,0.0,486.0
2018,Haryana,6,Panchkula,70,Panchkula,18.0,81.0,0.0,36.0,18.0,0.0,0.0,72.0,41.0,48.0,4.0,0.0,4.0,0.0,26.0,15.0,0.0,0.0,0.0,0.0,0.0,20.0,24.0,1.0,411.0
2018,Haryana,6,Panipat,71,Panipat,62.0,250.0,8.0,212.0,663.0,0.0,8.0,517.0,134.0,284.0,10.0,0.0,15.0,2.0,176.0,12.0,0.0,0.0,2.0,11.0,104.0,6.0,55.0,2.0,1369.0
2018,Haryana,6,Rewari,72,Rewari,53.0,130.0,9.0,103.0,26.0,0.0,0.0,104.0,76.0,132.0,7.0,0.0,22.0,0.0,28.0,3.0,0.0,1.0,0.0,0.0,40.0,8.0,158.0,0.0,201.0
2018,Haryana,6,Rohtak,73,Rohtak,73.0,214.0,10.0,246.0,304.0,0.0,0.0,292.0,100.0,237.0,14.0,0.0,9.0,1.0,108.0,10.0,0.0,0.0,0.0,0.0,133.0,59.0,0.0,7.0,722.0
2018,Haryana,6,Sirsa,74,Sirsa,34.0,144.0,7.0,72.0,48.0,0.0,2.0,136.0,79.0,155.0,5.0,1.0,4.0,0.0,42.0,6.0,0.0,0.0,0.0,6.0,72.0,33.0,30.0,4.0,110.0
2018,Haryana,6,Sonipat,75,Sonipat,82.0,183.0,11.0,167.0,310.0,0.0,2.0,131.0,87.0,266.0,16.0,0.0,7.0,0.0,0.0,0.0,0.0,0.0,0.0,0.0,175.0,20.0,0.0,2.0,647.0
2018,Haryana,6,Yamunanagar,76,Yamunanagar,34.0,147.0,2.0,42.0,272.0,1.0,0.0,233.0,73.0,218.0,10.0,0.0,11.0,0.0,21.0,16.0,0.0,2.0,0.0,9.0,126.0,16.0,0.0,0.0,1133.0
2018,Himachal Pradesh,2,Bilaspur,15,Bilaspur,2.0,41.0,13.0,50.0,27.0,0.0,0.0,43.0,0.0,14.0,0.0,0.0,3.0,0.0,17.0,6.0,0.0,1.0,0.0,7.0,20.0,0.0,0.0,0.0,79.0
2018,Himachal Pradesh,2,Chamba,16,Chamba,4.0,52.0,7.0,35.0,25.0,0.0,0.0,37.0,2.0,4.0,0.0,0.0,3.0,0.0,4.0,1.0,0.0,0.0,0.0,2.0,11.0,0.0,1.0,1.0,27.0
2018,Himachal Pradesh,2,Hamirpur,17,Hamirpur,3.0,34.0,10.0,47.0,18.0,0.0,0.0,41.0,2.0,11.0,1.0,0.0,6.0,0.0,8.0,5.0,0.0,0.0,0.0,10.0,0.0,0.0,1.0,0.0,1.0
2018,Himachal Pradesh,2,Kangra,18,Kangra,26.0,143.0,27.0,107.0,76.0,0.0,0.0,125.0,0.0,9.0,1.0,0.0,16.0,0.0,52.0,18.0,0.0,3.0,1.0,19.0,48.0,0.0,15.0,0.0,71.0
2018,Himachal Pradesh,2,Kinnaur,19,Kinnaur,3.0,12.0,7.0,2.0,7.0,0.0,0.0,17.0,0.0,7.0,0.0,0.0,4.0,0.0,9.0,3.0,0.0,0.0,0.0,6.0,2.0,0.0,1.0,0.0,6.0
2018,Himachal Pradesh,2,Kullu,20,Kullu,8.0,82.0,23.0,25.0,46.0,0.0,0.0,81.0,22.0,11.0,0.0,0.0,5.0,0.0,24.0,3.0,0.0,0.0,0.0,0.0,9.0,1.0,2.0,0.0,10.0
2018,Himachal Pradesh,2,Lahul And Spiti,21,Lahaul And Spiti,0.0,0.0,0.0,0.0,1.0,0.0,0.0,2.0,0.0,0.0,0.0,0.0,0.0,0.0,2.0,1.0,0.0,1.0,0.0,0.0,1.0,0.0,0.0,0.0,1.0
2018,Himachal Pradesh,2,Lahul And Spiti,21,Lahaul Andspiti,0.0,0.0,0.0,0.0,2.0,0.0,0.0,0.0,0.0,0.0,0.0,0.0,1.0,0.0,0.0,0.0,0.0,0.0,0.0,0.0,0.0,0.0,0.0,0.0,0.0
2018,Himachal Pradesh,2,Mandi,22,Mandi,14.0,154.0,25.0,124.0,81.0,0.0,0.0,118.0,0.0,50.0,1.0,0.0,9.0,2.0,49.0,3.0,0.0,0.0,0.0,4.0,0.0,0.0,2.0,0.0,30.0
2018,Himachal Pradesh,2,Shimla,23,Cid,0.0,0.0,0.0,0.0,0.0,0.0,0.0,0.0,0.0,0.0,0.0,0.0,0.0,0.0,0.0,0.0,0.0,0.0,0.0,0.0,8.0,0.0,2.0,0.0,1.0
2018,Himachal Pradesh,2,Shimla,23,Cyber,0.0,0.0,0.0,0.0,0.0,0.0,0.0,0.0,0.0,0.0,0.0,0.0,0.0,0.0,0.0,3.0,0.0,0.0,0.0,2.0,2.0,0.0,0.0,0.0,0.0
2018,Himachal Pradesh,2,Shimla,23,Grp,0.0,0.0,0.0,0.0,2.0,0.0,0.0,1.0,0.0,0.0,0.0,0.0,0.0,0.0,0.0,0.0,0.0,0.0,0.0,0.0,0.0,0.0,0.0,0.0,0.0
2018,Himachal Pradesh,2,Shimla,23,Shimla,17.0,121.0,22.0,115.0,96.0,0.0,0.0,104.0,0.0,19.0,1.0,0.0,6.0,0.0,32.0,10.0,0.0,8.0,0.0,2.0,48.0,1.0,22.0,4.0,73.0
2018,Himachal Pradesh,2,Sirmaur,24,Sirmaur,4.0,142.0,32.0,74.0,44.0,0.0,0.0,91.0,0.0,9.0,1.0,0.0,8.0,0.0,42.0,4.0,0.0,0.0,0.0,8.0,30.0,2.0,0.0,1.0,9.0
2018,Himachal Pradesh,2,Solan,25,Baddi,7.0,27.0,11.0,21.0,27.0,1.0,0.0,34.0,1.0,15.0,0.0,0.0,3.0,0.0,14.0,4.0,0.0,0.0,0.0,1.0,7.0,3.0,2.0,0.0,11.0
2018,Himachal Pradesh,2,Solan,25,Solan,9.0,46.0,11.0,44.0,40.0,0.0,0.0,42.0,0.0,6.0,0.0,0.0,6.0,0.0,41.0,5.0,0.0,2.0,0.0,0.0,18.0,2.0,5.0,0.0,50.0
2018,Himachal Pradesh,2,Una,26,Una,14.0,58.0,9.0,39.0,27.0,8.0,0.0,36.0,1.0,36.0,0.0,0.0,9.0,0.0,13.0,4.0,0.0,0.0,0.0,0.0,101.0,0.0,1.0,4.0,5.0
2018,Jammu And Kashmir,1,Anantnag,1,Anantnag,1.0,36.0,0.0,94.0,128.0,0.0,0.0,45.0,2.0,6.0,0.0,0.0,0.0,0.0,0.0,5.0,0.0,1.0,0.0,4.0,21.0,6.0,0.0,0.0,325.0
2018,Jammu And Kashmir,1,Bandipora,623,Bandipora,9.0,14.0,0.0,25.0,29.0,0.0,0.0,0.0,0.0,1.0,0.0,0.0,1.0,0.0,0.0,1.0,0.0,0.0,0.0,0.0,9.0,1.0,0.0,0.0,0.0
2018,Jammu And Kashmir,1,Baramulla,3,Baramulla,7.0,20.0,4.0,89.0,79.0,0.0,0.0,15.0,0.0,48.0,0.0,0.0,0.0,0.0,0.0,4.0,0.0,0.0,0.0,0.0,30.0,3.0,0.0,0.0,86.0
2018,Jammu And Kashmir,1,Baramulla,3,Sopore,10.0,10.0,6.0,112.0,70.0,0.0,0.0,34.0,0.0,2.0,0.0,0.0,0.0,0.0,0.0,3.0,0.0,0.0,0.0,0.0,18.0,8.0,0.0,0.0,72.0
2018,Jammu And Kashmir,1,Budgam,2,Budgam,1.0,42.0,0.0,218.0,73.0,0.0,0.0,0.0,0.0,9.0,0.0,0.0,3.0,0.0,0.0,3.0,0.0,0.0,0.0,0.0,10.0,10.0,9.0,0.0,0.0
2018,Jammu And Kashmir,1,Doda,4,Doda,4.0,26.0,0.0,41.0,31.0,0.0,0.0,4.0,4.0,12.0,0.0,0.0,0.0,0.0,0.0,3.0,0.0,0.0,0.0,0.0,7.0,0.0,0.0,0.0,23.0
2018,Jammu And Kashmir,1,Ganderbal,626,Ganderbal,5.0,16.0,5.0,59.0,40.0,0.0,0.0,20.0,3.0,2.0,0.0,0.0,0.0,0.0,0.0,1.0,0.0,0.0,0.0,0.0,8.0,0.0,3.0,0.0,17.0
2018,Jammu And Kashmir,1,Jammu,5,Crime Jammu,0.0,0.0,0.0,0.0,1.0,0.0,0.0,0.0,0.0,0.0,0.0,0.0,0.0,0.0,0.0,2.0,1.0,0.0,0.0,0.0,31.0,0.0,0.0,0.0,1.0
2018,Jammu And Kashmir,1,Jammu,5,Crime Srinagar,0.0,0.0,0.0,0.0,0.0,0.0,0.0,0.0,0.0,0.0,0.0,0.0,0.0,0.0,0.0,0.0,0.0,0.0,0.0,0.0,0.0,0.0,0.0,0.0,0.0
2018,Jammu And Kashmir,1,Jammu,5,Jammu,25.0,110.0,0.0,112.0,140.0,0.0,0.0,7.0,6.0,34.0,4.0,0.0,8.0,0.0,33.0,14.0,0.0,0.0,0.0,0.0,0.0,3.0,156.0,0.0,370.0
2018,Jammu And Kashmir,1,Jammu,5,Railways Jammu,0.0,0.0,0.0,2.0,0.0,0.0,0.0,0.0,0.0,1.0,0.0,0.0,0.0,0.0,0.0,0.0,0.0,0.0,0.0,0.0,0.0,0.0,0.0,0.0,1.0
2018,Jammu And Kashmir,1,Jammu,5,Railways Kashmir,0.0,0.0,0.0,0.0,0.0,0.0,0.0,0.0,0.0,0.0,0.0,0.0,0.0,0.0,0.0,0.0,0.0,0.0,0.0,0.0,0.0,0.0,0.0,0.0,0.0
2018,Jammu And Kashmir,1,Kargil,6,Kargil,0.0,0.0,0.0,1.0,2.0,0.0,0.0,2.0,0.0,0.0,0.0,0.0,0.0,0.0,0.0,0.0,0.0,0.0,0.0,0.0,0.0,0.0,0.0,0.0,0.0
2018,Jammu And Kashmir,1,Kathua,7,Kathua,11.0,25.0,2.0,41.0,68.0,0.0,0.0,38.0,2.0,15.0,2.0,0.0,4.0,0.0,25.0,2.0,0.0,0.0,0.0,4.0,6.0,1.0,3.0,0.0,20.0
2018,Jammu And Kashmir,1,Kishtwar,620,Kishtwar,4.0,16.0,2.0,23.0,27.0,0.0,0.0,13.0,0.0,5.0,0.0,0.0,2.0,0.0,3.0,0.0,0.0,0.0,0.0,0.0,6.0,1.0,0.0,0.0,81.0
2018,Jammu And Kashmir,1,Kulgam,622,Kulgam,4.0,30.0,0.0,94.0,49.0,0.0,0.0,0.0,0.0,7.0,0.0,0.0,0.0,0.0,0.0,0.0,0.0,0.0,0.0,0.0,14.0,11.0,0.0,0.0,88.0
2018,Jammu And Kashmir,1,Kupwara,8,Handwara,1.0,2.0,0.0,38.0,26.0,0.0,0.0,3.0,1.0,2.0,0.0,0.0,1.0,0.0,0.0,0.0,0.0,0.0,0.0,0.0,9.0,0.0,0.0,0.0,12.0
2018,Jammu And Kashmir,1,Kupwara,8,Kupwara,3.0,34.0,0.0,40.0,65.0,0.0,0.0,1.0,0.0,7.0,0.0,0.0,6.0,0.0,0.0,0.0,0.0,0.0,0.0,0.0,2.0,0.0,0.0,0.0,77.0
2018,Jammu And Kashmir,1,Leh Ladakh,9,Leh,0.0,4.0,1.0,2.0,0.0,0.0,0.0,0.0,0.0,0.0,0.0,0.0,0.0,0.0,0.0,0.0,0.0,0.0,0.0,0.0,0.0,0.0,0.0,0.0,0.0
2018,Jammu And Kashmir,1,Poonch,10,Poonch,2.0,40.0,6.0,44.0,51.0,0.0,0.0,24.0,0.0,7.0,0.0,0.0,1.0,0.0,27.0,7.0,2.0,0.0,1.0,2.0,9.0,0.0,0.0,0.0,7.0
2018,Jammu And Kashmir,1,Pulwama,11,Awantipora,0.0,4.0,2.0,63.0,33.0,0.0,0.0,0.0,0.0,4.0,0.0,0.0,0.0,0.0,0.0,0.0,0.0,0.0,0.0,0.0,7.0,3.0,0.0,0.0,35.0
2018,Jammu And Kashmir,1,Pulwama,11,Pulwama,24.0,4.0,0.0,38.0,22.0,0.0,0.0,12.0,0.0,4.0,0.0,0.0,0.0,0.0,0.0,2.0,0.0,0.0,0.0,2.0,13.0,6.0,2.0,0.0,0.0
2018,Jammu And Kashmir,1,Rajouri,12,Rajouri,11.0,64.0,0.0,64.0,44.0,0.0,0.0,15.0,2.0,35.0,1.0,0.0,0.0,0.0,186.0,12.0,2.0,0.0,4.0,0.0,24.0,0.0,16.0,0.0,326.0
2018,Jammu And Kashmir,1,Ramban,621,Ramban,4.0,29.0,8.0,39.0,45.0,0.0,0.0,28.0,2.0,5.0,1.0,0.0,0.0,0.0,19.0,6.0,0.0,0.0,0.0,0.0,6.0,1.0,1.0,0.0,114.0
2018,Jammu And Kashmir,1,Reasi,627,Railways Katra,0.0,0.0,0.0,0.0,0.0,0.0,0.0,0.0,0.0,0.0,0.0,0.0,0.0,0.0,0.0,0.0,0.0,0.0,0.0,0.0,0.0,0.0,0.0,0.0,0.0
2018,Jammu And Kashmir,1,Reasi,627,Reasi,5.0,44.0,0.0,34.0,36.0,0.0,0.0,10.0,0.0,5.0,0.0,0.0,0.0,0.0,0.0,0.0,0.0,0.0,0.0,0.0,11.0,1.0,0.0,0.0,102.0
2018,Jammu And Kashmir,1,Samba,624,Samba,14.0,14.0,2.0,7.0,29.0,2.0,0.0,16.0,1.0,12.0,0.0,0.0,0.0,0.0,6.0,0.0,0.0,0.0,0.0,0.0,0.0,1.0,0.0,0.0,10.0
2018,Jammu And Kashmir,1,Shopian,625,Shopian,14.0,6.0,0.0,49.0,47.0,0.0,0.0,20.0,0.0,4.0,0.0,0.0,0.0,0.0,0.0,0.0,0.0,0.0,0.0,0.0,22.0,9.0,0.0,0.0,42.0
2018,Jammu And Kashmir,1,Srinagar,13,Crime Srinagar,0.0,0.0,0.0,0.0,0.0,0.0,0.0,0.0,0.0,0.0,0.0,0.0,0.0,0.0,0.0,0.0,0.0,0.0,0.0,0.0,0.0,0.0,0.0,0.0,4.0
2018,Jammu And Kashmir,1,Srinagar,13,Srinagar,16.0,28.0,4.0,268.0,200.0,0.0,0.0,116.0,2.0,51.0,1.0,0.0,2.0,0.0,22.0,15.0,0.0,6.0,0.0,1.0,64.0,22.0,9.0,1.0,186.0
2018,Jammu And Kashmir,1,Udhampur,14,Udhampur,9.0,38.0,12.0,41.0,63.0,0.0,0.0,50.0,7.0,47.0,0.0,0.0,5.0,0.0,49.0,5.0,0.0,2.0,0.0,0.0,15.0,0.0,0.0,0.0,60.0
2018,Jharkhand,20,Bokaro,322,Bokaro,73.0,160.0,51.0,155.0,82.0,0.0,0.0,99.0,38.0,156.0,40.0,0.0,3.0,0.0,0.0,33.0,0.0,0.0,0.0,0.0,211.0,11.0,1.0,0.0,330.0
2018,Jharkhand,20,Chatra,323,Chatra,74.0,68.0,0.0,30.0,41.0,1.0,12.0,58.0,37.0,11.0,44.0,0.0,0.0,0.0,0.0,15.0,0.0,0.0,0.0,0.0,20.0,44.0,26.0,0.0,148.0
2018,Jharkhand,20,Deoghar,324,Deoghar,71.0,51.0,8.0,195.0,37.0,1.0,2.0,80.0,20.0,58.0,141.0,0.0,0.0,0.0,0.0,105.0,0.0,0.0,0.0,18.0,67.0,36.0,21.0,1.0,178.0
2018,Jharkhand,20,Dhanbad,325,Dhanbad,42.0,97.0,11.0,58.0,30.0,1.0,2.0,76.0,51.0,55.0,63.0,0.0,5.0,2.0,6.0,30.0,0.0,15.0,0.0,0.0,38.0,36.0,19.0,0.0,326.0
2018,Jharkhand,20,Dhanbad,325,Dhanbad Railway,4.0,2.0,0.0,4.0,3.0,0.0,0.0,7.0,2.0,0.0,1.0,0.0,2.0,0.0,0.0,0.0,0.0,0.0,0.0,0.0,0.0,7.0,0.0,0.0,2.0
2018,Jharkhand,20,Dumka,326,Dumka,58.0,82.0,4.0,16.0,3.0,1.0,1.0,67.0,38.0,33.0,15.0,0.0,7.0,0.0,0.0,19.0,0.0,0.0,0.0,0.0,31.0,33.0,0.0,0.0,168.0
2018,Jharkhand,20,East Singhbum,327,Jamshedpur,84.0,197.0,13.0,83.0,93.0,0.0,7.0,29.0,29.0,81.0,128.0,0.0,6.0,0.0,0.0,83.0,0.0,53.0,0.0,0.0,503.0,16.0,61.0,5.0,44.0
2018,Jharkhand,20,East Singhbum,327,Jamshedpur Railway,1.0,4.0,0.0,5.0,2.0,0.0,3.0,2.0,0.0,0.0,0.0,0.0,0.0,0.0,0.0,2.0,0.0,2.0,0.0,0.0,1.0,5.0,0.0,0.0,0.0
2018,Jharkhand,20,Garhwa,328,Garhwa,75.0,82.0,13.0,77.0,0.0,2.0,0.0,62.0,20.0,50.0,123.0,0.0,0.0,0.0,0.0,28.0,0.0,0.0,0.0,0.0,142.0,26.0,72.0,0.0,584.0
2018,Jharkhand,20,Giridih,329,Giridih,149.0,130.0,33.0,203.0,84.0,2.0,15.0,130.0,25.0,41.0,105.0,0.0,0.0,0.0,0.0,69.0,0.0,54.0,1.0,0.0,114.0,37.0,3.0,0.0,93.0
2018,Jharkhand,20,Godda,330,Godda,53.0,142.0,37.0,134.0,31.0,3.0,18.0,127.0,22.0,140.0,11.0,0.0,0.0,0.0,0.0,0.0,0.0,0.0,0.0,0.0,104.0,25.0,0.0,0.0,26.0
2018,Jharkhand,20,Gumla,331,Gumla,143.0,110.0,2.0,22.0,86.0,2.0,50.0,107.0,30.0,6.0,24.0,0.0,1.0,0.0,122.0,19.0,0.0,11.0,0.0,0.0,31.0,29.0,15.0,0.0,22.0
2018,Jharkhand,20,Hazaribagh,332,Hazaribagh,91.0,144.0,36.0,24.0,40.0,0.0,3.0,82.0,41.0,49.0,147.0,0.0,0.0,0.0,0.0,65.0,0.0,51.0,0.0,0.0,289.0,31.0,40.0,0.0,78.0
2018,Jharkhand,20,Jamtara,333,Jamtara,31.0,39.0,1.0,30.0,10.0,4.0,0.0,38.0,18.0,15.0,31.0,0.0,1.0,0.0,0.0,167.0,83.0,0.0,0.0,0.0,128.0,13.0,26.0,0.0,146.0
2018,Jharkhand,20,Khunti,606,Khunti,75.0,61.0,0.0,2.0,0.0,1.0,11.0,12.0,11.0,4.0,6.0,0.0,0.0,0.0,0.0,9.0,0.0,2.0,0.0,1.0,16.0,17.0,0.0,0.0,13.0
2018,Jharkhand,20,Koderma,334,Koderma,17.0,49.0,0.0,32.0,13.0,0.0,0.0,53.0,18.0,22.0,31.0,0.0,0.0,0.0,0.0,32.0,8.0,1.0,2.0,1.0,38.0,7.0,47.0,0.0,124.0
2018,Jharkhand,20,Latehar,335,Latehar,45.0,74.0,3.0,40.0,6.0,0.0,4.0,18.0,0.0,7.0,23.0,0.0,0.0,0.0,0.0,5.0,0.0,0.0,0.0,0.0,32.0,17.0,6.0,1.0,38.0
2018,Jharkhand,20,Lohardaga,336,Lohardagga,25.0,92.0,18.0,31.0,0.0,0.0,5.0,16.0,0.0,8.0,20.0,0.0,0.0,0.0,0.0,0.0,0.0,0.0,0.0,0.0,30.0,10.0,0.0,0.0,80.0
2018,Jharkhand,20,Pakur,337,Pakur,44.0,76.0,8.0,27.0,10.0,2.0,10.0,39.0,0.0,28.0,30.0,0.0,5.0,0.0,0.0,14.0,0.0,0.0,0.0,0.0,19.0,17.0,29.0,0.0,232.0
2018,Jharkhand,20,Palamu,338,Palamu,106.0,130.0,3.0,61.0,93.0,27.0,10.0,112.0,57.0,81.0,103.0,0.0,0.0,0.0,0.0,11.0,0.0,0.0,0.0,0.0,118.0,42.0,34.0,5.0,23.0
2018,Jharkhand,20,Ramgarh,607,Ramgarh,27.0,58.0,2.0,31.0,42.0,8.0,1.0,31.0,17.0,12.0,66.0,0.0,0.0,0.0,0.0,28.0,0.0,0.0,0.0,0.0,106.0,26.0,5.0,3.0,124.0
2018,Jharkhand,20,Ranchi,339,Ranchi,165.0,424.0,0.0,36.0,0.0,7.0,11.0,75.0,70.0,119.0,129.0,0.0,0.0,0.0,0.0,358.0,92.0,5.0,0.0,0.0,958.0,163.0,52.0,0.0,664.0
2018,Jharkhand,20,Sahebganj,340,Sahebganj,77.0,148.0,0.0,157.0,18.0,0.0,9.0,14.0,14.0,69.0,132.0,0.0,0.0,0.0,0.0,9.0,0.0,0.0,0.0,0.0,138.0,20.0,0.0,0.0,144.0
2018,Jharkhand,20,Saraikela Kharsawan,341,Saraikela,64.0,62.0,20.0,29.0,10.0,0.0,0.0,48.0,30.0,28.0,33.0,0.0,5.0,0.0,0.0,42.0,0.0,33.0,0.0,3.0,0.0,22.0,1.0,0.0,2.0
2018,Jharkhand,20,Simdega,342,Simdega,46.0,90.0,0.0,0.0,18.0,0.0,57.0,49.0,30.0,19.0,1.0,0.0,0.0,0.0,0.0,6.0,0.0,0.0,0.0,0.0,13.0,7.0,0.0,0.0,0.0
2018,Jharkhand,20,West Singhbhum,343,Chaibasa,103.0,118.0,19.0,13.0,17.0,8.0,7.0,48.0,0.0,19.0,29.0,1.0,5.0,0.0,0.0,20.0,0.0,0.0,0.0,0.0,39.0,12.0,8.0,0.0,43.0
2018,Karnataka,29,Bagalkote,524,Bagalkot,36.0,33.0,0.0,177.0,20.0,0.0,0.0,57.0,41.0,19.0,27.0,0.0,3.0,0.0,0.0,6.0,0.0,2.0,0.0,3.0,93.0,17.0,6.0,0.0,97.0
2018,Karnataka,29,Ballari,528,Ballari,31.0,60.0,0.0,145.0,84.0,1.0,0.0,150.0,42.0,39.0,82.0,0.0,6.0,0.0,0.0,11.0,0.0,1.0,0.0,3.0,156.0,30.0,11.0,0.0,27.0
2018,Karnataka,29,Belagavi,527,Belagavi City,16.0,22.0,0.0,41.0,49.0,2.0,0.0,82.0,26.0,45.0,26.0,0.0,11.0,2.0,27.0,22.0,0.0,1.0,0.0,2.0,115.0,27.0,6.0,6.0,9.0
2018,Karnataka,29,Belagavi,527,Belagavi District,66.0,120.0,0.0,241.0,64.0,0.0,0.0,197.0,90.0,103.0,11.0,0.0,16.0,6.0,13.0,13.0,0.0,1.0,0.0,2.0,103.0,39.0,14.0,1.0,9.0
2018,Karnataka,29,Belagavi,527,K.G.F.,6.0,23.0,0.0,26.0,8.0,1.0,0.0,38.0,21.0,7.0,10.0,0.0,1.0,1.0,10.0,18.0,0.0,2.0,0.0,4.0,15.0,10.0,7.0,0.0,4.0
2018,Karnataka,29,Bengaluru Urban,525,Bengaluru City,235.0,505.0,0.0,912.0,1608.0,46.0,16.0,1815.0,407.0,410.0,745.0,1.0,82.0,6.0,233.0,5253.0,0.0,4982.0,0.0,156.0,2504.0,1002.0,48.0,80.0,975.0
2018,Karnataka,29,Bengaluru Urban,525,Bengaluru District,79.0,73.0,0.0,150.0,51.0,32.0,0.0,139.0,54.0,66.0,37.0,0.0,27.0,12.0,0.0,24.0,0.0,1.0,3.0,4.0,298.0,88.0,23.0,4.0,24.0
2018,Karnataka,29,Bengaluru Urban,525,K.Railways,15.0,0.0,0.0,7.0,3.0,0.0,2.0,11.0,0.0,1.0,0.0,0.0,3.0,0.0,0.0,0.0,0.0,0.0,0.0,0.0,1.0,68.0,0.0,0.0,4.0
2018,Karnataka,29,Bidar,529,Bidar,44.0,44.0,1.0,89.0,43.0,2.0,0.0,163.0,38.0,88.0,46.0,0.0,8.0,1.0,17.0,18.0,0.0,0.0,2.0,7.0,30.0,39.0,6.0,3.0,79.0
2018,Karnataka,29,Chamarajanagara,531,Chamarajnagar,19.0,43.0,0.0,153.0,32.0,0.0,0.0,87.0,37.0,31.0,14.0,0.0,3.0,0.0,0.0,9.0,0.0,4.0,0.0,4.0,27.0,16.0,9.0,3.0,12.0
2018,Karnataka,29,Chikkaballapura,630,Chikkaballapura,37.0,82.0,0.0,53.0,41.0,0.0,2.0,200.0,84.0,20.0,16.0,0.0,8.0,3.0,19.0,10.0,0.0,1.0,0.0,1.0,85.0,13.0,18.0,0.0,9.0
2018,Karnataka,29,Chikkamagaluru,532,Chikkamagaluru,37.0,79.0,0.0,111.0,54.0,0.0,0.0,162.0,69.0,58.0,13.0,0.0,4.0,0.0,12.0,17.0,0.0,7.0,0.0,6.0,62.0,15.0,14.0,0.0,13.0
2018,Karnataka,29,Chitradurga,533,Chitradurga,20.0,34.0,0.0,207.0,51.0,1.0,0.0,85.0,29.0,46.0,32.0,0.0,9.0,0.0,0.0,7.0,0.0,1.0,0.0,4.0,73.0,16.0,8.0,0.0,14.0
2018,Karnataka,29,Dakshina Kannada,534,Dakshina Kannada,12.0,59.0,2.0,55.0,23.0,0.0,0.0,169.0,50.0,6.0,4.0,0.0,3.0,0.0,7.0,10.0,0.0,0.0,0.0,2.0,51.0,17.0,17.0,0.0,20.0
2018,Karnataka,29,Dakshina Kannada,534,Mangaluru City,22.0,45.0,0.0,95.0,32.0,0.0,6.0,131.0,35.0,35.0,12.0,0.0,2.0,1.0,25.0,77.0,0.0,63.0,0.0,3.0,128.0,82.0,6.0,24.0,21.0
2018,Karnataka,29,Davangere,535,Davanagere,35.0,85.0,2.0,161.0,82.0,0.0,0.0,159.0,58.0,29.0,75.0,0.0,3.0,0.0,9.0,17.0,0.0,14.0,0.0,1.0,126.0,41.0,10.0,10.0,12.0
2018,Karnataka,29,Dharwad,536,Dharwad,12.0,21.0,0.0,27.0,7.0,0.0,0.0,31.0,19.0,8.0,1.0,0.0,5.0,0.0,1.0,1.0,0.0,0.0,0.0,0.0,21.0,2.0,1.0,0.0,9.0
2018,Karnataka,29,Dharwad,536,Hubballi Dharwad City,29.0,23.0,0.0,38.0,32.0,2.0,0.0,80.0,21.0,57.0,2.0,0.0,4.0,0.0,22.0,33.0,0.0,8.0,0.0,2.0,106.0,45.0,10.0,5.0,10.0
2018,Karnataka,29,Gadag,537,Gadag,14.0,28.0,1.0,56.0,10.0,0.0,0.0,24.0,22.0,29.0,4.0,0.0,8.0,0.0,0.0,6.0,0.0,0.0,0.0,0.0,44.0,12.0,6.0,0.0,19.0
2018,Karnataka,29,Hassan,539,Hassan,48.0,99.0,0.0,229.0,82.0,0.0,0.0,164.0,78.0,57.0,89.0,0.0,14.0,0.0,9.0,17.0,0.0,7.0,0.0,6.0,127.0,52.0,4.0,3.0,14.0
2018,Karnataka,29,Haveri,540,Haveri,20.0,63.0,0.0,106.0,30.0,0.0,0.0,150.0,58.0,26.0,24.0,0.0,3.0,0.0,8.0,4.0,0.0,0.0,0.0,0.0,65.0,21.0,10.0,0.0,15.0
2018,Karnataka,29,Kalaburagi,538,Kalaburgi,70.0,79.0,1.0,201.0,45.0,0.0,0.0,169.0,58.0,134.0,54.0,0.0,10.0,0.0,21.0,17.0,0.0,4.0,0.0,5.0,59.0,49.0,15.0,9.0,32.0
2018,Karnataka,29,Kodagu,541,Kodagu,24.0,42.0,0.0,47.0,61.0,0.0,0.0,117.0,36.0,21.0,1.0,0.0,9.0,10.0,0.0,12.0,0.0,0.0,0.0,2.0,74.0,10.0,1.0,0.0,13.0
2018,Karnataka,29,Kolar,542,Kolar,29.0,48.0,0.0,67.0,54.0,0.0,0.0,114.0,48.0,10.0,30.0,1.0,2.0,2.0,7.0,18.0,0.0,0.0,0.0,0.0,62.0,18.0,6.0,0.0,14.0
2018,Karnataka,29,Koppal,543,Koppal,14.0,52.0,0.0,85.0,28.0,0.0,0.0,113.0,55.0,42.0,15.0,0.0,5.0,0.0,0.0,5.0,0.0,3.0,0.0,1.0,56.0,18.0,5.0,0.0,21.0
2018,Karnataka,29,Mandya,544,Mandya,51.0,63.0,0.0,216.0,160.0,0.0,0.0,177.0,76.0,51.0,28.0,0.0,7.0,0.0,32.0,6.0,0.0,0.0,0.0,1.0,47.0,65.0,8.0,10.0,47.0
2018,Karnataka,29,Mysuru,545,Mysuru City,27.0,51.0,2.0,80.0,112.0,0.0,0.0,224.0,39.0,40.0,84.0,0.0,6.0,5.0,10.0,129.0,48.0,3.0,1.0,7.0,187.0,73.0,8.0,0.0,76.0
2018,Karnataka,29,Mysuru,545,Mysuru District,52.0,67.0,0.0,239.0,15.0,0.0,9.0,75.0,57.0,48.0,34.0,0.0,2.0,0.0,0.0,3.0,0.0,0.0,0.0,0.0,67.0,46.0,0.0,9.0,27.0
2018,Karnataka,29,Raichur,546,Raichur,30.0,72.0,1.0,195.0,35.0,0.0,0.0,98.0,40.0,98.0,51.0,0.0,7.0,0.0,0.0,8.0,1.0,1.0,0.0,2.0,91.0,11.0,2.0,2.0,21.0
2018,Karnataka,29,Ramanagara,631,Ramanagara,60.0,35.0,0.0,135.0,170.0,4.0,2.0,201.0,35.0,59.0,26.0,0.0,13.0,6.0,12.0,10.0,0.0,0.0,0.0,3.0,136.0,51.0,5.0,0.0,25.0
2018,Karnataka,29,Shivamogga,547,Shimoga,40.0,113.0,0.0,418.0,152.0,1.0,0.0,212.0,101.0,135.0,11.0,0.0,18.0,0.0,34.0,52.0,0.0,46.0,0.0,0.0,169.0,80.0,15.0,0.0,13.0
2018,Karnataka,29,Tumakuru,548,Tumakuru,64.0,70.0,0.0,90.0,105.0,1.0,8.0,186.0,56.0,40.0,103.0,0.0,14.0,7.0,28.0,14.0,0.0,0.0,0.0,0.0,144.0,81.0,20.0,1.0,16.0
2018,Karnataka,29,Udupi,549,Udupi,18.0,65.0,0.0,113.0,19.0,0.0,0.0,98.0,73.0,35.0,22.0,0.0,3.0,0.0,4.0,22.0,0.0,0.0,0.0,0.0,94.0,57.0,12.0,1.0,14.0
2018,Karnataka,29,Uttara Kannada,550,Uttara Kannada,26.0,49.0,2.0,124.0,46.0,0.0,0.0,98.0,37.0,39.0,17.0,0.0,13.0,2.0,9.0,22.0,0.0,3.0,0.0,2.0,97.0,28.0,13.0,5.0,14.0
2018,Karnataka,29,Vijayapura,530,Vijayapura,72.0,42.0,0.0,109.0,54.0,0.0,0.0,96.0,54.0,79.0,2.0,0.0,16.0,0.0,0.0,1.0,0.0,0.0,0.0,0.0,50.0,28.0,7.0,2.0,24.0
2018,Karnataka,29,Yadgir,635,Yadgiri,23.0,21.0,1.0,144.0,20.0,0.0,0.0,59.0,25.0,42.0,20.0,0.0,8.0,1.0,13.0,7.0,0.0,2.0,0.0,0.0,29.0,3.0,1.0,1.0,15.0
2018,Kerala,32,Alappuzha,554,Alapuzha,13.0,250.0,69.0,316.0,32.0,0.0,6.0,253.0,62.0,91.0,1.0,0.0,5.0,13.0,41.0,19.0,1.0,2.0,2.0,12.0,260.0,28.0,23.0,0.0,233.0
2018,Kerala,32,Ernakulam,555,Ernakulam Commissionerate,12.0,147.0,31.0,318.0,12.0,1.0,8.0,0.0,0.0,79.0,1.0,0.0,2.0,0.0,12.0,73.0,10.0,11.0,0.0,6.0,429.0,67.0,24.0,0.0,278.0
2018,Kerala,32,Ernakulam,555,Ernakulam Commr.,1.0,31.0,0.0,31.0,6.0,0.0,3.0,139.0,42.0,0.0,0.0,0.0,0.0,12.0,0.0,0.0,0.0,0.0,0.0,0.0,0.0,0.0,0.0,0.0,0.0
2018,Kerala,32,Ernakulam,555,Ernakulam Rural,16.0,251.0,74.0,372.0,29.0,0.0,35.0,203.0,35.0,132.0,0.0,0.0,0.0,4.0,33.0,13.0,0.0,3.0,0.0,15.0,302.0,63.0,24.0,0.0,16.0
2018,Kerala,32,Idukki,556,Idukki,19.0,160.0,30.0,272.0,15.0,0.0,0.0,168.0,59.0,95.0,0.0,1.0,1.0,11.0,3.0,19.0,0.0,2.0,0.0,10.0,294.0,18.0,18.0,0.0,160.0
2018,Kerala,32,Kannur,557,Kannur,21.0,210.0,74.0,207.0,11.0,0.0,47.0,299.0,162.0,139.0,0.0,0.0,1.0,9.0,45.0,18.0,0.0,3.0,1.0,11.0,247.0,67.0,15.0,0.0,345.0
2018,Kerala,32,Kasaragod,558,Kasargod,14.0,142.0,48.0,232.0,11.0,0.0,0.0,195.0,19.0,83.0,0.0,0.0,0.0,31.0,13.0,6.0,0.0,0.0,1.0,0.0,128.0,33.0,5.0,0.0,108.0
2018,Kerala,32,Kollam,559,Kollam Commissionerate,16.0,119.0,46.0,250.0,7.0,0.0,6.0,0.0,0.0,114.0,4.0,0.0,4.0,0.0,27.0,12.0,0.0,3.0,0.0,2.0,157.0,59.0,24.0,0.0,125.0
2018,Kerala,32,Kollam,559,Kollam Commr.,1.0,46.0,0.0,3.0,11.0,0.0,3.0,148.0,73.0,0.0,0.0,0.0,1.0,0.0,0.0,0.0,0.0,0.0,0.0,0.0,0.0,0.0,0.0,0.0,0.0
2018,Kerala,32,Kollam,559,Kollam Rural,27.0,188.0,74.0,343.0,15.0,0.0,0.0,175.0,46.0,110.0,0.0,0.0,3.0,9.0,32.0,9.0,0.0,0.0,0.0,18.0,130.0,21.0,10.0,0.0,394.0
2018,Kerala,32,Kottayam,560,Kottayam,16.0,277.0,81.0,273.0,15.0,0.0,2.0,202.0,43.0,77.0,0.0,0.0,1.0,9.0,17.0,4.0,0.0,1.0,0.0,4.0,326.0,19.0,19.0,0.0,127.0
2018,Kerala,32,Kozhikode,561,Kozhikode Commissionerate,8.0,60.0,22.0,149.0,14.0,0.0,15.0,0.0,0.0,100.0,0.0,0.0,1.0,0.0,30.0,49.0,7.0,2.0,0.0,2.0,108.0,71.0,8.0,0.0,234.0
2018,Kerala,32,Kozhikode,561,Kozhikode Commr.,0.0,22.0,0.0,10.0,12.0,0.0,6.0,157.0,46.0,0.0,0.0,0.0,0.0,21.0,0.0,0.0,0.0,0.0,0.0,0.0,0.0,0.0,0.0,0.0,0.0
2018,Kerala,32,Kozhikode,561,Kozhikode Rural,14.0,183.0,50.0,297.0,23.0,0.0,2.0,207.0,49.0,216.0,2.0,0.0,0.0,0.0,26.0,10.0,1.0,1.0,0.0,3.0,152.0,29.0,15.0,0.0,114.0
2018,Kerala,32,Malappuram,562,Malappuram,22.0,382.0,108.0,553.0,30.0,0.0,11.0,536.0,84.0,354.0,3.0,0.0,0.0,46.0,86.0,17.0,0.0,2.0,0.0,11.0,228.0,85.0,20.0,0.0,194.0
2018,Kerala,32,Palakkad,563,Palakkad,22.0,296.0,100.0,239.0,24.0,1.0,38.0,243.0,53.0,124.0,1.0,0.0,5.0,0.0,47.0,6.0,0.0,2.0,0.0,2.0,120.0,103.0,19.0,0.0,261.0
2018,Kerala,32,Pathanamthitta,564,Pathanamthitta,16.0,186.0,62.0,196.0,3.0,0.0,7.0,207.0,48.0,52.0,0.0,0.0,0.0,0.0,37.0,10.0,0.0,2.0,0.0,6.0,168.0,28.0,16.0,0.0,71.0
2018,Kerala,32,Thiruvananthapuram,565,Crime Branch,2.0,21.0,3.0,8.0,0.0,0.0,5.0,17.0,6.0,0.0,1.0,0.0,3.0,0.0,0.0,55.0,0.0,12.0,6.0,26.0,150.0,1.0,27.0,0.0,9.0
2018,Kerala,32,Thiruvananthapuram,565,Railways,0.0,0.0,0.0,44.0,0.0,0.0,3.0,9.0,1.0,0.0,0.0,1.0,0.0,0.0,0.0,0.0,0.0,0.0,0.0,0.0,2.0,12.0,1.0,0.0,2.0
2018,Kerala,32,Thiruvananthapuram,565,Trivandrum Commissionerate,16.0,146.0,37.0,206.0,4.0,0.0,3.0,0.0,0.0,69.0,2.0,0.0,1.0,0.0,16.0,54.0,5.0,4.0,2.0,11.0,180.0,68.0,15.0,0.0,96.0
2018,Kerala,32,Thiruvananthapuram,565,Trivandrum Commr.,1.0,37.0,0.0,3.0,3.0,0.0,3.0,144.0,67.0,0.0,0.0,0.0,0.0,1.0,0.0,0.0,0.0,0.0,0.0,0.0,0.0,0.0,0.0,0.0,0.0
2018,Kerala,32,Thiruvananthapuram,565,Trivandrum Rural,22.0,342.0,103.0,542.0,21.0,1.0,4.0,363.0,145.0,141.0,2.0,1.0,6.0,9.0,37.0,21.0,0.0,3.0,2.0,11.0,257.0,75.0,18.0,1.0,611.0
2018,Kerala,32,Thrissur,566,Thrissur Commissionerate,11.0,163.0,71.0,175.0,5.0,0.0,0.0,0.0,0.0,107.0,1.0,0.0,1.0,0.0,49.0,5.0,0.0,0.0,0.0,1.0,721.0,45.0,1.0,3.0,122.0
2018,Kerala,32,Thrissur,566,Thrissur Commr.,1.0,69.0,0.0,4.0,6.0,0.0,0.0,207.0,81.0,0.0,0.0,0.0,0.0,30.0,0.0,0.0,0.0,0.0,0.0,0.0,0.0,0.0,0.0,0.0,0.0
2018,Kerala,32,Thrissur,566,Thrissur Rural,17.0,138.0,37.0,275.0,6.0,0.0,0.0,221.0,30.0,93.0,0.0,1.0,3.0,22.0,41.0,8.0,0.0,0.0,1.0,6.0,205.0,32.0,12.0,0.0,3.0
2018,Kerala,32,Wayanad,567,Wayanadu,12.0,174.0,60.0,181.0,11.0,1.0,14.0,160.0,14.0,45.0,2.0,0.0,5.0,2.0,20.0,3.0,0.0,0.0,0.0,0.0,97.0,14.0,8.0,0.0,73.0
2018,Ladakh,37,Kargil,6,Kargil,0.0,0.0,0.0,0.0,0.0,0.0,0.0,0.0,0.0,0.0,0.0,0.0,0.0,0.0,0.0,1.0,0.0,0.0,0.0,1.0,2.0,0.0,0.0,0.0,10.0
2018,Ladakh,37,Leh Ladakh,9,Leh,3.0,4.0,0.0,0.0,0.0,0.0,0.0,0.0,0.0,0.0,0.0,0.0,0.0,0.0,0.0,0.0,0.0,0.0,0.0,0.0,1.0,5.0,0.0,0.0,1.0
2018,Lakshadweep,31,Lakshadweep District,553,Lakshadweep,2.0,5.0,0.0,1.0,0.0,0.0,0.0,8.0,7.0,1.0,0.0,0.0,0.0,0.0,0.0,6.0,2.0,1.0,0.0,2.0,1.0,0.0,0.0,0.0,10.0
2018,Madhya Pradesh,23,Agar Malwa,667,Agar,1.0,26.0,0.0,17.0,19.0,0.0,0.0,176.0,0.0,0.0,0.0,0.0,0.0,49.0,0.0,0.0,0.0,0.0,0.0,0.0,0.0,0.0,0.0,0.0,0.0
2018,Madhya Pradesh,23,Agar-Malwa,667,Agar,7.0,61.0,26.0,69.0,10.0,0.0,0.0,0.0,0.0,34.0,3.0,0.0,3.0,0.0,24.0,0.0,0.0,0.0,0.0,0.0,5.0,2.0,1.0,0.0,4.0
2018,Madhya Pradesh,23,Alirajpur,639,Alirajpur,42.0,186.0,31.0,75.0,81.0,0.0,2.0,148.0,0.0,10.0,0.0,0.0,8.0,19.0,143.0,4.0,0.0,0.0,0.0,0.0,15.0,15.0,4.0,0.0,20.0
2018,Madhya Pradesh,23,Anuppur,390,Anuppur,34.0,150.0,50.0,119.0,187.0,0.0,0.0,234.0,0.0,74.0,8.0,0.0,5.0,12.0,48.0,35.0,10.0,0.0,5.0,0.0,19.0,5.0,8.0,0.0,43.0
2018,Madhya Pradesh,23,Ashoknagar,391,Ashok Nagar,24.0,174.0,74.0,220.0,121.0,0.0,0.0,222.0,0.0,41.0,10.0,0.0,7.0,13.0,205.0,0.0,0.0,0.0,0.0,0.0,22.0,15.0,0.0,0.0,30.0
2018,Madhya Pradesh,23,Balaghat,392,Balaghat,38.0,229.0,54.0,201.0,274.0,0.0,0.0,336.0,0.0,78.0,12.0,0.0,12.0,47.0,43.0,0.0,0.0,0.0,0.0,0.0,16.0,10.0,1.0,0.0,23.0
2018,Madhya Pradesh,23,Barwani,393,Barwani,45.0,168.0,52.0,100.0,65.0,0.0,0.0,149.0,0.0,17.0,1.0,0.0,12.0,19.0,91.0,22.0,3.0,0.0,1.0,0.0,2.0,5.0,13.0,0.0,52.0
2018,Madhya Pradesh,23,Betul,394,Betul,47.0,365.0,0.0,125.0,233.0,0.0,3.0,344.0,105.0,68.0,16.0,0.0,15.0,0.0,54.0,2.0,0.0,0.0,0.0,0.0,21.0,8.0,4.0,0.0,0.0
2018,Madhya Pradesh,23,Bhind,395,Bhind,28.0,116.0,30.0,146.0,73.0,0.0,1.0,33.0,0.0,116.0,24.0,0.0,0.0,0.0,0.0,0.0,0.0,0.0,0.0,0.0,40.0,38.0,4.0,0.0,92.0
2018,Madhya Pradesh,23,Bhopal,396,Bhopal,76.0,894.0,170.0,855.0,803.0,2.0,6.0,1477.0,370.0,309.0,57.0,0.0,14.0,30.0,737.0,31.0,2.0,0.0,7.0,1.0,126.0,127.0,57.0,19.0,2070.0
2018,Madhya Pradesh,23,Bhopal,396,Bhopal Railway,3.0,23.0,5.0,43.0,16.0,0.0,2.0,29.0,9.0,1.0,0.0,0.0,2.0,0.0,0.0,0.0,0.0,0.0,0.0,0.0,2.0,43.0,0.0,0.0,29.0
2018,Madhya Pradesh,23,Bhopal,396,Cyber Crime Cell,0.0,0.0,0.0,0.0,0.0,0.0,0.0,0.0,0.0,0.0,0.0,0.0,0.0,0.0,0.0,0.0,0.0,0.0,0.0,0.0,0.0,0.0,0.0,0.0,0.0
2018,Madhya Pradesh,23,Burhanpur,397,Burhanpur,21.0,90.0,33.0,87.0,50.0,0.0,0.0,139.0,0.0,13.0,8.0,0.0,4.0,0.0,0.0,4.0,0.0,0.0,0.0,3.0,8.0,2.0,1.0,0.0,559.0
2018,Madhya Pradesh,23,Chhatarpur,398,Chhatarpur,43.0,227.0,36.0,333.0,370.0,0.0,0.0,557.0,134.0,34.0,19.0,0.0,18.0,35.0,191.0,11.0,2.0,0.0,1.0,9.0,35.0,27.0,1.0,0.0,29.0
2018,Madhya Pradesh,23,Chhindwara,399,Chhindwara,75.0,398.0,76.0,303.0,509.0,0.0,15.0,590.0,0.0,41.0,22.0,0.0,19.0,137.0,20.0,0.0,0.0,0.0,0.0,0.0,58.0,36.0,0.0,0.0,299.0
2018,Madhya Pradesh,23,Cyber Crime,9999,Cyber Crime Cell,0.0,0.0,0.0,0.0,0.0,0.0,0.0,0.0,0.0,0.0,0.0,0.0,0.0,0.0,0.0,0.0,0.0,0.0,0.0,0.0,0.0,0.0,0.0,0.0,0.0
2018,Madhya Pradesh,23,Cyber Crime Cell,9999,Cyber Crime Cell,0.0,0.0,0.0,0.0,0.0,0.0,0.0,0.0,0.0,0.0,0.0,0.0,0.0,0.0,0.0,315.0,0.0,90.0,0.0,94.0,0.0,0.0,0.0,0.0,0.0
2018,Madhya Pradesh,23,Damoh,400,Damoh,39.0,69.0,13.0,153.0,246.0,0.0,0.0,198.0,0.0,45.0,20.0,0.0,12.0,0.0,236.0,4.0,1.0,0.0,0.0,0.0,1.0,6.0,0.0,0.0,19.0
2018,Madhya Pradesh,23,Datia,401,Datia,30.0,71.0,12.0,90.0,85.0,0.0,0.0,128.0,31.0,27.0,7.0,0.0,8.0,6.0,0.0,11.0,3.0,0.0,1.0,2.0,12.0,14.0,0.0,0.0,36.0
2018,Madhya Pradesh,23,Dewas,402,Dewas,34.0,352.0,109.0,356.0,245.0,0.0,4.0,381.0,0.0,271.0,16.0,0.0,14.0,45.0,442.0,0.0,0.0,0.0,0.0,0.0,0.0,37.0,0.0,0.0,87.0
2018,Madhya Pradesh,23,Dhar,403,Dhar,64.0,772.0,188.0,345.0,384.0,2.0,1.0,1009.0,269.0,72.0,4.0,0.0,20.0,63.0,285.0,78.0,1.0,0.0,3.0,0.0,1.0,53.0,8.0,1.0,90.0
2018,Madhya Pradesh,23,Dindori,404,Dindori,21.0,88.0,22.0,67.0,165.0,0.0,0.0,157.0,28.0,84.0,3.0,1.0,3.0,2.0,26.0,3.0,0.0,1.0,0.0,0.0,18.0,1.0,0.0,0.0,48.0
2018,Madhya Pradesh,23,Guna,406,Guna,33.0,277.0,55.0,281.0,160.0,5.0,0.0,375.0,132.0,94.0,8.0,1.0,13.0,9.0,58.0,0.0,0.0,0.0,0.0,0.0,4.0,46.0,38.0,0.0,391.0
2018,Madhya Pradesh,23,Gwalior,407,Gwalior,84.0,522.0,89.0,487.0,481.0,2.0,0.0,917.0,203.0,250.0,31.0,0.0,20.0,13.0,211.0,53.0,0.0,2.0,0.0,48.0,0.0,144.0,1.0,1.0,36.0
2018,Madhya Pradesh,23,Harda,408,Harda,14.0,184.0,64.0,122.0,80.0,1.0,0.0,149.0,0.0,45.0,2.0,0.0,6.0,6.0,2.0,1.0,0.0,0.0,0.0,2.0,20.0,7.0,0.0,0.0,10.0
2018,Madhya Pradesh,23,Indore,410,Cyber Crime Cell,0.0,0.0,0.0,0.0,0.0,0.0,0.0,0.0,0.0,0.0,0.0,0.0,0.0,0.0,0.0,0.0,0.0,0.0,0.0,32.0,0.0,0.0,0.0,0.0,0.0
2018,Madhya Pradesh,23,Indore,410,Indore,89.0,570.0,6.0,439.0,999.0,1.0,7.0,1171.0,447.0,398.0,23.0,4.0,38.0,79.0,474.0,80.0,17.0,1.0,12.0,9.0,149.0,96.0,9.0,7.0,147.0
2018,Madhya Pradesh,23,Indore,410,Indore Railway,2.0,1.0,1.0,6.0,2.0,0.0,0.0,5.0,3.0,0.0,1.0,0.0,0.0,0.0,0.0,0.0,0.0,0.0,0.0,0.0,0.0,4.0,0.0,0.0,20.0
2018,Madhya Pradesh,23,Indore,410,Khandwa,3.0,65.0,0.0,74.0,123.0,0.0,2.0,282.0,3.0,0.0,0.0,0.0,0.0,1.0,0.0,0.0,0.0,0.0,0.0,0.0,0.0,0.0,0.0,0.0,0.0
2018,Madhya Pradesh,23,Jabalpur,411,Jabalpur,73.0,441.0,115.0,505.0,764.0,0.0,5.0,667.0,0.0,412.0,22.0,0.0,29.0,0.0,751.0,1.0,0.0,0.0,0.0,0.0,66.0,118.0,17.0,0.0,66.0
2018,Madhya Pradesh,23,Jabalpur,411,Jabalpur Railway,1.0,16.0,7.0,15.0,9.0,0.0,0.0,23.0,0.0,0.0,0.0,0.0,2.0,0.0,0.0,0.0,0.0,0.0,0.0,0.0,1.0,33.0,0.0,0.0,44.0
2018,Madhya Pradesh,23,Jhabua,412,Jhabua,31.0,222.0,32.0,136.0,398.0,0.0,0.0,394.0,57.0,23.0,0.0,0.0,19.0,13.0,245.0,2.0,0.0,0.0,0.0,2.0,1.0,39.0,1.0,0.0,9.0
2018,Madhya Pradesh,23,Katni,413,Katni,41.0,196.0,57.0,176.0,249.0,0.0,0.0,316.0,0.0,28.0,10.0,0.0,15.0,19.0,0.0,0.0,0.0,0.0,0.0,0.0,32.0,13.0,0.0,0.0,177.0
2018,Madhya Pradesh,23,Khandwa (East Nimar),405,Khandwa,23.0,272.0,65.0,212.0,2.0,0.0,2.0,0.0,0.0,43.0,5.0,0.0,8.0,0.0,0.0,0.0,0.0,0.0,0.0,0.0,0.0,14.0,0.0,0.0,1333.0
2018,Madhya Pradesh,23,Khargone,414,Khargone,2.0,168.0,0.0,92.0,110.0,0.0,1.0,473.0,0.0,0.0,0.0,0.0,0.0,38.0,0.0,0.0,0.0,0.0,0.0,0.0,0.0,0.0,0.0,0.0,0.0
2018,Madhya Pradesh,23,Khargone (West Nimar),414,Khargone,45.0,285.0,168.0,250.0,48.0,0.0,2.0,0.0,0.0,60.0,2.0,0.0,6.0,0.0,127.0,17.0,1.0,0.0,2.0,1.0,14.0,14.0,12.0,0.0,27.0
2018,Madhya Pradesh,23,Mandla,415,Mandla,32.0,106.0,26.0,71.0,239.0,0.0,9.0,261.0,0.0,21.0,6.0,0.0,18.0,3.0,49.0,0.0,0.0,0.0,0.0,0.0,14.0,3.0,0.0,0.0,3.0
2018,Madhya Pradesh,23,Mandsaur,416,Mandsaur,22.0,180.0,56.0,217.0,112.0,0.0,1.0,178.0,0.0,16.0,2.0,0.0,8.0,0.0,34.0,24.0,1.0,2.0,6.0,0.0,25.0,18.0,8.0,0.0,32.0
2018,Madhya Pradesh,23,Morena,417,Morena,48.0,190.0,49.0,256.0,149.0,2.0,0.0,345.0,0.0,114.0,21.0,0.0,18.0,28.0,119.0,12.0,0.0,0.0,2.0,0.0,75.0,56.0,20.0,0.0,17.0
2018,Madhya Pradesh,23,Narmadapuram,409,Hoshangabad,51.0,258.0,66.0,285.0,276.0,0.0,5.0,373.0,0.0,134.0,8.0,0.0,4.0,49.0,248.0,4.0,0.0,1.0,0.0,3.0,33.0,13.0,11.0,0.0,17.0
2018,Madhya Pradesh,23,Narsimhapur,418,Narsinghpur,34.0,190.0,48.0,211.0,69.0,0.0,0.0,0.0,1.0,72.0,14.0,0.0,15.0,0.0,268.0,15.0,0.0,0.0,0.0,20.0,11.0,9.0,0.0,0.0,24.0
2018,Madhya Pradesh,23,Narsinghpur,418,Narsinghpur,3.0,48.0,0.0,61.0,97.0,0.0,0.0,378.0,122.0,0.0,0.0,0.0,2.0,38.0,0.0,0.0,0.0,0.0,0.0,0.0,0.0,0.0,0.0,0.0,0.0
2018,Madhya Pradesh,23,Neemuch,419,Neemuch,8.0,66.0,21.0,76.0,46.0,0.0,0.0,72.0,0.0,13.0,3.0,0.0,5.0,3.0,22.0,11.0,1.0,0.0,1.0,0.0,21.0,10.0,1.0,0.0,11.0
2018,Madhya Pradesh,23,Panna,420,Panna,20.0,70.0,17.0,122.0,106.0,0.0,0.0,166.0,1.0,23.0,16.0,0.0,14.0,0.0,50.0,0.0,0.0,0.0,0.0,0.0,0.0,7.0,0.0,0.0,50.0
2018,Madhya Pradesh,23,Raisen,421,Raisen,40.0,333.0,53.0,254.0,134.0,0.0,0.0,225.0,49.0,35.0,8.0,0.0,14.0,21.0,0.0,0.0,0.0,0.0,0.0,0.0,35.0,12.0,0.0,0.0,972.0
2018,Madhya Pradesh,23,Rajgarh,422,Rajgarh,15.0,136.0,14.0,215.0,171.0,0.0,2.0,178.0,17.0,47.0,9.0,0.0,12.0,0.0,287.0,3.0,0.0,0.0,0.0,3.0,19.0,16.0,1.0,0.0,1631.0
2018,Madhya Pradesh,23,Ratlam,423,Ratlam,32.0,369.0,116.0,269.0,290.0,0.0,0.0,464.0,0.0,113.0,2.0,0.0,15.0,1.0,104.0,16.0,1.0,3.0,3.0,1.0,40.0,30.0,0.0,2.0,63.0
2018,Madhya Pradesh,23,Rewa,424,Rewa,60.0,338.0,102.0,238.0,547.0,12.0,0.0,523.0,4.0,66.0,33.0,0.0,17.0,15.0,198.0,0.0,0.0,0.0,0.0,0.0,28.0,64.0,11.0,0.0,2210.0
2018,Madhya Pradesh,23,Sagar,425,Sagar,100.0,574.0,107.0,458.0,327.0,0.0,0.0,746.0,125.0,133.0,33.0,0.0,27.0,49.0,171.0,66.0,1.0,1.0,12.0,0.0,66.0,24.0,2.0,0.0,103.0
2018,Madhya Pradesh,23,Satna,426,Satna,77.0,466.0,88.0,209.0,277.0,4.0,0.0,477.0,0.0,58.0,29.0,0.0,15.0,16.0,117.0,0.0,0.0,0.0,0.0,0.0,0.0,26.0,0.0,0.0,0.0
2018,Madhya Pradesh,23,Sehore,427,Sehore,35.0,328.0,84.0,269.0,109.0,1.0,2.0,253.0,0.0,130.0,6.0,0.0,7.0,0.0,82.0,0.0,0.0,0.0,0.0,0.0,31.0,14.0,0.0,0.0,124.0
2018,Madhya Pradesh,23,Seoni,428,Seoni,48.0,194.0,25.0,136.0,176.0,0.0,0.0,234.0,0.0,93.0,8.0,0.0,7.0,0.0,345.0,9.0,0.0,0.0,3.0,3.0,11.0,8.0,0.0,0.0,1002.0
2018,Madhya Pradesh,23,Shahdol,429,Shahdol,39.0,253.0,60.0,155.0,289.0,0.0,7.0,374.0,8.0,100.0,8.0,0.0,2.0,34.0,31.0,22.0,3.0,1.0,2.0,0.0,30.0,13.0,11.0,2.0,191.0
2018,Madhya Pradesh,23,Shajapur,430,Shajapur,11.0,207.0,52.0,182.0,63.0,0.0,3.0,291.0,104.0,43.0,5.0,0.0,4.0,34.0,190.0,18.0,1.0,0.0,0.0,0.0,11.0,7.0,5.0,1.0,18.0
2018,Madhya Pradesh,23,Sheopur,431,Sheopur,6.0,67.0,10.0,53.0,33.0,0.0,0.0,95.0,22.0,15.0,3.0,0.0,3.0,17.0,56.0,3.0,0.0,0.0,0.0,2.0,10.0,6.0,3.0,0.0,74.0
2018,Madhya Pradesh,23,Shivpuri,432,Shivpuri,35.0,210.0,42.0,228.0,234.0,2.0,2.0,287.0,0.0,32.0,9.0,0.0,7.0,39.0,44.0,0.0,0.0,0.0,0.0,0.0,35.0,18.0,0.0,3.0,466.0
2018,Madhya Pradesh,23,Sidhi,433,Sidhi,28.0,62.0,2.0,66.0,294.0,2.0,4.0,224.0,44.0,37.0,15.0,0.0,19.0,0.0,107.0,6.0,0.0,0.0,3.0,0.0,9.0,18.0,3.0,0.0,18.0
2018,Madhya Pradesh,23,Singrauli,638,Singrauli,45.0,153.0,42.0,63.0,135.0,0.0,2.0,226.0,0.0,52.0,12.0,0.0,24.0,28.0,77.0,21.0,3.0,0.0,0.0,1.0,12.0,19.0,8.0,0.0,27.0
2018,Madhya Pradesh,23,Tikamgarh,434,Tikamgarh,32.0,307.0,93.0,222.0,179.0,0.0,2.0,328.0,0.0,36.0,11.0,0.0,12.0,0.0,73.0,62.0,5.0,0.0,2.0,0.0,48.0,19.0,0.0,0.0,200.0
2018,Madhya Pradesh,23,Ujjain,435,Ujjain,54.0,234.0,38.0,507.0,383.0,0.0,2.0,570.0,0.0,238.0,11.0,0.0,8.0,49.0,162.0,59.0,5.0,0.0,1.0,0.0,79.0,52.0,1.0,3.0,3222.0
2018,Madhya Pradesh,23,Umaria,436,Umaria,21.0,70.0,16.0,61.0,113.0,0.0,0.0,189.0,0.0,12.0,5.0,0.0,4.0,10.0,70.0,1.0,0.0,0.0,0.0,0.0,16.0,1.0,0.0,0.0,10.0
2018,Madhya Pradesh,23,Vidisha,437,Vidisha,46.0,215.0,0.0,188.0,329.0,0.0,7.0,456.0,163.0,113.0,13.0,0.0,17.0,44.0,226.0,0.0,0.0,0.0,0.0,0.0,13.0,12.0,3.0,2.0,15.0
2018,Maharashtra,27,Ahmednagar,466,Ahmednagar,79.0,302.0,0.0,484.0,508.0,2.0,0.0,485.0,234.0,252.0,18.0,2.0,47.0,3.0,70.0,36.0,12.0,6.0,1.0,0.0,275.0,461.0,0.0,5.0,607.0
2018,Maharashtra,27,Akola,467,Akola,37.0,138.0,0.0,204.0,202.0,0.0,0.0,281.0,123.0,273.0,6.0,0.0,21.0,19.0,19.0,46.0,10.0,0.0,6.0,0.0,91.0,53.0,6.0,0.0,154.0
2018,Maharashtra,27,Amravati,468,Amravati Commissionerate,26.0,131.0,0.0,245.0,3.0,0.0,0.0,0.0,0.0,183.0,2.0,1.0,5.0,0.0,110.0,105.0,21.0,11.0,16.0,3.0,93.0,81.0,27.0,0.0,234.0
2018,Maharashtra,27,Amravati,468,Amravati Commr.,2.0,0.0,0.0,0.0,97.0,0.0,0.0,273.0,121.0,0.0,0.0,0.0,0.0,24.0,0.0,0.0,0.0,0.0,0.0,0.0,0.0,0.0,0.0,0.0,0.0
2018,Maharashtra,27,Amravati,468,Amravati Rural,58.0,146.0,0.0,184.0,230.0,0.0,3.0,367.0,173.0,154.0,4.0,0.0,26.0,37.0,0.0,73.0,29.0,12.0,0.0,6.0,92.0,56.0,4.0,0.0,117.0
2018,Maharashtra,27,Aurangabad,469,Aurangabad Commr.,2.0,0.0,0.0,0.0,177.0,0.0,0.0,310.0,110.0,0.0,0.0,0.0,4.0,2.0,0.0,0.0,0.0,0.0,0.0,0.0,0.0,0.0,0.0,0.0,0.0
2018,Maharashtra,27,Aurangabad,469,Aurangabad Railway,0.0,0.0,0.0,0.0,12.0,0.0,0.0,24.0,2.0,0.0,0.0,0.0,0.0,1.0,0.0,0.0,0.0,0.0,0.0,0.0,0.0,0.0,0.0,0.0,0.0
2018,Maharashtra,27,Aurangabad,469,Aurangabad Rural,3.0,0.0,0.0,0.0,75.0,0.0,0.0,144.0,51.0,0.0,0.0,0.0,2.0,2.0,0.0,0.0,0.0,0.0,0.0,0.0,0.0,0.0,0.0,0.0,0.0
2018,Maharashtra,27,Beed,470,Beed,58.0,131.0,0.0,255.0,103.0,8.0,14.0,240.0,100.0,295.0,14.0,0.0,35.0,11.0,142.0,66.0,8.0,1.0,5.0,0.0,43.0,79.0,13.0,4.0,308.0
2018,Maharashtra,27,Bhandara,471,Bhandara,15.0,79.0,0.0,116.0,196.0,0.0,0.0,183.0,51.0,50.0,4.0,0.0,12.0,2.0,38.0,97.0,24.0,2.0,7.0,3.0,46.0,16.0,0.0,2.0,71.0
2018,Maharashtra,27,Buldhana,472,Buldhana,52.0,112.0,0.0,286.0,150.0,0.0,0.0,300.0,164.0,164.0,9.0,0.0,32.0,8.0,158.0,42.0,12.0,0.0,3.0,1.0,131.0,67.0,6.0,0.0,32.0
2018,Maharashtra,27,Chandrapur,473,Chandrapur,35.0,195.0,0.0,205.0,272.0,0.0,2.0,347.0,138.0,114.0,6.0,0.0,16.0,1.0,97.0,158.0,44.0,10.0,1.0,11.0,122.0,34.0,0.0,0.0,111.0
2018,Maharashtra,27,Chhatrapati Sambhajinagar,469,Aurangabad Commissionerate,36.0,122.0,0.0,286.0,112.0,0.0,0.0,0.0,0.0,226.0,1.0,0.0,16.0,0.0,166.0,148.0,44.0,4.0,12.0,8.0,136.0,144.0,8.0,5.0,104.0
2018,Maharashtra,27,Chhatrapati Sambhajinagar,469,Aurangabad Railway,1.0,1.0,0.0,26.0,6.0,0.0,0.0,0.0,0.0,0.0,0.0,0.0,0.0,0.0,42.0,0.0,0.0,0.0,0.0,0.0,0.0,101.0,0.0,0.0,20.0
2018,Maharashtra,27,Chhatrapati Sambhajinagar,469,Aurangabad Rural,39.0,84.0,0.0,115.0,11.0,2.0,0.0,0.0,0.0,194.0,6.0,0.0,40.0,0.0,87.0,33.0,8.0,0.0,2.0,1.0,47.0,31.0,2.0,1.0,114.0
2018,Maharashtra,27,Dharashiv,488,Osmanabad,41.0,93.0,0.0,140.0,38.0,0.0,0.0,0.0,0.0,71.0,5.0,0.0,15.0,0.0,198.0,30.0,8.0,2.0,3.0,0.0,64.0,39.0,0.0,0.0,125.0
2018,Maharashtra,27,Dhule,474,Dhule,27.0,72.0,0.0,91.0,106.0,0.0,0.0,133.0,27.0,220.0,5.0,0.0,10.0,0.0,28.0,27.0,8.0,0.0,3.0,0.0,89.0,125.0,0.0,0.0,145.0
2018,Maharashtra,27,Gadchiroli,475,Gadchiroli,40.0,63.0,0.0,46.0,85.0,0.0,0.0,92.0,39.0,13.0,3.0,0.0,4.0,2.0,14.0,34.0,14.0,0.0,0.0,0.0,39.0,5.0,0.0,0.0,29.0
2018,Maharashtra,27,Gondia,476,Gondia,26.0,82.0,1.0,131.0,160.0,0.0,0.0,186.0,85.0,44.0,9.0,0.0,7.0,6.0,103.0,42.0,7.0,0.0,7.0,0.0,57.0,37.0,0.0,0.0,41.0
2018,Maharashtra,27,Hingoli,477,Hingoli,28.0,42.0,0.0,79.0,51.0,0.0,0.0,86.0,40.0,88.0,4.0,1.0,18.0,2.0,83.0,10.0,0.0,0.0,2.0,0.0,2.0,29.0,0.0,0.0,17.0
2018,Maharashtra,27,Jalgaon,478,Jalgaon,69.0,193.0,0.0,241.0,200.0,1.0,2.0,305.0,123.0,214.0,1.0,0.0,27.0,2.0,54.0,21.0,5.0,4.0,1.0,2.0,148.0,186.0,2.0,4.0,416.0
2018,Maharashtra,27,Jalna,479,Jalna,48.0,83.0,0.0,215.0,57.0,0.0,0.0,64.0,28.0,275.0,8.0,0.0,6.0,0.0,40.0,45.0,21.0,0.0,1.0,0.0,122.0,84.0,13.0,0.0,611.0
2018,Maharashtra,27,Kolhapur,480,Kolhapur,61.0,178.0,0.0,192.0,317.0,3.0,31.0,337.0,141.0,98.0,6.0,0.0,17.0,1.0,154.0,49.0,14.0,2.0,4.0,2.0,214.0,224.0,12.0,9.0,376.0
2018,Maharashtra,27,Latur,481,Latur,37.0,82.0,0.0,150.0,252.0,0.0,0.0,213.0,60.0,157.0,4.0,0.0,15.0,0.0,102.0,36.0,9.0,3.0,2.0,2.0,95.0,86.0,0.0,7.0,18.0
2018,Maharashtra,27,Mumbai,482,Mumbai Commissionerate,164.0,1208.0,1.0,2570.0,1349.0,2.0,77.0,0.0,0.0,521.0,15.0,0.0,41.0,0.0,1193.0,2917.0,917.0,16.0,179.0,7.0,3586.0,1086.0,416.0,65.0,5701.0
2018,Maharashtra,27,Mumbai,482,Mumbai Commr.,10.0,0.0,0.0,0.0,1955.0,0.0,12.0,3511.0,1144.0,0.0,0.0,0.0,2.0,66.0,0.0,0.0,0.0,0.0,0.0,0.0,0.0,0.0,0.0,0.0,0.0
2018,Maharashtra,27,Mumbai,482,Mumbai Railway,10.0,13.0,0.0,150.0,27.0,0.0,0.0,757.0,29.0,0.0,0.0,0.0,2.0,1.0,275.0,30.0,2.0,0.0,0.0,0.0,119.0,1002.0,7.0,0.0,57.0
2018,Maharashtra,27,Mumbai Suburban,483,Navi Mumbai,55.0,213.0,1.0,199.0,625.0,1.0,6.0,557.0,160.0,150.0,1.0,0.0,18.0,4.0,138.0,144.0,39.0,1.0,12.0,1.0,513.0,308.0,11.0,17.0,185.0
2018,Maharashtra,27,Nagpur,484,Nagpur Commissionerate,72.0,239.0,0.0,283.0,330.0,0.0,44.0,0.0,1.0,129.0,11.0,0.0,17.0,0.0,381.0,202.0,72.0,4.0,7.0,6.0,502.0,266.0,17.0,18.0,395.0
2018,Maharashtra,27,Nagpur,484,Nagpur Commr.,4.0,0.0,0.0,0.0,436.0,0.0,0.0,702.0,195.0,0.0,0.0,0.0,1.0,13.0,0.0,0.0,0.0,0.0,0.0,0.0,0.0,0.0,0.0,0.0,0.0
2018,Maharashtra,27,Nagpur,484,Nagpur Railway,0.0,2.0,0.0,15.0,9.0,0.0,0.0,16.0,3.0,0.0,0.0,0.0,0.0,0.0,20.0,0.0,0.0,0.0,0.0,0.0,2.0,33.0,0.0,0.0,2.0
2018,Maharashtra,27,Nagpur,484,Nagpur Rural,38.0,168.0,0.0,182.0,143.0,0.0,3.0,344.0,133.0,31.0,4.0,0.0,19.0,7.0,114.0,52.0,19.0,0.0,4.0,10.0,115.0,63.0,0.0,1.0,50.0
2018,Maharashtra,27,Nanded,485,Nanded,64.0,107.0,0.0,153.0,208.0,0.0,2.0,274.0,100.0,243.0,2.0,0.0,31.0,18.0,68.0,30.0,5.0,2.0,0.0,1.0,106.0,99.0,4.0,1.0,31.0
2018,Maharashtra,27,Nandurbar,486,Nandurbar,30.0,53.0,0.0,48.0,97.0,0.0,0.0,96.0,35.0,53.0,0.0,0.0,10.0,0.0,62.0,24.0,4.0,0.0,2.0,0.0,40.0,48.0,9.0,0.0,18.0
2018,Maharashtra,27,Nashik,487,Nasik Commissionerate,35.0,78.0,0.0,131.0,186.0,5.0,0.0,0.0,0.0,186.0,3.0,0.0,19.0,0.0,236.0,70.0,20.0,8.0,8.0,2.0,56.0,220.0,62.0,9.0,57.0
2018,Maharashtra,27,Nashik,487,Nasik Commr.,0.0,0.0,0.0,0.0,250.0,0.0,0.0,440.0,87.0,0.0,0.0,0.0,2.0,0.0,0.0,0.0,0.0,0.0,0.0,0.0,0.0,0.0,0.0,0.0,0.0
2018,Maharashtra,27,Nashik,487,Nasik Rural,90.0,159.0,0.0,228.0,295.0,4.0,0.0,374.0,125.0,230.0,9.0,0.0,30.0,0.0,138.0,60.0,14.0,5.0,3.0,2.0,200.0,143.0,32.0,0.0,194.0
2018,Maharashtra,27,Osmanabad,488,Osmanabad,5.0,0.0,0.0,0.0,68.0,0.0,0.0,166.0,81.0,0.0,0.0,0.0,4.0,0.0,0.0,0.0,0.0,0.0,0.0,0.0,0.0,0.0,0.0,0.0,0.0
2018,Maharashtra,27,Palghar,665,Palghar,76.0,325.0,0.0,252.0,814.0,7.0,24.0,822.0,228.0,64.0,4.0,0.0,25.0,19.0,200.0,107.0,26.0,5.0,5.0,8.0,432.0,346.0,44.0,5.0,92.0
2018,Maharashtra,27,Parbhani,489,Parbhani,42.0,79.0,0.0,142.0,114.0,0.0,0.0,153.0,59.0,227.0,9.0,0.0,19.0,13.0,145.0,18.0,1.0,0.0,2.0,0.0,14.0,41.0,0.0,0.0,47.0
2018,Maharashtra,27,Pune,490,Pimpri Chinchwad City,79.0,243.0,0.0,318.0,575.0,0.0,9.0,544.0,93.0,140.0,3.0,0.0,20.0,17.0,334.0,125.0,45.0,6.0,7.0,2.0,206.0,328.0,11.0,0.0,220.0
2018,Maharashtra,27,Pune,490,Pune Commissionerate,81.0,338.0,0.0,450.0,315.0,2.0,72.0,0.0,0.0,268.0,6.0,0.0,30.0,0.0,618.0,283.0,104.0,18.0,19.0,0.0,572.0,363.0,30.0,14.0,300.0
2018,Maharashtra,27,Pune,490,Pune Commr.,5.0,0.0,0.0,0.0,587.0,0.0,4.0,877.0,246.0,0.0,0.0,0.0,3.0,8.0,0.0,0.0,0.0,0.0,0.0,0.0,0.0,0.0,0.0,0.0,0.0
2018,Maharashtra,27,Pune,490,Pune Railway,2.0,2.0,0.0,1.0,12.0,0.0,0.0,20.0,2.0,0.0,0.0,0.0,0.0,0.0,2.0,0.0,0.0,0.0,0.0,0.0,6.0,20.0,0.0,0.0,2.0
2018,Maharashtra,27,Pune,490,Pune Rural,123.0,273.0,0.0,523.0,701.0,3.0,0.0,735.0,240.0,214.0,9.0,0.0,47.0,24.0,210.0,118.0,42.0,7.0,5.0,0.0,279.0,380.0,2.0,16.0,161.0
2018,Maharashtra,27,Raigad,491,Raigad,46.0,101.0,0.0,118.0,159.0,1.0,0.0,153.0,54.0,28.0,2.0,0.0,11.0,0.0,79.0,103.0,35.0,3.0,4.0,0.0,177.0,48.0,0.0,2.0,101.0
2018,Maharashtra,27,Ratnagiri,492,Ratnagiri,24.0,74.0,0.0,100.0,141.0,0.0,0.0,142.0,54.0,10.0,0.0,0.0,5.0,0.0,76.0,93.0,34.0,2.0,9.0,0.0,82.0,24.0,8.0,0.0,52.0
2018,Maharashtra,27,Sangli,493,Sangli,81.0,215.0,0.0,217.0,369.0,2.0,17.0,413.0,151.0,78.0,15.0,0.0,33.0,10.0,263.0,72.0,18.0,2.0,7.0,2.0,162.0,189.0,38.0,8.0,152.0
2018,Maharashtra,27,Satara,494,Satara,60.0,207.0,1.0,298.0,424.0,2.0,20.0,479.0,203.0,112.0,2.0,0.0,35.0,3.0,272.0,113.0,23.0,1.0,12.0,0.0,215.0,155.0,7.0,1.0,128.0
2018,Maharashtra,27,Sindhudurg,495,Sindhudurg,9.0,17.0,0.0,59.0,36.0,0.0,4.0,42.0,19.0,4.0,0.0,0.0,4.0,0.0,19.0,52.0,24.0,1.0,0.0,1.0,50.0,13.0,0.0,0.0,26.0
2018,Maharashtra,27,Solapur,496,Solapur Commissionerate,10.0,74.0,0.0,103.0,8.0,1.0,7.0,0.0,0.0,95.0,1.0,0.0,5.0,0.0,90.0,48.0,16.0,0.0,2.0,0.0,153.0,48.0,0.0,1.0,234.0
2018,Maharashtra,27,Solapur,496,Solapur Commr.,0.0,0.0,0.0,0.0,104.0,1.0,1.0,187.0,81.0,0.0,0.0,0.0,0.0,0.0,0.0,0.0,0.0,0.0,0.0,0.0,0.0,0.0,0.0,0.0,0.0
2018,Maharashtra,27,Solapur,496,Solapur Rural,83.0,226.0,0.0,371.0,260.0,1.0,0.0,335.0,168.0,116.0,5.0,0.0,41.0,0.0,87.0,46.0,7.0,0.0,9.0,0.0,119.0,110.0,35.0,0.0,186.0
2018,Maharashtra,27,Thane,497,Thane Commissionerate,108.0,464.0,0.0,518.0,515.0,3.0,78.0,0.0,1.0,317.0,6.0,0.0,25.0,0.0,596.0,357.0,54.0,63.0,8.0,20.0,854.0,639.0,54.0,11.0,319.0
2018,Maharashtra,27,Thane,497,Thane Commr.,11.0,0.0,0.0,0.0,877.0,0.0,4.0,1313.0,350.0,0.0,0.0,0.0,0.0,1.0,0.0,0.0,0.0,0.0,0.0,0.0,0.0,0.0,0.0,1.0,0.0
2018,Maharashtra,27,Thane,497,Thane Rural,39.0,175.0,0.0,220.0,276.0,2.0,44.0,398.0,115.0,128.0,3.0,0.0,23.0,0.0,98.0,123.0,24.0,4.0,13.0,0.0,215.0,155.0,32.0,0.0,103.0
2018,Maharashtra,27,Wardha,498,Wardha,38.0,75.0,0.0,155.0,218.0,0.0,0.0,228.0,75.0,36.0,2.0,0.0,14.0,0.0,114.0,108.0,38.0,1.0,11.0,7.0,31.0,33.0,14.0,0.0,71.0
2018,Maharashtra,27,Washim,499,Washim,23.0,49.0,0.0,120.0,59.0,0.0,0.0,105.0,38.0,118.0,4.0,0.0,9.0,0.0,6.0,24.0,1.0,0.0,5.0,0.0,49.0,24.0,6.0,1.0,19.0
2018,Maharashtra,27,Yavatmal,500,Yavatmal,58.0,214.0,0.0,294.0,232.0,0.0,0.0,339.0,160.0,288.0,5.0,1.0,6.0,1.0,117.0,80.0,32.0,1.0,3.0,6.0,107.0,67.0,18.0,1.0,65.0
2018,Manipur,14,Bishnupur,252,Bishnupur,3.0,26.0,0.0,3.0,21.0,1.0,0.0,23.0,8.0,0.0,0.0,0.0,0.0,0.0,0.0,0.0,0.0,0.0,0.0,0.0,9.0,0.0,0.0,0.0,13.0
2018,Manipur,14,Chandel,253,Chandel,4.0,5.0,0.0,1.0,0.0,0.0,2.0,3.0,3.0,0.0,0.0,0.0,0.0,0.0,0.0,0.0,0.0,0.0,0.0,0.0,1.0,1.0,2.0,0.0,9.0
2018,Manipur,14,Churachandpur,254,Churachandpur,5.0,5.0,0.0,2.0,2.0,2.0,0.0,6.0,1.0,0.0,0.0,0.0,0.0,0.0,2.0,2.0,0.0,0.0,1.0,0.0,2.0,0.0,0.0,0.0,37.0
2018,Manipur,14,Imphal East,255,Imphal East,4.0,26.0,10.0,13.0,8.0,0.0,3.0,18.0,5.0,1.0,0.0,0.0,0.0,0.0,0.0,1.0,0.0,0.0,0.0,2.0,14.0,0.0,3.0,0.0,26.0
2018,Manipur,14,Imphal West,256,Cid,0.0,0.0,0.0,7.0,0.0,0.0,0.0,0.0,0.0,0.0,0.0,0.0,0.0,0.0,0.0,52.0,14.0,0.0,3.0,0.0,28.0,0.0,2.0,0.0,32.0
2018,Manipur,14,Imphal West,256,Imphal West,13.0,58.0,3.0,33.0,35.0,1.0,3.0,48.0,12.0,9.0,0.0,0.0,3.0,0.0,10.0,2.0,0.0,0.0,0.0,0.0,30.0,2.0,10.0,0.0,76.0
2018,Manipur,14,Senapati,257,Senapati,3.0,2.0,1.0,0.0,0.0,1.0,0.0,0.0,0.0,0.0,0.0,0.0,0.0,0.0,0.0,0.0,0.0,0.0,0.0,0.0,4.0,1.0,0.0,0.0,24.0
2018,Manipur,14,Tamenglong,258,Tamenglong,7.0,1.0,0.0,0.0,0.0,2.0,0.0,1.0,1.0,0.0,0.0,0.0,0.0,0.0,0.0,0.0,0.0,0.0,0.0,0.0,2.0,2.0,0.0,0.0,19.0
2018,Manipur,14,Thoubal,259,Thoubal,9.0,37.0,8.0,7.0,16.0,0.0,0.0,26.0,10.0,3.0,0.0,0.0,0.0,0.0,2.0,0.0,0.0,0.0,0.0,0.0,12.0,0.0,3.0,0.0,45.0
2018,Manipur,14,Ukhrul,260,Ukhrul,4.0,3.0,0.0,0.0,1.0,0.0,0.0,3.0,3.0,1.0,0.0,0.0,0.0,0.0,0.0,0.0,0.0,0.0,0.0,0.0,0.0,0.0,0.0,0.0,9.0
2018,Meghalaya,17,East Garo Hills,273,East Garo Hills,7.0,4.0,0.0,5.0,0.0,0.0,0.0,0.0,0.0,0.0,0.0,0.0,0.0,0.0,0.0,6.0,0.0,0.0,0.0,0.0,8.0,2.0,3.0,0.0,25.0
2018,Meghalaya,17,East Garo Hills,273,Garo Hills East,0.0,0.0,0.0,0.0,3.0,0.0,0.0,7.0,4.0,0.0,0.0,0.0,0.0,0.0,0.0,0.0,0.0,0.0,0.0,0.0,0.0,0.0,0.0,0.0,0.0
2018,Meghalaya,17,East Jaintia Hills,657,East Jaintia Hills,10.0,25.0,0.0,4.0,10.0,0.0,0.0,0.0,0.0,0.0,0.0,0.0,0.0,0.0,0.0,0.0,0.0,0.0,0.0,0.0,11.0,6.0,0.0,0.0,7.0
2018,Meghalaya,17,East Jaintia Hills,657,Jaintia Hills East,0.0,0.0,0.0,0.0,0.0,0.0,0.0,25.0,24.0,0.0,0.0,0.0,0.0,0.0,0.0,0.0,0.0,0.0,0.0,0.0,0.0,0.0,0.0,0.0,0.0
2018,Meghalaya,17,East Khasi Hills,274,Cyber Cell,0.0,0.0,0.0,0.0,0.0,0.0,0.0,1.0,0.0,0.0,0.0,0.0,0.0,0.0,0.0,27.0,0.0,0.0,11.0,0.0,0.0,0.0,0.0,0.0,11.0
2018,Meghalaya,17,East Khasi Hills,274,East Khasi Hills,24.0,87.0,4.0,39.0,1.0,1.0,0.0,0.0,0.0,6.0,1.0,0.0,0.0,0.0,11.0,37.0,0.0,22.0,0.0,2.0,121.0,30.0,14.0,2.0,34.0
2018,Meghalaya,17,East Khasi Hills,274,Khasi Hills East,0.0,0.0,0.0,0.0,30.0,0.0,0.0,140.0,105.0,0.0,0.0,0.0,0.0,0.0,0.0,0.0,0.0,0.0,0.0,0.0,0.0,0.0,0.0,0.0,0.0
2018,Meghalaya,17,North Garo Hills,656,Garo Hills North,2.0,9.0,0.0,9.0,9.0,2.0,0.0,22.0,16.0,1.0,0.0,0.0,0.0,0.0,0.0,1.0,0.0,1.0,0.0,0.0,0.0,0.0,5.0,0.0,16.0
2018,Meghalaya,17,Ri Bhoi,276,Ri-Bhoi,9.0,80.0,26.0,18.0,16.0,0.0,3.0,47.0,10.0,0.0,0.0,0.0,0.0,0.0,16.0,8.0,0.0,4.0,0.0,2.0,20.0,17.0,3.0,0.0,17.0
2018,Meghalaya,17,South Garo Hills,277,Garo Hills South,0.0,0.0,0.0,0.0,0.0,0.0,0.0,6.0,6.0,0.0,0.0,0.0,0.0,0.0,0.0,0.0,0.0,0.0,0.0,0.0,0.0,0.0,0.0,0.0,0.0
2018,Meghalaya,17,South Garo Hills,277,South Garo Hills,3.0,9.0,0.0,0.0,1.0,2.0,0.0,0.0,1.0,2.0,0.0,0.0,0.0,0.0,0.0,0.0,0.0,0.0,0.0,0.0,8.0,3.0,0.0,0.0,5.0
2018,Meghalaya,17,South West Garo Hills,663,Garo Hills South West,0.0,0.0,0.0,0.0,0.0,0.0,0.0,0.0,0.0,0.0,0.0,0.0,0.0,0.0,0.0,0.0,0.0,0.0,0.0,0.0,0.0,0.0,0.0,0.0,0.0
2018,Meghalaya,17,South West Garo Hills,663,South West Garo Hills,7.0,6.0,0.0,15.0,0.0,0.0,0.0,0.0,0.0,0.0,0.0,0.0,0.0,0.0,8.0,0.0,0.0,0.0,0.0,0.0,0.0,4.0,0.0,0.0,19.0
2018,Meghalaya,17,South West Khasi Hills,658,Khasi Hills South West,0.0,0.0,0.0,0.0,0.0,0.0,0.0,15.0,14.0,0.0,0.0,0.0,0.0,0.0,0.0,0.0,0.0,0.0,0.0,0.0,0.0,0.0,0.0,0.0,0.0
2018,Meghalaya,17,South West Khasi Hills,658,South West Khasi Hills,5.0,11.0,1.0,2.0,0.0,0.0,0.0,0.0,0.0,0.0,0.0,0.0,0.0,0.0,3.0,1.0,0.0,1.0,0.0,0.0,0.0,3.0,2.0,0.0,4.0
2018,Meghalaya,17,West Garo Hills,278,Garo Hills West,0.0,1.0,0.0,0.0,1.0,0.0,0.0,31.0,11.0,0.0,0.0,0.0,0.0,2.0,0.0,0.0,0.0,0.0,0.0,0.0,0.0,0.0,0.0,0.0,0.0
2018,Meghalaya,17,West Garo Hills,278,West Garo Hills,10.0,20.0,6.0,11.0,0.0,1.0,0.0,0.0,0.0,5.0,0.0,0.0,0.0,0.0,14.0,0.0,0.0,0.0,0.0,0.0,14.0,6.0,0.0,0.0,17.0
2018,Meghalaya,17,West Jaintia Hills,275,Jaintia Hills West,1.0,0.0,0.0,2.0,4.0,0.0,0.0,56.0,44.0,0.0,0.0,0.0,0.0,0.0,0.0,0.0,0.0,0.0,0.0,0.0,0.0,0.0,0.0,0.0,0.0
2018,Meghalaya,17,West Jaintia Hills,275,West Jaintia Hills,15.0,55.0,3.0,14.0,2.0,0.0,0.0,0.0,0.0,2.0,0.0,0.0,0.0,0.0,5.0,3.0,0.0,0.0,0.0,1.0,2.0,9.0,2.0,0.0,7.0
2018,Meghalaya,17,West Khasi Hills,279,Khasi Hills West,0.0,0.0,0.0,0.0,0.0,0.0,0.0,35.0,35.0,0.0,0.0,0.0,0.0,0.0,0.0,0.0,0.0,0.0,0.0,0.0,0.0,0.0,0.0,0.0,0.0
2018,Meghalaya,17,West Khasi Hills,279,West Khasi Hills,7.0,43.0,1.0,3.0,2.0,0.0,0.0,0.0,0.0,2.0,0.0,0.0,0.0,0.0,1.0,2.0,0.0,0.0,0.0,0.0,11.0,3.0,0.0,0.0,16.0
2018,Mizoram,15,Aizawl,261,Aizawl,7.0,65.0,13.0,33.0,0.0,0.0,2.0,86.0,66.0,4.0,0.0,0.0,0.0,1.0,18.0,6.0,0.0,2.0,0.0,1.0,25.0,4.0,9.0,0.0,8.0
2018,Mizoram,15,Aizawl,261,Spl Narcotic,0.0,0.0,0.0,0.0,0.0,0.0,0.0,0.0,0.0,0.0,0.0,0.0,0.0,0.0,0.0,0.0,0.0,0.0,0.0,0.0,0.0,0.0,0.0,0.0,0.0
2018,Mizoram,15,Champhai,262,Champhai,6.0,28.0,4.0,7.0,1.0,0.0,0.0,27.0,16.0,1.0,0.0,0.0,0.0,1.0,4.0,0.0,0.0,0.0,0.0,0.0,1.0,0.0,0.0,0.0,0.0
2018,Mizoram,15,Kolasib,263,Kolasib,2.0,27.0,3.0,9.0,1.0,0.0,0.0,33.0,18.0,1.0,0.0,0.0,0.0,8.0,0.0,0.0,0.0,0.0,0.0,0.0,0.0,2.0,0.0,0.0,4.0
2018,Mizoram,15,Lawngtlai,264,Lawngtlai,4.0,0.0,0.0,0.0,0.0,0.0,0.0,0.0,0.0,0.0,0.0,0.0,0.0,0.0,0.0,0.0,0.0,0.0,0.0,0.0,0.0,0.0,3.0,0.0,0.0
2018,Mizoram,15,Lunglei,265,Lunglei,1.0,6.0,0.0,9.0,0.0,0.0,0.0,10.0,7.0,1.0,0.0,0.0,0.0,1.0,0.0,0.0,0.0,0.0,0.0,0.0,4.0,0.0,0.0,0.0,11.0
2018,Mizoram,15,Mamit,266,Mamit,5.0,14.0,1.0,4.0,0.0,0.0,0.0,21.0,16.0,0.0,0.0,0.0,0.0,0.0,0.0,0.0,0.0,0.0,0.0,0.0,1.0,0.0,1.0,0.0,1.0
2018,Mizoram,15,Saiha,267,Saiha,0.0,0.0,0.0,0.0,0.0,0.0,0.0,8.0,8.0,0.0,0.0,0.0,0.0,0.0,0.0,0.0,0.0,0.0,0.0,0.0,0.0,0.0,0.0,0.0,0.0
2018,Mizoram,15,Serchhip,268,Serchhip,1.0,20.0,2.0,4.0,1.0,0.0,0.0,13.0,7.0,0.0,0.0,0.0,0.0,1.0,4.0,0.0,0.0,0.0,0.0,0.0,1.0,0.0,1.0,0.0,0.0
2018,Mizoram,15,Siaha,267,Saiha,2.0,7.0,0.0,2.0,0.0,0.0,0.0,0.0,0.0,0.0,0.0,0.0,0.0,0.0,0.0,0.0,0.0,0.0,0.0,0.0,0.0,0.0,0.0,0.0,8.0
2018,Nagaland,24,Ahmadabad,438,Western Railway Ahmedabad,0.0,0.0,0.0,0.0,0.0,0.0,0.0,0.0,0.0,0.0,0.0,0.0,0.0,0.0,0.0,2.0,0.0,0.0,1.0,0.0,0.0,0.0,0.0,0.0,1.0
2018,Nagaland,13,Dimapur,244,Dimapur,22.0,4.0,0.0,9.0,70.0,11.0,0.0,51.0,2.0,0.0,0.0,0.0,0.0,2.0,9.0,0.0,0.0,0.0,0.0,0.0,21.0,16.0,10.0,1.0,20.0
2018,Nagaland,13,Kiphire,614,Kiphire,0.0,2.0,0.0,0.0,1.0,0.0,0.0,1.0,0.0,0.0,0.0,0.0,0.0,0.0,0.0,0.0,0.0,0.0,0.0,0.0,0.0,0.0,1.0,0.0,0.0
2018,Nagaland,13,Kohima,245,Kohima,4.0,10.0,3.0,9.0,1.0,0.0,0.0,8.0,0.0,0.0,0.0,0.0,0.0,0.0,0.0,0.0,0.0,0.0,0.0,0.0,10.0,1.0,5.0,0.0,6.0
2018,Nagaland,13,Longleng,615,Longleng,0.0,1.0,0.0,0.0,0.0,0.0,0.0,1.0,1.0,0.0,0.0,0.0,0.0,0.0,0.0,0.0,0.0,0.0,0.0,0.0,1.0,0.0,0.0,0.0,0.0
2018,Nagaland,13,Mokokchung,246,Mokokchung,3.0,2.0,0.0,0.0,0.0,2.0,0.0,2.0,2.0,1.0,0.0,0.0,0.0,0.0,0.0,0.0,0.0,0.0,0.0,0.0,3.0,0.0,0.0,0.0,16.0
2018,Nagaland,13,Mon,247,Mon,1.0,4.0,0.0,0.0,1.0,1.0,0.0,4.0,3.0,1.0,0.0,0.0,0.0,0.0,2.0,1.0,0.0,0.0,0.0,1.0,3.0,3.0,1.0,0.0,2.0
2018,Nagaland,13,Peren,613,Peren,3.0,0.0,0.0,0.0,0.0,0.0,0.0,0.0,0.0,0.0,0.0,0.0,0.0,0.0,0.0,0.0,0.0,0.0,0.0,0.0,1.0,0.0,0.0,0.0,7.0
2018,Nagaland,13,Phek,248,Phek,0.0,0.0,0.0,0.0,0.0,0.0,0.0,0.0,0.0,0.0,0.0,0.0,0.0,0.0,0.0,0.0,0.0,0.0,0.0,0.0,0.0,0.0,0.0,0.0,0.0
2018,Nagaland,13,Tuensang,249,Tuensang,1.0,0.0,0.0,0.0,0.0,2.0,0.0,0.0,0.0,0.0,0.0,0.0,0.0,0.0,0.0,1.0,0.0,0.0,0.0,1.0,1.0,0.0,2.0,0.0,4.0
2018,Nagaland,24,Vadodara,461,Western Railway Vadodara,0.0,0.0,0.0,0.0,0.0,0.0,0.0,0.0,0.0,0.0,0.0,0.0,0.0,0.0,0.0,0.0,0.0,0.0,0.0,0.0,0.0,0.0,0.0,0.0,0.0
2018,Nagaland,13,Wokha,250,Wokha,0.0,2.0,0.0,0.0,1.0,0.0,0.0,2.0,0.0,0.0,0.0,0.0,0.0,1.0,0.0,0.0,0.0,0.0,0.0,0.0,0.0,0.0,0.0,0.0,10.0
2018,Nagaland,13,Zunheboto,251,Zunheboto,3.0,1.0,0.0,0.0,0.0,0.0,0.0,1.0,1.0,1.0,0.0,0.0,0.0,0.0,0.0,0.0,0.0,0.0,0.0,0.0,1.0,0.0,1.0,0.0,0.0
2018,Odisha,21,Anugul,344,Angul,52.0,132.0,0.0,471.0,96.0,0.0,4.0,20.0,20.0,114.0,140.0,0.0,0.0,0.0,104.0,0.0,0.0,0.0,0.0,0.0,79.0,175.0,0.0,3.0,301.0
2018,Odisha,21,Balangir,345,Bolangir,50.0,78.0,1.0,335.0,107.0,0.0,0.0,175.0,49.0,57.0,11.0,0.0,0.0,0.0,53.0,40.0,20.0,0.0,0.0,0.0,79.0,118.0,0.0,0.0,1398.0
2018,Odisha,21,Baleshwar,346,Balasore,76.0,222.0,22.0,745.0,491.0,0.0,4.0,455.0,94.0,99.0,40.0,1.0,1.0,0.0,13.0,32.0,11.0,0.0,0.0,8.0,141.0,111.0,0.0,1.0,403.0
2018,Odisha,21,Baleshwar,346,Berhampur,20.0,38.0,1.0,415.0,150.0,0.0,0.0,122.0,36.0,18.0,2.0,0.0,0.0,0.0,19.0,56.0,24.0,0.0,0.0,16.0,112.0,67.0,0.0,0.0,24.0
2018,Odisha,21,Bargarh,347,Baragarh,51.0,77.0,6.0,365.0,93.0,0.0,0.0,141.0,48.0,35.0,110.0,0.0,0.0,0.0,71.0,56.0,24.0,0.0,0.0,16.0,81.0,59.0,0.0,0.0,87.0
2018,Odisha,21,Bhadrak,348,Bhadrak,48.0,163.0,4.0,515.0,282.0,0.0,6.0,172.0,91.0,57.0,316.0,0.0,0.0,0.0,32.0,34.0,10.0,0.0,0.0,28.0,109.0,52.0,0.0,0.0,10.0
2018,Odisha,21,Boudh,349,Boudh,18.0,54.0,12.0,140.0,44.0,0.0,1.0,30.0,0.0,16.0,4.0,0.0,0.0,0.0,11.0,8.0,4.0,0.0,0.0,0.0,26.0,15.0,0.0,0.0,4.0
2018,Odisha,21,Cuttack,350,Cid Cb,0.0,0.0,0.0,0.0,0.0,0.0,0.0,0.0,0.0,0.0,0.0,0.0,0.0,0.0,0.0,0.0,0.0,0.0,0.0,0.0,0.0,0.0,0.0,0.0,0.0
2018,Odisha,21,Cuttack,350,Cid Crime Branch,0.0,1.0,0.0,0.0,0.0,0.0,1.0,0.0,0.0,0.0,0.0,0.0,0.0,0.0,0.0,0.0,0.0,0.0,0.0,0.0,83.0,2.0,0.0,0.0,0.0
2018,Odisha,21,Cuttack,350,Cid Cyber Crime,0.0,1.0,0.0,2.0,0.0,0.0,1.0,0.0,0.0,0.0,0.0,0.0,0.0,0.0,0.0,116.0,58.0,0.0,0.0,0.0,58.0,0.0,0.0,0.0,58.0
2018,Odisha,21,Cuttack,350,Cuttack,47.0,97.0,4.0,165.0,269.0,0.0,0.0,193.0,55.0,36.0,166.0,0.0,0.0,0.0,3.0,63.0,26.0,0.0,0.0,22.0,111.0,82.0,0.0,0.0,1145.0
2018,Odisha,21,Cuttack,350,Dcp Ctc,0.0,0.0,0.0,0.0,167.0,0.0,0.0,228.0,61.0,0.0,0.0,0.0,0.0,0.0,0.0,0.0,0.0,0.0,0.0,0.0,0.0,0.0,0.0,0.0,0.0
2018,Odisha,21,Cuttack,350,Dcp Cuttack,29.0,92.0,1.0,128.0,126.0,0.0,0.0,0.0,0.0,52.0,190.0,0.0,0.0,0.0,45.0,65.0,24.0,0.0,0.0,34.0,176.0,93.0,0.0,1.0,396.0
2018,Odisha,21,Cuttack,350,Srp(Cuttack),2.0,2.0,0.0,9.0,13.0,0.0,0.0,8.0,0.0,0.0,1.0,0.0,0.0,0.0,0.0,0.0,0.0,0.0,0.0,0.0,3.0,33.0,0.0,0.0,42.0
2018,Odisha,21,Deogarh,351,Deogarh,13.0,40.0,0.0,113.0,49.0,0.0,3.0,51.0,21.0,14.0,1.0,0.0,0.0,0.0,6.0,17.0,7.0,0.0,0.0,6.0,13.0,18.0,0.0,0.0,7.0
2018,Odisha,21,Dhenkanal,352,Dhenkanal,45.0,62.0,12.0,471.0,88.0,0.0,0.0,153.0,65.0,41.0,8.0,0.0,0.0,0.0,45.0,35.0,17.0,0.0,0.0,2.0,66.0,69.0,0.0,0.0,17.0
2018,Odisha,21,Gajapati,353,Gajapati,9.0,42.0,0.0,117.0,53.0,0.0,0.0,56.0,23.0,36.0,1.0,0.0,0.0,0.0,13.0,6.0,1.0,0.0,0.0,2.0,21.0,7.0,0.0,0.0,3.0
2018,Odisha,21,Ganjam,354,Ganjam,74.0,128.0,2.0,486.0,279.0,0.0,1.0,233.0,81.0,78.0,13.0,0.0,0.0,0.0,22.0,51.0,18.0,0.0,0.0,30.0,88.0,95.0,0.0,0.0,18.0
2018,Odisha,21,Jagatsinghapur,355,Jagatsinghpur,35.0,77.0,9.0,370.0,90.0,0.0,3.0,32.0,31.0,35.0,145.0,2.0,0.0,0.0,18.0,48.0,6.0,4.0,1.0,0.0,83.0,71.0,0.0,1.0,153.0
2018,Odisha,21,Jajapur,356,Jajpur,66.0,160.0,4.0,351.0,331.0,0.0,0.0,281.0,106.0,64.0,223.0,0.0,0.0,0.0,18.0,132.0,48.0,0.0,0.0,32.0,150.0,123.0,0.0,1.0,52.0
2018,Odisha,21,Jharsuguda,357,Jharsuguda,31.0,58.0,0.0,163.0,91.0,0.0,0.0,97.0,42.0,24.0,3.0,0.0,0.0,0.0,34.0,30.0,9.0,0.0,0.0,24.0,56.0,52.0,0.0,0.0,239.0
2018,Odisha,21,Kalahandi,358,Kalahandi,41.0,103.0,2.0,461.0,228.0,0.0,0.0,176.0,56.0,39.0,0.0,1.0,1.0,0.0,30.0,0.0,0.0,0.0,0.0,0.0,110.0,46.0,0.0,2.0,0.0
2018,Odisha,21,Kandhamal,359,Kandhamal,27.0,126.0,0.0,175.0,157.0,0.0,10.0,156.0,67.0,55.0,1.0,0.0,0.0,0.0,29.0,34.0,17.0,0.0,0.0,0.0,48.0,27.0,0.0,0.0,17.0
2018,Odisha,21,Kendrapara,360,Kendrapara,46.0,94.0,13.0,541.0,250.0,1.0,0.0,202.0,96.0,243.0,0.0,0.0,5.0,0.0,33.0,66.0,14.0,0.0,1.0,0.0,76.0,59.0,0.0,0.0,121.0
2018,Odisha,21,Kendujhar,361,Keonjhar,75.0,118.0,5.0,423.0,266.0,0.0,1.0,235.0,84.0,53.0,15.0,0.0,0.0,0.0,47.0,34.0,9.0,0.0,0.0,32.0,75.0,44.0,0.0,0.0,9.0
2018,Odisha,21,Khordha,362,Dcp Bbsr,0.0,0.0,0.0,0.0,279.0,0.0,0.0,375.0,93.0,0.0,0.0,0.0,0.0,0.0,0.0,0.0,0.0,0.0,0.0,0.0,0.0,0.0,0.0,0.0,0.0
2018,Odisha,21,Khordha,362,Dcp Bhubaneswar,43.0,145.0,9.0,299.0,0.0,0.0,0.0,0.0,0.0,120.0,175.0,0.0,0.0,0.0,39.0,154.0,75.0,0.0,0.0,8.0,659.0,221.0,0.0,0.0,75.0
2018,Odisha,21,Khordha,362,Khurda,32.0,98.0,31.0,171.0,141.0,0.0,2.0,83.0,0.0,37.0,15.0,1.0,0.0,0.0,19.0,16.0,2.0,0.0,0.0,0.0,53.0,87.0,0.0,0.0,599.0
2018,Odisha,21,Koraput,363,Koraput,34.0,134.0,6.0,265.0,99.0,0.0,0.0,85.0,84.0,77.0,98.0,0.0,0.0,0.0,24.0,40.0,12.0,0.0,8.0,0.0,66.0,115.0,0.0,0.0,20.0
2018,Odisha,21,Malkangiri,364,Malkangiri,25.0,63.0,0.0,119.0,68.0,0.0,20.0,108.0,40.0,36.0,3.0,0.0,0.0,0.0,9.0,20.0,7.0,0.0,0.0,12.0,37.0,5.0,0.0,0.0,7.0
2018,Odisha,21,Mayurbhanj,365,Mayurbhanj,81.0,218.0,8.0,390.0,91.0,3.0,0.0,226.0,126.0,73.0,24.0,0.0,0.0,0.0,82.0,30.0,9.0,0.0,5.0,0.0,91.0,50.0,0.0,0.0,340.0
2018,Odisha,21,Nabarangpur,366,Nabarangpur,37.0,128.0,0.0,208.0,103.0,0.0,2.0,136.0,70.0,81.0,33.0,0.0,2.0,2.0,15.0,14.0,3.0,1.0,0.0,5.0,15.0,30.0,0.0,0.0,38.0
2018,Odisha,21,Nayagarh,367,Nayagarh,36.0,80.0,2.0,225.0,209.0,0.0,0.0,165.0,49.0,35.0,129.0,0.0,0.0,0.0,30.0,27.0,11.0,0.0,0.0,10.0,59.0,64.0,0.0,1.0,11.0
2018,Odisha,21,Nuapada,368,Nuapada,10.0,21.0,3.0,218.0,85.0,0.0,13.0,67.0,21.0,29.0,47.0,0.0,0.0,0.0,11.0,19.0,7.0,0.0,0.0,10.0,54.0,19.0,0.0,0.0,7.0
2018,Odisha,21,Puri,369,Puri,59.0,120.0,10.0,725.0,15.0,0.0,4.0,102.0,83.0,54.0,23.0,0.0,0.0,0.0,0.0,14.0,1.0,0.0,0.0,24.0,63.0,183.0,0.0,0.0,503.0
2018,Odisha,21,Rayagada,370,Rayagada,26.0,80.0,5.0,148.0,192.0,0.0,5.0,166.0,60.0,66.0,2.0,0.0,0.0,0.0,33.0,28.0,11.0,0.0,0.0,12.0,45.0,24.0,0.0,0.0,11.0
2018,Odisha,21,Sambalpur,371,Sambalpur,37.0,90.0,8.0,314.0,152.0,0.0,2.0,155.0,63.0,63.0,12.0,0.0,0.0,0.0,123.0,80.0,32.0,0.0,0.0,32.0,159.0,125.0,0.0,0.0,32.0
2018,Odisha,21,Sonepur,372,Sonepur,9.0,20.0,4.0,121.0,48.0,0.0,0.0,40.0,15.0,11.0,6.0,0.0,0.0,0.0,4.0,10.0,5.0,0.0,0.0,0.0,20.0,38.0,0.0,0.0,5.0
2018,Odisha,21,Sundargarh,373,Rourkela,46.0,100.0,2.0,201.0,241.0,0.0,3.0,179.0,46.0,58.0,7.0,0.0,0.0,0.0,95.0,47.0,20.0,0.0,0.0,14.0,107.0,133.0,0.0,0.0,20.0
2018,Odisha,21,Sundargarh,373,Srp(Rourkela),6.0,0.0,0.0,0.0,2.0,0.0,10.0,5.0,0.0,0.0,0.0,0.0,0.0,0.0,5.0,0.0,0.0,0.0,0.0,0.0,2.0,13.0,1.0,0.0,11.0
2018,Odisha,21,Sundargarh,373,Sundargarh,53.0,76.0,2.0,123.0,90.0,0.0,9.0,109.0,36.0,79.0,3.0,0.0,0.0,2.0,35.0,45.0,15.0,0.0,1.0,0.0,44.0,80.0,1.0,0.0,41.0
2018,Puducherry,34,Karaikal,598,Karaikal,0.0,0.0,0.0,0.0,0.0,0.0,0.0,0.0,0.0,0.0,0.0,0.0,0.0,0.0,0.0,0.0,0.0,0.0,0.0,0.0,0.0,0.0,0.0,0.0,0.0
2018,Puducherry,34,Pondicherry,600,Puducherry,29.0,47.0,9.0,69.0,43.0,0.0,0.0,89.0,56.0,8.0,5.0,0.0,1.0,0.0,20.0,14.0,0.0,0.0,0.0,0.0,43.0,62.0,21.0,8.0,258.0
2018,Punjab,3,Amritsar,27,Amritsar Rural,47.0,113.0,21.0,45.0,67.0,1.0,0.0,89.0,0.0,29.0,4.0,1.0,12.0,0.0,56.0,7.0,0.0,1.0,1.0,4.0,81.0,7.0,0.0,0.0,123.0
2018,Punjab,3,Amritsar,27,Cp Amritsar,23.0,113.0,24.0,50.0,95.0,0.0,1.0,123.0,6.0,80.0,6.0,0.0,8.0,1.0,3.0,16.0,1.0,1.0,3.0,0.0,148.0,10.0,3.0,0.0,61.0
2018,Punjab,3,Amritsar,27,Special Task Force,0.0,0.0,0.0,0.0,0.0,0.0,0.0,0.0,0.0,0.0,0.0,0.0,0.0,0.0,0.0,0.0,0.0,0.0,0.0,0.0,0.0,0.0,0.0,0.0,0.0
2018,Punjab,3,Barnala,605,Barnala,15.0,75.0,16.0,24.0,42.0,0.0,0.0,47.0,6.0,28.0,0.0,0.0,7.0,0.0,16.0,7.0,0.0,0.0,0.0,5.0,127.0,3.0,0.0,2.0,29.0
2018,Punjab,3,Bathinda,28,Bathinda,43.0,130.0,5.0,57.0,46.0,1.0,0.0,100.0,41.0,75.0,6.0,1.0,11.0,0.0,0.0,21.0,1.0,0.0,2.0,0.0,169.0,6.0,6.0,0.0,274.0
2018,Punjab,3,Faridkot,29,Faridkot,18.0,53.0,4.0,25.0,25.0,0.0,0.0,52.0,10.0,23.0,2.0,0.0,3.0,0.0,0.0,4.0,0.0,0.0,0.0,2.0,89.0,6.0,2.0,2.0,40.0
2018,Punjab,3,Fatehgarh Sahib,30,Fatehgarh Sahib,11.0,24.0,0.0,8.0,29.0,0.0,0.0,16.0,13.0,41.0,0.0,0.0,0.0,0.0,0.0,14.0,0.0,0.0,1.0,4.0,158.0,0.0,0.0,0.0,176.0
2018,Punjab,3,Fazilka,651,Fazilka,33.0,120.0,14.0,21.0,24.0,1.0,0.0,75.0,44.0,18.0,5.0,1.0,6.0,0.0,22.0,8.0,0.0,0.0,1.0,0.0,112.0,1.0,0.0,0.0,44.0
2018,Punjab,3,Ferozepur,31,Ferozepur,34.0,107.0,0.0,27.0,42.0,2.0,0.0,46.0,26.0,29.0,1.0,0.0,0.0,0.0,0.0,7.0,0.0,0.0,0.0,0.0,210.0,5.0,0.0,0.0,62.0
2018,Punjab,3,Gurdaspur,32,Batala,21.0,79.0,19.0,49.0,42.0,0.0,0.0,68.0,3.0,32.0,2.0,0.0,6.0,0.0,8.0,9.0,0.0,1.0,1.0,1.0,100.0,4.0,0.0,0.0,42.0
2018,Punjab,3,Gurdaspur,32,Gurdaspur,20.0,61.0,9.0,15.0,22.0,0.0,0.0,32.0,0.0,50.0,3.0,1.0,6.0,0.0,2.0,10.0,1.0,0.0,0.0,6.0,94.0,1.0,0.0,0.0,4.0
2018,Punjab,3,Hoshiarpur,33,Hoshiarpur,33.0,129.0,3.0,42.0,59.0,0.0,0.0,97.0,34.0,50.0,4.0,0.0,11.0,0.0,0.0,8.0,0.0,0.0,0.0,10.0,175.0,9.0,1.0,1.0,96.0
2018,Punjab,3,Jalandhar,34,Cp Jalandhar,20.0,156.0,26.0,73.0,134.0,0.0,0.0,167.0,0.0,78.0,3.0,0.0,2.0,0.0,40.0,34.0,4.0,0.0,5.0,4.0,186.0,19.0,7.0,0.0,112.0
2018,Punjab,3,Jalandhar,34,Jalandhar Rural,31.0,115.0,26.0,52.0,43.0,0.0,2.0,87.0,0.0,52.0,2.0,0.0,6.0,5.0,48.0,4.0,0.0,1.0,0.0,1.0,94.0,14.0,0.0,1.0,8.0
2018,Punjab,3,Kapurthala,35,Kapurthala,18.0,71.0,11.0,51.0,49.0,0.0,0.0,58.0,4.0,57.0,1.0,0.0,8.0,0.0,0.0,9.0,0.0,1.0,0.0,0.0,71.0,4.0,0.0,0.0,134.0
2018,Punjab,3,Ludhiana,36,Cp Ludhiana,59.0,385.0,24.0,118.0,239.0,0.0,2.0,352.0,65.0,167.0,8.0,0.0,13.0,0.0,17.0,45.0,6.0,0.0,9.0,2.0,315.0,23.0,8.0,0.0,635.0
2018,Punjab,3,Ludhiana,36,Khanna,15.0,50.0,7.0,17.0,29.0,0.0,0.0,46.0,4.0,18.0,0.0,0.0,15.0,0.0,0.0,2.0,0.0,0.0,0.0,3.0,121.0,0.0,21.0,0.0,73.0
2018,Punjab,3,Ludhiana,36,Ludhiana Rural,15.0,60.0,13.0,29.0,30.0,0.0,1.0,48.0,3.0,20.0,0.0,0.0,1.0,0.0,0.0,8.0,0.0,0.0,0.0,8.0,117.0,6.0,0.0,0.0,29.0
2018,Punjab,3,Mansa,37,Mansa,22.0,89.0,18.0,23.0,14.0,0.0,0.0,60.0,27.0,30.0,2.0,0.0,7.0,0.0,7.0,2.0,0.0,0.0,0.0,0.0,71.0,3.0,0.0,0.0,68.0
2018,Punjab,3,Moga,38,Moga,24.0,86.0,1.0,43.0,39.0,0.0,2.0,64.0,19.0,41.0,0.0,0.0,5.0,0.0,10.0,14.0,0.0,2.0,1.0,0.0,97.0,3.0,0.0,0.0,94.0
2018,Punjab,3,Pathankot,662,Pathankot,6.0,23.0,2.0,5.0,11.0,0.0,0.0,19.0,9.0,21.0,2.0,0.0,0.0,0.0,9.0,10.0,0.0,0.0,0.0,4.0,0.0,5.0,1.0,0.0,23.0
2018,Punjab,3,Patiala,41,Grp,14.0,5.0,1.0,4.0,2.0,0.0,0.0,12.0,2.0,0.0,1.0,0.0,1.0,0.0,2.0,0.0,0.0,0.0,0.0,0.0,2.0,3.0,0.0,0.0,22.0
2018,Punjab,3,Patiala,41,Patiala,61.0,202.0,34.0,104.0,104.0,0.0,0.0,169.0,12.0,143.0,7.0,0.0,15.0,0.0,38.0,9.0,0.0,2.0,0.0,7.0,429.0,4.0,1.0,0.0,124.0
2018,Punjab,3,Rupnagar,42,Ropar,12.0,70.0,20.0,34.0,13.0,0.0,0.0,44.0,0.0,50.0,0.0,0.0,4.0,0.0,0.0,17.0,1.0,0.0,3.0,0.0,132.0,4.0,4.0,0.0,67.0
2018,Punjab,3,S.A.S Nagar,608,Bureau Of Investigation,1.0,2.0,0.0,0.0,0.0,0.0,0.0,0.0,0.0,0.0,0.0,0.0,0.0,0.0,0.0,0.0,0.0,0.0,0.0,1.0,1.0,0.0,1.0,0.0,0.0
2018,Punjab,3,S.A.S Nagar,608,Intelligence Wing,0.0,0.0,0.0,0.0,0.0,0.0,0.0,0.0,0.0,0.0,0.0,0.0,0.0,0.0,0.0,2.0,0.0,0.0,0.0,0.0,1.0,0.0,0.0,0.0,2.0
2018,Punjab,3,S.A.S Nagar,608,Nri Wing,0.0,0.0,0.0,1.0,0.0,0.0,0.0,0.0,0.0,79.0,0.0,0.0,0.0,0.0,0.0,4.0,0.0,0.0,1.0,2.0,36.0,0.0,9.0,0.0,2.0
2018,Punjab,3,S.A.S Nagar,608,S.A.S Nagar,30.0,43.0,0.0,0.0,0.0,0.0,0.0,0.0,0.0,0.0,0.0,0.0,0.0,0.0,0.0,0.0,0.0,0.0,0.0,0.0,190.0,12.0,48.0,0.0,478.0
2018,Punjab,3,S.A.S Nagar,608,Sas Nagar,3.0,117.0,0.0,35.0,115.0,0.0,0.0,125.0,35.0,89.0,2.0,0.0,14.0,0.0,0.0,0.0,0.0,0.0,0.0,1.0,0.0,0.0,0.0,0.0,0.0
2018,Punjab,3,Sangrur,43,Sangrur,36.0,166.0,24.0,75.0,53.0,0.0,0.0,98.0,0.0,76.0,5.0,0.0,0.0,0.0,0.0,19.0,1.0,0.0,0.0,0.0,170.0,9.0,0.0,0.0,210.0
2018,Punjab,3,Sas Nagar,608,Bureau Of Investigation,0.0,0.0,0.0,0.0,0.0,0.0,0.0,0.0,0.0,0.0,0.0,0.0,0.0,0.0,0.0,8.0,2.0,1.0,0.0,3.0,1.0,0.0,0.0,0.0,2.0
2018,Punjab,3,Sas Nagar,608,Sas Nagar,0.0,0.0,0.0,0.0,0.0,0.0,0.0,0.0,0.0,0.0,0.0,0.0,0.0,0.0,0.0,14.0,0.0,0.0,0.0,5.0,0.0,0.0,0.0,0.0,0.0
2018,Punjab,3,Shahid Bhagat Singh Nagar,40,Sbs Nagar,10.0,72.0,19.0,18.0,20.0,0.0,0.0,55.0,0.0,32.0,0.0,0.0,4.0,1.0,0.0,7.0,1.0,0.0,1.0,6.0,1.0,7.0,2.0,0.0,11.0
2018,Punjab,3,Sri Muktsar Sahib,39,Muktsar,38.0,96.0,4.0,40.0,41.0,1.0,0.0,92.0,49.0,15.0,5.0,0.0,2.0,0.0,10.0,15.0,1.0,0.0,1.0,2.0,1.0,2.0,3.0,0.0,122.0
2018,Punjab,3,Tarn Taran,609,Tarn Taran,25.0,94.0,14.0,51.0,49.0,0.0,2.0,67.0,0.0,48.0,1.0,0.0,9.0,0.0,0.0,4.0,1.0,0.0,0.0,0.0,155.0,8.0,0.0,0.0,223.0
2018,Rajasthan,8,Ajmer,86,Ajmer,61.0,340.0,65.0,307.0,290.0,2.0,0.0,248.0,14.0,704.0,15.0,0.0,5.0,0.0,78.0,52.0,10.0,0.0,2.0,4.0,1011.0,40.0,144.0,1.0,249.0
2018,Rajasthan,8,Ajmer,86,Grp Ajmer,5.0,7.0,1.0,17.0,10.0,0.0,2.0,14.0,0.0,0.0,1.0,0.0,1.0,0.0,25.0,2.0,1.0,0.0,0.0,0.0,10.0,5.0,0.0,0.0,10.0
2018,Rajasthan,8,Alwar,87,Alwar,110.0,715.0,183.0,277.0,255.0,1.0,5.0,254.0,172.0,763.0,54.0,0.0,4.0,0.0,0.0,57.0,19.0,0.0,0.0,0.0,1057.0,86.0,449.0,3.0,351.0
2018,Rajasthan,8,Banswara,88,Banswara,43.0,180.0,20.0,84.0,134.0,0.0,0.0,96.0,2.0,114.0,6.0,0.0,2.0,0.0,41.0,17.0,0.0,0.0,0.0,0.0,84.0,38.0,1.0,17.0,119.0
2018,Rajasthan,8,Baran,89,Baran,30.0,212.0,48.0,281.0,245.0,1.0,0.0,205.0,0.0,341.0,5.0,0.0,4.0,0.0,11.0,2.0,0.0,0.0,0.0,0.0,0.0,15.0,2.0,0.0,87.0
2018,Rajasthan,8,Barmer,90,Barmer,31.0,225.0,46.0,242.0,56.0,0.0,0.0,123.0,2.0,181.0,27.0,0.0,2.0,0.0,103.0,14.0,5.0,0.0,1.0,2.0,167.0,15.0,145.0,0.0,8.0
2018,Rajasthan,8,Bharatpur,91,Bharatpur,90.0,407.0,121.0,100.0,237.0,6.0,4.0,198.0,112.0,554.0,22.0,0.0,5.0,0.0,58.0,15.0,0.0,2.0,0.0,14.0,668.0,55.0,0.0,0.0,3556.0
2018,Rajasthan,8,Bhilwara,92,Bhilwara,41.0,364.0,2.0,276.0,254.0,0.0,0.0,147.0,77.0,514.0,10.0,0.0,8.0,0.0,79.0,15.0,0.0,2.0,0.0,0.0,697.0,62.0,19.0,0.0,237.0
2018,Rajasthan,8,Bikaner,93,Bikaner,41.0,282.0,50.0,109.0,74.0,1.0,0.0,112.0,38.0,353.0,14.0,0.0,8.0,0.0,0.0,15.0,0.0,0.0,0.0,0.0,253.0,10.0,252.0,1.0,1197.0
2018,Rajasthan,8,Bundi,94,Bundi,20.0,150.0,15.0,199.0,139.0,0.0,0.0,53.0,13.0,271.0,2.0,0.0,0.0,0.0,0.0,14.0,7.0,0.0,0.0,0.0,0.0,7.0,11.0,2.0,375.0
2018,Rajasthan,8,Chittorgarh,95,Chittorgarh,33.0,196.0,32.0,180.0,163.0,1.0,0.0,130.0,1.0,388.0,3.0,1.0,10.0,0.0,87.0,2.0,0.0,0.0,0.0,0.0,283.0,44.0,28.0,1.0,511.0
2018,Rajasthan,8,Churu,96,Churu,37.0,282.0,42.0,50.0,59.0,1.0,2.0,96.0,40.0,417.0,12.0,0.0,4.0,4.0,10.0,12.0,0.0,0.0,0.0,0.0,0.0,17.0,407.0,1.0,979.0
2018,Rajasthan,8,Dausa,97,Dausa,36.0,188.0,6.0,26.0,100.0,1.0,0.0,44.0,14.0,190.0,7.0,0.0,2.0,0.0,45.0,65.0,32.0,0.0,0.0,0.0,416.0,13.0,0.0,0.0,855.0
2018,Rajasthan,8,Dholpur,98,Dholpur,50.0,153.0,33.0,126.0,139.0,0.0,0.0,121.0,15.0,231.0,33.0,0.0,2.0,0.0,71.0,1.0,0.0,0.0,0.0,0.0,149.0,13.0,0.0,0.0,681.0
2018,Rajasthan,8,Dungarpur,99,Dungarpur,39.0,160.0,39.0,99.0,114.0,0.0,0.0,57.0,0.0,85.0,6.0,0.0,1.0,0.0,138.0,4.0,0.0,0.0,0.0,0.0,103.0,25.0,0.0,0.0,74.0
2018,Rajasthan,8,Ganganagar,100,Ganganagar,56.0,396.0,59.0,214.0,178.0,0.0,0.0,197.0,9.0,631.0,8.0,0.0,4.0,0.0,101.0,44.0,5.0,0.0,1.0,0.0,602.0,27.0,252.0,7.0,824.0
2018,Rajasthan,8,Hanumangarh,101,Hanumangarh,53.0,309.0,81.0,186.0,87.0,0.0,0.0,141.0,3.0,473.0,4.0,0.0,9.0,0.0,76.0,19.0,3.0,1.0,2.0,0.0,3.0,16.0,205.0,4.0,916.0
2018,Rajasthan,8,Jaipur,102,Jaipur East,21.0,179.0,19.0,147.0,240.0,3.0,0.0,205.0,11.0,245.0,5.0,0.0,3.0,7.0,120.0,113.0,9.0,38.0,0.0,7.0,441.0,28.0,0.0,0.0,74.0
2018,Rajasthan,8,Jaipur,102,Jaipur Metro,0.0,0.0,1.0,0.0,0.0,0.0,0.0,0.0,0.0,0.0,0.0,0.0,0.0,0.0,0.0,0.0,0.0,0.0,0.0,0.0,0.0,0.0,0.0,0.0,0.0
2018,Rajasthan,8,Jaipur,102,Jaipur North,14.0,102.0,1.0,51.0,58.0,0.0,0.0,64.0,11.0,200.0,4.0,0.0,0.0,0.0,135.0,46.0,0.0,6.0,0.0,0.0,0.0,11.0,0.0,3.0,486.0
2018,Rajasthan,8,Jaipur,102,Jaipur Rural,45.0,178.0,41.0,102.0,69.0,0.0,0.0,0.0,18.0,234.0,10.0,0.0,6.0,0.0,69.0,84.0,0.0,14.0,0.0,6.0,517.0,41.0,38.0,1.0,1360.0
2018,Rajasthan,8,Jaipur,102,Jaipur South,29.0,174.0,17.0,62.0,177.0,0.0,1.0,153.0,17.0,204.0,3.0,0.0,3.0,0.0,59.0,155.0,0.0,69.0,0.0,7.0,878.0,20.0,90.0,0.0,879.0
2018,Rajasthan,8,Jaipur,102,Jaipur West,33.0,167.0,25.0,88.0,218.0,6.0,0.0,193.0,8.0,344.0,8.0,0.0,7.0,0.0,48.0,115.0,0.0,48.0,0.0,0.0,1136.0,13.0,149.0,7.0,678.0
2018,Rajasthan,8,Jaipur,102,Scrb,0.0,0.0,0.0,0.0,0.0,0.0,0.0,0.0,0.0,0.0,0.0,0.0,0.0,0.0,0.0,49.0,0.0,3.0,0.0,2.0,0.0,0.0,0.0,0.0,0.0
2018,Rajasthan,8,Jaipur,102,Sog,0.0,2.0,0.0,0.0,0.0,0.0,0.0,0.0,0.0,0.0,0.0,0.0,0.0,0.0,0.0,3.0,0.0,0.0,0.0,0.0,6.0,0.0,8.0,0.0,0.0
2018,Rajasthan,8,Jaipur,102,Ssb,0.0,0.0,0.0,0.0,0.0,0.0,0.0,0.0,0.0,0.0,0.0,0.0,0.0,0.0,0.0,0.0,0.0,0.0,0.0,0.0,0.0,0.0,0.0,0.0,0.0
2018,Rajasthan,8,Jaipur (Gramin),783,Jaipur Rural,2.0,28.0,0.0,9.0,67.0,0.0,0.0,139.0,18.0,0.0,0.0,0.0,0.0,0.0,0.0,0.0,0.0,0.0,0.0,0.0,0.0,0.0,0.0,0.0,0.0
2018,Rajasthan,8,Jaisalmer,103,Jaisalmer,13.0,40.0,12.0,97.0,16.0,0.0,0.0,35.0,0.0,36.0,7.0,0.0,1.0,0.0,45.0,21.0,3.0,2.0,1.0,11.0,145.0,19.0,24.0,1.0,110.0
2018,Rajasthan,8,Jalore,104,Jalore,35.0,117.0,15.0,114.0,60.0,0.0,0.0,29.0,9.0,200.0,5.0,0.0,4.0,0.0,12.0,7.0,0.0,0.0,0.0,0.0,0.0,24.0,168.0,1.0,0.0
2018,Rajasthan,8,Jhalawar,105,Jhalawar,43.0,244.0,49.0,329.0,263.0,0.0,0.0,237.0,1.0,335.0,6.0,0.0,5.0,0.0,146.0,3.0,1.0,0.0,0.0,0.0,247.0,30.0,0.0,2.0,28.0
2018,Rajasthan,8,Jhunjhunu,106,Jhunjhunu,39.0,260.0,17.0,103.0,158.0,2.0,0.0,59.0,0.0,332.0,11.0,0.0,1.0,0.0,119.0,9.0,4.0,0.0,0.0,0.0,524.0,14.0,1.0,0.0,1555.0
2018,Rajasthan,8,Jodhpur,107,Grp Jodhpur,1.0,3.0,0.0,4.0,0.0,0.0,0.0,4.0,1.0,0.0,0.0,0.0,0.0,0.0,4.0,0.0,0.0,0.0,0.0,0.0,1.0,0.0,0.0,0.0,11.0
2018,Rajasthan,8,Jodhpur,107,Jodhpur East,21.0,89.0,3.0,94.0,49.0,0.0,0.0,44.0,45.0,155.0,4.0,0.0,3.0,0.0,74.0,67.0,17.0,0.0,0.0,0.0,6.0,31.0,176.0,3.0,424.0
2018,Rajasthan,8,Jodhpur,107,Jodhpur Rural,32.0,122.0,32.0,91.0,69.0,0.0,0.0,73.0,3.0,117.0,19.0,0.0,4.0,0.0,82.0,11.0,3.0,0.0,0.0,0.0,38.0,20.0,186.0,0.0,172.0
2018,Rajasthan,8,Jodhpur,107,Jodhpur West,25.0,110.0,26.0,183.0,107.0,0.0,2.0,117.0,1.0,238.0,4.0,0.0,2.0,0.0,100.0,131.0,32.0,3.0,4.0,2.0,353.0,27.0,131.0,1.0,388.0
2018,Rajasthan,8,Karauli,108,Karauli,39.0,202.0,56.0,39.0,169.0,1.0,0.0,99.0,0.0,148.0,13.0,0.0,1.0,0.0,42.0,11.0,0.0,0.0,0.0,0.0,324.0,12.0,3.0,0.0,1927.0
2018,Rajasthan,8,Kota,109,Kota City,24.0,187.0,28.0,159.0,325.0,2.0,5.0,276.0,8.0,420.0,4.0,1.0,6.0,1.0,205.0,40.0,6.0,4.0,3.0,5.0,511.0,30.0,9.0,3.0,22.0
2018,Rajasthan,8,Kota,109,Kota Rural,26.0,89.0,9.0,130.0,137.0,1.0,0.0,98.0,4.0,206.0,5.0,0.0,1.0,0.0,2.0,1.0,0.0,0.0,0.0,0.0,135.0,9.0,9.0,0.0,552.0
2018,Rajasthan,8,Nagaur,110,Nagaur,46.0,265.0,58.0,139.0,149.0,0.0,0.0,144.0,8.0,438.0,13.0,0.0,5.0,0.0,81.0,20.0,0.0,4.0,0.0,1.0,352.0,19.0,137.0,0.0,880.0
2018,Rajasthan,8,Pali,111,Pali,54.0,256.0,17.0,236.0,158.0,0.0,0.0,72.0,47.0,380.0,12.0,0.0,7.0,0.0,0.0,5.0,0.0,2.0,0.0,3.0,611.0,57.0,43.0,0.0,1943.0
2018,Rajasthan,8,Pratapgarh,629,Pratapgarh,25.0,290.0,60.0,128.0,99.0,0.0,0.0,73.0,17.0,152.0,5.0,0.0,2.0,0.0,33.0,1.0,0.0,1.0,0.0,0.0,102.0,8.0,10.0,0.0,195.0
2018,Rajasthan,8,Rajsamand,112,Rajsamand,18.0,138.0,25.0,145.0,136.0,0.0,0.0,111.0,0.0,209.0,6.0,0.0,4.0,1.0,59.0,8.0,0.0,1.0,0.0,2.0,258.0,18.0,17.0,0.0,48.0
2018,Rajasthan,8,Sawai Madhopur,113,Sawai Madhopur,34.0,165.0,30.0,147.0,146.0,0.0,0.0,82.0,4.0,241.0,6.0,0.0,3.0,0.0,104.0,88.0,17.0,0.0,1.0,0.0,210.0,18.0,157.0,4.0,1215.0
2018,Rajasthan,8,Sikar,114,Sikar,46.0,236.0,49.0,156.0,167.0,0.0,0.0,134.0,3.0,426.0,16.0,0.0,0.0,0.0,78.0,70.0,10.0,2.0,21.0,0.0,834.0,44.0,26.0,0.0,1847.0
2018,Rajasthan,8,Sirohi,115,Sirohi,35.0,136.0,28.0,78.0,71.0,0.0,0.0,88.0,14.0,117.0,1.0,0.0,2.0,0.0,40.0,2.0,0.0,0.0,0.0,0.0,0.0,11.0,0.0,0.0,297.0
2018,Rajasthan,8,Tonk,116,Tonk,17.0,124.0,45.0,75.0,96.0,0.0,0.0,73.0,0.0,288.0,7.0,0.0,0.0,0.0,81.0,10.0,0.0,0.0,0.0,0.0,14.0,18.0,360.0,0.0,430.0
2018,Rajasthan,8,Udaipur,117,Udaipur,57.0,527.0,107.0,220.0,403.0,1.0,0.0,312.0,0.0,378.0,6.0,0.0,16.0,0.0,269.0,8.0,0.0,0.0,0.0,4.0,466.0,85.0,32.0,0.0,394.0
2018,Sikkim,11,Gangtok,225,East,5.0,47.0,2.0,19.0,52.0,0.0,0.0,101.0,48.0,1.0,1.0,0.0,0.0,0.0,0.0,0.0,0.0,0.0,0.0,0.0,19.0,5.0,7.0,0.0,2.0
2018,Sikkim,11,Gyalshing,228,West,3.0,23.0,3.0,1.0,5.0,0.0,0.0,31.0,20.0,0.0,0.0,0.0,0.0,1.0,0.0,0.0,0.0,0.0,0.0,0.0,0.0,0.0,0.0,0.0,0.0
2018,Sikkim,11,Mangan,226,North,0.0,5.0,0.0,0.0,2.0,0.0,0.0,6.0,3.0,0.0,0.0,0.0,0.0,0.0,0.0,1.0,0.0,0.0,0.0,2.0,0.0,0.0,0.0,0.0,0.0
2018,Sikkim,11,Namchi,227,South,4.0,34.0,0.0,9.0,18.0,0.0,2.0,83.0,47.0,0.0,0.0,0.0,0.0,3.0,3.0,0.0,0.0,0.0,0.0,0.0,0.0,3.0,1.0,0.0,1.0
2018,Tamil Nadu,33,Ariyalur,610,Ariyalur,19.0,40.0,0.0,10.0,9.0,0.0,0.0,79.0,41.0,3.0,2.0,0.0,9.0,0.0,31.0,0.0,0.0,0.0,0.0,0.0,27.0,24.0,0.0,0.0,13.0
2018,Tamil Nadu,33,Chennai,568,Chennai,186.0,209.0,3.0,90.0,32.0,11.0,2.0,775.0,220.0,116.0,11.0,3.0,35.0,42.0,573.0,104.0,5.0,6.0,24.0,8.0,723.0,526.0,221.0,236.0,242.0
2018,Tamil Nadu,33,Chennai,568,Cyber Cell,0.0,0.0,0.0,0.0,0.0,0.0,0.0,1.0,0.0,0.0,0.0,0.0,0.0,0.0,0.0,15.0,2.0,0.0,1.0,1.0,2.0,0.0,3.0,0.0,6.0
2018,Tamil Nadu,33,Chennai,568,Other Units,0.0,0.0,0.0,0.0,0.0,0.0,0.0,0.0,0.0,0.0,0.0,0.0,0.0,0.0,0.0,0.0,0.0,0.0,0.0,0.0,0.0,0.0,0.0,0.0,0.0
2018,Tamil Nadu,33,Chennai,568,Railway Chennai,3.0,4.0,0.0,3.0,1.0,0.0,0.0,8.0,7.0,1.0,2.0,0.0,0.0,0.0,39.0,0.0,0.0,0.0,0.0,0.0,6.0,195.0,2.0,0.0,36.0
2018,Tamil Nadu,33,Coimbatore,569,Coimbatore,37.0,27.0,0.0,9.0,5.0,0.0,0.0,34.0,32.0,13.0,0.0,0.0,0.0,0.0,0.0,5.0,0.0,0.0,0.0,0.0,50.0,30.0,7.0,0.0,113.0
2018,Tamil Nadu,33,Coimbatore,569,Coimbatore City,33.0,25.0,0.0,7.0,2.0,2.0,0.0,39.0,27.0,19.0,0.0,0.0,0.0,0.0,56.0,24.0,6.0,0.0,0.0,1.0,107.0,113.0,1.0,52.0,14.0
2018,Tamil Nadu,33,Coimbatore,569,Cyber Cell,0.0,0.0,0.0,0.0,0.0,0.0,0.0,0.0,0.0,0.0,0.0,0.0,0.0,0.0,0.0,0.0,0.0,0.0,0.0,1.0,5.0,0.0,0.0,0.0,0.0
2018,Tamil Nadu,33,Cuddalore,570,Cuddalore,56.0,114.0,0.0,100.0,14.0,0.0,0.0,142.0,82.0,23.0,9.0,0.0,4.0,0.0,53.0,3.0,0.0,0.0,0.0,6.0,47.0,17.0,0.0,1.0,28.0
2018,Tamil Nadu,33,Dharmapuri,571,Dharmapuri,38.0,41.0,0.0,9.0,53.0,2.0,0.0,126.0,27.0,4.0,0.0,0.0,8.0,1.0,11.0,6.0,0.0,0.0,0.0,4.0,29.0,17.0,0.0,2.0,110.0
2018,Tamil Nadu,33,Dindigul,572,Dindigul,41.0,62.0,0.0,31.0,38.0,0.0,0.0,79.0,59.0,32.0,1.0,0.0,7.0,1.0,22.0,0.0,0.0,0.0,0.0,0.0,105.0,39.0,0.0,16.0,275.0
2018,Tamil Nadu,33,Erode,573,Erode,22.0,61.0,0.0,13.0,39.0,0.0,0.0,78.0,45.0,20.0,3.0,0.0,0.0,0.0,0.0,0.0,0.0,0.0,0.0,0.0,61.0,53.0,0.0,0.0,239.0
2018,Tamil Nadu,33,Kanchipuram,574,Kanchipuram,53.0,46.0,0.0,6.0,14.0,0.0,0.0,35.0,34.0,3.0,2.0,0.0,0.0,0.0,64.0,0.0,0.0,0.0,0.0,0.0,87.0,90.0,0.0,10.0,2526.0
2018,Tamil Nadu,33,Kanniyakumari,575,Kanyakumari,38.0,88.0,1.0,17.0,35.0,0.0,0.0,95.0,72.0,5.0,61.0,0.0,4.0,0.0,8.0,9.0,0.0,0.0,0.0,14.0,106.0,11.0,0.0,3.0,19.0
2018,Tamil Nadu,33,Karur,576,Karur,22.0,19.0,0.0,2.0,4.0,0.0,0.0,17.0,15.0,1.0,2.0,0.0,8.0,0.0,0.0,6.0,0.0,0.0,0.0,0.0,10.0,40.0,0.0,0.0,113.0
2018,Tamil Nadu,33,Krishnagiri,577,Krishnagiri,52.0,54.0,0.0,19.0,28.0,0.0,0.0,128.0,46.0,5.0,2.0,1.0,13.0,1.0,17.0,3.0,0.0,1.0,0.0,2.0,46.0,24.0,2.0,3.0,119.0
2018,Tamil Nadu,33,Madurai,578,Madurai,63.0,76.0,4.0,13.0,47.0,1.0,0.0,141.0,78.0,39.0,8.0,0.0,0.0,0.0,108.0,13.0,0.0,1.0,0.0,8.0,118.0,82.0,0.0,1.0,16.0
2018,Tamil Nadu,33,Madurai,578,Madurai City,45.0,45.0,0.0,11.0,1.0,2.0,20.0,59.0,53.0,102.0,2.0,0.0,11.0,0.0,132.0,0.0,0.0,0.0,0.0,0.0,216.0,123.0,0.0,0.0,1.0
2018,Tamil Nadu,33,Nagapattinam,579,Nagapattinam,27.0,62.0,0.0,38.0,23.0,0.0,0.0,33.0,33.0,14.0,6.0,0.0,0.0,0.0,31.0,0.0,0.0,0.0,0.0,0.0,13.0,45.0,0.0,0.0,0.0
2018,Tamil Nadu,33,Namakkal,580,Namakkal,43.0,36.0,0.0,18.0,9.0,0.0,0.0,47.0,31.0,13.0,2.0,0.0,6.0,0.0,14.0,0.0,0.0,0.0,0.0,0.0,68.0,31.0,1.0,3.0,525.0
2018,Tamil Nadu,33,Perambalur,581,Perambalur,15.0,32.0,0.0,27.0,2.0,0.0,0.0,47.0,26.0,5.0,2.0,0.0,8.0,2.0,8.0,0.0,0.0,0.0,0.0,0.0,4.0,14.0,0.0,0.0,0.0
2018,Tamil Nadu,33,Pudukkottai,582,Pudukottai,32.0,41.0,1.0,16.0,11.0,0.0,0.0,121.0,37.0,6.0,1.0,0.0,7.0,6.0,43.0,4.0,0.0,0.0,0.0,3.0,6.0,14.0,0.0,0.0,0.0
2018,Tamil Nadu,33,Ramanathapuram,583,Ramnathapuram,37.0,37.0,0.0,1.0,10.0,0.0,2.0,66.0,43.0,2.0,13.0,1.0,0.0,2.0,42.0,35.0,0.0,0.0,11.0,4.0,24.0,35.0,7.0,1.0,97.0
2018,Tamil Nadu,33,Salem,584,Salem,49.0,69.0,0.0,62.0,27.0,3.0,0.0,103.0,76.0,5.0,3.0,0.0,9.0,0.0,22.0,11.0,0.0,0.0,0.0,0.0,44.0,38.0,0.0,1.0,513.0
2018,Tamil Nadu,33,Salem,584,Salem City,18.0,30.0,0.0,5.0,6.0,0.0,0.0,31.0,28.0,9.0,1.0,0.0,1.0,0.0,49.0,4.0,1.0,0.0,0.0,0.0,36.0,59.0,5.0,0.0,104.0
2018,Tamil Nadu,33,Sivaganga,585,Sivagangai,33.0,39.0,0.0,18.0,69.0,0.0,0.0,69.0,40.0,32.0,3.0,0.0,10.0,0.0,146.0,7.0,0.0,0.0,0.0,6.0,92.0,64.0,13.0,0.0,223.0
2018,Tamil Nadu,33,Thanjavur,586,Thanjavur,65.0,43.0,0.0,46.0,37.0,0.0,0.0,108.0,35.0,21.0,12.0,0.0,10.0,7.0,26.0,12.0,0.0,0.0,0.0,12.0,31.0,58.0,0.0,0.0,0.0
2018,Tamil Nadu,33,The Nilgiris,587,Nilgiris,6.0,32.0,0.0,3.0,3.0,0.0,0.0,34.0,31.0,5.0,0.0,0.0,1.0,0.0,18.0,0.0,0.0,0.0,0.0,0.0,13.0,3.0,0.0,0.0,355.0
2018,Tamil Nadu,33,Theni,588,Theni,40.0,54.0,0.0,10.0,6.0,0.0,0.0,139.0,70.0,48.0,3.0,0.0,10.0,18.0,62.0,0.0,0.0,0.0,0.0,0.0,114.0,17.0,0.0,7.0,617.0
2018,Tamil Nadu,33,Thiruvallur,589,Thiruvallur,36.0,53.0,0.0,2.0,3.0,0.0,0.0,71.0,47.0,11.0,0.0,0.0,0.0,9.0,30.0,10.0,0.0,0.0,0.0,12.0,51.0,31.0,0.0,1.0,59.0
2018,Tamil Nadu,33,Thiruvarur,590,Thiruvarur,26.0,28.0,0.0,14.0,39.0,0.0,0.0,98.0,27.0,18.0,2.0,0.0,1.0,0.0,23.0,1.0,0.0,0.0,0.0,2.0,0.0,41.0,1.0,2.0,1481.0
2018,Tamil Nadu,33,Tiruchirappalli,591,Railway Trichy,3.0,1.0,0.0,0.0,1.0,0.0,0.0,3.0,2.0,0.0,0.0,0.0,0.0,0.0,19.0,0.0,0.0,0.0,0.0,0.0,2.0,53.0,0.0,0.0,5.0
2018,Tamil Nadu,33,Tiruchirappalli,591,Trichy,43.0,49.0,0.0,18.0,17.0,0.0,5.0,85.0,23.0,20.0,3.0,0.0,4.0,7.0,42.0,0.0,0.0,0.0,0.0,0.0,55.0,69.0,14.0,4.0,0.0
2018,Tamil Nadu,33,Tiruchirappalli,591,Trichy City,18.0,17.0,0.0,18.0,1.0,3.0,0.0,34.0,26.0,45.0,3.0,0.0,9.0,0.0,33.0,12.0,0.0,0.0,0.0,0.0,117.0,71.0,12.0,10.0,12.0
2018,Tamil Nadu,33,Tirunelveli,592,Thirunelveli,65.0,147.0,7.0,38.0,26.0,0.0,0.0,328.0,128.0,26.0,15.0,0.0,6.0,26.0,344.0,36.0,0.0,0.0,1.0,32.0,128.0,21.0,6.0,6.0,861.0
2018,Tamil Nadu,33,Tirunelveli,592,Thirunelveli City,13.0,22.0,0.0,3.0,3.0,2.0,0.0,25.0,25.0,3.0,7.0,0.0,4.0,0.0,104.0,10.0,2.0,0.0,1.0,4.0,83.0,36.0,0.0,3.0,260.0
2018,Tamil Nadu,33,Tiruppur,634,Tiruppur,42.0,30.0,0.0,12.0,3.0,1.0,0.0,65.0,32.0,9.0,1.0,0.0,0.0,0.0,20.0,0.0,0.0,0.0,0.0,0.0,24.0,42.0,0.0,0.0,25.0
2018,Tamil Nadu,33,Tiruppur,634,Tiruppur City,25.0,11.0,0.0,3.0,5.0,1.0,0.0,27.0,13.0,8.0,0.0,0.0,3.0,0.0,10.0,2.0,0.0,0.0,0.0,3.0,5.0,52.0,3.0,0.0,137.0
2018,Tamil Nadu,33,Tiruvannamalai,593,Thiruvannamalai,39.0,105.0,1.0,14.0,22.0,2.0,1.0,138.0,91.0,13.0,13.0,0.0,6.0,0.0,66.0,0.0,0.0,0.0,0.0,0.0,38.0,25.0,4.0,1.0,1564.0
2018,Tamil Nadu,33,Tuticorin,594,Thoothukudi,64.0,93.0,0.0,45.0,8.0,0.0,0.0,135.0,93.0,31.0,5.0,0.0,5.0,6.0,119.0,14.0,0.0,0.0,2.0,4.0,102.0,84.0,1.0,12.0,33.0
2018,Tamil Nadu,33,Vellore,595,Vellore,77.0,95.0,0.0,30.0,44.0,8.0,3.0,323.0,100.0,23.0,0.0,0.0,18.0,1.0,185.0,0.0,0.0,0.0,0.0,0.0,76.0,25.0,12.0,2.0,5196.0
2018,Tamil Nadu,33,Villupuram,596,Villupuram,62.0,122.0,1.0,42.0,99.0,0.0,0.0,121.0,97.0,25.0,32.0,0.0,24.0,0.0,6.0,13.0,0.0,0.0,0.0,13.0,112.0,36.0,0.0,7.0,1142.0
2018,Tamil Nadu,33,Virudhunagar,597,Virudhunagar,65.0,72.0,1.0,11.0,4.0,3.0,0.0,68.0,57.0,11.0,29.0,0.0,6.0,0.0,91.0,10.0,0.0,1.0,0.0,1.0,94.0,47.0,4.0,3.0,1576.0
2018,Telangana,36,Adilabad,501,Adilabad,15.0,39.0,2.0,64.0,18.0,0.0,0.0,41.0,17.0,129.0,2.0,0.0,7.0,0.0,33.0,0.0,0.0,0.0,0.0,0.0,85.0,1.0,0.0,0.0,50.0
2018,Telangana,36,Bhadradri Kothagudem,690,Bhadradri Kothagudem,28.0,74.0,1.0,128.0,68.0,0.0,0.0,146.0,73.0,91.0,5.0,0.0,18.0,0.0,61.0,18.0,5.0,0.0,1.0,1.0,90.0,2.0,0.0,2.0,407.0
2018,Telangana,36,Hyderabad,507,Cyberabad Commissionerate,81.0,416.0,0.0,1105.0,447.0,4.0,116.0,701.0,316.0,818.0,31.0,5.0,59.0,0.0,177.0,0.0,0.0,0.0,0.0,0.0,1525.0,154.0,77.0,20.0,457.0
2018,Telangana,36,Hyderabad,507,Hyderabad Commissionerate,86.0,351.0,2.0,446.0,323.0,2.0,29.0,491.0,251.0,1343.0,18.0,6.0,31.0,0.0,432.0,428.0,0.0,11.0,0.0,88.0,1374.0,111.0,299.0,3.0,1354.0
2018,Telangana,36,Hyderabad,507,Railway Police Secunderabad,5.0,2.0,0.0,7.0,1.0,0.0,0.0,36.0,2.0,0.0,0.0,0.0,1.0,0.0,47.0,0.0,0.0,0.0,0.0,0.0,57.0,24.0,0.0,0.0,40.0
2018,Telangana,36,Jagitial,681,Jagitial,31.0,24.0,0.0,0.0,0.0,0.0,2.0,0.0,0.0,0.0,0.0,0.0,0.0,0.0,0.0,0.0,0.0,0.0,0.0,0.0,228.0,10.0,0.0,0.0,430.0
2018,Telangana,36,Jagitial,681,Jagityal,0.0,34.0,2.0,142.0,11.0,0.0,2.0,30.0,10.0,108.0,7.0,0.0,13.0,0.0,51.0,0.0,0.0,0.0,0.0,0.0,0.0,0.0,0.0,5.0,0.0
2018,Telangana,36,Jagityal,681,Jagityal,0.0,0.0,0.0,0.0,0.0,0.0,0.0,0.0,0.0,0.0,0.0,0.0,0.0,0.0,0.0,2.0,0.0,2.0,0.0,0.0,0.0,0.0,0.0,0.0,0.0
2018,Telangana,36,Jayashankar Bhupalapally,687,Jayashankar Bhupalpalli,23.0,26.0,0.0,80.0,54.0,0.0,0.0,45.0,28.0,76.0,5.0,0.0,14.0,0.0,4.0,18.0,3.0,0.0,1.0,0.0,91.0,4.0,34.0,0.0,754.0
2018,Telangana,36,Jogulamba Gadwal,695,Jogulamba Gadwal,12.0,28.0,0.0,82.0,10.0,0.0,0.0,59.0,17.0,24.0,1.0,0.0,4.0,0.0,19.0,10.0,5.0,0.0,0.0,0.0,122.0,3.0,0.0,0.0,53.0
2018,Telangana,36,Kamareddy,685,Kamareddy,24.0,32.0,3.0,68.0,30.0,1.0,2.0,46.0,12.0,129.0,4.0,0.0,5.0,0.0,15.0,8.0,0.0,2.0,0.0,3.0,80.0,14.0,0.0,0.0,131.0
2018,Telangana,36,Karimnagar,508,Karimnagar Commissionerate,18.0,61.0,0.0,236.0,28.0,0.0,0.0,58.0,20.0,349.0,7.0,0.0,20.0,0.0,13.0,19.0,0.0,0.0,0.0,26.0,365.0,4.0,0.0,10.0,694.0
2018,Telangana,36,Khammam,509,Khammam Commissionerate,31.0,69.0,0.0,260.0,145.0,0.0,0.0,342.0,97.0,185.0,4.0,0.0,35.0,0.0,106.0,87.0,36.0,5.0,2.0,0.0,305.0,10.0,33.0,14.0,789.0
2018,Telangana,36,Kumuram Bheem Asifabad,699,Kumaram Bheem Asifabad,18.0,42.0,4.0,96.0,5.0,0.0,0.0,35.0,32.0,41.0,3.0,0.0,9.0,0.0,25.0,16.0,1.0,0.0,4.0,0.0,188.0,3.0,7.0,0.0,48.0
2018,Telangana,36,Mahabubabad,688,Mahabubabad,19.0,39.0,3.0,160.0,78.0,0.0,0.0,88.0,17.0,83.0,7.0,0.0,16.0,0.0,55.0,5.0,0.0,0.0,0.0,0.0,200.0,4.0,0.0,0.0,152.0
2018,Telangana,36,Mahabubnagar,512,Mahabubnagar,21.0,202.0,0.0,194.0,69.0,0.0,0.0,216.0,84.0,103.0,4.0,0.0,17.0,0.0,67.0,9.0,1.0,1.0,0.0,0.0,151.0,8.0,11.0,5.0,96.0
2018,Telangana,36,Medak,513,Medak,18.0,43.0,0.0,69.0,36.0,0.0,0.0,76.0,53.0,123.0,4.0,0.0,6.0,0.0,10.0,2.0,1.0,0.0,0.0,0.0,52.0,7.0,0.0,0.0,471.0
2018,Telangana,36,Nagarkurnool,694,Nagarkurnool,15.0,66.0,0.0,73.0,28.0,0.0,0.0,83.0,29.0,77.0,2.0,0.0,16.0,0.0,12.0,14.0,7.0,0.0,0.0,0.0,71.0,11.0,6.0,0.0,229.0
2018,Telangana,36,Nalgonda,514,Nalgonda,34.0,77.0,3.0,282.0,18.0,0.0,5.0,143.0,114.0,259.0,5.0,1.0,22.0,0.0,61.0,23.0,0.0,3.0,1.0,7.0,289.0,7.0,0.0,1.0,910.0
2018,Telangana,36,Nirmal,680,Nirmal,19.0,37.0,0.0,57.0,6.0,0.0,0.0,36.0,31.0,53.0,1.0,0.0,5.0,0.0,25.0,2.0,0.0,0.0,0.0,0.0,43.0,6.0,0.0,0.0,58.0
2018,Telangana,36,Nizamabad,516,Nizamabad Commissionerate,26.0,44.0,1.0,160.0,18.0,1.0,2.0,77.0,35.0,275.0,9.0,1.0,14.0,0.0,106.0,26.0,8.0,0.0,2.0,0.0,353.0,18.0,2.0,0.0,94.0
2018,Telangana,36,Peddapalli,682,Ramagundam Commissionerate,41.0,78.0,0.0,344.0,22.0,0.0,10.0,170.0,40.0,324.0,10.0,0.0,28.0,12.0,55.0,76.0,16.0,0.0,2.0,0.0,394.0,5.0,2.0,3.0,107.0
2018,Telangana,36,Rajanna Sircilla,683,Rajanna Siricilla,17.0,20.0,0.0,63.0,19.0,3.0,0.0,41.0,7.0,62.0,3.0,0.0,4.0,0.0,16.0,2.0,0.0,0.0,0.0,0.0,124.0,4.0,0.0,0.0,517.0
2018,Telangana,36,Ranga Reddy,518,Cyberabad Commissionerate,0.0,0.0,0.0,0.0,0.0,0.0,0.0,0.0,0.0,0.0,0.0,0.0,0.0,0.0,0.0,579.0,223.0,4.0,22.0,0.0,135.0,0.0,0.0,0.0,327.0
2018,Telangana,36,Sangareddy,691,Sangareddy,36.0,59.0,1.0,128.0,13.0,0.0,0.0,57.0,31.0,140.0,6.0,1.0,15.0,0.0,38.0,7.0,0.0,0.0,0.0,0.0,49.0,10.0,23.0,0.0,457.0
2018,Telangana,36,Siddipet,692,Siddipet Commissionerate,20.0,48.0,1.0,175.0,21.0,0.0,0.0,70.0,27.0,215.0,4.0,0.0,12.0,0.0,16.0,20.0,5.0,0.0,1.0,2.0,155.0,5.0,11.0,2.0,480.0
2018,Telangana,36,Suryapet,696,Suryapet,23.0,78.0,3.0,254.0,33.0,0.0,0.0,71.0,56.0,179.0,4.0,0.0,9.0,1.0,24.0,0.0,0.0,0.0,0.0,0.0,254.0,6.0,21.0,0.0,740.0
2018,Telangana,36,Vikarabad,698,Vikarabad,24.0,33.0,0.0,51.0,19.0,0.0,0.0,40.0,20.0,92.0,7.0,0.0,4.0,0.0,8.0,16.0,3.0,1.0,4.0,0.0,30.0,0.0,39.0,0.0,41.0
2018,Telangana,36,Wanaparthy,693,Wanaparthy,8.0,50.0,0.0,38.0,7.0,0.0,0.0,44.0,29.0,39.0,1.0,0.0,7.0,0.0,20.0,0.0,0.0,0.0,0.0,0.0,56.0,2.0,0.0,0.0,43.0
2018,Telangana,36,Warangal,522,Warangal Commissionerate,49.0,77.0,3.0,258.0,201.0,0.0,5.0,200.0,75.0,270.0,22.0,0.0,40.0,0.0,122.0,114.0,0.0,9.0,0.0,0.0,515.0,31.0,0.0,3.0,1187.0
2018,Telangana,36,Yadadri Bhuvanagiri,697,Rachakonda Commissionerate,86.0,452.0,0.0,705.0,99.0,0.0,89.0,305.0,144.0,699.0,22.0,1.0,31.0,0.0,249.0,323.0,90.0,19.0,0.0,0.0,1571.0,164.0,32.0,14.0,3297.0
2018,The Dadra And Nagar Haveli And Daman And Diu,38,Dadra And Nagar Haveli,465,Dadra And Nagar Haveli,7.0,32.0,0.0,8.0,6.0,0.0,0.0,38.0,21.0,1.0,0.0,0.0,1.0,0.0,13.0,0.0,0.0,0.0,0.0,0.0,18.0,4.0,0.0,0.0,18.0
2018,The Dadra And Nagar Haveli And Daman And Diu,38,Daman,463,Daman,5.0,6.0,1.0,5.0,27.0,0.0,0.0,30.0,1.0,2.0,0.0,0.0,0.0,0.0,4.0,0.0,0.0,0.0,0.0,0.0,10.0,3.0,2.0,0.0,23.0
2018,The Dadra And Nagar Haveli And Daman And Diu,38,Diu,464,Diu,0.0,0.0,0.0,1.0,2.0,0.0,0.0,4.0,2.0,2.0,0.0,0.0,0.0,0.0,0.0,0.0,0.0,0.0,0.0,0.0,7.0,0.0,0.0,0.0,1.0
2018,Tripura,16,Dhalai,269,Dhalai,6.0,30.0,2.0,24.0,10.0,0.0,0.0,29.0,20.0,37.0,1.0,0.0,0.0,0.0,6.0,0.0,0.0,0.0,0.0,0.0,1.0,1.0,2.0,0.0,0.0
2018,Tripura,16,Gomati,654,Gomati,16.0,28.0,2.0,17.0,15.0,2.0,2.0,20.0,5.0,44.0,1.0,0.0,1.0,0.0,3.0,2.0,0.0,0.0,0.0,4.0,10.0,4.0,0.0,2.0,188.0
2018,Tripura,16,Khowai,652,Kowai,12.0,20.0,0.0,6.0,9.0,0.0,0.0,21.0,14.0,10.0,1.0,0.0,2.0,0.0,2.0,0.0,0.0,0.0,0.0,0.0,3.0,4.0,6.0,0.0,63.0
2018,Tripura,16,North Tripura,270,North,10.0,42.0,4.0,17.0,34.0,0.0,0.0,31.0,16.0,22.0,2.0,0.0,0.0,0.0,0.0,3.0,0.0,1.0,0.0,3.0,20.0,5.0,0.0,0.0,94.0
2018,Tripura,16,Sepahijala,653,Sipahijala,0.0,0.0,0.0,0.0,12.0,0.0,0.0,23.0,11.0,0.0,0.0,0.0,0.0,0.0,0.0,0.0,0.0,0.0,0.0,0.0,0.0,0.0,0.0,0.0,0.0
2018,Tripura,16,South Tripura,271,South,21.0,48.0,13.0,20.0,39.0,1.0,0.0,51.0,17.0,51.0,2.0,0.0,3.0,0.0,2.0,1.0,0.0,0.0,0.0,0.0,18.0,3.0,3.0,0.0,7.0
2018,Tripura,16,Unakoti,655,Sipahijala,19.0,32.0,2.0,15.0,4.0,0.0,1.0,0.0,0.0,39.0,3.0,0.0,2.0,0.0,10.0,6.0,0.0,4.0,0.0,0.0,4.0,2.0,6.0,0.0,23.0
2018,Tripura,16,Unakoti,655,Unakoti,18.0,41.0,4.0,12.0,22.0,2.0,0.0,25.0,16.0,23.0,5.0,0.0,1.0,0.0,9.0,2.0,0.0,1.0,0.0,2.0,11.0,1.0,1.0,0.0,37.0
2018,Tripura,16,West Tripura,272,Grp,0.0,0.0,0.0,0.0,0.0,0.0,0.0,0.0,0.0,0.0,0.0,0.0,0.0,0.0,0.0,0.0,0.0,0.0,0.0,0.0,0.0,0.0,0.0,0.0,4.0
2018,Tripura,16,West Tripura,272,West,40.0,66.0,2.0,64.0,42.0,4.0,0.0,71.0,28.0,77.0,3.0,0.0,5.0,0.0,19.0,7.0,0.0,2.0,0.0,2.0,27.0,15.0,16.0,0.0,31.0
2018,Uttar Pradesh,9,Agra,118,Agra,134.0,340.0,21.0,594.0,626.0,6.0,0.0,640.0,154.0,556.0,70.0,2.0,2.0,1.0,0.0,86.0,0.0,16.0,0.0,1.0,533.0,188.0,0.0,8.0,2106.0
2018,Uttar Pradesh,9,Aligarh,119,Aligarh,127.0,247.0,50.0,430.0,814.0,4.0,4.0,727.0,154.0,431.0,54.0,1.0,11.0,0.0,0.0,58.0,0.0,0.0,0.0,0.0,0.0,145.0,0.0,0.0,944.0
2018,Uttar Pradesh,9,Ambedkar Nagar,121,Ambedkar Nagar,36.0,163.0,0.0,142.0,84.0,0.0,0.0,151.0,29.0,29.0,63.0,0.0,0.0,0.0,0.0,46.0,0.0,0.0,0.0,0.0,0.0,28.0,0.0,0.0,200.0
2018,Uttar Pradesh,9,Amethi,640,Amethi,41.0,52.0,18.0,248.0,325.0,0.0,0.0,160.0,0.0,122.0,17.0,0.0,0.0,0.0,8.0,43.0,11.0,0.0,0.0,20.0,147.0,30.0,0.0,0.0,28.0
2018,Uttar Pradesh,9,Amroha,154,Amroha,48.0,124.0,0.0,118.0,118.0,0.0,0.0,99.0,40.0,151.0,23.0,0.0,0.0,0.0,0.0,34.0,6.0,1.0,0.0,28.0,106.0,20.0,0.0,0.0,631.0
2018,Uttar Pradesh,9,Auraiya,122,Auraiya,43.0,172.0,20.0,202.0,171.0,5.0,0.0,255.0,74.0,193.0,31.0,0.0,9.0,0.0,75.0,67.0,11.0,0.0,0.0,0.0,55.0,39.0,0.0,0.0,113.0
2018,Uttar Pradesh,9,Ayodhya,140,Ayodhya,40.0,429.0,43.0,273.0,283.0,3.0,0.0,413.0,83.0,15.0,216.0,0.0,6.0,0.0,0.0,42.0,0.0,18.0,0.0,15.0,0.0,43.0,2.0,0.0,58.0
2018,Uttar Pradesh,9,Azamgarh,123,Azamgarh,41.0,170.0,9.0,157.0,198.0,1.0,0.0,183.0,51.0,145.0,177.0,1.0,0.0,0.0,0.0,135.0,27.0,4.0,6.0,17.0,309.0,34.0,0.0,1.0,72.0
2018,Uttar Pradesh,9,Baghpat,124,Baghpat,69.0,146.0,24.0,96.0,129.0,1.0,0.0,187.0,36.0,81.0,7.0,0.0,0.0,0.0,0.0,27.0,0.0,0.0,0.0,3.0,0.0,41.0,0.0,0.0,561.0
2018,Uttar Pradesh,9,Bahraich,125,Bahraich,38.0,116.0,0.0,166.0,268.0,0.0,0.0,114.0,45.0,31.0,437.0,0.0,0.0,0.0,0.0,55.0,7.0,0.0,0.0,0.0,110.0,11.0,73.0,0.0,398.0
2018,Uttar Pradesh,9,Ballia,126,Ballia,28.0,142.0,23.0,214.0,311.0,0.0,0.0,358.0,151.0,99.0,26.0,0.0,6.0,0.0,0.0,35.0,0.0,2.0,0.0,11.0,43.0,30.0,127.0,0.0,200.0
2018,Uttar Pradesh,9,Balrampur,127,Balrampur,26.0,66.0,4.0,29.0,45.0,0.0,0.0,96.0,89.0,3.0,66.0,0.0,4.0,0.0,0.0,20.0,0.0,0.0,0.0,3.0,37.0,12.0,37.0,0.0,26.0
2018,Uttar Pradesh,9,Banda,128,Banda,37.0,104.0,30.0,164.0,130.0,0.0,0.0,161.0,0.0,77.0,35.0,0.0,15.0,0.0,0.0,33.0,5.0,11.0,0.0,9.0,83.0,12.0,0.0,0.0,51.0
2018,Uttar Pradesh,9,Bara Banki,129,Barabanki,49.0,274.0,32.0,207.0,40.0,0.0,0.0,0.0,2.0,316.0,37.0,0.0,0.0,0.0,76.0,46.0,0.0,0.0,0.0,0.0,174.0,26.0,0.0,0.0,64.0
2018,Uttar Pradesh,9,Barabanki,129,Barabanki,5.0,32.0,0.0,52.0,214.0,0.0,0.0,388.0,85.0,0.0,0.0,0.0,0.0,0.0,0.0,0.0,0.0,0.0,0.0,0.0,0.0,0.0,0.0,0.0,0.0
2018,Uttar Pradesh,9,Bareilly,130,Bareilly,97.0,227.0,0.0,423.0,397.0,0.0,0.0,217.0,197.0,42.0,653.0,4.0,0.0,0.0,0.0,137.0,0.0,0.0,0.0,0.0,515.0,74.0,0.0,7.0,1987.0
2018,Uttar Pradesh,9,Basti,131,Basti,28.0,207.0,25.0,77.0,194.0,0.0,0.0,222.0,55.0,137.0,16.0,0.0,0.0,0.0,0.0,64.0,0.0,0.0,0.0,0.0,107.0,10.0,0.0,0.0,100.0
2018,Uttar Pradesh,9,Bhadohi,179,Bhadohi,21.0,36.0,12.0,50.0,98.0,0.0,0.0,86.0,8.0,5.0,79.0,0.0,7.0,0.0,38.0,18.0,0.0,0.0,0.0,0.0,40.0,5.0,50.0,0.0,88.0
2018,Uttar Pradesh,9,Bijnor,132,Bijnor,71.0,174.0,19.0,161.0,190.0,2.0,0.0,144.0,133.0,177.0,354.0,2.0,0.0,0.0,58.0,61.0,0.0,16.0,0.0,0.0,0.0,45.0,0.0,0.0,116.0
2018,Uttar Pradesh,9,Budaun,133,Badaun,73.0,138.0,38.0,241.0,259.0,0.0,0.0,191.0,61.0,332.0,53.0,0.0,6.0,0.0,25.0,49.0,0.0,0.0,0.0,0.0,138.0,37.0,0.0,0.0,950.0
2018,Uttar Pradesh,9,Bulandshahr,134,Bulandshahar,114.0,204.0,70.0,275.0,239.0,0.0,0.0,254.0,99.0,493.0,58.0,2.0,1.0,3.0,136.0,60.0,0.0,2.0,0.0,11.0,37.0,61.0,0.0,0.0,215.0
2018,Uttar Pradesh,9,Chandauli,135,Chandoli,15.0,120.0,18.0,52.0,100.0,2.0,0.0,167.0,41.0,11.0,93.0,0.0,7.0,0.0,67.0,25.0,0.0,0.0,0.0,6.0,51.0,6.0,75.0,0.0,106.0
2018,Uttar Pradesh,9,Chitrakoot,136,Chitrakoot,23.0,56.0,11.0,96.0,77.0,0.0,0.0,32.0,0.0,40.0,54.0,0.0,6.0,0.0,0.0,16.0,0.0,0.0,0.0,0.0,57.0,2.0,0.0,0.0,200.0
2018,Uttar Pradesh,9,Deoria,137,Deoria,44.0,193.0,0.0,82.0,166.0,0.0,0.0,176.0,35.0,48.0,20.0,0.0,0.0,0.0,0.0,68.0,0.0,0.0,0.0,0.0,105.0,20.0,0.0,0.0,128.0
2018,Uttar Pradesh,9,Etah,138,Etah,55.0,120.0,22.0,158.0,160.0,0.0,0.0,147.0,108.0,149.0,51.0,0.0,0.0,0.0,0.0,30.0,0.0,0.0,0.0,0.0,151.0,41.0,0.0,0.0,51.0
2018,Uttar Pradesh,9,Etawah,139,Etawah,44.0,112.0,14.0,134.0,179.0,0.0,0.0,209.0,52.0,173.0,46.0,0.0,6.0,0.0,144.0,85.0,27.0,0.0,0.0,0.0,135.0,44.0,0.0,1.0,193.0
2018,Uttar Pradesh,9,Farrukhabad,141,Fatehgarh,60.0,140.0,40.0,68.0,275.0,0.0,0.0,361.0,74.0,379.0,41.0,2.0,4.0,28.0,0.0,43.0,0.0,16.0,0.0,0.0,108.0,47.0,0.0,0.0,467.0
2018,Uttar Pradesh,9,Fatehpur,142,Fatehpur,40.0,149.0,25.0,219.0,232.0,1.0,0.0,334.0,0.0,62.0,32.0,0.0,10.0,4.0,66.0,17.0,0.0,0.0,0.0,5.0,44.0,20.0,29.0,0.0,210.0
2018,Uttar Pradesh,9,Firozabad,143,Firozabad,85.0,285.0,39.0,195.0,332.0,2.0,2.0,429.0,99.0,132.0,44.0,2.0,11.0,0.0,27.0,80.0,11.0,0.0,9.0,18.0,11.0,74.0,0.0,0.0,171.0
2018,Uttar Pradesh,9,Gautam Buddha Nagar,144,Gautambudh Nagar,88.0,195.0,16.0,220.0,263.0,0.0,0.0,153.0,6.0,297.0,38.0,0.0,4.0,2.0,10.0,712.0,104.0,152.0,0.0,0.0,113.0,135.0,784.0,0.0,2916.0
2018,Uttar Pradesh,9,Ghaziabad,145,Ghaziabad,127.0,258.0,14.0,404.0,405.0,2.0,0.0,141.0,47.0,483.0,32.0,2.0,6.0,0.0,0.0,234.0,0.0,0.0,0.0,0.0,22.0,116.0,440.0,0.0,2669.0
2018,Uttar Pradesh,9,Ghazipur,146,Ghazipur,48.0,238.0,34.0,219.0,385.0,0.0,0.0,558.0,121.0,123.0,34.0,0.0,5.0,9.0,0.0,52.0,0.0,1.0,0.0,3.0,8.0,32.0,0.0,0.0,126.0
2018,Uttar Pradesh,9,Gonda,147,Gonda,34.0,92.0,17.0,114.0,201.0,0.0,0.0,159.0,47.0,43.0,32.0,0.0,0.0,0.0,0.0,46.0,0.0,0.0,0.0,0.0,242.0,24.0,0.0,0.0,46.0
2018,Uttar Pradesh,9,Gorakhpur,148,Gorakhpur,91.0,310.0,102.0,329.0,364.0,1.0,2.0,352.0,117.0,56.0,430.0,0.0,12.0,32.0,0.0,409.0,83.0,4.0,14.0,19.0,162.0,165.0,176.0,2.0,175.0
2018,Uttar Pradesh,9,Hamirpur,149,Hamirpur,41.0,164.0,25.0,139.0,127.0,2.0,0.0,195.0,0.0,61.0,16.0,0.0,8.0,6.0,15.0,7.0,0.0,1.0,0.0,2.0,54.0,10.0,0.0,0.0,30.0
2018,Uttar Pradesh,9,Hapur,661,Hapur,57.0,104.0,26.0,154.0,218.0,0.0,0.0,206.0,65.0,76.0,20.0,0.0,0.0,0.0,35.0,24.0,0.0,0.0,0.0,3.0,12.0,40.0,60.0,0.0,141.0
2018,Uttar Pradesh,9,Hardoi,150,Hardoi,61.0,214.0,43.0,286.0,376.0,0.0,4.0,304.0,139.0,416.0,84.0,0.0,0.0,0.0,0.0,24.0,0.0,0.0,0.0,0.0,183.0,44.0,0.0,0.0,174.0
2018,Uttar Pradesh,9,Hathras,163,Hathras,51.0,81.0,21.0,200.0,196.0,0.0,0.0,190.0,69.0,155.0,24.0,0.0,5.0,0.0,0.0,47.0,0.0,2.0,7.0,24.0,82.0,28.0,41.0,0.0,361.0
2018,Uttar Pradesh,9,Jalaun,151,Jalaun,40.0,50.0,19.0,192.0,220.0,0.0,0.0,232.0,47.0,86.0,62.0,0.0,2.0,0.0,0.0,31.0,0.0,0.0,0.0,0.0,0.0,8.0,93.0,0.0,0.0
2018,Uttar Pradesh,9,Jaunpur,152,Jaunpur,78.0,190.0,33.0,130.0,608.0,0.0,0.0,578.0,159.0,82.0,44.0,0.0,11.0,0.0,0.0,60.0,0.0,0.0,0.0,0.0,111.0,51.0,0.0,1.0,102.0
2018,Uttar Pradesh,9,Jhansi,153,Jhansi,48.0,167.0,12.0,219.0,154.0,2.0,0.0,228.0,85.0,187.0,26.0,1.0,12.0,0.0,0.0,34.0,0.0,3.0,0.0,8.0,0.0,28.0,72.0,0.0,117.0
2018,Uttar Pradesh,9,Kannauj,155,Kannauj,37.0,72.0,0.0,115.0,154.0,0.0,0.0,95.0,37.0,0.0,192.0,0.0,0.0,0.0,0.0,36.0,0.0,0.0,0.0,0.0,114.0,47.0,0.0,0.0,1139.0
2018,Uttar Pradesh,9,Kanpur Dehat,156,Kanpur Dehat,40.0,134.0,25.0,244.0,220.0,2.0,0.0,237.0,109.0,172.0,28.0,0.0,7.0,0.0,4.0,16.0,0.0,8.0,0.0,8.0,62.0,17.0,43.0,0.0,0.0
2018,Uttar Pradesh,9,Kanpur Nagar,157,Kanpur Nagar,87.0,322.0,2.0,434.0,672.0,2.0,0.0,355.0,156.0,816.0,66.0,0.0,0.0,0.0,20.0,291.0,0.0,58.0,0.0,42.0,681.0,70.0,0.0,1.0,1262.0
2018,Uttar Pradesh,9,Kasganj,633,Kasganj,50.0,229.0,0.0,131.0,143.0,0.0,2.0,188.0,37.0,90.0,29.0,1.0,3.0,0.0,0.0,20.0,0.0,0.0,0.0,20.0,0.0,14.0,57.0,0.0,475.0
2018,Uttar Pradesh,9,Kaushambi,158,Kaushambi,35.0,38.0,5.0,141.0,251.0,0.0,0.0,218.0,0.0,97.0,33.0,1.0,0.0,8.0,0.0,28.0,0.0,0.0,0.0,0.0,115.0,16.0,0.0,0.0,373.0
2018,Uttar Pradesh,9,Kheri,159,Khiri,109.0,144.0,27.0,293.0,407.0,2.0,0.0,197.0,80.0,168.0,64.0,0.0,0.0,0.0,0.0,168.0,16.0,0.0,0.0,0.0,217.0,23.0,0.0,0.0,158.0
2018,Uttar Pradesh,9,Kushi Nagar,160,Kushi Nagar,4.0,23.0,0.0,34.0,187.0,0.0,0.0,305.0,31.0,0.0,0.0,0.0,0.0,0.0,0.0,0.0,0.0,0.0,0.0,0.0,0.0,0.0,0.0,0.0,0.0
2018,Uttar Pradesh,9,Kushinagar,160,Kushi Nagar,40.0,217.0,64.0,116.0,100.0,0.0,0.0,0.0,0.0,32.0,18.0,0.0,0.0,0.0,161.0,121.0,21.0,0.0,4.0,0.0,21.0,14.0,134.0,0.0,31.0
2018,Uttar Pradesh,9,Lalitpur,161,Lalitpur,19.0,87.0,13.0,204.0,84.0,0.0,2.0,148.0,66.0,50.0,19.0,0.0,0.0,0.0,0.0,44.0,7.0,0.0,0.0,13.0,5.0,3.0,0.0,0.0,556.0
2018,Uttar Pradesh,9,Lucknow,162,Grp,18.0,19.0,5.0,79.0,37.0,0.0,0.0,21.0,1.0,0.0,0.0,0.0,1.0,0.0,3.0,16.0,5.0,0.0,0.0,0.0,23.0,159.0,3.0,0.0,503.0
2018,Uttar Pradesh,9,Lucknow,162,Lucknow,123.0,414.0,15.0,646.0,1091.0,1.0,6.0,839.0,190.0,1434.0,115.0,0.0,9.0,0.0,74.0,1000.0,0.0,39.0,0.0,71.0,1437.0,49.0,399.0,4.0,232.0
2018,Uttar Pradesh,9,Maharajganj,164,Maharajganj,5.0,0.0,0.0,0.0,16.0,0.0,0.0,320.0,244.0,0.0,0.0,0.0,0.0,0.0,0.0,0.0,0.0,0.0,0.0,0.0,0.0,0.0,0.0,0.0,0.0
2018,Uttar Pradesh,9,Mahoba,165,Mahoba,28.0,125.0,19.0,175.0,120.0,0.0,0.0,249.0,99.0,25.0,23.0,0.0,1.0,8.0,0.0,16.0,0.0,0.0,0.0,0.0,41.0,14.0,0.0,0.0,9.0
2018,Uttar Pradesh,9,Mahrajganj,164,Maharajganj,22.0,28.0,0.0,12.0,24.0,0.0,0.0,0.0,123.0,52.0,26.0,0.0,15.0,0.0,7.0,54.0,0.0,1.0,0.0,41.0,68.0,4.0,0.0,1.0,44.0
2018,Uttar Pradesh,9,Mainpuri,166,Mainpuri,74.0,180.0,24.0,211.0,321.0,0.0,0.0,411.0,12.0,158.0,74.0,0.0,0.0,0.0,30.0,17.0,1.0,0.0,0.0,4.0,1.0,46.0,62.0,0.0,95.0
2018,Uttar Pradesh,9,Mathura,167,Mathura,93.0,179.0,33.0,250.0,269.0,0.0,0.0,51.0,31.0,229.0,40.0,0.0,11.0,0.0,0.0,41.0,0.0,0.0,0.0,19.0,0.0,136.0,0.0,0.0,217.0
2018,Uttar Pradesh,9,Mau,168,Mau,28.0,76.0,8.0,56.0,97.0,0.0,0.0,88.0,16.0,17.0,92.0,0.0,0.0,0.0,0.0,61.0,0.0,0.0,0.0,0.0,235.0,8.0,0.0,0.0,0.0
2018,Uttar Pradesh,9,Meerut,169,Meerut,144.0,250.0,119.0,390.0,525.0,0.0,0.0,640.0,25.0,544.0,35.0,2.0,0.0,26.0,0.0,81.0,0.0,0.0,0.0,81.0,0.0,111.0,365.0,0.0,546.0
2018,Uttar Pradesh,9,Mirzapur,170,Mirzapur,39.0,80.0,13.0,16.0,18.0,0.0,0.0,48.0,9.0,38.0,28.0,1.0,1.0,0.0,25.0,49.0,8.0,0.0,0.0,1.0,61.0,3.0,0.0,0.0,125.0
2018,Uttar Pradesh,9,Moradabad,171,Moradabad,60.0,508.0,77.0,378.0,271.0,0.0,0.0,523.0,140.0,385.0,36.0,3.0,0.0,0.0,0.0,183.0,33.0,7.0,0.0,18.0,33.0,63.0,0.0,0.0,76.0
2018,Uttar Pradesh,9,Muzaffarnagar,172,Muzaffarnagar,82.0,267.0,12.0,130.0,237.0,0.0,0.0,234.0,45.0,112.0,22.0,2.0,0.0,0.0,0.0,58.0,0.0,0.0,0.0,12.0,57.0,63.0,58.0,1.0,1528.0
2018,Uttar Pradesh,9,Pilibhit,173,Pilibhit,38.0,109.0,21.0,150.0,222.0,0.0,0.0,102.0,87.0,275.0,52.0,1.0,4.0,0.0,0.0,43.0,0.0,0.0,0.0,20.0,126.0,25.0,0.0,0.0,569.0
2018,Uttar Pradesh,9,Pratapgarh,174,Pratapgarh,69.0,108.0,17.0,179.0,289.0,0.0,0.0,129.0,0.0,235.0,32.0,0.0,1.0,48.0,0.0,34.0,0.0,0.0,0.0,13.0,181.0,69.0,0.0,0.0,33.0
2018,Uttar Pradesh,9,Prayagraj,120,Prayagraj,132.0,209.0,13.0,401.0,454.0,5.0,0.0,184.0,0.0,1014.0,72.0,1.0,11.0,0.0,67.0,386.0,0.0,0.0,0.0,2.0,618.0,116.0,0.0,0.0,282.0
2018,Uttar Pradesh,9,Rae Bareli,175,Raibareilly,50.0,132.0,13.0,165.0,272.0,0.0,0.0,44.0,37.0,0.0,172.0,0.0,0.0,0.0,0.0,37.0,0.0,0.0,0.0,0.0,139.0,36.0,0.0,0.0,18.0
2018,Uttar Pradesh,9,Rampur,176,Rampur,45.0,171.0,5.0,156.0,200.0,0.0,0.0,123.0,50.0,0.0,434.0,0.0,5.0,0.0,25.0,18.0,0.0,0.0,0.0,9.0,0.0,25.0,101.0,0.0,51.0
2018,Uttar Pradesh,9,Saharanpur,177,Saharanpur,58.0,179.0,26.0,209.0,134.0,1.0,0.0,231.0,150.0,117.0,28.0,0.0,0.0,0.0,14.0,62.0,6.0,5.0,0.0,0.0,209.0,52.0,80.0,0.0,598.0
2018,Uttar Pradesh,9,Sambhal,659,Sambhal,63.0,219.0,33.0,252.0,205.0,0.0,3.0,300.0,83.0,133.0,64.0,0.0,0.0,0.0,0.0,45.0,6.0,0.0,2.0,4.0,95.0,33.0,0.0,0.0,326.0
2018,Uttar Pradesh,9,Sant Kabeer Nagar,178,Sant Kabirnagar,2.0,10.0,0.0,76.0,102.0,0.0,0.0,269.0,67.0,0.0,0.0,0.0,0.0,0.0,0.0,0.0,0.0,0.0,0.0,0.0,0.0,0.0,0.0,0.0,0.0
2018,Uttar Pradesh,9,Sant Kabir Nagar,178,Sant Kabirnagar,15.0,178.0,14.0,97.0,21.0,0.0,0.0,0.0,10.0,79.0,15.0,0.0,5.0,0.0,0.0,28.0,0.0,0.0,0.0,0.0,97.0,11.0,0.0,0.0,62.0
2018,Uttar Pradesh,9,Shahjahanpur,180,Shahjahanpur,66.0,174.0,37.0,172.0,184.0,0.0,0.0,187.0,74.0,230.0,431.0,0.0,0.0,0.0,0.0,43.0,0.0,0.0,0.0,0.0,0.0,26.0,6.0,0.0,2602.0
2018,Uttar Pradesh,9,Shamli,660,Shamli,35.0,148.0,17.0,102.0,115.0,1.0,0.0,130.0,87.0,119.0,8.0,0.0,0.0,0.0,23.0,27.0,0.0,6.0,0.0,12.0,0.0,23.0,102.0,0.0,634.0
2018,Uttar Pradesh,9,Shravasti,181,Shrawasti,1.0,8.0,0.0,8.0,6.0,0.0,0.0,37.0,1.0,0.0,0.0,0.0,0.0,0.0,0.0,0.0,0.0,0.0,0.0,0.0,0.0,0.0,0.0,0.0,0.0
2018,Uttar Pradesh,9,Shrawasti,181,Shrawasti,13.0,39.0,12.0,32.0,53.0,0.0,0.0,0.0,0.0,3.0,125.0,1.0,4.0,0.0,3.0,15.0,0.0,0.0,0.0,0.0,16.0,1.0,27.0,0.0,12.0
2018,Uttar Pradesh,9,Siddharth Nagar,182,Sidharthnagar,5.0,25.0,0.0,0.0,108.0,0.0,0.0,193.0,55.0,0.0,0.0,0.0,0.0,0.0,0.0,0.0,0.0,0.0,0.0,0.0,0.0,0.0,0.0,0.0,0.0
2018,Uttar Pradesh,9,Siddharthnagar,182,Sidharthnagar,18.0,166.0,25.0,80.0,37.0,0.0,0.0,0.0,0.0,5.0,55.0,0.0,4.0,0.0,0.0,40.0,0.0,0.0,0.0,0.0,55.0,4.0,0.0,0.0,433.0
2018,Uttar Pradesh,9,Sitapur,183,Sitapur,124.0,978.0,41.0,532.0,390.0,0.0,0.0,846.0,235.0,252.0,336.0,0.0,0.0,0.0,0.0,15.0,0.0,0.0,0.0,6.0,186.0,91.0,0.0,0.0,332.0
2018,Uttar Pradesh,9,Sonbhadra,184,Sonbhadra,36.0,175.0,34.0,63.0,134.0,0.0,0.0,170.0,0.0,6.0,64.0,0.0,14.0,0.0,0.0,24.0,0.0,0.0,0.0,24.0,91.0,9.0,0.0,0.0,196.0
2018,Uttar Pradesh,9,Sultanpur,185,Sultanpur,64.0,244.0,27.0,178.0,287.0,0.0,0.0,318.0,36.0,34.0,198.0,0.0,9.0,0.0,0.0,46.0,0.0,0.0,0.0,0.0,88.0,50.0,90.0,0.0,27.0
2018,Uttar Pradesh,9,Unnao,186,Unnao,95.0,268.0,47.0,338.0,433.0,1.0,0.0,562.0,165.0,280.0,58.0,1.0,2.0,0.0,109.0,55.0,0.0,2.0,0.0,8.0,0.0,53.0,0.0,0.0,35.0
2018,Uttar Pradesh,9,Varanasi,187,Varanasi,54.0,354.0,58.0,361.0,393.0,0.0,0.0,747.0,188.0,539.0,36.0,0.0,9.0,31.0,66.0,660.0,170.0,9.0,5.0,72.0,646.0,43.0,16.0,0.0,931.0
2018,Uttarakhand,5,Almora,45,Almora,4.0,20.0,9.0,20.0,27.0,1.0,0.0,27.0,0.0,5.0,1.0,0.0,1.0,0.0,1.0,8.0,0.0,5.0,0.0,1.0,0.0,1.0,0.0,0.0,32.0
2018,Uttarakhand,5,Bageshwar,46,Bageshwar,3.0,11.0,4.0,9.0,26.0,0.0,4.0,23.0,0.0,0.0,1.0,0.0,1.0,0.0,7.0,0.0,0.0,0.0,0.0,0.0,8.0,1.0,5.0,0.0,24.0
2018,Uttarakhand,5,Chamoli,47,Chamoli,3.0,10.0,1.0,3.0,2.0,2.0,0.0,11.0,7.0,0.0,2.0,0.0,0.0,0.0,0.0,4.0,0.0,0.0,0.0,0.0,0.0,0.0,0.0,0.0,5.0
2018,Uttarakhand,5,Champawat,48,Champawat,5.0,26.0,8.0,7.0,21.0,0.0,3.0,23.0,0.0,0.0,2.0,0.0,0.0,0.0,8.0,5.0,0.0,1.0,0.0,2.0,7.0,1.0,0.0,0.0,8.0
2018,Uttarakhand,5,Dehradun,49,Dehradun,35.0,347.0,60.0,103.0,111.0,0.0,13.0,140.0,0.0,216.0,12.0,0.0,0.0,0.0,178.0,115.0,28.0,10.0,16.0,18.0,23.0,28.0,69.0,0.0,327.0
2018,Uttarakhand,5,Dehradun,49,Grp,1.0,0.0,0.0,2.0,4.0,0.0,0.0,2.0,0.0,0.0,0.0,0.0,0.0,0.0,0.0,0.0,0.0,0.0,0.0,0.0,1.0,14.0,0.0,0.0,10.0
2018,Uttarakhand,5,Haridwar,50,Haridwar,73.0,403.0,106.0,249.0,274.0,2.0,9.0,396.0,93.0,201.0,22.0,1.0,5.0,0.0,7.0,58.0,0.0,10.0,0.0,0.0,106.0,53.0,0.0,0.0,1522.0
2018,Uttarakhand,5,Nainital,51,Nainital,16.0,140.0,38.0,64.0,180.0,0.0,2.0,227.0,64.0,49.0,7.0,0.0,3.0,0.0,0.0,4.0,0.0,0.0,0.0,5.0,106.0,21.0,0.0,0.0,55.0
2018,Uttarakhand,5,Pauri Garhwal,52,Pauri Garhwal,7.0,11.0,0.0,11.0,49.0,0.0,0.0,38.0,16.0,18.0,1.0,0.0,2.0,0.0,2.0,2.0,0.0,1.0,0.0,0.0,18.0,0.0,0.0,0.0,58.0
2018,Uttarakhand,5,Pithoragarh,53,Pithoragarh,5.0,18.0,3.0,11.0,27.0,0.0,0.0,15.0,13.0,11.0,2.0,0.0,5.0,0.0,11.0,3.0,0.0,0.0,0.0,2.0,0.0,2.0,0.0,0.0,6.0
2018,Uttarakhand,5,Rudra Prayag,54,Rudra Prayag,1.0,8.0,0.0,1.0,0.0,0.0,0.0,2.0,2.0,2.0,0.0,0.0,0.0,0.0,0.0,2.0,0.0,0.0,0.0,0.0,0.0,0.0,0.0,0.0,10.0
2018,Uttarakhand,5,Tehri Garhwal,55,Tehri Garhwal,3.0,17.0,0.0,0.0,6.0,0.0,0.0,3.0,3.0,1.0,3.0,0.0,0.0,0.0,0.0,5.0,0.0,0.0,0.0,0.0,19.0,1.0,0.0,0.0,70.0
2018,Uttarakhand,5,Udam Singh Nagar,56,Udham Singh Nagar,0.0,0.0,0.0,0.0,0.0,0.0,0.0,0.0,0.0,0.0,0.0,0.0,0.0,0.0,0.0,8.0,0.0,0.0,0.0,0.0,0.0,0.0,0.0,0.0,0.0
2018,Uttarakhand,5,Udam Singh Nagar,56,Udhamsingh Nagar,60.0,452.0,51.0,168.0,220.0,0.0,3.0,380.0,142.0,102.0,113.0,0.0,0.0,0.0,0.0,0.0,0.0,0.0,0.0,0.0,0.0,66.0,9.0,0.0,1409.0
2018,Uttarakhand,5,Uttar Kashi,57,Uttarkashi,4.0,6.0,0.0,5.0,15.0,0.0,0.0,19.0,9.0,17.0,1.0,0.0,3.0,0.0,0.0,4.0,0.0,0.0,2.0,0.0,0.0,0.0,0.0,0.0,4.0
2018,West Bengal,19,24 Paraganas North,303,Barasat,0.0,0.0,0.0,0.0,467.0,0.0,2.0,619.0,114.0,0.0,0.0,0.0,0.0,0.0,0.0,0.0,0.0,0.0,0.0,0.0,0.0,0.0,0.0,0.0,0.0
2018,West Bengal,19,24 Paraganas North,303,Barrackpur Pc,0.0,0.0,0.0,0.0,133.0,0.0,1.0,265.0,90.0,0.0,0.0,0.0,0.0,0.0,0.0,0.0,0.0,0.0,0.0,0.0,0.0,0.0,0.0,0.0,0.0
2018,West Bengal,19,24 Paraganas North,303,Basirhat,0.0,0.0,0.0,0.0,41.0,0.0,0.0,72.0,26.0,0.0,0.0,0.0,0.0,0.0,0.0,0.0,0.0,0.0,0.0,0.0,0.0,0.0,0.0,0.0,0.0
2018,West Bengal,19,24 Paraganas North,303,Bidhannagar Pc,0.0,0.0,0.0,0.0,52.0,0.0,0.0,84.0,30.0,0.0,0.0,0.0,0.0,0.0,0.0,0.0,0.0,0.0,0.0,0.0,0.0,0.0,0.0,0.0,0.0
2018,West Bengal,19,24 Paraganas South,304,Baruipur Police,0.0,0.0,0.0,0.0,240.0,0.0,0.0,327.0,84.0,0.0,0.0,0.0,0.0,0.0,0.0,0.0,0.0,0.0,0.0,0.0,0.0,0.0,0.0,0.0,0.0
2018,West Bengal,19,24 Paraganas South,304,Diamond Harbour Police,0.0,0.0,0.0,0.0,115.0,1.0,0.0,176.0,56.0,0.0,0.0,0.0,0.0,0.0,0.0,0.0,0.0,0.0,0.0,0.0,0.0,0.0,0.0,1.0,0.0
2018,West Bengal,19,24 Paraganas South,304,Sundarban Police,0.0,0.0,0.0,0.0,42.0,0.0,0.0,94.0,49.0,0.0,0.0,0.0,0.0,0.0,0.0,0.0,0.0,0.0,0.0,0.0,0.0,0.0,0.0,0.0,0.0
2018,West Bengal,19,Alipurduar,664,Alipurduar,47.0,119.0,27.0,45.0,248.0,4.0,5.0,216.0,86.0,160.0,10.0,0.0,22.0,0.0,17.0,7.0,0.0,0.0,0.0,0.0,37.0,2.0,8.0,2.0,240.0
2018,West Bengal,19,Bankura,305,Bankura,81.0,74.0,10.0,53.0,111.0,0.0,0.0,123.0,31.0,189.0,18.0,0.0,14.0,0.0,24.0,3.0,0.0,0.0,0.0,1.0,37.0,15.0,16.0,2.0,284.0
2018,West Bengal,19,Birbhum,307,Birbhum,109.0,174.0,35.0,56.0,125.0,2.0,2.0,247.0,104.0,228.0,9.0,2.0,23.0,8.0,18.0,12.0,0.0,5.0,0.0,4.0,123.0,28.0,10.0,5.0,268.0
2018,West Bengal,19,Cooch Behar,308,Coochbehar,58.0,129.0,31.0,52.0,278.0,2.0,0.0,0.0,0.0,337.0,28.0,1.0,19.0,0.0,0.0,0.0,0.0,0.0,0.0,0.0,62.0,0.0,0.0,0.0,161.0
2018,West Bengal,19,Coochbehar,308,Coochbehar,0.0,0.0,0.0,0.0,0.0,0.0,0.0,63.0,53.0,0.0,0.0,0.0,0.0,0.0,0.0,0.0,0.0,0.0,0.0,0.0,0.0,0.0,0.0,0.0,0.0
2018,West Bengal,19,Dakshin Dinajpur,310,Dakshin Dinajpur,42.0,41.0,18.0,38.0,52.0,1.0,0.0,0.0,0.0,67.0,9.0,0.0,0.0,0.0,0.0,0.0,0.0,0.0,0.0,0.0,38.0,2.0,4.0,2.0,545.0
2018,West Bengal,19,Darjeeling,309,Darjeeling,19.0,42.0,11.0,69.0,56.0,0.0,0.0,68.0,40.0,84.0,10.0,0.0,0.0,0.0,0.0,0.0,0.0,0.0,0.0,0.0,37.0,11.0,8.0,0.0,476.0
2018,West Bengal,19,Darjeeling,309,Siliguri Grp,2.0,0.0,0.0,9.0,15.0,0.0,8.0,12.0,1.0,0.0,0.0,0.0,0.0,0.0,0.0,0.0,0.0,0.0,0.0,0.0,0.0,0.0,0.0,0.0,33.0
2018,West Bengal,19,Darjeeling,309,Siliguri Pc,28.0,137.0,6.0,150.0,64.0,0.0,6.0,109.0,74.0,575.0,5.0,0.0,5.0,0.0,0.0,67.0,27.0,1.0,0.0,0.0,259.0,6.0,70.0,9.0,848.0
2018,West Bengal,19,Dinajpur Dakshin,310,Dakshin Dinajpur,1.0,0.0,0.0,0.0,49.0,0.0,0.0,68.0,16.0,0.0,0.0,0.0,0.0,0.0,0.0,0.0,0.0,0.0,0.0,0.0,0.0,0.0,0.0,0.0,0.0
2018,West Bengal,19,Dinajpur Uttar,311,Uttar Dinajpur,1.0,0.0,0.0,0.0,146.0,0.0,1.0,276.0,67.0,0.0,0.0,0.0,4.0,2.0,0.0,0.0,0.0,0.0,0.0,0.0,0.0,0.0,0.0,2.0,0.0
2018,West Bengal,19,Hooghly,312,Chandannagar Pc,29.0,34.0,1.0,38.0,13.0,0.0,2.0,48.0,39.0,423.0,8.0,0.0,8.0,0.0,4.0,4.0,0.0,0.0,0.0,0.0,275.0,10.0,4.0,3.0,1009.0
2018,West Bengal,19,Hooghly,312,Hooghly Rural Police,64.0,94.0,12.0,58.0,206.0,3.0,0.0,178.0,66.0,535.0,21.0,4.0,38.0,0.0,0.0,3.0,0.0,0.0,0.0,0.0,217.0,20.0,5.0,4.0,1689.0
2018,West Bengal,19,Howrah,313,Howrah Grp,11.0,1.0,0.0,11.0,6.0,0.0,5.0,10.0,1.0,0.0,1.0,0.0,6.0,0.0,0.0,2.0,0.0,0.0,0.0,0.0,5.0,2.0,2.0,0.0,33.0
2018,West Bengal,19,Howrah,313,Howrah Pc,20.0,44.0,6.0,86.0,84.0,2.0,11.0,109.0,56.0,354.0,7.0,0.0,8.0,0.0,13.0,23.0,0.0,0.0,0.0,0.0,215.0,14.0,10.0,0.0,1781.0
2018,West Bengal,19,Howrah,313,Howrah Rural,63.0,58.0,18.0,50.0,51.0,0.0,3.0,71.0,41.0,689.0,5.0,2.0,7.0,0.0,0.0,11.0,0.0,7.0,0.0,1.0,146.0,21.0,21.0,2.0,972.0
2018,West Bengal,19,Jalpaiguri,314,Jalpaiguri,38.0,130.0,28.0,72.0,244.0,0.0,2.0,249.0,115.0,125.0,20.0,2.0,6.0,0.0,19.0,5.0,0.0,0.0,0.0,0.0,78.0,4.0,12.0,0.0,960.0
2018,West Bengal,19,Jhargram,703,Jhargram,23.0,33.0,4.0,42.0,72.0,0.0,0.0,69.0,30.0,72.0,2.0,0.0,5.0,0.0,6.0,5.0,0.0,0.0,0.0,0.0,12.0,3.0,5.0,0.0,322.0
2018,West Bengal,19,Kalimpong,702,Kalimpong,12.0,15.0,2.0,20.0,34.0,0.0,0.0,47.0,25.0,38.0,2.0,0.0,2.0,0.0,0.0,2.0,0.0,0.0,0.0,0.0,4.0,1.0,0.0,0.0,53.0
2018,West Bengal,19,Kolkata,315,Kolkata,58.0,148.0,0.0,604.0,513.0,12.0,6.0,574.0,228.0,946.0,7.0,3.0,27.0,0.0,23.0,56.0,2.0,2.0,14.0,2.0,2320.0,15.0,84.0,35.0,2204.0
2018,West Bengal,19,Kolkata,315,Sealdah Grp,15.0,4.0,0.0,14.0,5.0,1.0,0.0,13.0,5.0,2.0,1.0,0.0,5.0,0.0,0.0,0.0,0.0,0.0,0.0,0.0,5.0,2.0,14.0,0.0,32.0
2018,West Bengal,19,Malda,316,Malda,29.0,254.0,68.0,247.0,202.0,0.0,4.0,0.0,18.0,883.0,15.0,0.0,45.0,0.0,0.0,1.0,0.0,0.0,0.0,0.0,136.0,4.0,0.0,0.0,685.0
2018,West Bengal,19,Maldah,316,Malda,0.0,2.0,0.0,14.0,20.0,0.0,1.0,331.0,197.0,0.0,0.0,0.0,0.0,39.0,0.0,0.0,0.0,0.0,0.0,0.0,0.0,0.0,0.0,0.0,0.0
2018,West Bengal,19,Medinipur East,317,Purab Medinipur,13.0,0.0,0.0,0.0,114.0,2.0,1.0,196.0,38.0,0.0,0.0,0.0,0.0,0.0,0.0,0.0,0.0,0.0,0.0,0.0,0.0,0.0,0.0,0.0,0.0
2018,West Bengal,19,Medinipur West,318,Kharagpur Grp,0.0,0.0,0.0,0.0,0.0,0.0,0.0,0.0,0.0,0.0,0.0,0.0,0.0,0.0,0.0,0.0,0.0,0.0,0.0,0.0,0.0,0.0,0.0,0.0,0.0
2018,West Bengal,19,Medinipur West,318,Paschim Medinipur,7.0,0.0,0.0,0.0,171.0,0.0,0.0,324.0,88.0,0.0,0.0,0.0,0.0,7.0,0.0,0.0,0.0,0.0,0.0,0.0,0.0,0.0,0.0,0.0,0.0
2018,West Bengal,19,Murshidabad,319,Murshidabad,183.0,581.0,255.0,156.0,414.0,1.0,12.0,479.0,208.0,1206.0,39.0,4.0,15.0,0.0,163.0,36.0,1.0,2.0,1.0,6.0,191.0,5.0,46.0,12.0,1715.0
2018,West Bengal,19,Nadia,320,Nadia,106.0,249.0,107.0,93.0,398.0,2.0,3.0,334.0,88.0,883.0,49.0,5.0,27.0,0.0,19.0,15.0,0.0,0.0,0.0,0.0,195.0,6.0,8.0,7.0,2726.0
2018,West Bengal,19,North 24 Parganas,303,Barasat,86.0,170.0,37.0,142.0,467.0,1.0,8.0,0.0,0.0,1315.0,24.0,2.0,33.0,0.0,0.0,45.0,0.0,11.0,0.0,21.0,255.0,6.0,205.0,2.0,2028.0
2018,West Bengal,19,North 24 Parganas,303,Barrackpur Pc,44.0,182.0,29.0,573.0,114.0,1.0,6.0,0.0,0.0,1338.0,18.0,3.0,12.0,0.0,33.0,31.0,2.0,3.0,8.0,1.0,569.0,13.0,119.0,2.0,1286.0
2018,West Bengal,19,North 24 Parganas,303,Basirhat,45.0,99.0,10.0,43.0,291.0,0.0,2.0,0.0,0.0,694.0,12.0,3.0,0.0,0.0,0.0,0.0,0.0,0.0,0.0,0.0,53.0,12.0,9.0,0.0,1457.0
2018,West Bengal,19,North 24 Parganas,303,Bidhannagar Pc,11.0,49.0,3.0,74.0,32.0,3.0,5.0,0.0,0.0,219.0,3.0,1.0,6.0,0.0,36.0,20.0,3.0,0.0,6.0,0.0,422.0,5.0,70.0,2.0,788.0
2018,West Bengal,19,Paschim Bardhaman,704,Asansol-Durgapur Pc,65.0,60.0,10.0,54.0,68.0,0.0,0.0,82.0,44.0,517.0,12.0,1.0,16.0,0.0,0.0,41.0,6.0,0.0,4.0,0.0,206.0,8.0,94.0,1.0,448.0
2018,West Bengal,19,Paschim Medinipur,318,Kharagpur Grp,5.0,0.0,0.0,1.0,0.0,0.0,0.0,0.0,0.0,1.0,0.0,0.0,0.0,0.0,2.0,0.0,0.0,0.0,0.0,0.0,1.0,1.0,0.0,0.0,9.0
2018,West Bengal,19,Paschim Medinipur,318,Paschim Medinipur,106.0,152.0,30.0,314.0,124.0,2.0,0.0,0.0,0.0,451.0,9.0,0.0,16.0,0.0,0.0,10.0,0.0,0.0,0.0,0.0,167.0,34.0,35.0,1.0,1872.0
2018,West Bengal,19,Purba Bardhaman,306,Purba Bardhaman,105.0,129.0,38.0,118.0,388.0,2.0,7.0,279.0,64.0,471.0,30.0,1.0,33.0,0.0,2.0,24.0,0.0,1.0,0.0,0.0,211.0,21.0,0.0,1.0,3042.0
2018,West Bengal,19,Purba Medinipur,317,Purab Medinipur,106.0,102.0,31.0,97.0,154.0,2.0,10.0,0.0,0.0,697.0,12.0,5.0,18.0,0.0,59.0,13.0,1.0,0.0,0.0,0.0,45.0,34.0,32.0,0.0,2063.0
2018,West Bengal,19,Purulia,321,Purulia,78.0,31.0,13.0,106.0,95.0,0.0,0.0,74.0,23.0,166.0,4.0,0.0,8.0,0.0,8.0,2.0,0.0,2.0,0.0,0.0,17.0,3.0,7.0,0.0,376.0
2018,West Bengal,19,South 24 Parganas,304,Baruipur Police,105.0,282.0,41.0,179.0,171.0,1.0,0.0,0.0,0.0,1697.0,31.0,2.0,11.0,0.0,88.0,13.0,0.0,0.0,0.0,0.0,281.0,6.0,18.0,2.0,3658.0
2018,West Bengal,19,South 24 Parganas,304,Diamond Harbour Police,64.0,125.0,15.0,85.0,123.0,2.0,2.0,0.0,0.0,720.0,10.0,2.0,12.0,0.0,0.0,18.0,2.0,0.0,2.0,0.0,88.0,6.0,9.0,1.0,1028.0
2018,West Bengal,19,South 24 Parganas,304,Sundarban Police,51.0,71.0,13.0,26.0,30.0,4.0,0.0,0.0,0.0,631.0,10.0,1.0,5.0,0.0,0.0,1.0,0.0,0.0,0.0,0.0,65.0,5.0,2.0,0.0,434.0
2018,West Bengal,19,Uttar Dinajpur,311,Uttar Dinajpur,72.0,143.0,39.0,17.0,149.0,2.0,6.0,0.0,0.0,244.0,10.0,1.0,19.0,0.0,38.0,13.0,0.0,3.0,4.0,0.0,76.0,22.0,12.0,4.0,793.0
2019,Andaman And Nicobar Islands,35,Nicobars,603,Nicobar,1.0,25.0,0.0,1.0,0.0,0.0,0.0,25.0,25.0,0.0,0.0,0.0,0.0,0.0,0.0,0.0,0.0,0.0,0.0,0.0,3.0,0.0,0.0,0.0,0.0
2019,Andaman And Nicobar Islands,35,North And Middle Andaman,632,North & Middle Andaman,2.0,2.0,0.0,0.0,0.0,0.0,0.0,0.0,0.0,0.0,0.0,0.0,0.0,0.0,0.0,0.0,0.0,0.0,0.0,0.0,2.0,0.0,0.0,0.0,1.0
2019,Andaman And Nicobar Islands,35,North And Middle Andaman,632,North And Middle Andaman,0.0,1.0,0.0,0.0,3.0,0.0,0.0,47.0,34.0,0.0,0.0,0.0,0.0,1.0,1.0,0.0,0.0,0.0,0.0,0.0,0.0,0.0,0.0,0.0,0.0
2019,Andaman And Nicobar Islands,35,North And Middle Andaman,632,North Andmiddle Andaman,0.0,30.0,1.0,6.0,0.0,0.0,0.0,0.0,0.0,0.0,0.0,0.0,0.0,0.0,0.0,0.0,0.0,0.0,0.0,0.0,0.0,0.0,0.0,0.0,0.0
2019,Andaman And Nicobar Islands,35,South Andamans,602,South Andaman,10.0,51.0,7.0,22.0,23.0,0.0,0.0,81.0,35.0,1.0,0.0,0.0,0.0,2.0,11.0,4.0,0.0,0.0,2.0,0.0,3.0,0.0,4.0,0.0,5.0
2019,Andhra Pradesh,28,Anantapur,502,Anantapur,2.0,55.0,0.0,29.0,22.0,1.0,0.0,237.0,4.0,0.0,0.0,0.0,1.0,5.0,0.0,0.0,0.0,0.0,0.0,0.0,0.0,0.0,0.0,0.0,0.0
2019,Andhra Pradesh,28,Anantapur,502,Guntakal Railway,0.0,0.0,0.0,0.0,2.0,0.0,0.0,3.0,1.0,0.0,0.0,0.0,0.0,0.0,0.0,0.0,0.0,0.0,0.0,0.0,0.0,0.0,0.0,0.0,0.0
2019,Andhra Pradesh,28,Ananthapuramu,502,Anantapur,106.0,130.0,75.0,414.0,12.0,2.0,6.0,0.0,0.0,394.0,12.0,0.0,38.0,0.0,23.0,122.0,23.0,2.0,9.0,2.0,261.0,34.0,44.0,12.0,559.0
2019,Andhra Pradesh,28,Ananthapuramu,502,Guntakal Railway,2.0,1.0,0.0,8.0,0.0,0.0,0.0,0.0,0.0,1.0,0.0,0.0,2.0,0.0,7.0,0.0,0.0,0.0,0.0,0.0,4.0,8.0,0.0,0.0,5.0
2019,Andhra Pradesh,28,Chittoor,503,Chittoor,70.0,80.0,18.0,278.0,11.0,0.0,0.0,61.0,8.0,274.0,4.0,0.0,35.0,1.0,16.0,33.0,2.0,2.0,2.0,1.0,170.0,23.0,22.0,3.0,883.0
2019,Andhra Pradesh,28,East Godavari,505,East Godavari,59.0,193.0,46.0,416.0,48.0,4.0,1.0,127.0,12.0,476.0,12.0,1.0,24.0,13.0,104.0,31.0,6.0,0.0,2.0,4.0,384.0,9.0,15.0,1.0,47.0
2019,Andhra Pradesh,28,East Godavari,505,Rajahmundry,17.0,102.0,33.0,238.0,22.0,1.0,23.0,127.0,1.0,238.0,2.0,0.0,11.0,9.0,50.0,188.0,70.0,2.0,1.0,0.0,292.0,28.0,11.0,7.0,434.0
2019,Andhra Pradesh,28,Guntur,506,Guntur,71.0,219.0,90.0,840.0,112.0,4.0,2.0,230.0,0.0,869.0,5.0,1.0,37.0,6.0,43.0,215.0,57.0,3.0,22.0,2.0,719.0,24.0,20.0,3.0,1481.0
2019,Andhra Pradesh,28,Guntur,506,Guntur Urban,32.0,105.0,40.0,324.0,45.0,3.0,12.0,98.0,1.0,524.0,5.0,0.0,28.0,1.0,81.0,337.0,105.0,12.0,27.0,4.0,379.0,30.0,2.0,16.0,337.0
2019,Andhra Pradesh,28,Krishna,510,Krishna,53.0,178.0,78.0,544.0,156.0,0.0,2.0,187.0,0.0,791.0,11.0,0.0,24.0,3.0,61.0,219.0,33.0,3.0,14.0,0.0,398.0,9.0,26.0,0.0,1617.0
2019,Andhra Pradesh,28,Kurnool,511,Kurnool,78.0,151.0,43.0,767.0,19.0,0.0,0.0,147.0,80.0,199.0,408.0,0.0,69.0,0.0,19.0,136.0,0.0,0.0,0.0,0.0,366.0,23.0,50.0,16.0,152.0
2019,Andhra Pradesh,28,Ntr,749,Vijayawada City,28.0,118.0,37.0,365.0,47.0,2.0,24.0,189.0,0.0,594.0,5.0,0.0,2.0,11.0,136.0,469.0,200.0,9.0,13.0,4.0,539.0,32.0,0.0,1.0,336.0
2019,Andhra Pradesh,28,Ntr,749,Vijayawada Railway,1.0,2.0,0.0,10.0,0.0,0.0,0.0,6.0,0.0,0.0,0.0,0.0,2.0,0.0,0.0,0.0,0.0,0.0,0.0,0.0,4.0,2.0,0.0,0.0,5.0
2019,Andhra Pradesh,28,Prakasam,517,Prakasham,48.0,129.0,21.0,309.0,19.0,0.0,0.0,142.0,112.0,627.0,9.0,2.0,30.0,1.0,0.0,197.0,33.0,1.0,8.0,7.0,365.0,35.0,97.0,0.0,382.0
2019,Andhra Pradesh,28,Spsr Nellore,515,Nellore,0.0,38.0,0.0,24.0,5.0,0.0,0.0,77.0,1.0,0.0,0.0,0.0,0.0,0.0,0.0,0.0,0.0,0.0,0.0,0.0,0.0,0.0,0.0,0.0,0.0
2019,Andhra Pradesh,28,Sri Potti Sriramulu Nellore,515,Nellore,59.0,71.0,44.0,245.0,16.0,0.0,19.0,0.0,0.0,447.0,2.0,0.0,15.0,0.0,0.0,0.0,0.0,0.0,0.0,0.0,195.0,29.0,9.0,0.0,1173.0
2019,Andhra Pradesh,28,Srikakulam,519,Srikakulam,22.0,104.0,32.0,216.0,20.0,0.0,6.0,82.0,0.0,212.0,4.0,0.0,17.0,0.0,45.0,86.0,33.0,6.0,0.0,0.0,209.0,0.0,10.0,1.0,282.0
2019,Andhra Pradesh,28,Tirupati,752,Tirupathi Urban,26.0,43.0,19.0,90.0,6.0,0.0,0.0,34.0,0.0,89.0,2.0,0.0,5.0,0.0,42.0,168.0,71.0,0.0,12.0,0.0,284.0,14.0,11.0,1.0,1225.0
2019,Andhra Pradesh,28,Visakhapatanam,520,Visakha Rural,2.0,21.0,0.0,10.0,33.0,0.0,0.0,69.0,1.0,0.0,0.0,0.0,0.0,0.0,0.0,0.0,0.0,0.0,0.0,0.0,0.0,0.0,0.0,0.0,0.0
2019,Andhra Pradesh,28,Visakhapatanam,520,Visakhapatnam,1.0,26.0,0.0,17.0,157.0,0.0,0.0,250.0,24.0,0.0,0.0,0.0,1.0,11.0,0.0,0.0,0.0,0.0,0.0,0.0,0.0,0.0,0.0,0.0,0.0
2019,Andhra Pradesh,28,Visakhapatnam,520,Visakha Rural,52.0,67.0,21.0,156.0,33.0,0.0,1.0,0.0,0.0,141.0,6.0,0.0,17.0,0.0,25.0,38.0,14.0,2.0,4.0,0.0,175.0,9.0,5.0,0.0,1599.0
2019,Andhra Pradesh,28,Visakhapatnam,520,Visakhapatnam,20.0,191.0,27.0,389.0,68.0,0.0,5.0,0.0,0.0,585.0,35.0,0.0,8.0,0.0,128.0,731.0,268.0,65.0,2.0,0.0,646.0,18.0,30.0,3.0,702.0
2019,Andhra Pradesh,28,Vizianagaram,521,Vizianagaram,27.0,161.0,25.0,173.0,33.0,0.0,1.0,117.0,41.0,274.0,5.0,1.0,14.0,3.0,19.0,148.0,53.0,18.0,2.0,4.0,175.0,4.0,20.0,0.0,533.0
2019,Andhra Pradesh,28,West Godavari,523,West Godavari,64.0,218.0,11.0,506.0,70.0,0.0,2.0,276.0,196.0,779.0,9.0,0.0,23.0,7.0,133.0,301.0,79.0,4.0,10.0,0.0,627.0,9.0,23.0,23.0,619.0
2019,Andhra Pradesh,28,Y.S.R.,504,Cuddapah,59.0,97.0,16.0,325.0,7.0,3.0,3.0,65.0,20.0,337.0,48.0,1.0,18.0,10.0,53.0,13.0,3.0,0.0,0.0,3.0,303.0,10.0,21.0,2.0,462.0
2019,Arunachal Pradesh,12,Anjaw,628,Anjaw,0.0,0.0,0.0,0.0,0.0,0.0,0.0,3.0,0.0,0.0,0.0,0.0,0.0,0.0,0.0,0.0,0.0,0.0,0.0,0.0,0.0,1.0,0.0,0.0,7.0
2019,Arunachal Pradesh,12,Changlang,229,Changlang,2.0,10.0,3.0,2.0,3.0,1.0,3.0,6.0,0.0,3.0,0.0,0.0,1.0,0.0,0.0,2.0,0.0,0.0,0.0,3.0,5.0,5.0,1.0,0.0,3.0
2019,Arunachal Pradesh,12,Dibang Valley,230,Dibang Valley,0.0,0.0,0.0,0.0,1.0,0.0,0.0,1.0,0.0,0.0,0.0,0.0,0.0,0.0,0.0,0.0,0.0,0.0,0.0,0.0,0.0,0.0,0.0,0.0,3.0
2019,Arunachal Pradesh,12,East Kameng,231,Kameng East,7.0,5.0,0.0,3.0,2.0,0.0,0.0,7.0,5.0,3.0,0.0,0.0,0.0,0.0,0.0,0.0,0.0,0.0,0.0,0.0,2.0,10.0,0.0,0.0,8.0
2019,Arunachal Pradesh,12,East Kameng,231,Kameng West,1.0,0.0,0.0,0.0,1.0,0.0,0.0,3.0,1.0,0.0,0.0,0.0,0.0,0.0,0.0,0.0,0.0,0.0,0.0,0.0,0.0,0.0,0.0,0.0,0.0
2019,Arunachal Pradesh,12,East Siang,232,Siang East,1.0,13.0,5.0,16.0,23.0,0.0,0.0,18.0,0.0,5.0,0.0,0.0,0.0,0.0,10.0,0.0,0.0,0.0,0.0,0.0,10.0,10.0,3.0,0.0,33.0
2019,Arunachal Pradesh,12,Kamle,718,Kamle,1.0,0.0,0.0,0.0,1.0,0.0,0.0,0.0,0.0,0.0,0.0,0.0,0.0,0.0,0.0,0.0,0.0,0.0,0.0,0.0,1.0,0.0,0.0,0.0,9.0
2019,Arunachal Pradesh,12,Kra Daadi,677,Kra Dadi,0.0,4.0,2.0,0.0,0.0,0.0,0.0,2.0,0.0,0.0,0.0,0.0,0.0,0.0,0.0,0.0,0.0,0.0,0.0,0.0,0.0,3.0,0.0,0.0,20.0
2019,Arunachal Pradesh,12,Kurung Kumey,233,Kurung Kumey,2.0,6.0,0.0,0.0,0.0,0.0,0.0,1.0,0.0,0.0,0.0,0.0,0.0,0.0,0.0,0.0,0.0,0.0,0.0,0.0,1.0,1.0,0.0,0.0,24.0
2019,Arunachal Pradesh,12,Leparada,724,Leparada,2.0,0.0,0.0,3.0,0.0,0.0,0.0,1.0,0.0,0.0,0.0,0.0,0.0,0.0,0.0,0.0,0.0,0.0,0.0,0.0,1.0,0.0,1.0,0.0,6.0
2019,Arunachal Pradesh,12,Lohit,234,Lohit,3.0,6.0,2.0,7.0,11.0,0.0,0.0,11.0,0.0,3.0,1.0,0.0,0.0,0.0,0.0,0.0,0.0,0.0,0.0,0.0,2.0,2.0,0.0,0.0,8.0
2019,Arunachal Pradesh,12,Longding,666,Longding,2.0,12.0,3.0,3.0,2.0,2.0,0.0,5.0,0.0,3.0,0.0,0.0,0.0,0.0,0.0,0.0,0.0,0.0,0.0,0.0,1.0,5.0,1.0,0.0,1.0
2019,Arunachal Pradesh,12,Lower Dibang Valley,235,Lower Dibang Valley,4.0,1.0,0.0,0.0,0.0,4.0,0.0,3.0,2.0,0.0,0.0,0.0,0.0,0.0,0.0,0.0,0.0,0.0,0.0,0.0,3.0,4.0,1.0,0.0,3.0
2019,Arunachal Pradesh,12,Lower Siang,719,Lower Siang,3.0,2.0,0.0,2.0,0.0,0.0,0.0,1.0,0.0,2.0,0.0,0.0,0.0,0.0,0.0,0.0,0.0,0.0,0.0,0.0,1.0,0.0,2.0,0.0,1.0
2019,Arunachal Pradesh,12,Lower Subansiri,236,Subansiri Lower,2.0,0.0,0.0,0.0,0.0,0.0,0.0,1.0,0.0,0.0,0.0,0.0,0.0,0.0,0.0,0.0,0.0,0.0,0.0,0.0,2.0,3.0,1.0,0.0,19.0
2019,Arunachal Pradesh,12,Namsai,678,Namsai,10.0,9.0,1.0,2.0,4.0,0.0,2.0,5.0,1.0,0.0,0.0,0.0,0.0,0.0,0.0,0.0,0.0,0.0,0.0,0.0,3.0,3.0,0.0,0.0,9.0
2019,Arunachal Pradesh,12,Pakke Kessang,723,Pakkessang,0.0,0.0,0.0,0.0,0.0,0.0,0.0,3.0,0.0,0.0,0.0,0.0,0.0,0.0,0.0,0.0,0.0,0.0,0.0,0.0,0.0,0.0,0.0,0.0,0.0
2019,Arunachal Pradesh,12,Papum Pare,237,Crime Branch,0.0,0.0,0.0,1.0,0.0,1.0,0.0,0.0,0.0,0.0,0.0,0.0,0.0,0.0,0.0,0.0,0.0,0.0,0.0,0.0,1.0,0.0,0.0,0.0,0.0
2019,Arunachal Pradesh,12,Papum Pare,237,Papum Pare City,7.0,43.0,2.0,21.0,54.0,0.0,2.0,46.0,15.0,23.0,0.0,0.0,1.0,0.0,0.0,4.0,0.0,1.0,0.0,6.0,47.0,30.0,2.0,0.0,76.0
2019,Arunachal Pradesh,12,Papum Pare,237,Papum Pare Rural,4.0,3.0,1.0,0.0,1.0,0.0,0.0,4.0,1.0,0.0,0.0,0.0,0.0,0.0,0.0,0.0,0.0,0.0,0.0,0.0,3.0,1.0,0.0,0.0,25.0
2019,Arunachal Pradesh,12,Shi Yomi,725,Shiyomi,1.0,0.0,0.0,0.0,1.0,0.0,0.0,1.0,0.0,0.0,0.0,0.0,0.0,0.0,0.0,0.0,0.0,0.0,0.0,0.0,1.0,0.0,0.0,0.0,3.0
2019,Arunachal Pradesh,12,Siang,679,Siang,0.0,1.0,0.0,2.0,3.0,0.0,0.0,2.0,0.0,0.0,0.0,0.0,0.0,0.0,0.0,0.0,0.0,0.0,0.0,0.0,0.0,4.0,0.0,0.0,0.0
2019,Arunachal Pradesh,12,Tawang,238,Tawang,1.0,2.0,0.0,3.0,0.0,0.0,0.0,1.0,0.0,0.0,0.0,0.0,0.0,0.0,0.0,0.0,0.0,0.0,0.0,0.0,1.0,0.0,0.0,0.0,6.0
2019,Arunachal Pradesh,12,Tirap,239,Tirap,4.0,1.0,0.0,2.0,0.0,0.0,0.0,1.0,1.0,1.0,0.0,0.0,0.0,0.0,0.0,0.0,0.0,0.0,0.0,0.0,1.0,4.0,0.0,0.0,5.0
2019,Arunachal Pradesh,12,Upper Siang,240,Siang Upper,1.0,2.0,0.0,0.0,0.0,0.0,0.0,3.0,3.0,0.0,0.0,0.0,0.0,0.0,0.0,2.0,0.0,0.0,0.0,0.0,1.0,0.0,0.0,0.0,13.0
2019,Arunachal Pradesh,12,Upper Subansiri,241,Subansiri Upper,4.0,8.0,0.0,11.0,0.0,0.0,0.0,9.0,5.0,5.0,0.0,0.0,1.0,1.0,12.0,0.0,0.0,0.0,0.0,0.0,1.0,1.0,1.0,0.0,9.0
2019,Arunachal Pradesh,12,West Kameng,242,Kameng West,3.0,4.0,0.0,5.0,1.0,0.0,0.0,0.0,0.0,1.0,0.0,0.0,0.0,0.0,4.0,0.0,0.0,0.0,0.0,0.0,4.0,2.0,0.0,0.0,7.0
2019,Arunachal Pradesh,12,West Siang,243,Siang West,1.0,18.0,6.0,9.0,6.0,0.0,0.0,15.0,2.0,5.0,0.0,0.0,0.0,1.0,11.0,0.0,0.0,0.0,0.0,0.0,7.0,2.0,3.0,0.0,19.0
2019,Assam,18,Baksa,616,Baksa,39.0,89.0,11.0,108.0,107.0,0.0,6.0,106.0,48.0,152.0,26.0,0.0,0.0,0.0,9.0,33.0,0.0,1.0,0.0,26.0,65.0,46.0,3.0,0.0,10.0
2019,Assam,18,Barpeta,280,Barpeta,47.0,496.0,0.0,557.0,631.0,0.0,30.0,548.0,114.0,0.0,1009.0,1.0,0.0,0.0,0.0,206.0,0.0,0.0,103.0,0.0,341.0,95.0,36.0,0.0,1494.0
2019,Assam,18,Biswanath,705,Biswanath,52.0,79.0,5.0,71.0,116.0,0.0,46.0,158.0,29.0,177.0,11.0,0.0,1.0,0.0,0.0,18.0,0.0,0.0,0.0,18.0,38.0,11.0,12.0,0.0,277.0
2019,Assam,18,Bongaigaon,281,Bongaigaon,18.0,164.0,25.0,156.0,120.0,0.0,1.0,168.0,57.0,319.0,3.0,0.0,0.0,0.0,0.0,67.0,0.0,0.0,0.0,0.0,162.0,33.0,0.0,0.0,499.0
2019,Assam,18,Cachar,282,Cachar,67.0,170.0,1.0,49.0,21.0,1.0,0.0,349.0,54.0,664.0,20.0,0.0,3.0,0.0,0.0,163.0,0.0,0.0,0.0,0.0,154.0,82.0,142.0,0.0,1760.0
2019,Assam,18,Charaideo,708,Charaideo,36.0,70.0,0.0,32.0,84.0,0.0,12.0,94.0,28.0,78.0,11.0,0.0,6.0,0.0,0.0,21.0,0.0,0.0,0.0,42.0,0.0,19.0,0.0,0.0,221.0
2019,Assam,18,Chirang,612,Chirang,24.0,78.0,1.0,19.0,108.0,2.0,7.0,57.0,40.0,115.0,5.0,0.0,0.0,0.0,0.0,26.0,0.0,0.0,0.0,0.0,47.0,15.0,6.0,0.0,104.0
2019,Assam,18,Darrang,283,Darrang,23.0,305.0,33.0,248.0,385.0,0.0,14.0,197.0,64.0,664.0,30.0,0.0,0.0,0.0,48.0,48.0,0.0,0.0,0.0,96.0,220.0,25.0,25.0,0.0,892.0
2019,Assam,18,Dhemaji,284,Dhemaji,26.0,109.0,3.0,84.0,108.0,0.0,6.0,112.0,41.0,139.0,10.0,0.0,4.0,6.0,0.0,29.0,0.0,3.0,0.0,0.0,99.0,14.0,1.0,0.0,45.0
2019,Assam,18,Dhubri,285,Dhubri,46.0,327.0,98.0,726.0,547.0,10.0,4.0,467.0,151.0,1230.0,17.0,0.0,0.0,3.0,0.0,0.0,0.0,0.0,0.0,0.0,77.0,104.0,25.0,2.0,50.0
2019,Assam,18,Dibrugarh,286,Dibrugarh,68.0,135.0,4.0,81.0,199.0,0.0,11.0,97.0,75.0,396.0,87.0,0.0,0.0,0.0,0.0,193.0,0.0,23.0,1.0,30.0,218.0,72.0,10.0,0.0,1676.0
2019,Assam,18,Dima Hasao,299,Dima Hasao,8.0,12.0,0.0,5.0,14.0,0.0,0.0,22.0,7.0,10.0,2.0,0.0,0.0,0.0,0.0,8.0,0.0,0.0,0.0,0.0,19.0,2.0,0.0,0.0,33.0
2019,Assam,18,Goalpara,287,Goalpara,34.0,101.0,19.0,123.0,145.0,2.0,8.0,175.0,53.0,394.0,6.0,0.0,0.0,0.0,0.0,40.0,0.0,0.0,0.0,0.0,142.0,26.0,0.0,0.0,0.0
2019,Assam,18,Golaghat,288,Golaghat,49.0,142.0,6.0,64.0,334.0,4.0,8.0,144.0,53.0,406.0,5.0,0.0,0.0,0.0,0.0,40.0,0.0,40.0,0.0,0.0,197.0,47.0,14.0,0.0,695.0
2019,Assam,18,Hailakandi,289,Hailakandi,18.0,315.0,23.0,214.0,153.0,3.0,0.0,107.0,41.0,436.0,6.0,0.0,0.0,0.0,0.0,23.0,0.0,1.0,0.0,15.0,87.0,44.0,21.0,0.0,19.0
2019,Assam,18,Hojai,709,Hojai,51.0,142.0,16.0,240.0,274.0,3.0,7.0,231.0,61.0,570.0,5.0,0.0,4.0,0.0,11.0,25.0,0.0,8.0,0.0,18.0,220.0,27.0,12.0,0.0,104.0
2019,Assam,18,Jorhat,290,Jorhat,56.0,87.0,20.0,191.0,147.0,0.0,0.0,131.0,60.0,618.0,0.0,0.0,0.0,0.0,0.0,123.0,0.0,0.0,0.0,0.0,93.0,91.0,26.0,0.0,2219.0
2019,Assam,18,Kamrup,291,Kamrup,47.0,362.0,17.0,623.0,581.0,4.0,21.0,407.0,98.0,553.0,23.0,0.0,0.0,0.0,23.0,141.0,0.0,21.0,0.0,60.0,118.0,93.0,0.0,2.0,1257.0
2019,Assam,18,Kamrup Metro,618,Bieo,0.0,0.0,0.0,0.0,0.0,0.0,0.0,0.0,0.0,0.0,0.0,0.0,0.0,0.0,0.0,0.0,0.0,0.0,0.0,0.0,0.0,0.0,2.0,0.0,0.0
2019,Assam,18,Kamrup Metro,618,Cid,0.0,0.0,0.0,0.0,0.0,0.0,0.0,0.0,0.0,0.0,0.0,0.0,0.0,0.0,0.0,0.0,0.0,0.0,0.0,0.0,14.0,0.0,0.0,0.0,0.0
2019,Assam,18,Kamrup Metro,618,Grp,10.0,2.0,0.0,17.0,7.0,0.0,43.0,20.0,0.0,0.0,0.0,0.0,0.0,0.0,0.0,0.0,0.0,0.0,0.0,0.0,22.0,5.0,0.0,0.0,26.0
2019,Assam,18,Kamrup Metro,618,Guwahati City,75.0,195.0,11.0,342.0,663.0,2.0,36.0,427.0,111.0,878.0,50.0,1.0,10.0,0.0,0.0,586.0,0.0,47.0,0.0,155.0,2265.0,666.0,496.0,6.0,44.0
2019,Assam,18,Kamrup Metro,618,Rpo,5.0,4.0,0.0,0.0,4.0,0.0,0.0,2.0,2.0,10.0,0.0,0.0,0.0,0.0,0.0,0.0,0.0,0.0,0.0,0.0,1.0,0.0,0.0,0.0,30.0
2019,Assam,18,Kamrup Metro,618,Sou,0.0,0.0,0.0,0.0,0.0,0.0,0.0,0.0,0.0,0.0,0.0,0.0,0.0,0.0,0.0,0.0,0.0,0.0,0.0,0.0,0.0,0.0,0.0,0.0,0.0
2019,Assam,18,Kamrup Metro,618,Stf,0.0,0.0,0.0,0.0,0.0,0.0,0.0,0.0,0.0,0.0,0.0,0.0,0.0,0.0,0.0,0.0,0.0,0.0,0.0,0.0,0.0,0.0,0.0,0.0,0.0
2019,Assam,18,Karbi Anglong,292,Karbi Anglong,29.0,73.0,0.0,9.0,117.0,10.0,0.0,167.0,24.0,66.0,1.0,0.0,1.0,5.0,0.0,25.0,0.0,4.0,0.0,0.0,24.0,11.0,2.0,2.0,205.0
2019,Assam,18,Karimganj,293,Karimganj,38.0,130.0,17.0,109.0,96.0,2.0,2.0,65.0,42.0,298.0,11.0,3.0,0.0,0.0,16.0,17.0,0.0,0.0,0.0,15.0,110.0,47.0,31.0,0.0,663.0
2019,Assam,18,Kokrajhar,294,Kokrajhar,30.0,117.0,0.0,84.0,31.0,0.0,8.0,178.0,48.0,179.0,13.0,0.0,0.0,0.0,0.0,84.0,25.0,0.0,0.0,10.0,91.0,13.0,0.0,0.0,458.0
2019,Assam,18,Lakhimpur,295,Lakhimpur,47.0,128.0,10.0,64.0,238.0,1.0,9.0,170.0,39.0,558.0,14.0,0.0,3.0,0.0,0.0,56.0,0.0,4.0,0.0,44.0,42.0,40.0,16.0,0.0,332.0
2019,Assam,18,Majuli,706,Majuli,7.0,11.0,2.0,8.0,13.0,0.0,0.0,16.0,7.0,38.0,0.0,0.0,0.0,0.0,0.0,3.0,0.0,0.0,0.0,1.0,12.0,0.0,0.0,0.0,10.0
2019,Assam,18,Marigaon,296,Morigaon,37.0,200.0,28.0,45.0,179.0,0.0,22.0,258.0,87.0,549.0,63.0,0.0,0.0,0.0,0.0,0.0,0.0,0.0,0.0,0.0,241.0,73.0,0.0,0.0,919.0
2019,Assam,18,Nagaon,297,Nagaon,70.0,317.0,23.0,233.0,449.0,14.0,12.0,527.0,97.0,972.0,81.0,3.0,3.0,283.0,0.0,0.0,0.0,0.0,0.0,0.0,0.0,124.0,0.0,0.0,3059.0
2019,Assam,18,Nalbari,298,Nalbari,16.0,123.0,0.0,92.0,100.0,4.0,1.0,177.0,31.0,268.0,1.0,0.0,11.0,50.0,0.0,198.0,82.0,0.0,0.0,0.0,48.0,46.0,4.0,0.0,429.0
2019,Assam,18,Sivasagar,300,Sibsagar,38.0,169.0,10.0,140.0,664.0,0.0,6.0,360.0,47.0,345.0,3.0,0.0,0.0,0.0,47.0,58.0,0.0,1.0,0.0,50.0,179.0,36.0,0.0,0.0,215.0
2019,Assam,18,Sonitpur,301,Sonitpur,57.0,144.0,0.0,50.0,332.0,0.0,68.0,142.0,46.0,462.0,11.0,0.0,0.0,0.0,0.0,60.0,0.0,0.0,0.0,0.0,219.0,59.0,0.0,0.0,1598.0
2019,Assam,18,South Salmara Mancachar,707,South Salmara,13.0,153.0,19.0,78.0,34.0,3.0,8.0,110.0,19.0,0.0,0.0,0.0,0.0,10.0,0.0,15.0,0.0,0.0,0.0,15.0,19.0,5.0,3.0,0.0,203.0
2019,Assam,18,Tinsukia,302,Sadia,6.0,23.0,0.0,10.0,17.0,0.0,6.0,9.0,9.0,18.0,0.0,0.0,0.0,0.0,0.0,0.0,0.0,0.0,0.0,0.0,17.0,3.0,0.0,0.0,37.0
2019,Assam,18,Tinsukia,302,Tinsukia,60.0,194.0,82.0,112.0,199.0,1.0,1.0,359.0,69.0,292.0,6.0,1.0,9.0,0.0,0.0,112.0,0.0,8.0,0.0,42.0,293.0,143.0,12.0,0.0,37.0
2019,Assam,18,Udalguri,617,Udalguri,41.0,95.0,4.0,64.0,136.0,0.0,0.0,51.0,35.0,83.0,3.0,0.0,0.0,0.0,0.0,44.0,0.0,0.0,22.0,0.0,32.0,18.0,2.0,0.0,104.0
2019,Assam,18,West Karbi Anglong,710,Hamren,4.0,12.0,0.0,10.0,0.0,0.0,6.0,0.0,0.0,6.0,0.0,0.0,0.0,0.0,0.0,9.0,0.0,0.0,0.0,0.0,10.0,2.0,0.0,0.0,124.0
2019,Bihar,10,Araria,188,Araria,63.0,189.0,0.0,3.0,263.0,1.0,0.0,277.0,57.0,60.0,102.0,0.0,0.0,56.0,0.0,8.0,4.0,0.0,0.0,0.0,27.0,57.0,0.0,1.0,9.0
2019,Bihar,10,Arwal,611,Arwal,18.0,30.0,1.0,6.0,29.0,0.0,1.0,22.0,12.0,9.0,25.0,0.0,0.0,0.0,6.0,12.0,0.0,10.0,0.0,4.0,31.0,21.0,39.0,0.0,0.0
2019,Bihar,10,Aurangabad,189,Aurangabad,62.0,119.0,0.0,0.0,121.0,0.0,4.0,122.0,32.0,32.0,84.0,0.0,0.0,0.0,0.0,58.0,29.0,0.0,0.0,0.0,12.0,23.0,13.0,0.0,29.0
2019,Bihar,10,Banka,190,Banka,59.0,117.0,0.0,0.0,225.0,0.0,0.0,150.0,18.0,32.0,93.0,0.0,0.0,0.0,7.0,14.0,5.0,0.0,2.0,0.0,73.0,58.0,22.0,0.0,7.0
2019,Bihar,10,Begusarai,191,Begusarai,100.0,153.0,17.0,15.0,156.0,0.0,4.0,158.0,23.0,20.0,82.0,0.0,0.0,0.0,12.0,20.0,10.0,0.0,0.0,0.0,135.0,109.0,37.0,3.0,10.0
2019,Bihar,10,Bhagalpur,192,Bhagalpur,76.0,234.0,11.0,6.0,411.0,2.0,3.0,292.0,61.0,99.0,206.0,1.0,0.0,0.0,364.0,269.0,131.0,5.0,0.0,0.0,251.0,71.0,35.0,4.0,131.0
2019,Bihar,10,Bhagalpur,192,Naugachia,20.0,82.0,0.0,0.0,101.0,0.0,0.0,105.0,9.0,8.0,37.0,0.0,0.0,0.0,17.0,48.0,24.0,0.0,0.0,0.0,24.0,24.0,24.0,0.0,24.0
2019,Bihar,10,Bhojpur,193,Bhojpur,93.0,144.0,11.0,2.0,208.0,0.0,0.0,199.0,46.0,51.0,242.0,0.0,0.0,0.0,0.0,40.0,20.0,0.0,0.0,0.0,105.0,58.0,83.0,0.0,27.0
2019,Bihar,10,Buxar,194,Buxar,50.0,133.0,0.0,6.0,166.0,0.0,0.0,210.0,24.0,42.0,80.0,0.0,0.0,45.0,92.0,0.0,0.0,0.0,0.0,0.0,64.0,37.0,80.0,0.0,0.0
2019,Bihar,10,Darbhanga,195,Darbhanga,71.0,238.0,10.0,22.0,297.0,0.0,0.0,215.0,38.0,39.0,159.0,0.0,0.0,0.0,226.0,22.0,11.0,0.0,0.0,0.0,123.0,36.0,137.0,0.0,11.0
2019,Bihar,10,Gaya,196,Gaya,150.0,374.0,0.0,5.0,436.0,2.0,0.0,413.0,89.0,106.0,169.0,0.0,0.0,0.0,13.0,52.0,26.0,0.0,0.0,0.0,627.0,70.0,21.0,0.0,30.0
2019,Bihar,10,Gopalganj,197,Gopalganj,70.0,93.0,0.0,1.0,195.0,0.0,0.0,147.0,18.0,55.0,91.0,0.0,0.0,0.0,60.0,54.0,27.0,0.0,0.0,0.0,120.0,44.0,0.0,1.0,27.0
2019,Bihar,10,Jamui,198,Jamui,68.0,104.0,0.0,4.0,150.0,0.0,0.0,128.0,21.0,26.0,66.0,0.0,0.0,1.0,0.0,0.0,0.0,0.0,0.0,0.0,135.0,42.0,0.0,0.0,2.0
2019,Bihar,10,Jehanabad,199,Jehanabad,46.0,32.0,2.0,16.0,103.0,1.0,0.0,41.0,36.0,19.0,52.0,0.0,0.0,0.0,23.0,10.0,5.0,0.0,0.0,0.0,150.0,33.0,30.0,0.0,5.0
2019,Bihar,10,Kaimur (Bhabua),200,Bhabhua,40.0,108.0,0.0,0.0,161.0,4.0,0.0,135.0,26.0,25.0,82.0,1.0,0.0,10.0,0.0,64.0,32.0,0.0,0.0,0.0,89.0,28.0,23.0,0.0,32.0
2019,Bihar,10,Katihar,201,Katihar,83.0,320.0,0.0,15.0,249.0,0.0,0.0,215.0,37.0,71.0,175.0,1.0,0.0,0.0,113.0,140.0,70.0,0.0,0.0,0.0,25.0,49.0,58.0,0.0,70.0
2019,Bihar,10,Katihar,201,Katihar Railway,6.0,0.0,0.0,2.0,2.0,0.0,6.0,6.0,1.0,0.0,0.0,0.0,0.0,0.0,0.0,1.0,0.0,0.0,0.0,0.0,2.0,4.0,0.0,0.0,3.0
2019,Bihar,10,Khagaria,202,Khagaria,54.0,92.0,6.0,0.0,170.0,3.0,0.0,92.0,30.0,31.0,38.0,0.0,0.0,0.0,0.0,20.0,10.0,0.0,0.0,0.0,37.0,43.0,40.0,0.0,10.0
2019,Bihar,10,Kishanganj,203,Kishanganj,34.0,69.0,0.0,1.0,48.0,0.0,0.0,53.0,15.0,20.0,68.0,0.0,4.0,0.0,0.0,6.0,1.0,0.0,1.0,0.0,42.0,8.0,6.0,8.0,52.0
2019,Bihar,10,Lakhisarai,204,Lakhisarai,43.0,85.0,9.0,0.0,134.0,0.0,0.0,122.0,32.0,23.0,35.0,0.0,3.0,0.0,0.0,32.0,16.0,0.0,0.0,0.0,61.0,18.0,14.0,0.0,21.0
2019,Bihar,10,Madhepura,205,Madhepura,110.0,133.0,6.0,0.0,205.0,5.0,0.0,224.0,24.0,28.0,59.0,0.0,0.0,44.0,0.0,54.0,27.0,0.0,0.0,0.0,92.0,75.0,0.0,0.0,44.0
2019,Bihar,10,Madhubani,206,Madhubani,62.0,105.0,0.0,4.0,206.0,0.0,0.0,123.0,63.0,75.0,190.0,0.0,0.0,0.0,0.0,88.0,44.0,0.0,0.0,0.0,113.0,32.0,27.0,0.0,44.0
2019,Bihar,10,Munger,207,Jamalpur Railway,6.0,0.0,0.0,0.0,2.0,0.0,8.0,4.0,0.0,0.0,1.0,0.0,0.0,0.0,2.0,0.0,0.0,0.0,0.0,0.0,2.0,9.0,0.0,0.0,3.0
2019,Bihar,10,Munger,207,Munger,38.0,132.0,0.0,0.0,210.0,2.0,0.0,177.0,49.0,91.0,49.0,1.0,0.0,0.0,36.0,10.0,5.0,0.0,0.0,0.0,88.0,20.0,0.0,0.0,5.0
2019,Bihar,10,Muzaffarpur,208,Muzaffarpur,161.0,408.0,2.0,7.0,728.0,2.0,2.0,588.0,93.0,192.0,113.0,0.0,0.0,13.0,85.0,16.0,8.0,0.0,0.0,0.0,338.0,356.0,0.0,0.0,11.0
2019,Bihar,10,Muzaffarpur,208,Muzaffarpur Railway,9.0,3.0,0.0,8.0,8.0,0.0,0.0,26.0,4.0,0.0,1.0,0.0,1.0,0.0,0.0,0.0,0.0,0.0,0.0,0.0,0.0,2.0,0.0,0.0,37.0
2019,Bihar,10,Nalanda,209,Nalanda,116.0,265.0,3.0,15.0,497.0,3.0,2.0,368.0,63.0,84.0,212.0,0.0,0.0,0.0,0.0,20.0,10.0,0.0,0.0,0.0,245.0,107.0,0.0,5.0,10.0
2019,Bihar,10,Nawada,210,Nawadah,74.0,157.0,0.0,0.0,281.0,2.0,0.0,626.0,43.0,41.0,90.0,0.0,0.0,179.0,62.0,76.0,38.0,0.0,0.0,0.0,249.0,28.0,30.0,0.0,38.0
2019,Bihar,10,Pashchim Champaran,211,Bagaha,38.0,12.0,0.0,0.0,82.0,1.0,0.0,16.0,8.0,27.0,37.0,0.0,0.0,0.0,0.0,2.0,0.0,0.0,0.0,0.0,30.0,8.0,15.0,1.0,0.0
2019,Bihar,10,Pashchim Champaran,211,Bettiah,87.0,153.0,0.0,0.0,241.0,1.0,0.0,316.0,68.0,56.0,147.0,0.0,0.0,54.0,49.0,54.0,27.0,0.0,0.0,0.0,144.0,10.0,57.0,0.0,33.0
2019,Bihar,10,Patna,212,Anti Terrorist Squad,0.0,0.0,0.0,0.0,0.0,0.0,0.0,0.0,0.0,0.0,0.0,0.0,0.0,0.0,0.0,0.0,0.0,0.0,0.0,0.0,0.0,0.0,0.0,0.0,0.0
2019,Bihar,10,Patna,212,Economic Offences Unit,0.0,0.0,0.0,0.0,0.0,0.0,0.0,0.0,0.0,0.0,0.0,0.0,0.0,0.0,0.0,6.0,0.0,0.0,0.0,0.0,0.0,0.0,4.0,0.0,0.0
2019,Bihar,10,Patna,212,Patna,318.0,514.0,23.0,98.0,1295.0,9.0,7.0,668.0,131.0,295.0,283.0,0.0,0.0,0.0,19.0,476.0,238.0,0.0,0.0,0.0,1741.0,415.0,0.0,18.0,246.0
2019,Bihar,10,Patna,212,Patna Railway,19.0,2.0,0.0,9.0,15.0,0.0,2.0,4.0,0.0,0.0,3.0,0.0,0.0,0.0,0.0,0.0,0.0,0.0,0.0,0.0,0.0,9.0,0.0,0.0,14.0
2019,Bihar,10,Purbi Champaran,213,Motihari,132.0,264.0,0.0,17.0,529.0,0.0,0.0,760.0,28.0,112.0,282.0,2.0,0.0,359.0,89.0,16.0,8.0,0.0,0.0,0.0,221.0,118.0,148.0,0.0,18.0
2019,Bihar,10,Purnia,214,Purnea,132.0,283.0,0.0,11.0,260.0,5.0,0.0,393.0,54.0,44.0,67.0,0.0,0.0,55.0,0.0,0.0,0.0,0.0,0.0,0.0,81.0,78.0,22.0,0.0,0.0
2019,Bihar,10,Rohtas,215,Rohtas,93.0,195.0,2.0,0.0,291.0,2.0,0.0,251.0,59.0,68.0,130.0,0.0,0.0,0.0,0.0,10.0,5.0,0.0,0.0,0.0,125.0,102.0,41.0,2.0,9.0
2019,Bihar,10,Saharsa,216,Saharsa,40.0,46.0,0.0,0.0,113.0,0.0,0.0,34.0,25.0,31.0,48.0,0.0,0.0,0.0,0.0,10.0,5.0,0.0,0.0,0.0,109.0,19.0,0.0,0.0,5.0
2019,Bihar,10,Samastipur,217,Samastipur,95.0,217.0,0.0,0.0,352.0,8.0,0.0,277.0,22.0,58.0,121.0,0.0,0.0,11.0,209.0,30.0,15.0,0.0,0.0,0.0,133.0,54.0,7.0,0.0,19.0
2019,Bihar,10,Saran,218,Saran,95.0,295.0,0.0,0.0,501.0,0.0,0.0,319.0,25.0,121.0,258.0,1.0,0.0,0.0,209.0,62.0,31.0,0.0,0.0,0.0,277.0,120.0,35.0,2.0,33.0
2019,Bihar,10,Sheikhpura,219,Sheikhpura,21.0,22.0,0.0,26.0,37.0,0.0,0.0,91.0,29.0,14.0,39.0,0.0,0.0,20.0,0.0,0.0,0.0,0.0,0.0,0.0,30.0,10.0,13.0,0.0,0.0
2019,Bihar,10,Sheohar,220,Sheohar,11.0,41.0,1.0,10.0,49.0,1.0,0.0,43.0,1.0,7.0,18.0,0.0,0.0,0.0,0.0,14.0,7.0,0.0,0.0,0.0,20.0,13.0,7.0,0.0,7.0
2019,Bihar,10,Sitamarhi,221,Sitamarhi,73.0,235.0,0.0,3.0,442.0,0.0,0.0,316.0,13.0,154.0,37.0,0.0,0.0,0.0,0.0,194.0,97.0,0.0,0.0,0.0,97.0,87.0,0.0,0.0,98.0
2019,Bihar,10,Siwan,222,Siwan,111.0,172.0,0.0,0.0,255.0,7.0,0.0,208.0,26.0,41.0,125.0,0.0,0.0,0.0,318.0,2.0,0.0,0.0,0.0,4.0,98.0,69.0,39.0,0.0,2.0
2019,Bihar,10,Supaul,223,Supaul,53.0,140.0,5.0,5.0,143.0,0.0,0.0,106.0,26.0,37.0,66.0,0.0,0.0,0.0,0.0,48.0,24.0,0.0,0.0,0.0,45.0,31.0,63.0,0.0,24.0
2019,Bihar,10,Vaishali,224,Vaishali,153.0,151.0,0.0,13.0,453.0,0.0,0.0,280.0,61.0,53.0,147.0,0.0,0.0,0.0,0.0,10.0,5.0,0.0,0.0,0.0,5.0,181.0,25.0,0.0,5.0
2019,Chandigarh,4,Chandigarh,44,Chandigarh,26.0,247.0,65.0,96.0,260.0,0.0,2.0,264.0,5.0,177.0,7.0,0.0,1.0,0.0,141.0,39.0,9.0,2.0,1.0,4.0,121.0,37.0,3.0,0.0,172.0
2019,Chhattisgarh,22,Balod,646,Balod,21.0,110.0,3.0,52.0,92.0,0.0,0.0,142.0,60.0,14.0,3.0,0.0,4.0,1.0,66.0,15.0,2.0,0.0,1.0,1.0,29.0,10.0,5.0,0.0,590.0
2019,Chhattisgarh,22,Baloda Bazar,644,Balodbazar,0.0,126.0,1.0,88.0,226.0,1.0,0.0,307.0,159.0,46.0,9.0,0.0,14.0,23.0,0.0,0.0,0.0,0.0,0.0,2.0,0.0,0.0,0.0,0.0,0.0
2019,Chhattisgarh,22,Balodabazar-Bhatapara,644,Balodbazar,30.0,41.0,0.0,0.0,0.0,1.0,0.0,0.0,0.0,0.0,0.0,0.0,0.0,0.0,184.0,9.0,0.0,0.0,0.0,6.0,63.0,21.0,11.0,0.0,25.0
2019,Chhattisgarh,22,Balrampur,649,Balrampur,0.0,0.0,0.0,0.0,34.0,0.0,4.0,124.0,68.0,0.0,0.0,0.0,0.0,1.0,0.0,0.0,0.0,0.0,0.0,0.0,0.0,0.0,0.0,0.0,0.0
2019,Chhattisgarh,22,Balrampur Ramanujganj,649,Balrampur,37.0,160.0,0.0,37.0,27.0,0.0,8.0,0.0,0.0,12.0,1.0,0.0,11.0,0.0,36.0,0.0,0.0,0.0,0.0,0.0,0.0,8.0,15.0,0.0,447.0
2019,Chhattisgarh,22,Bastar,374,Jagdalpur,33.0,144.0,0.0,31.0,85.0,0.0,2.0,134.0,73.0,4.0,0.0,0.0,4.0,3.0,39.0,54.0,16.0,0.0,1.0,0.0,41.0,12.0,0.0,0.0,483.0
2019,Chhattisgarh,22,Bemetara,650,Bemetra,21.0,76.0,0.0,38.0,119.0,0.0,0.0,178.0,57.0,12.0,1.0,0.0,8.0,3.0,44.0,2.0,0.0,0.0,0.0,0.0,23.0,7.0,0.0,0.0,760.0
2019,Chhattisgarh,22,Bijapur,636,Bizapur,33.0,26.0,2.0,4.0,23.0,0.0,0.0,27.0,9.0,1.0,0.0,0.0,1.0,0.0,0.0,1.0,0.0,0.0,0.0,0.0,0.0,6.0,0.0,0.0,80.0
2019,Chhattisgarh,22,Bilaspur,375,Bilaspur,48.0,567.0,0.0,156.0,374.0,2.0,4.0,508.0,88.0,89.0,8.0,0.0,10.0,36.0,329.0,4.0,0.0,0.0,0.0,4.0,155.0,52.0,10.0,0.0,0.0
2019,Chhattisgarh,22,Dakshin Bastar Dantewada,376,Dantewara,24.0,11.0,0.0,5.0,6.0,0.0,0.0,0.0,0.0,4.0,0.0,0.0,0.0,0.0,17.0,8.0,1.0,1.0,1.0,3.0,22.0,11.0,0.0,0.0,10.0
2019,Chhattisgarh,22,Dantewada,376,Dantewara,0.0,0.0,0.0,0.0,14.0,0.0,0.0,25.0,7.0,0.0,0.0,0.0,0.0,0.0,0.0,0.0,0.0,0.0,0.0,0.0,0.0,0.0,0.0,0.0,0.0
2019,Chhattisgarh,22,Dhamtari,377,Dhamtari,24.0,94.0,0.0,46.0,71.0,0.0,0.0,139.0,78.0,13.0,4.0,0.0,9.0,2.0,72.0,34.0,9.0,0.0,3.0,0.0,40.0,7.0,0.0,1.0,737.0
2019,Chhattisgarh,22,Durg,378,Durg,39.0,216.0,1.0,157.0,456.0,2.0,6.0,542.0,141.0,115.0,5.0,0.0,6.0,81.0,272.0,6.0,0.0,0.0,0.0,8.0,143.0,51.0,0.0,0.0,0.0
2019,Chhattisgarh,22,Gariyaband,645,Gariyaband,9.0,71.0,1.0,22.0,32.0,0.0,3.0,106.0,49.0,6.0,1.0,0.0,4.0,16.0,33.0,0.0,0.0,0.0,0.0,0.0,16.0,7.0,1.0,0.0,12.0
2019,Chhattisgarh,22,Janjgir-Champa,379,Janjgir,48.0,130.0,0.0,96.0,267.0,0.0,0.0,350.0,96.0,48.0,11.0,0.0,5.0,42.0,214.0,1.0,0.0,0.0,0.0,1.0,31.0,24.0,0.0,0.0,14.0
2019,Chhattisgarh,22,Jashpur,380,Jashpur,72.0,177.0,0.0,35.0,93.0,0.0,16.0,191.0,75.0,4.0,0.0,0.0,3.0,6.0,62.0,2.0,0.0,0.0,0.0,0.0,10.0,31.0,0.0,0.0,54.0
2019,Chhattisgarh,22,Kabeerdham,382,Kabirdham,29.0,79.0,0.0,33.0,53.0,1.0,0.0,0.0,0.0,17.0,2.0,0.0,6.0,0.0,60.0,9.0,0.0,0.0,0.0,1.0,13.0,8.0,8.0,0.0,48.0
2019,Chhattisgarh,22,Kabirdham,382,Kabirdham,1.0,0.0,0.0,0.0,70.0,1.0,0.0,143.0,50.0,0.0,0.0,0.0,0.0,7.0,0.0,0.0,0.0,0.0,0.0,0.0,0.0,0.0,0.0,0.0,0.0
2019,Chhattisgarh,22,Kanker,381,Kanker,1.0,0.0,0.0,0.0,41.0,0.0,0.0,144.0,63.0,0.0,0.0,0.0,1.0,2.0,0.0,0.0,0.0,0.0,0.0,0.0,0.0,0.0,0.0,0.0,0.0
2019,Chhattisgarh,22,Kondagaon,643,Kondagaon,11.0,49.0,0.0,12.0,15.0,0.0,9.0,48.0,30.0,6.0,0.0,0.0,2.0,0.0,0.0,9.0,4.0,0.0,0.0,2.0,12.0,3.0,0.0,0.0,4.0
2019,Chhattisgarh,22,Korba,383,Korba,49.0,139.0,0.0,65.0,161.0,0.0,1.0,198.0,90.0,35.0,4.0,0.0,4.0,5.0,78.0,0.0,0.0,0.0,0.0,0.0,55.0,20.0,1.0,0.0,85.0
2019,Chhattisgarh,22,Korea,384,Koriya,40.0,121.0,0.0,40.0,79.0,0.0,3.0,193.0,94.0,28.0,2.0,0.0,7.0,30.0,102.0,16.0,8.0,0.0,0.0,0.0,36.0,2.0,5.0,0.0,192.0
2019,Chhattisgarh,22,Mahasamund,385,Mahasamund,12.0,88.0,0.0,53.0,138.0,0.0,2.0,135.0,52.0,16.0,1.0,0.0,2.0,6.0,16.0,1.0,0.0,0.0,0.0,0.0,36.0,7.0,0.0,0.0,87.0
2019,Chhattisgarh,22,Mungeli,647,Mungali,16.0,70.0,0.0,58.0,129.0,0.0,2.0,157.0,59.0,18.0,4.0,0.0,7.0,8.0,81.0,0.0,0.0,0.0,0.0,0.0,15.0,8.0,0.0,0.0,15.0
2019,Chhattisgarh,22,Narayanpur,637,Narayanpur,13.0,22.0,0.0,12.0,8.0,0.0,11.0,38.0,19.0,0.0,0.0,0.0,0.0,1.0,19.0,2.0,0.0,0.0,0.0,4.0,2.0,5.0,0.0,0.0,3.0
2019,Chhattisgarh,22,Raigarh,386,Raigarh,69.0,314.0,0.0,113.0,255.0,0.0,4.0,298.0,91.0,36.0,7.0,0.0,4.0,43.0,74.0,17.0,0.0,2.0,0.0,2.0,76.0,45.0,0.0,0.0,316.0
2019,Chhattisgarh,22,Raipur,387,Grp Raipur,1.0,3.0,1.0,13.0,3.0,0.0,2.0,16.0,5.0,1.0,1.0,0.0,0.0,1.0,14.0,0.0,0.0,0.0,0.0,0.0,1.0,5.0,1.0,0.0,2.0
2019,Chhattisgarh,22,Raipur,387,Raipur,84.0,403.0,0.0,182.0,719.0,0.0,8.0,784.0,257.0,93.0,11.0,0.0,23.0,39.0,344.0,33.0,1.0,1.0,3.0,23.0,0.0,85.0,0.0,11.0,149.0
2019,Chhattisgarh,22,Rajnandgaon,388,Rajnandgaon,20.0,148.0,0.0,80.0,315.0,2.0,0.0,314.0,100.0,35.0,4.0,0.0,16.0,0.0,45.0,14.0,0.0,0.0,0.0,0.0,52.0,10.0,40.0,0.0,43.0
2019,Chhattisgarh,22,Sukma,642,Sukma,37.0,8.0,0.0,1.0,26.0,0.0,0.0,19.0,2.0,3.0,0.0,0.0,0.0,0.0,0.0,2.0,0.0,0.0,0.0,0.0,9.0,10.0,5.0,0.0,0.0
2019,Chhattisgarh,22,Surajpur,648,Surajpur,53.0,177.0,0.0,45.0,72.0,0.0,12.0,205.0,94.0,29.0,1.0,0.0,12.0,9.0,80.0,14.0,1.0,1.0,0.0,2.0,21.0,5.0,9.0,0.0,23.0
2019,Chhattisgarh,22,Surguja,389,Sarguja,47.0,203.0,1.0,47.0,173.0,0.0,2.0,200.0,76.0,42.0,2.0,0.0,4.0,7.0,99.0,6.0,0.0,0.0,0.0,12.0,77.0,22.0,0.0,0.0,0.0
2019,Chhattisgarh,22,Uttar Bastar Kanker,381,Kanker,45.0,96.0,1.0,34.0,0.0,0.0,0.0,0.0,0.0,5.0,1.0,0.0,3.0,0.0,53.0,6.0,0.0,0.0,0.0,0.0,16.0,2.0,0.0,0.0,296.0
2019,Delhi,7,Central,77,Central,40.0,228.0,1.0,204.0,364.0,2.0,9.0,343.0,87.0,71.0,7.0,0.0,1.0,0.0,166.0,4.0,0.0,0.0,1.0,3.0,164.0,64.0,15.0,0.0,242.0
2019,Delhi,7,East,78,East,25.0,228.0,0.0,172.0,462.0,1.0,9.0,446.0,102.0,213.0,7.0,2.0,4.0,8.0,480.0,4.0,0.0,0.0,2.0,0.0,196.0,184.0,1.0,0.0,165.0
2019,Delhi,7,New Delhi,79,Economic Offences Wing,0.0,0.0,0.0,0.0,0.0,0.0,0.0,0.0,0.0,0.0,0.0,0.0,0.0,0.0,0.0,0.0,0.0,0.0,0.0,0.0,178.0,0.0,103.0,0.0,1.0
2019,Delhi,7,New Delhi,79,Eow,0.0,0.0,0.0,0.0,0.0,0.0,0.0,0.0,0.0,0.0,0.0,0.0,0.0,0.0,0.0,0.0,0.0,0.0,0.0,0.0,0.0,0.0,0.0,0.0,0.0
2019,Delhi,7,New Delhi,79,Igi Airport,0.0,8.0,0.0,23.0,1.0,0.0,0.0,0.0,0.0,0.0,0.0,0.0,0.0,0.0,0.0,0.0,0.0,0.0,0.0,0.0,96.0,1.0,187.0,0.0,7.0
2019,Delhi,7,New Delhi,79,New Delhi,6.0,48.0,0.0,52.0,66.0,2.0,0.0,68.0,18.0,13.0,1.0,0.0,1.0,1.0,32.0,2.0,1.0,0.0,0.0,0.0,129.0,27.0,53.0,0.0,43.0
2019,Delhi,7,New Delhi,79,Outer North,76.0,169.0,0.0,93.0,971.0,8.0,30.0,709.0,114.0,138.0,9.0,1.0,6.0,0.0,305.0,0.0,0.0,0.0,0.0,0.0,68.0,174.0,0.0,0.0,84.0
2019,Delhi,7,New Delhi,79,Railway,3.0,4.0,0.0,8.0,37.0,0.0,2.0,31.0,4.0,0.0,0.0,1.0,1.0,0.0,24.0,0.0,0.0,0.0,0.0,0.0,3.0,9.0,0.0,0.0,28.0
2019,Delhi,7,New Delhi,79,Spuwac,0.0,0.0,0.0,0.0,0.0,0.0,0.0,0.0,0.0,56.0,0.0,0.0,0.0,0.0,0.0,0.0,0.0,0.0,0.0,0.0,0.0,0.0,0.0,0.0,0.0
2019,Delhi,7,New Delhi,79,Vigilance,0.0,0.0,0.0,0.0,0.0,0.0,0.0,0.0,0.0,0.0,0.0,0.0,0.0,0.0,0.0,0.0,0.0,0.0,0.0,0.0,0.0,0.0,0.0,0.0,0.0
2019,Delhi,7,North,80,North,19.0,116.0,0.0,142.0,394.0,1.0,6.0,321.0,71.0,165.0,4.0,0.0,0.0,0.0,158.0,5.0,0.0,1.0,1.0,1.0,66.0,58.0,0.0,1.0,302.0
2019,Delhi,7,North East,81,North-East,58.0,269.0,2.0,181.0,950.0,0.0,24.0,773.0,151.0,425.0,18.0,1.0,6.0,6.0,292.0,19.0,3.0,0.0,5.0,2.0,105.0,300.0,1.0,0.0,133.0
2019,Delhi,7,North West,82,Crime Branch,0.0,0.0,0.0,0.0,2.0,0.0,0.0,1.0,0.0,0.0,0.0,0.0,0.0,0.0,2.0,22.0,7.0,0.0,0.0,0.0,33.0,0.0,21.0,0.0,9.0
2019,Delhi,7,North West,82,Metro,0.0,4.0,0.0,33.0,10.0,0.0,0.0,10.0,5.0,0.0,0.0,0.0,1.0,1.0,14.0,1.0,0.0,0.0,0.0,1.0,7.0,2.0,0.0,0.0,1.0
2019,Delhi,7,North West,82,North-West,34.0,271.0,0.0,154.0,632.0,1.0,25.0,640.0,164.0,223.0,5.0,0.0,1.0,0.0,199.0,6.0,0.0,1.0,0.0,3.0,120.0,167.0,3.0,0.0,291.0
2019,Delhi,7,North West,82,Outer,54.0,320.0,1.0,219.0,884.0,0.0,7.0,706.0,171.0,352.0,18.0,5.0,3.0,0.0,242.0,7.0,0.0,0.0,0.0,1.0,385.0,167.0,5.0,0.0,107.0
2019,Delhi,7,North West,82,Rohini,48.0,280.0,0.0,251.0,682.0,0.0,6.0,564.0,131.0,350.0,14.0,2.0,5.0,0.0,224.0,4.0,0.0,0.0,0.0,0.0,120.0,106.0,9.0,0.0,108.0
2019,Delhi,7,North West,82,Spl Cell,0.0,2.0,0.0,8.0,0.0,0.0,0.0,0.0,0.0,0.0,0.0,0.0,0.0,0.0,0.0,17.0,0.0,4.0,0.0,0.0,0.0,0.0,13.0,0.0,2.0
2019,Delhi,7,Shahdara,671,Shahdara,25.0,200.0,0.0,181.0,514.0,2.0,4.0,483.0,79.0,442.0,4.0,1.0,6.0,16.0,198.0,19.0,1.0,0.0,1.0,0.0,179.0,190.0,9.0,0.0,56.0
2019,Delhi,7,South,83,South,37.0,263.0,3.0,193.0,649.0,0.0,0.0,529.0,134.0,322.0,10.0,4.0,5.0,3.0,257.0,15.0,0.0,5.0,4.0,0.0,313.0,150.0,8.0,1.0,539.0
2019,Delhi,7,South East,670,South-East,38.0,247.0,0.0,217.0,706.0,2.0,9.0,589.0,125.0,158.0,16.0,0.0,2.0,1.0,127.0,4.0,0.0,0.0,1.0,2.0,257.0,134.0,6.0,0.0,568.0
2019,Delhi,7,South West,84,Dwarka,49.0,325.0,0.0,328.0,814.0,1.0,2.0,630.0,124.0,315.0,14.0,0.0,4.0,0.0,224.0,19.0,2.0,1.0,3.0,1.0,264.0,90.0,5.0,2.0,189.0
2019,Delhi,7,South West,84,South-West,26.0,255.0,0.0,146.0,548.0,1.0,4.0,459.0,111.0,186.0,8.0,0.0,1.0,0.0,142.0,13.0,0.0,2.0,3.0,2.0,170.0,54.0,7.0,0.0,151.0
2019,Delhi,7,West,85,West,42.0,223.0,1.0,208.0,515.0,0.0,3.0,481.0,132.0,366.0,7.0,1.0,3.0,4.0,113.0,13.0,5.0,0.0,1.0,1.0,198.0,94.0,0.0,0.0,120.0
2019,Goa,30,North Goa,551,Cid,0.0,4.0,1.0,12.0,0.0,0.0,23.0,6.0,0.0,1.0,0.0,0.0,0.0,0.0,0.0,16.0,6.0,0.0,0.0,2.0,17.0,0.0,0.0,1.0,9.0
2019,Goa,30,North Goa,551,North Goa,14.0,78.0,29.0,96.0,67.0,0.0,33.0,88.0,0.0,2.0,1.0,1.0,3.0,2.0,9.0,8.0,2.0,0.0,0.0,0.0,49.0,9.0,1.0,0.0,10.0
2019,Goa,30,South Goa,552,South Goa,20.0,63.0,19.0,63.0,36.0,0.0,7.0,73.0,0.0,6.0,0.0,0.0,1.0,5.0,23.0,3.0,1.0,0.0,0.0,0.0,32.0,5.0,4.0,0.0,4.0
2019,Gujarat,24,Ahmadabad,438,Ahmedabad City,88.0,397.0,0.0,209.0,256.0,11.0,4.0,771.0,360.0,819.0,1.0,2.0,50.0,12.0,335.0,293.0,94.0,22.0,5.0,18.0,807.0,370.0,48.0,10.0,669.0
2019,Gujarat,24,Ahmadabad,438,Ahmedabad Rural,38.0,70.0,0.0,19.0,11.0,0.0,0.0,73.0,53.0,46.0,0.0,0.0,10.0,0.0,10.0,24.0,8.0,0.0,2.0,0.0,63.0,23.0,25.0,0.0,118.0
2019,Gujarat,24,Ahmadabad,438,W.Rly Ahmedabad,0.0,1.0,0.0,1.0,11.0,0.0,0.0,13.0,2.0,1.0,0.0,0.0,1.0,0.0,0.0,0.0,0.0,0.0,0.0,0.0,0.0,0.0,0.0,0.0,0.0
2019,Gujarat,24,Ahmadabad,438,Western Railway Ahmedabad,10.0,0.0,0.0,0.0,0.0,0.0,0.0,0.0,0.0,0.0,0.0,0.0,0.0,0.0,9.0,0.0,0.0,0.0,0.0,0.0,2.0,2.0,4.0,0.0,6.0
2019,Gujarat,24,Amreli,439,Amreli,15.0,97.0,0.0,61.0,28.0,0.0,0.0,110.0,52.0,125.0,0.0,0.0,9.0,0.0,57.0,29.0,5.0,1.0,3.0,1.0,24.0,21.0,5.0,0.0,139.0
2019,Gujarat,24,Anand,440,Anand,42.0,48.0,0.0,22.0,29.0,0.0,0.0,115.0,136.0,44.0,0.0,0.0,11.0,0.0,37.0,6.0,1.0,0.0,0.0,2.0,38.0,11.0,5.0,0.0,31.0
2019,Gujarat,24,Arvalli,672,Arvalli,13.0,45.0,0.0,13.0,38.0,0.0,0.0,36.0,4.0,94.0,0.0,0.0,0.0,0.0,0.0,0.0,0.0,0.0,0.0,0.0,6.0,14.0,7.0,0.0,4.0
2019,Gujarat,24,Banas Kantha,441,Banaskantha,33.0,132.0,0.0,56.0,182.0,4.0,0.0,147.0,45.0,187.0,0.0,0.0,0.0,0.0,25.0,31.0,2.0,3.0,2.0,0.0,51.0,76.0,2.0,0.0,60.0
2019,Gujarat,24,Bharuch,442,Bharuch,30.0,62.0,0.0,30.0,15.0,1.0,0.0,140.0,95.0,31.0,1.0,0.0,4.0,3.0,63.0,62.0,14.0,4.0,3.0,0.0,50.0,22.0,9.0,1.0,142.0
2019,Gujarat,24,Bhavnagar,443,Bhavnagar,36.0,124.0,0.0,49.0,22.0,15.0,0.0,144.0,134.0,150.0,0.0,0.0,19.0,0.0,107.0,109.0,48.0,1.0,4.0,4.0,115.0,33.0,8.0,1.0,93.0
2019,Gujarat,24,Botad,676,Botad,12.0,38.0,0.0,6.0,11.0,0.0,0.0,50.0,37.0,22.0,0.0,0.0,7.0,0.0,37.0,7.0,0.0,1.0,1.0,1.0,6.0,5.0,4.0,0.0,22.0
2019,Gujarat,24,Chhotaudepur,668,Chhotaudepur,27.0,39.0,0.0,10.0,6.0,1.0,0.0,50.0,31.0,5.0,0.0,0.0,6.0,0.0,20.0,0.0,0.0,0.0,0.0,0.0,3.0,0.0,0.0,0.0,21.0
2019,Gujarat,24,Dang,444,Dang,4.0,4.0,0.0,6.0,0.0,0.0,0.0,2.0,2.0,0.0,0.0,0.0,2.0,0.0,5.0,0.0,0.0,0.0,0.0,0.0,0.0,0.0,4.0,0.0,1.0
2019,Gujarat,24,Devbhumi Dwarka,674,Devbhumi Dwarka,8.0,28.0,0.0,12.0,6.0,0.0,0.0,32.0,22.0,60.0,0.0,0.0,5.0,0.0,25.0,8.0,0.0,1.0,0.0,0.0,5.0,2.0,6.0,0.0,11.0
2019,Gujarat,24,Dohad,445,Dahod,38.0,100.0,0.0,12.0,56.0,0.0,0.0,134.0,67.0,30.0,0.0,0.0,7.0,0.0,54.0,8.0,0.0,0.0,0.0,8.0,13.0,42.0,0.0,0.0,2.0
2019,Gujarat,24,Gandhinagar,446,Cid Crime,0.0,2.0,0.0,0.0,0.0,0.0,0.0,0.0,0.0,0.0,0.0,0.0,0.0,0.0,0.0,3.0,0.0,0.0,0.0,4.0,13.0,0.0,3.0,0.0,1.0
2019,Gujarat,24,Gandhinagar,446,Gandhinagar,17.0,68.0,0.0,19.0,22.0,0.0,0.0,75.0,54.0,80.0,0.0,0.0,7.0,0.0,77.0,28.0,6.0,5.0,0.0,6.0,55.0,37.0,8.0,0.0,13.0
2019,Gujarat,24,Gir Somnath,675,Gir Somnath,13.0,79.0,0.0,27.0,24.0,3.0,0.0,63.0,31.0,104.0,0.0,0.0,4.0,0.0,25.0,22.0,4.0,0.0,1.0,0.0,35.0,12.0,0.0,0.0,54.0
2019,Gujarat,24,Jamnagar,447,Jamnagar,18.0,76.0,0.0,16.0,27.0,0.0,0.0,83.0,50.0,57.0,0.0,0.0,12.0,1.0,27.0,18.0,2.0,0.0,1.0,0.0,23.0,8.0,13.0,1.0,81.0
2019,Gujarat,24,Junagadh,448,Junagadh,26.0,112.0,0.0,50.0,58.0,3.0,0.0,112.0,28.0,163.0,0.0,0.0,14.0,1.0,51.0,42.0,6.0,4.0,0.0,8.0,58.0,31.0,3.0,1.0,125.0
2019,Gujarat,24,Kachchh,449,Kachchh East(G),24.0,57.0,0.0,13.0,41.0,0.0,0.0,92.0,24.0,43.0,0.0,0.0,5.0,3.0,21.0,9.0,1.0,0.0,0.0,8.0,40.0,27.0,7.0,0.0,30.0
2019,Gujarat,24,Kachchh,449,Kachchh West(B),16.0,35.0,0.0,17.0,26.0,2.0,0.0,42.0,15.0,71.0,0.0,0.0,9.0,0.0,23.0,28.0,10.0,0.0,1.0,2.0,48.0,11.0,13.0,0.0,15.0
2019,Gujarat,24,Kheda,450,Kheda,31.0,126.0,0.0,28.0,99.0,0.0,0.0,120.0,14.0,65.0,0.0,0.0,12.0,0.0,15.0,14.0,0.0,0.0,0.0,0.0,18.0,17.0,6.0,0.0,14.0
2019,Gujarat,24,Mahesana,451,Mehsana,37.0,89.0,0.0,30.0,43.0,3.0,0.0,130.0,88.0,88.0,0.0,0.0,13.0,0.0,57.0,8.0,1.0,2.0,1.0,2.0,51.0,53.0,2.0,0.0,52.0
2019,Gujarat,24,Mahisagar,669,Mahisagar,13.0,28.0,0.0,15.0,51.0,0.0,0.0,36.0,8.0,37.0,0.0,0.0,16.0,0.0,5.0,2.0,0.0,0.0,0.0,4.0,5.0,2.0,0.0,0.0,27.0
2019,Gujarat,24,Morbi,673,Morbi,39.0,64.0,0.0,7.0,24.0,0.0,0.0,83.0,41.0,22.0,0.0,0.0,13.0,0.0,38.0,11.0,2.0,0.0,0.0,0.0,14.0,12.0,3.0,0.0,30.0
2019,Gujarat,24,Narmada,452,Narmada,13.0,33.0,0.0,10.0,8.0,0.0,0.0,33.0,23.0,15.0,0.0,0.0,5.0,0.0,31.0,1.0,0.0,0.0,0.0,0.0,7.0,3.0,0.0,0.0,6.0
2019,Gujarat,24,Navsari,453,Navsari,10.0,35.0,0.0,13.0,19.0,1.0,2.0,51.0,25.0,32.0,0.0,0.0,3.0,0.0,35.0,27.0,10.0,0.0,2.0,0.0,36.0,5.0,4.0,0.0,43.0
2019,Gujarat,24,Panch Mahals,454,Panchmahal,34.0,51.0,0.0,9.0,7.0,0.0,3.0,102.0,89.0,55.0,0.0,0.0,9.0,0.0,37.0,6.0,0.0,2.0,1.0,0.0,12.0,9.0,6.0,0.0,36.0
2019,Gujarat,24,Patan,455,Patan,16.0,81.0,0.0,22.0,35.0,2.0,0.0,74.0,41.0,66.0,0.0,0.0,4.0,0.0,52.0,16.0,3.0,0.0,1.0,0.0,13.0,9.0,5.0,0.0,46.0
2019,Gujarat,24,Porbandar,456,Porbandar,18.0,22.0,0.0,20.0,11.0,0.0,0.0,31.0,13.0,34.0,1.0,0.0,4.0,2.0,21.0,3.0,0.0,0.0,0.0,0.0,6.0,11.0,6.0,1.0,72.0
2019,Gujarat,24,Rajkot,457,Rajkot City,34.0,143.0,0.0,15.0,45.0,0.0,0.0,145.0,81.0,146.0,1.0,0.0,6.0,0.0,100.0,24.0,1.0,0.0,2.0,0.0,65.0,21.0,7.0,9.0,160.0
2019,Gujarat,24,Rajkot,457,Rajkot Rural,29.0,123.0,0.0,26.0,43.0,1.0,0.0,119.0,64.0,83.0,0.0,0.0,9.0,1.0,31.0,7.0,0.0,3.0,0.0,3.0,17.0,18.0,3.0,0.0,22.0
2019,Gujarat,24,Sabar Kantha,458,Sabarkantha,19.0,75.0,0.0,21.0,24.0,0.0,2.0,68.0,36.0,77.0,0.0,0.0,9.0,1.0,31.0,24.0,4.0,1.0,5.0,0.0,34.0,17.0,9.0,0.0,18.0
2019,Gujarat,24,Surat,459,Surat City,104.0,311.0,0.0,92.0,320.0,20.0,2.0,770.0,292.0,506.0,3.0,2.0,30.0,4.0,595.0,313.0,47.0,141.0,1.0,3.0,794.0,178.0,14.0,0.0,212.0
2019,Gujarat,24,Surat,459,Surat Rural,35.0,74.0,0.0,15.0,44.0,2.0,0.0,102.0,40.0,15.0,2.0,1.0,1.0,1.0,19.0,10.0,0.0,0.0,0.0,0.0,53.0,36.0,5.0,0.0,84.0
2019,Gujarat,24,Surendranagar,460,Surendranagar,33.0,28.0,0.0,18.0,2.0,0.0,0.0,86.0,63.0,36.0,0.0,0.0,12.0,11.0,44.0,13.0,1.0,0.0,1.0,4.0,22.0,19.0,7.0,0.0,40.0
2019,Gujarat,24,Tapi,641,Tapi,17.0,15.0,0.0,5.0,8.0,0.0,0.0,29.0,11.0,3.0,1.0,0.0,1.0,2.0,17.0,6.0,1.0,0.0,1.0,0.0,3.0,5.0,2.0,0.0,12.0
2019,Gujarat,24,Vadodara,461,Vadodara City,10.0,107.0,0.0,45.0,66.0,0.0,0.0,163.0,81.0,153.0,0.0,2.0,9.0,1.0,144.0,23.0,9.0,0.0,2.0,2.0,227.0,51.0,13.0,0.0,249.0
2019,Gujarat,24,Vadodara,461,Vadodara Rural,29.0,77.0,0.0,10.0,24.0,0.0,0.0,141.0,61.0,17.0,1.0,0.0,3.0,1.0,32.0,22.0,5.0,0.0,1.0,0.0,42.0,4.0,12.0,0.0,69.0
2019,Gujarat,24,Vadodara,461,W.Rly Vadodara,3.0,5.0,0.0,8.0,10.0,0.0,0.0,22.0,6.0,0.0,0.0,0.0,1.0,0.0,0.0,0.0,0.0,0.0,0.0,0.0,0.0,0.0,0.0,0.0,0.0
2019,Gujarat,24,Vadodara,461,Western Railway Vadodara,10.0,0.0,0.0,0.0,0.0,0.0,0.0,0.0,0.0,0.0,0.0,0.0,0.0,0.0,23.0,0.0,0.0,0.0,0.0,0.0,1.0,14.0,2.0,0.0,3.0
2019,Gujarat,24,Valsad,462,Valsad,32.0,49.0,0.0,17.0,56.0,0.0,2.0,96.0,18.0,37.0,0.0,0.0,8.0,0.0,24.0,15.0,3.0,1.0,0.0,5.0,29.0,8.0,14.0,0.0,12.0
2019,Haryana,6,Ambala,58,Ambala,29.0,132.0,0.0,77.0,147.0,0.0,0.0,94.0,83.0,256.0,8.0,0.0,6.0,0.0,48.0,8.0,0.0,0.0,0.0,0.0,37.0,15.0,26.0,0.0,631.0
2019,Haryana,6,Ambala,58,Grp,31.0,5.0,0.0,9.0,9.0,0.0,0.0,21.0,6.0,0.0,4.0,0.0,11.0,0.0,21.0,0.0,0.0,0.0,0.0,0.0,3.0,4.0,0.0,0.0,131.0
2019,Haryana,6,Bhiwani,59,Bhiwani,38.0,197.0,10.0,227.0,36.0,0.0,0.0,209.0,97.0,278.0,11.0,0.0,13.0,3.0,62.0,15.0,0.0,2.0,0.0,10.0,0.0,63.0,3.0,0.0,830.0
2019,Haryana,6,Charki Dadri,701,Charkhi Dadri,16.0,34.0,2.0,41.0,8.0,0.0,0.0,48.0,11.0,39.0,4.0,0.0,8.0,0.0,19.0,5.0,0.0,0.0,0.0,6.0,4.0,18.0,13.0,0.0,49.0
2019,Haryana,6,Faridabad,60,Faridabad,91.0,432.0,31.0,239.0,225.0,2.0,0.0,751.0,213.0,548.0,26.0,2.0,18.0,1.0,345.0,63.0,3.0,4.0,6.0,12.0,257.0,36.0,122.0,0.0,2351.0
2019,Haryana,6,Fatehabad,61,Fatehabad,28.0,105.0,2.0,99.0,29.0,0.0,5.0,163.0,65.0,91.0,7.0,0.0,13.0,0.0,54.0,12.0,0.0,0.0,2.0,4.0,92.0,31.0,1.0,1.0,156.0
2019,Haryana,6,Gurugram,62,Gurugram,108.0,452.0,6.0,242.0,139.0,3.0,0.0,568.0,184.0,320.0,23.0,0.0,15.0,0.0,85.0,142.0,0.0,15.0,0.0,17.0,353.0,57.0,1.0,8.0,2614.0
2019,Haryana,6,Gurugram,62,Irrigation And Power,0.0,0.0,0.0,0.0,0.0,0.0,0.0,0.0,0.0,0.0,0.0,0.0,0.0,0.0,0.0,0.0,0.0,0.0,0.0,0.0,0.0,0.0,0.0,0.0,974.0
2019,Haryana,6,Gurugram,62,Irrigation Andpower,0.0,0.0,0.0,0.0,0.0,0.0,0.0,0.0,0.0,0.0,0.0,0.0,0.0,0.0,0.0,0.0,0.0,0.0,0.0,0.0,0.0,0.0,0.0,0.0,0.0
2019,Haryana,6,Hisar,63,Hansi,14.0,49.0,0.0,25.0,19.0,0.0,0.0,71.0,26.0,80.0,9.0,0.0,9.0,0.0,37.0,2.0,0.0,0.0,0.0,2.0,45.0,30.0,0.0,0.0,156.0
2019,Haryana,6,Hisar,63,Hissar,52.0,161.0,1.0,138.0,14.0,1.0,0.0,186.0,78.0,196.0,7.0,1.0,11.0,1.0,70.0,51.0,0.0,1.0,9.0,0.0,60.0,45.0,2.0,0.0,378.0
2019,Haryana,6,Jhajjar,64,Jhajjar,87.0,146.0,11.0,88.0,126.0,0.0,0.0,183.0,60.0,211.0,13.0,1.0,13.0,2.0,119.0,6.0,0.0,3.0,0.0,1.0,81.0,16.0,55.0,0.0,636.0
2019,Haryana,6,Jind,65,Jind,64.0,142.0,4.0,60.0,140.0,0.0,0.0,162.0,94.0,156.0,12.0,0.0,4.0,6.0,105.0,8.0,0.0,2.0,2.0,0.0,34.0,54.0,16.0,0.0,621.0
2019,Haryana,6,Kaithal,66,Kaithal,42.0,115.0,6.0,90.0,200.0,0.0,0.0,146.0,54.0,118.0,7.0,0.0,17.0,0.0,68.0,27.0,2.0,0.0,0.0,1.0,103.0,40.0,18.0,0.0,189.0
2019,Haryana,6,Karnal,67,Karnal,63.0,203.0,41.0,183.0,117.0,3.0,0.0,362.0,137.0,259.0,16.0,0.0,7.0,0.0,9.0,197.0,41.0,1.0,47.0,16.0,233.0,30.0,65.0,6.0,582.0
2019,Haryana,6,Kurukshetra,68,Kurukshetra,31.0,151.0,12.0,94.0,118.0,1.0,1.0,85.0,78.0,296.0,7.0,0.0,11.0,0.0,73.0,2.0,0.0,0.0,0.0,0.0,0.0,15.0,38.0,4.0,835.0
2019,Haryana,6,Mahendragarh,69,Mahendergarh,42.0,119.0,9.0,112.0,20.0,0.0,2.0,85.0,68.0,70.0,7.0,0.0,0.0,0.0,21.0,136.0,65.0,0.0,0.0,4.0,122.0,17.0,19.0,0.0,637.0
2019,Haryana,6,Nuh,604,Nuh,47.0,248.0,14.0,155.0,64.0,5.0,2.0,166.0,105.0,166.0,16.0,1.0,4.0,1.0,41.0,12.0,0.0,0.0,0.0,11.0,35.0,23.0,20.0,0.0,707.0
2019,Haryana,6,Palwal,619,Palwal,44.0,193.0,1.0,54.0,93.0,0.0,0.0,108.0,78.0,194.0,14.0,0.0,7.0,0.0,0.0,4.0,0.0,0.0,0.0,0.0,0.0,25.0,15.0,0.0,461.0
2019,Haryana,6,Panchkula,70,Panchkula,25.0,136.0,2.0,90.0,136.0,0.0,6.0,177.0,48.0,104.0,2.0,0.0,5.0,0.0,16.0,11.0,0.0,1.0,0.0,0.0,128.0,13.0,36.0,1.0,246.0
2019,Haryana,6,Panipat,71,Panipat,64.0,279.0,14.0,184.0,423.0,3.0,0.0,461.0,133.0,306.0,16.0,0.0,12.0,3.0,74.0,24.0,2.0,3.0,2.0,12.0,244.0,8.0,95.0,1.0,1744.0
2019,Haryana,6,Rewari,72,Rewari,44.0,140.0,8.0,119.0,33.0,0.0,0.0,138.0,99.0,198.0,12.0,0.0,21.0,0.0,39.0,9.0,0.0,1.0,0.0,3.0,57.0,10.0,14.0,0.0,922.0
2019,Haryana,6,Rohtak,73,Rohtak,75.0,199.0,13.0,175.0,257.0,1.0,3.0,282.0,90.0,288.0,13.0,0.0,10.0,0.0,84.0,16.0,0.0,0.0,0.0,8.0,155.0,50.0,0.0,6.0,973.0
2019,Haryana,6,Sirsa,74,Sirsa,20.0,216.0,9.0,87.0,35.0,0.0,0.0,186.0,119.0,158.0,11.0,0.0,5.0,0.0,47.0,4.0,0.0,0.0,0.0,8.0,120.0,39.0,25.0,1.0,270.0
2019,Haryana,6,Sonipat,75,Sonipat,97.0,210.0,0.0,181.0,172.0,0.0,2.0,226.0,88.0,299.0,18.0,0.0,11.0,0.0,49.0,3.0,0.0,1.0,0.0,2.0,79.0,121.0,0.0,0.0,959.0
2019,Haryana,6,Yamunanagar,76,Yamunanagar,44.0,191.0,6.0,49.0,255.0,0.0,0.0,241.0,84.0,238.0,9.0,0.0,12.0,1.0,37.0,24.0,0.0,1.0,0.0,28.0,103.0,13.0,0.0,0.0,936.0
2019,Himachal Pradesh,2,Bilaspur,15,Bilaspur,3.0,41.0,12.0,45.0,52.0,0.0,0.0,42.0,0.0,19.0,1.0,0.0,4.0,0.0,4.0,3.0,0.0,0.0,0.0,2.0,23.0,0.0,8.0,0.0,40.0
2019,Himachal Pradesh,2,Chamba,16,Chamba,14.0,51.0,10.0,36.0,17.0,0.0,0.0,38.0,0.0,7.0,0.0,0.0,8.0,0.0,4.0,1.0,0.0,0.0,0.0,2.0,16.0,2.0,2.0,0.0,22.0
2019,Himachal Pradesh,2,Hamirpur,17,Hamirpur,2.0,50.0,10.0,45.0,22.0,0.0,0.0,39.0,2.0,19.0,1.0,0.0,5.0,0.0,4.0,6.0,0.0,0.0,0.0,12.0,0.0,0.0,3.0,0.0,6.0
2019,Himachal Pradesh,2,Kangra,18,Kangra,21.0,126.0,19.0,113.0,69.0,0.0,0.0,106.0,1.0,30.0,2.0,0.0,16.0,0.0,14.0,5.0,0.0,0.0,0.0,8.0,65.0,2.0,7.0,1.0,36.0
2019,Himachal Pradesh,2,Kinnaur,19,Kinnaur,4.0,24.0,7.0,8.0,7.0,0.0,0.0,14.0,0.0,3.0,0.0,0.0,1.0,0.0,5.0,0.0,0.0,0.0,0.0,0.0,3.0,0.0,0.0,0.0,4.0
2019,Himachal Pradesh,2,Kullu,20,Kullu,8.0,60.0,18.0,34.0,43.0,0.0,0.0,66.0,7.0,8.0,0.0,0.0,2.0,0.0,17.0,21.0,0.0,1.0,7.0,12.0,13.0,1.0,1.0,3.0,27.0
2019,Himachal Pradesh,2,Lahul And Spiti,21,Lahaul And Spiti,0.0,0.0,0.0,0.0,0.0,0.0,0.0,0.0,0.0,0.0,0.0,0.0,0.0,0.0,0.0,0.0,0.0,0.0,0.0,0.0,1.0,0.0,0.0,0.0,2.0
2019,Himachal Pradesh,2,Lahul And Spiti,21,Lahaul Andspiti,0.0,0.0,0.0,1.0,0.0,0.0,0.0,0.0,0.0,1.0,0.0,0.0,0.0,0.0,0.0,0.0,0.0,0.0,0.0,0.0,0.0,0.0,0.0,0.0,0.0
2019,Himachal Pradesh,2,Mandi,22,Mandi,5.0,157.0,27.0,121.0,74.0,0.0,0.0,119.0,1.0,46.0,0.0,0.0,8.0,0.0,83.0,9.0,0.0,0.0,0.0,11.0,0.0,0.0,0.0,2.0,18.0
2019,Himachal Pradesh,2,Shimla,23,Cid,0.0,0.0,0.0,0.0,0.0,0.0,0.0,0.0,0.0,0.0,0.0,0.0,0.0,0.0,0.0,1.0,0.0,0.0,0.0,1.0,4.0,0.0,0.0,0.0,1.0
2019,Himachal Pradesh,2,Shimla,23,Cyber,0.0,0.0,0.0,0.0,0.0,0.0,0.0,0.0,0.0,0.0,0.0,0.0,0.0,0.0,0.0,10.0,0.0,0.0,0.0,0.0,0.0,0.0,0.0,0.0,0.0
2019,Himachal Pradesh,2,Shimla,23,Grp,2.0,0.0,0.0,0.0,0.0,0.0,0.0,0.0,0.0,0.0,0.0,0.0,0.0,0.0,0.0,0.0,0.0,0.0,0.0,0.0,0.0,0.0,0.0,0.0,0.0
2019,Himachal Pradesh,2,Shimla,23,Shimla,9.0,130.0,36.0,85.0,139.0,0.0,0.0,131.0,0.0,15.0,0.0,0.0,4.0,0.0,22.0,9.0,0.0,5.0,0.0,2.0,80.0,0.0,8.0,1.0,50.0
2019,Himachal Pradesh,2,Sirmaur,24,Sirmaur,3.0,87.0,21.0,63.0,56.0,0.0,0.0,66.0,0.0,27.0,0.0,0.0,1.0,0.0,27.0,5.0,0.0,0.0,0.0,9.0,28.0,1.0,1.0,2.0,6.0
2019,Himachal Pradesh,2,Solan,25,Baddi,9.0,42.0,10.0,28.0,24.0,0.0,0.0,31.0,1.0,11.0,0.0,1.0,5.0,0.0,12.0,2.0,0.0,0.0,0.0,1.0,33.0,4.0,3.0,0.0,32.0
2019,Himachal Pradesh,2,Solan,25,Solan,3.0,62.0,17.0,29.0,54.0,0.0,0.0,57.0,0.0,11.0,1.0,0.0,3.0,0.0,19.0,7.0,0.0,2.0,0.0,2.0,25.0,2.0,6.0,1.0,27.0
2019,Himachal Pradesh,2,Una,26,Una,5.0,40.0,10.0,23.0,31.0,0.0,0.0,39.0,0.0,34.0,0.0,0.0,6.0,0.0,29.0,4.0,0.0,0.0,0.0,6.0,33.0,1.0,0.0,1.0,6.0
2019,Jammu And Kashmir,1,Anantnag,1,Anantnag,2.0,27.0,0.0,82.0,80.0,0.0,0.0,26.0,1.0,8.0,0.0,0.0,2.0,0.0,0.0,4.0,0.0,0.0,0.0,2.0,19.0,3.0,0.0,0.0,52.0
2019,Jammu And Kashmir,1,Bandipora,623,Bandipora,1.0,12.0,0.0,25.0,18.0,0.0,0.0,5.0,7.0,4.0,0.0,0.0,0.0,0.0,0.0,0.0,0.0,0.0,0.0,0.0,9.0,1.0,0.0,0.0,0.0
2019,Jammu And Kashmir,1,Baramulla,3,Baramulla,11.0,16.0,0.0,102.0,76.0,0.0,0.0,3.0,3.0,60.0,0.0,0.0,2.0,0.0,0.0,0.0,0.0,0.0,0.0,0.0,27.0,11.0,0.0,0.0,139.0
2019,Jammu And Kashmir,1,Baramulla,3,Sopore,1.0,9.0,1.0,85.0,43.0,0.0,0.0,29.0,3.0,2.0,0.0,0.0,2.0,0.0,82.0,0.0,0.0,0.0,0.0,0.0,6.0,5.0,2.0,0.0,33.0
2019,Jammu And Kashmir,1,Budgam,2,Budgam,3.0,16.0,0.0,240.0,65.0,0.0,0.0,1.0,0.0,7.0,0.0,0.0,0.0,0.0,0.0,5.0,0.0,0.0,0.0,0.0,20.0,5.0,7.0,0.0,0.0
2019,Jammu And Kashmir,1,Doda,4,Doda,3.0,23.0,0.0,23.0,55.0,0.0,0.0,17.0,2.0,13.0,0.0,0.0,0.0,0.0,0.0,1.0,0.0,0.0,0.0,0.0,8.0,0.0,0.0,0.0,25.0
2019,Jammu And Kashmir,1,Ganderbal,626,Ganderbal,0.0,9.0,0.0,53.0,25.0,0.0,0.0,29.0,8.0,4.0,0.0,0.0,0.0,0.0,13.0,0.0,0.0,0.0,0.0,0.0,6.0,0.0,0.0,0.0,4.0
2019,Jammu And Kashmir,1,Jammu,5,Crime Jammu,0.0,0.0,0.0,0.0,0.0,0.0,0.0,0.0,0.0,0.0,0.0,0.0,0.0,0.0,0.0,10.0,5.0,0.0,0.0,0.0,53.0,0.0,0.0,0.0,5.0
2019,Jammu And Kashmir,1,Jammu,5,Crime Srinagar,0.0,0.0,0.0,0.0,0.0,0.0,0.0,0.0,0.0,0.0,0.0,0.0,0.0,0.0,0.0,0.0,0.0,0.0,0.0,0.0,0.0,0.0,0.0,0.0,0.0
2019,Jammu And Kashmir,1,Jammu,5,Jammu,25.0,74.0,0.0,120.0,159.0,0.0,0.0,35.0,33.0,49.0,4.0,0.0,6.0,0.0,53.0,23.0,0.0,0.0,0.0,0.0,0.0,3.0,156.0,0.0,880.0
2019,Jammu And Kashmir,1,Jammu,5,Railways Jammu,0.0,0.0,0.0,0.0,1.0,0.0,0.0,1.0,0.0,0.0,0.0,0.0,0.0,0.0,0.0,0.0,0.0,0.0,0.0,0.0,0.0,0.0,0.0,0.0,1.0
2019,Jammu And Kashmir,1,Jammu,5,Railways Kashmir,0.0,0.0,0.0,0.0,0.0,0.0,0.0,1.0,1.0,0.0,0.0,0.0,0.0,0.0,0.0,0.0,0.0,0.0,0.0,0.0,0.0,0.0,0.0,0.0,0.0
2019,Jammu And Kashmir,1,Kargil,6,Kargil,0.0,0.0,1.0,0.0,1.0,0.0,0.0,0.0,0.0,0.0,0.0,0.0,0.0,0.0,0.0,0.0,0.0,0.0,0.0,0.0,0.0,0.0,0.0,0.0,0.0
2019,Jammu And Kashmir,1,Kathua,7,Kathua,10.0,32.0,4.0,17.0,44.0,0.0,0.0,36.0,8.0,10.0,1.0,0.0,1.0,0.0,25.0,0.0,0.0,0.0,0.0,0.0,0.0,3.0,5.0,0.0,27.0
2019,Jammu And Kashmir,1,Kishtwar,620,Kishtwar,2.0,24.0,4.0,19.0,23.0,0.0,0.0,20.0,0.0,4.0,0.0,0.0,1.0,0.0,0.0,0.0,0.0,0.0,0.0,0.0,7.0,2.0,0.0,0.0,28.0
2019,Jammu And Kashmir,1,Kulgam,622,Kulgam,6.0,22.0,0.0,135.0,40.0,0.0,0.0,2.0,0.0,8.0,0.0,0.0,0.0,0.0,0.0,0.0,0.0,0.0,0.0,0.0,23.0,6.0,0.0,0.0,78.0
2019,Jammu And Kashmir,1,Kupwara,8,Handwara,3.0,6.0,2.0,25.0,25.0,0.0,0.0,12.0,0.0,7.0,0.0,0.0,3.0,0.0,0.0,0.0,0.0,0.0,0.0,0.0,7.0,0.0,0.0,0.0,27.0
2019,Jammu And Kashmir,1,Kupwara,8,Kupwara,3.0,10.0,0.0,30.0,43.0,0.0,0.0,4.0,4.0,18.0,0.0,0.0,0.0,0.0,0.0,0.0,0.0,0.0,0.0,0.0,6.0,3.0,0.0,0.0,57.0
2019,Jammu And Kashmir,1,Leh Ladakh,9,Leh,0.0,2.0,0.0,7.0,0.0,0.0,0.0,1.0,1.0,1.0,0.0,0.0,0.0,0.0,0.0,0.0,0.0,0.0,0.0,0.0,0.0,0.0,0.0,0.0,0.0
2019,Jammu And Kashmir,1,Poonch,10,Poonch,0.0,45.0,1.0,30.0,44.0,0.0,0.0,23.0,6.0,3.0,0.0,0.0,0.0,0.0,18.0,5.0,0.0,1.0,1.0,4.0,11.0,0.0,1.0,0.0,4.0
2019,Jammu And Kashmir,1,Pulwama,11,Awantipora,1.0,0.0,0.0,29.0,12.0,0.0,0.0,0.0,0.0,2.0,0.0,0.0,0.0,0.0,0.0,0.0,0.0,0.0,0.0,0.0,2.0,1.0,0.0,0.0,80.0
2019,Jammu And Kashmir,1,Pulwama,11,Pulwama,11.0,10.0,1.0,17.0,26.0,0.0,0.0,10.0,0.0,2.0,0.0,0.0,1.0,0.0,0.0,1.0,0.0,0.0,0.0,1.0,6.0,6.0,2.0,0.0,0.0
2019,Jammu And Kashmir,1,Rajouri,12,Rajouri,13.0,66.0,2.0,79.0,59.0,0.0,0.0,21.0,4.0,33.0,0.0,0.0,1.0,0.0,43.0,11.0,3.0,0.0,1.0,0.0,18.0,1.0,8.0,0.0,438.0
2019,Jammu And Kashmir,1,Ramban,621,Ramban,4.0,24.0,0.0,23.0,38.0,0.0,0.0,22.0,4.0,5.0,2.0,0.0,2.0,0.0,22.0,2.0,0.0,0.0,0.0,0.0,3.0,1.0,0.0,0.0,30.0
2019,Jammu And Kashmir,1,Reasi,627,Railways Katra,0.0,0.0,0.0,0.0,0.0,0.0,0.0,0.0,0.0,0.0,0.0,0.0,0.0,0.0,0.0,0.0,0.0,0.0,0.0,0.0,0.0,0.0,0.0,0.0,2.0
2019,Jammu And Kashmir,1,Reasi,627,Reasi,1.0,21.0,0.0,35.0,45.0,0.0,0.0,32.0,3.0,3.0,0.0,0.0,0.0,0.0,0.0,1.0,0.0,1.0,0.0,0.0,9.0,0.0,0.0,0.0,33.0
2019,Jammu And Kashmir,1,Samba,624,Samba,3.0,15.0,0.0,9.0,30.0,0.0,0.0,17.0,3.0,9.0,0.0,0.0,2.0,0.0,0.0,0.0,0.0,0.0,0.0,0.0,0.0,1.0,0.0,0.0,80.0
2019,Jammu And Kashmir,1,Shopian,625,Shopian,8.0,2.0,1.0,33.0,39.0,0.0,0.0,14.0,0.0,3.0,0.0,0.0,0.0,0.0,0.0,4.0,0.0,0.0,0.0,0.0,4.0,1.0,0.0,0.0,56.0
2019,Jammu And Kashmir,1,Srinagar,13,Crime Srinagar,0.0,0.0,0.0,0.0,0.0,0.0,0.0,0.0,0.0,0.0,0.0,0.0,0.0,0.0,0.0,9.0,0.0,0.0,0.0,0.0,0.0,0.0,0.0,0.0,1.0
2019,Jammu And Kashmir,1,Srinagar,13,Srinagar,6.0,31.0,5.0,213.0,117.0,0.0,0.0,71.0,9.0,48.0,0.0,0.0,2.0,0.0,78.0,6.0,1.0,3.0,0.0,0.0,29.0,21.0,30.0,0.0,6.0
2019,Jammu And Kashmir,1,Udhampur,14,Udhampur,5.0,35.0,1.0,32.0,54.0,0.0,0.0,38.0,13.0,44.0,1.0,0.0,1.0,0.0,38.0,6.0,0.0,5.0,0.0,0.0,18.0,0.0,0.0,0.0,213.0
2019,Jharkhand,20,Bokaro,322,Bokaro,58.0,199.0,38.0,91.0,97.0,0.0,2.0,103.0,0.0,142.0,103.0,0.0,0.0,0.0,0.0,0.0,0.0,0.0,0.0,0.0,68.0,33.0,79.0,0.0,310.0
2019,Jharkhand,20,Chatra,323,Chatra,50.0,92.0,11.0,20.0,44.0,10.0,2.0,52.0,37.0,25.0,81.0,0.0,0.0,0.0,0.0,31.0,0.0,0.0,0.0,0.0,57.0,46.0,7.0,0.0,145.0
2019,Jharkhand,20,Deoghar,324,Deoghar,70.0,91.0,21.0,315.0,25.0,5.0,6.0,65.0,13.0,95.0,198.0,0.0,0.0,0.0,0.0,74.0,0.0,0.0,0.0,0.0,116.0,30.0,50.0,0.0,308.0
2019,Jharkhand,20,Dhanbad,325,Dhanbad,64.0,189.0,61.0,61.0,59.0,4.0,0.0,212.0,141.0,51.0,123.0,0.0,5.0,0.0,124.0,135.0,0.0,76.0,0.0,0.0,36.0,47.0,75.0,0.0,215.0
2019,Jharkhand,20,Dhanbad,325,Dhanbad Railway,5.0,3.0,1.0,6.0,1.0,0.0,2.0,7.0,0.0,0.0,1.0,0.0,3.0,0.0,0.0,0.0,0.0,0.0,0.0,0.0,0.0,2.0,1.0,0.0,3.0
2019,Jharkhand,20,Dumka,326,Dumka,57.0,72.0,0.0,26.0,33.0,0.0,4.0,51.0,18.0,27.0,24.0,0.0,2.0,0.0,0.0,14.0,0.0,0.0,0.0,0.0,20.0,32.0,0.0,0.0,177.0
2019,Jharkhand,20,East Singhbum,327,Jamshedpur,79.0,200.0,16.0,68.0,96.0,0.0,1.0,32.0,32.0,86.0,154.0,0.0,4.0,0.0,0.0,79.0,0.0,51.0,0.0,0.0,366.0,29.0,49.0,3.0,48.0
2019,Jharkhand,20,East Singhbum,327,Jamshedpur Railway,5.0,0.0,0.0,5.0,2.0,0.0,0.0,4.0,0.0,0.0,1.0,0.0,0.0,0.0,2.0,0.0,0.0,0.0,0.0,0.0,1.0,5.0,0.0,0.0,3.0
2019,Jharkhand,20,Garhwa,328,Garhwa,91.0,198.0,27.0,62.0,0.0,6.0,3.0,127.0,75.0,102.0,263.0,0.0,11.0,0.0,0.0,17.0,0.0,9.0,0.0,0.0,272.0,28.0,76.0,0.0,702.0
2019,Jharkhand,20,Giridih,329,Giridih,79.0,250.0,17.0,398.0,88.0,2.0,7.0,119.0,27.0,118.0,197.0,0.0,0.0,0.0,0.0,41.0,0.0,35.0,0.0,0.0,175.0,35.0,25.0,0.0,146.0
2019,Jharkhand,20,Godda,330,Godda,59.0,160.0,52.0,41.0,22.0,2.0,6.0,75.0,32.0,57.0,24.0,0.0,0.0,0.0,0.0,0.0,0.0,0.0,0.0,0.0,90.0,13.0,0.0,0.0,967.0
2019,Jharkhand,20,Gumla,331,Gumla,154.0,195.0,41.0,10.0,46.0,0.0,48.0,187.0,30.0,34.0,37.0,0.0,9.0,5.0,24.0,88.0,44.0,0.0,0.0,0.0,39.0,31.0,29.0,0.0,47.0
2019,Jharkhand,20,Hazaribagh,332,Hazaribagh,74.0,243.0,54.0,17.0,46.0,0.0,2.0,98.0,0.0,79.0,200.0,0.0,2.0,0.0,0.0,99.0,6.0,76.0,0.0,0.0,22.0,47.0,282.0,0.0,871.0
2019,Jharkhand,20,Jamtara,333,Jamtara,18.0,40.0,5.0,59.0,5.0,2.0,3.0,31.0,14.0,39.0,49.0,0.0,0.0,0.0,0.0,76.0,0.0,0.0,0.0,0.0,26.0,12.0,6.0,0.0,106.0
2019,Jharkhand,20,Khunti,606,Khunti,68.0,58.0,0.0,2.0,0.0,1.0,11.0,8.0,8.0,4.0,8.0,0.0,0.0,0.0,0.0,18.0,3.0,3.0,0.0,2.0,21.0,13.0,0.0,0.0,51.0
2019,Jharkhand,20,Koderma,334,Koderma,26.0,30.0,0.0,21.0,21.0,0.0,0.0,45.0,14.0,17.0,25.0,0.0,0.0,0.0,0.0,7.0,0.0,3.0,0.0,3.0,39.0,7.0,26.0,0.0,83.0
2019,Jharkhand,20,Latehar,335,Latehar,50.0,84.0,3.0,48.0,11.0,0.0,4.0,39.0,35.0,3.0,48.0,0.0,4.0,0.0,0.0,23.0,0.0,0.0,0.0,0.0,35.0,19.0,12.0,0.0,60.0
2019,Jharkhand,20,Lohardaga,336,Lohardagga,28.0,98.0,6.0,20.0,8.0,0.0,6.0,17.0,0.0,14.0,24.0,0.0,0.0,0.0,0.0,0.0,0.0,0.0,0.0,0.0,26.0,19.0,1.0,0.0,0.0
2019,Jharkhand,20,Pakur,337,Pakur,33.0,70.0,0.0,15.0,15.0,0.0,6.0,28.0,0.0,18.0,1.0,0.0,0.0,0.0,0.0,15.0,0.0,0.0,0.0,0.0,26.0,6.0,9.0,0.0,392.0
2019,Jharkhand,20,Palamu,338,Palamu,87.0,144.0,9.0,51.0,35.0,12.0,4.0,109.0,55.0,95.0,114.0,0.0,3.0,0.0,0.0,48.0,0.0,1.0,0.0,3.0,184.0,37.0,23.0,1.0,68.0
2019,Jharkhand,20,Ramgarh,607,Ramgarh,27.0,50.0,1.0,38.0,8.0,2.0,11.0,33.0,0.0,16.0,45.0,0.0,0.0,0.0,0.0,56.0,0.0,0.0,0.0,0.0,33.0,19.0,0.0,0.0,49.0
2019,Jharkhand,20,Ranchi,339,Ranchi,163.0,304.0,0.0,75.0,18.0,4.0,18.0,83.0,76.0,115.0,135.0,0.0,0.0,0.0,0.0,267.0,0.0,37.0,11.0,0.0,186.0,215.0,0.0,0.0,807.0
2019,Jharkhand,20,Sahebganj,340,Sahebganj,78.0,360.0,8.0,221.0,39.0,0.0,21.0,27.0,27.0,316.0,282.0,0.0,2.0,0.0,0.0,11.0,0.0,0.0,0.0,0.0,366.0,35.0,0.0,0.0,489.0
2019,Jharkhand,20,Saraikela Kharsawan,341,Saraikela,58.0,63.0,1.0,40.0,22.0,20.0,2.0,33.0,22.0,28.0,31.0,0.0,3.0,0.0,0.0,43.0,0.0,43.0,0.0,0.0,76.0,18.0,40.0,0.0,10.0
2019,Jharkhand,20,Simdega,342,Simdega,77.0,113.0,0.0,5.0,7.0,0.0,36.0,23.0,11.0,12.0,2.0,0.0,0.0,0.0,0.0,8.0,0.0,0.0,0.0,0.0,15.0,5.0,0.0,0.0,80.0
2019,Jharkhand,20,West Singhbhum,343,Chaibasa,115.0,151.0,25.0,26.0,17.0,0.0,7.0,66.0,0.0,6.0,28.0,0.0,5.0,0.0,0.0,18.0,0.0,18.0,0.0,0.0,69.0,16.0,15.0,0.0,152.0
2019,Karnataka,29,Bagalkote,524,Bagalkot,40.0,30.0,0.0,181.0,38.0,2.0,0.0,80.0,34.0,30.0,13.0,0.0,4.0,0.0,0.0,4.0,0.0,0.0,0.0,0.0,65.0,17.0,7.0,0.0,14.0
2019,Karnataka,29,Ballari,528,Ballari,47.0,92.0,0.0,141.0,80.0,0.0,9.0,216.0,65.0,69.0,101.0,0.0,7.0,0.0,8.0,69.0,0.0,63.0,0.0,3.0,125.0,23.0,5.0,11.0,11.0
2019,Karnataka,29,Belagavi,527,Belagavi City,19.0,19.0,0.0,36.0,39.0,0.0,0.0,116.0,18.0,77.0,11.0,0.0,9.0,5.0,22.0,13.0,0.0,1.0,0.0,0.0,102.0,21.0,4.0,5.0,8.0
2019,Karnataka,29,Belagavi,527,Belagavi District,80.0,111.0,0.0,215.0,59.0,1.0,0.0,195.0,91.0,112.0,24.0,0.0,17.0,6.0,21.0,9.0,0.0,0.0,0.0,0.0,135.0,32.0,20.0,0.0,11.0
2019,Karnataka,29,Belagavi,527,K.G.F.,7.0,30.0,0.0,33.0,15.0,0.0,0.0,48.0,27.0,13.0,15.0,0.0,1.0,3.0,6.0,19.0,0.0,1.0,0.0,0.0,18.0,10.0,5.0,0.0,3.0
2019,Karnataka,29,Bengaluru Urban,525,Bengaluru City,222.0,547.0,5.0,854.0,1556.0,34.0,14.0,1488.0,351.0,469.0,791.0,4.0,109.0,6.0,195.0,10555.0,0.0,10020.0,0.0,267.0,2242.0,742.0,91.0,96.0,390.0
2019,Karnataka,29,Bengaluru Urban,525,Bengaluru District,74.0,94.0,0.0,125.0,173.0,4.0,1.0,274.0,80.0,82.0,38.0,0.0,0.0,0.0,0.0,19.0,0.0,4.0,0.0,1.0,281.0,112.0,19.0,1.0,29.0
2019,Karnataka,29,Bengaluru Urban,525,K.Railways,16.0,0.0,0.0,10.0,0.0,0.0,0.0,17.0,1.0,0.0,1.0,0.0,12.0,0.0,0.0,0.0,0.0,0.0,0.0,0.0,9.0,89.0,2.0,0.0,11.0
2019,Karnataka,29,Bidar,529,Bidar,52.0,60.0,2.0,89.0,42.0,1.0,0.0,189.0,39.0,111.0,44.0,0.0,8.0,13.0,16.0,36.0,0.0,19.0,0.0,3.0,37.0,38.0,5.0,1.0,19.0
2019,Karnataka,29,Chamarajanagara,531,Chamarajnagar,23.0,40.0,0.0,149.0,28.0,0.0,0.0,65.0,35.0,52.0,10.0,0.0,2.0,0.0,0.0,23.0,0.0,4.0,0.0,5.0,21.0,15.0,6.0,0.0,10.0
2019,Karnataka,29,Chikkaballapura,630,Chikkaballapura,27.0,93.0,0.0,63.0,48.0,1.0,0.0,169.0,73.0,17.0,29.0,0.0,14.0,0.0,7.0,23.0,0.0,2.0,0.0,1.0,103.0,36.0,11.0,11.0,5.0
2019,Karnataka,29,Chikkamagaluru,532,Chikkamagaluru,26.0,71.0,0.0,145.0,63.0,1.0,0.0,153.0,64.0,65.0,23.0,0.0,10.0,6.0,3.0,26.0,0.0,16.0,0.0,1.0,73.0,43.0,10.0,1.0,16.0
2019,Karnataka,29,Chitradurga,533,Chitradurga,36.0,74.0,0.0,246.0,79.0,0.0,0.0,163.0,52.0,49.0,37.0,0.0,0.0,0.0,8.0,29.0,4.0,8.0,1.0,0.0,92.0,34.0,4.0,3.0,16.0
2019,Karnataka,29,Dakshina Kannada,534,Dakshina Kannada,16.0,60.0,0.0,42.0,17.0,1.0,0.0,143.0,57.0,25.0,4.0,1.0,0.0,0.0,0.0,21.0,0.0,0.0,0.0,10.0,49.0,5.0,17.0,1.0,17.0
2019,Karnataka,29,Dakshina Kannada,534,Mangaluru City,19.0,38.0,0.0,54.0,34.0,0.0,4.0,163.0,56.0,35.0,19.0,0.0,1.0,0.0,12.0,125.0,0.0,113.0,0.0,10.0,114.0,47.0,15.0,9.0,60.0
2019,Karnataka,29,Davangere,535,Davanagere,40.0,79.0,0.0,167.0,78.0,2.0,1.0,173.0,65.0,58.0,66.0,0.0,3.0,0.0,4.0,45.0,0.0,45.0,0.0,0.0,0.0,50.0,8.0,1.0,23.0
2019,Karnataka,29,Dharwad,536,Dharwad,24.0,39.0,0.0,25.0,9.0,0.0,1.0,41.0,29.0,3.0,5.0,0.0,0.0,0.0,0.0,0.0,0.0,0.0,0.0,0.0,34.0,6.0,3.0,0.0,6.0
2019,Karnataka,29,Dharwad,536,Hubballi Dharwad City,13.0,21.0,0.0,39.0,24.0,2.0,6.0,78.0,19.0,57.0,0.0,0.0,2.0,1.0,32.0,110.0,0.0,15.0,0.0,0.0,79.0,45.0,16.0,1.0,12.0
2019,Karnataka,29,Gadag,537,Gadag,12.0,38.0,0.0,72.0,16.0,0.0,0.0,38.0,18.0,16.0,7.0,0.0,5.0,0.0,0.0,11.0,0.0,0.0,0.0,0.0,30.0,7.0,4.0,0.0,6.0
2019,Karnataka,29,Hassan,539,Hassan,51.0,90.0,0.0,202.0,131.0,0.0,0.0,169.0,87.0,84.0,91.0,0.0,18.0,0.0,0.0,20.0,0.0,2.0,0.0,8.0,147.0,53.0,3.0,3.0,66.0
2019,Karnataka,29,Haveri,540,Haveri,26.0,61.0,0.0,72.0,50.0,0.0,0.0,112.0,44.0,33.0,36.0,0.0,5.0,0.0,12.0,16.0,0.0,0.0,0.0,0.0,59.0,24.0,5.0,3.0,8.0
2019,Karnataka,29,Kalaburagi,538,Kalaburgi,42.0,59.0,0.0,157.0,22.0,2.0,0.0,144.0,73.0,112.0,41.0,0.0,3.0,0.0,16.0,17.0,0.0,0.0,0.0,2.0,28.0,16.0,1.0,2.0,39.0
2019,Karnataka,29,Kalaburagi,538,Kalaburgi City,32.0,14.0,0.0,48.0,7.0,1.0,2.0,32.0,9.0,37.0,3.0,0.0,1.0,0.0,21.0,15.0,0.0,1.0,0.0,2.0,38.0,66.0,6.0,0.0,28.0
2019,Karnataka,29,Kodagu,541,Kodagu,35.0,63.0,0.0,34.0,45.0,0.0,0.0,107.0,66.0,35.0,4.0,0.0,3.0,5.0,0.0,67.0,0.0,5.0,0.0,13.0,45.0,13.0,7.0,5.0,13.0
2019,Karnataka,29,Kolar,542,Kolar,33.0,44.0,0.0,77.0,34.0,0.0,0.0,95.0,49.0,30.0,23.0,0.0,7.0,3.0,9.0,24.0,1.0,0.0,0.0,0.0,67.0,22.0,6.0,0.0,21.0
2019,Karnataka,29,Koppal,543,Koppal,21.0,63.0,0.0,88.0,33.0,0.0,0.0,119.0,57.0,60.0,6.0,0.0,5.0,0.0,0.0,35.0,0.0,31.0,0.0,0.0,66.0,12.0,8.0,2.0,31.0
2019,Karnataka,29,Mandya,544,Mandya,48.0,58.0,0.0,198.0,140.0,3.0,0.0,202.0,70.0,71.0,35.0,0.0,13.0,0.0,22.0,64.0,0.0,0.0,0.0,0.0,117.0,62.0,26.0,5.0,35.0
2019,Karnataka,29,Mysuru,545,Mysuru City,16.0,54.0,1.0,73.0,78.0,1.0,4.0,123.0,34.0,75.0,95.0,0.0,7.0,3.0,3.0,277.0,3.0,4.0,3.0,9.0,187.0,83.0,13.0,32.0,19.0
2019,Karnataka,29,Mysuru,545,Mysuru District,48.0,91.0,1.0,184.0,80.0,0.0,2.0,222.0,68.0,57.0,15.0,0.0,13.0,0.0,17.0,35.0,0.0,4.0,0.0,1.0,80.0,27.0,6.0,8.0,22.0
2019,Karnataka,29,Raichur,546,Raichur,21.0,52.0,1.0,137.0,48.0,0.0,2.0,117.0,43.0,93.0,75.0,0.0,12.0,0.0,2.0,16.0,0.0,0.0,0.0,0.0,132.0,14.0,5.0,0.0,31.0
2019,Karnataka,29,Ramanagara,631,Ramanagara,49.0,66.0,1.0,131.0,132.0,0.0,0.0,145.0,57.0,67.0,36.0,0.0,6.0,0.0,18.0,69.0,0.0,2.0,0.0,3.0,102.0,93.0,8.0,0.0,18.0
2019,Karnataka,29,Shivamogga,547,Shimoga,40.0,119.0,0.0,335.0,117.0,1.0,0.0,234.0,117.0,80.0,72.0,0.0,15.0,0.0,20.0,114.0,0.0,103.0,0.0,6.0,151.0,74.0,3.0,0.0,10.0
2019,Karnataka,29,Tumakuru,548,Tumakuru,59.0,79.0,0.0,109.0,90.0,0.0,2.0,347.0,71.0,47.0,81.0,0.0,9.0,12.0,31.0,27.0,0.0,1.0,0.0,2.0,166.0,71.0,11.0,7.0,30.0
2019,Karnataka,29,Udupi,549,Udupi,19.0,61.0,0.0,97.0,26.0,0.0,0.0,80.0,53.0,62.0,26.0,0.0,0.0,0.0,10.0,30.0,0.0,1.0,0.0,4.0,121.0,23.0,10.0,2.0,34.0
2019,Karnataka,29,Uttara Kannada,550,Uttara Kannada,23.0,51.0,0.0,155.0,34.0,0.0,0.0,88.0,46.0,50.0,23.0,0.0,5.0,0.0,6.0,49.0,0.0,44.0,0.0,1.0,44.0,19.0,22.0,1.0,51.0
2019,Karnataka,29,Vijayapura,530,Vijayapura,61.0,43.0,0.0,115.0,61.0,0.0,0.0,84.0,33.0,87.0,22.0,0.0,13.0,0.0,0.0,9.0,0.0,0.0,0.0,0.0,74.0,41.0,11.0,2.0,21.0
2019,Karnataka,29,Yadgir,635,Yadgiri,14.0,35.0,0.0,150.0,26.0,0.0,0.0,76.0,32.0,53.0,17.0,0.0,7.0,1.0,9.0,11.0,0.0,6.0,0.0,0.0,29.0,5.0,1.0,1.0,11.0
2019,Kerala,32,Alappuzha,554,Alapuzha,24.0,223.0,77.0,364.0,35.0,2.0,3.0,246.0,66.0,149.0,2.0,0.0,6.0,15.0,25.0,8.0,0.0,1.0,0.0,8.0,288.0,59.0,23.0,0.0,129.0
2019,Kerala,32,Ernakulam,555,Ernakulam Commissionerate,22.0,154.0,32.0,264.0,12.0,0.0,11.0,0.0,0.0,97.0,0.0,0.0,1.0,0.0,12.0,66.0,14.0,4.0,2.0,8.0,439.0,57.0,34.0,0.0,120.0
2019,Kerala,32,Ernakulam,555,Ernakulam Commr.,4.0,32.0,0.0,43.0,9.0,0.0,3.0,175.0,32.0,0.0,0.0,0.0,0.0,13.0,0.0,0.0,0.0,0.0,0.0,0.0,0.0,0.0,0.0,0.0,0.0
2019,Kerala,32,Ernakulam,555,Ernakulam Rural,32.0,230.0,71.0,426.0,48.0,2.0,94.0,273.0,36.0,122.0,1.0,1.0,0.0,4.0,34.0,13.0,0.0,2.0,0.0,9.0,364.0,30.0,55.0,1.0,24.0
2019,Kerala,32,Idukki,556,Idukki,19.0,189.0,57.0,262.0,6.0,0.0,8.0,201.0,65.0,95.0,0.0,0.0,3.0,8.0,0.0,10.0,0.0,5.0,0.0,6.0,294.0,21.0,10.0,0.0,208.0
2019,Kerala,32,Kannur,557,Kannur,8.0,197.0,62.0,263.0,13.0,1.0,80.0,264.0,128.0,236.0,0.0,0.0,5.0,10.0,41.0,10.0,0.0,0.0,1.0,8.0,251.0,44.0,16.0,0.0,356.0
2019,Kerala,32,Kasaragod,558,Kasargod,10.0,174.0,57.0,222.0,9.0,0.0,0.0,188.0,20.0,103.0,0.0,0.0,0.0,24.0,14.0,13.0,2.0,0.0,1.0,0.0,107.0,34.0,7.0,0.0,93.0
2019,Kerala,32,Kollam,559,Kollam Commissionerate,21.0,101.0,55.0,217.0,9.0,0.0,20.0,0.0,0.0,149.0,1.0,0.0,3.0,0.0,29.0,11.0,0.0,4.0,0.0,7.0,177.0,66.0,21.0,1.0,136.0
2019,Kerala,32,Kollam,559,Kollam Commr.,1.0,55.0,0.0,4.0,10.0,0.0,10.0,160.0,57.0,0.0,0.0,0.0,0.0,2.0,0.0,0.0,0.0,0.0,0.0,0.0,0.0,0.0,0.0,0.0,0.0
2019,Kerala,32,Kollam,559,Kollam Rural,25.0,200.0,76.0,348.0,10.0,0.0,0.0,194.0,46.0,156.0,0.0,0.0,1.0,0.0,0.0,10.0,0.0,0.0,0.0,2.0,137.0,39.0,6.0,1.0,338.0
2019,Kerala,32,Kottayam,560,Kottayam,24.0,220.0,62.0,345.0,35.0,0.0,3.0,229.0,46.0,90.0,0.0,0.0,0.0,7.0,18.0,9.0,0.0,0.0,0.0,8.0,302.0,32.0,14.0,0.0,342.0
2019,Kerala,32,Kozhikode,561,Kozhikode Commissionerate,7.0,106.0,49.0,182.0,20.0,0.0,10.0,0.0,0.0,166.0,1.0,0.0,0.0,0.0,26.0,26.0,1.0,1.0,2.0,2.0,133.0,46.0,15.0,0.0,214.0
2019,Kerala,32,Kozhikode,561,Kozhikode Commr.,0.0,48.0,0.0,37.0,15.0,0.0,6.0,199.0,31.0,0.0,0.0,0.0,0.0,30.0,0.0,0.0,0.0,0.0,0.0,0.0,0.0,0.0,0.0,0.0,0.0
2019,Kerala,32,Kozhikode,561,Kozhikode Rural,17.0,160.0,50.0,320.0,40.0,0.0,14.0,266.0,52.0,298.0,2.0,0.0,2.0,6.0,18.0,18.0,0.0,3.0,0.0,9.0,123.0,24.0,24.0,0.0,149.0
2019,Kerala,32,Malappuram,562,Malappuram,13.0,412.0,119.0,511.0,35.0,2.0,3.0,533.0,195.0,439.0,0.0,0.0,6.0,55.0,107.0,13.0,0.0,4.0,0.0,15.0,290.0,37.0,34.0,0.0,181.0
2019,Kerala,32,Palakkad,563,Palakkad,27.0,292.0,104.0,350.0,43.0,0.0,30.0,313.0,50.0,219.0,0.0,0.0,2.0,0.0,70.0,12.0,4.0,0.0,0.0,5.0,249.0,75.0,24.0,0.0,136.0
2019,Kerala,32,Pathanamthitta,564,Pathanamthitta,14.0,182.0,61.0,174.0,8.0,0.0,29.0,207.0,57.0,75.0,0.0,2.0,0.0,2.0,22.0,12.0,0.0,1.0,0.0,10.0,190.0,19.0,7.0,0.0,148.0
2019,Kerala,32,Thiruvananthapuram,565,Crime Branch,7.0,7.0,0.0,2.0,0.0,1.0,1.0,3.0,3.0,0.0,0.0,0.0,0.0,0.0,0.0,1.0,0.0,0.0,0.0,0.0,319.0,1.0,6.0,0.0,6.0
2019,Kerala,32,Thiruvananthapuram,565,Railways,0.0,4.0,0.0,41.0,0.0,0.0,2.0,6.0,5.0,0.0,0.0,0.0,0.0,0.0,2.0,0.0,0.0,0.0,0.0,0.0,3.0,25.0,0.0,0.0,1.0
2019,Kerala,32,Thiruvananthapuram,565,Trivandrum Commissionerate,15.0,145.0,36.0,226.0,2.0,0.0,5.0,0.0,0.0,116.0,0.0,0.0,4.0,0.0,25.0,103.0,9.0,5.0,19.0,20.0,183.0,75.0,47.0,2.0,33.0
2019,Kerala,32,Thiruvananthapuram,565,Trivandrum Commr.,0.0,35.0,0.0,6.0,15.0,0.0,2.0,205.0,115.0,0.0,0.0,0.0,0.0,2.0,0.0,0.0,0.0,0.0,0.0,0.0,0.0,0.0,0.0,0.0,0.0
2019,Kerala,32,Thiruvananthapuram,565,Trivandrum Rural,34.0,416.0,166.0,366.0,15.0,0.0,3.0,405.0,157.0,229.0,3.0,0.0,5.0,13.0,39.0,28.0,1.0,3.0,1.0,15.0,250.0,79.0,18.0,0.0,886.0
2019,Kerala,32,Thrissur,566,Thrissur Commissionerate,15.0,182.0,57.0,202.0,4.0,0.0,14.0,0.0,0.0,182.0,1.0,0.0,0.0,0.0,53.0,13.0,2.0,3.0,0.0,7.0,1200.0,36.0,0.0,2.0,98.0
2019,Kerala,32,Thrissur,566,Thrissur Commr.,0.0,55.0,0.0,5.0,8.0,0.0,6.0,231.0,90.0,0.0,0.0,0.0,0.0,32.0,0.0,0.0,0.0,0.0,0.0,0.0,0.0,0.0,0.0,0.0,0.0
2019,Kerala,32,Thrissur,566,Thrissur Rural,13.0,150.0,51.0,280.0,32.0,0.0,0.0,275.0,36.0,169.0,0.0,0.0,3.0,22.0,28.0,9.0,0.0,1.0,1.0,3.0,386.0,19.0,7.0,0.0,235.0
2019,Kerala,32,Wayanad,567,Wayanadu,9.0,174.0,65.0,226.0,25.0,0.0,2.0,181.0,0.0,74.0,0.0,0.0,1.0,0.0,12.0,5.0,1.0,1.0,0.0,0.0,76.0,10.0,5.0,3.0,15.0
2019,Ladakh,37,Kargil,6,Kargil,0.0,0.0,0.0,0.0,0.0,0.0,0.0,0.0,0.0,0.0,0.0,0.0,0.0,0.0,0.0,0.0,0.0,0.0,0.0,0.0,1.0,0.0,0.0,0.0,23.0
2019,Ladakh,37,Leh Ladakh,9,Leh,2.0,2.0,0.0,0.0,0.0,0.0,0.0,0.0,0.0,0.0,0.0,0.0,0.0,0.0,0.0,0.0,0.0,0.0,0.0,0.0,6.0,0.0,0.0,0.0,0.0
2019,Lakshadweep,31,Lakshadweep District,553,Lakshadweep,0.0,14.0,0.0,13.0,0.0,0.0,0.0,26.0,25.0,0.0,0.0,0.0,0.0,0.0,0.0,4.0,0.0,1.0,0.0,3.0,0.0,0.0,0.0,0.0,22.0
2019,Madhya Pradesh,23,Agar Malwa,667,Agar,0.0,0.0,0.0,0.0,13.0,0.0,0.0,60.0,34.0,0.0,0.0,0.0,1.0,11.0,0.0,0.0,0.0,0.0,0.0,0.0,0.0,0.0,0.0,0.0,0.0
2019,Madhya Pradesh,23,Agar-Malwa,667,Agar,11.0,45.0,0.0,44.0,0.0,0.0,0.0,0.0,0.0,47.0,2.0,0.0,5.0,0.0,18.0,0.0,0.0,0.0,0.0,0.0,10.0,12.0,0.0,0.0,16.0
2019,Madhya Pradesh,23,Alirajpur,639,Alirajpur,52.0,188.0,0.0,43.0,120.0,0.0,0.0,186.0,70.0,24.0,0.0,0.0,15.0,14.0,176.0,0.0,0.0,0.0,0.0,0.0,6.0,24.0,0.0,0.0,2.0
2019,Madhya Pradesh,23,Anuppur,390,Anuppur,38.0,122.0,0.0,47.0,218.0,2.0,0.0,261.0,81.0,65.0,11.0,0.0,6.0,21.0,37.0,9.0,0.0,0.0,0.0,2.0,10.0,13.0,9.0,0.0,57.0
2019,Madhya Pradesh,23,Ashoknagar,391,Ashok Nagar,24.0,137.0,0.0,66.0,115.0,0.0,2.0,204.0,99.0,53.0,5.0,0.0,7.0,28.0,144.0,1.0,0.0,1.0,0.0,0.0,16.0,7.0,0.0,0.0,29.0
2019,Madhya Pradesh,23,Balaghat,392,Balaghat,43.0,220.0,1.0,113.0,425.0,0.0,0.0,386.0,101.0,147.0,18.0,0.0,11.0,46.0,42.0,0.0,0.0,0.0,0.0,0.0,38.0,12.0,0.0,0.0,4.0
2019,Madhya Pradesh,23,Barwani,393,Barwani,42.0,103.0,0.0,49.0,57.0,1.0,0.0,159.0,84.0,32.0,5.0,0.0,13.0,13.0,166.0,5.0,1.0,0.0,1.0,2.0,1.0,8.0,11.0,0.0,96.0
2019,Madhya Pradesh,23,Betul,394,Betul,43.0,391.0,2.0,118.0,256.0,0.0,3.0,367.0,101.0,77.0,11.0,1.0,16.0,0.0,93.0,2.0,0.0,0.0,0.0,2.0,26.0,9.0,7.0,0.0,0.0
2019,Madhya Pradesh,23,Bhind,395,Bhind,47.0,105.0,0.0,69.0,204.0,0.0,0.0,171.0,48.0,133.0,28.0,0.0,0.0,0.0,0.0,0.0,0.0,0.0,0.0,0.0,50.0,29.0,0.0,0.0,267.0
2019,Madhya Pradesh,23,Bhopal,396,Bhopal,74.0,524.0,1.0,371.0,950.0,0.0,3.0,1324.0,375.0,394.0,39.0,0.0,21.0,102.0,1199.0,37.0,3.0,3.0,5.0,3.0,153.0,103.0,14.0,0.0,2308.0
2019,Madhya Pradesh,23,Bhopal,396,Bhopal Railway,2.0,12.0,1.0,26.0,9.0,0.0,0.0,19.0,8.0,1.0,1.0,0.0,0.0,0.0,0.0,0.0,0.0,0.0,0.0,0.0,5.0,23.0,0.0,0.0,28.0
2019,Madhya Pradesh,23,Bhopal,396,Cyber Crime Cell,0.0,0.0,0.0,0.0,0.0,0.0,0.0,0.0,0.0,0.0,0.0,0.0,0.0,0.0,0.0,0.0,0.0,0.0,0.0,0.0,0.0,0.0,0.0,0.0,0.0
2019,Madhya Pradesh,23,Burhanpur,397,Burhanpur,19.0,62.0,0.0,46.0,41.0,0.0,0.0,132.0,70.0,16.0,4.0,0.0,2.0,0.0,76.0,0.0,0.0,0.0,0.0,0.0,5.0,3.0,0.0,0.0,10.0
2019,Madhya Pradesh,23,Chhatarpur,398,Chhatarpur,46.0,159.0,0.0,83.0,256.0,2.0,0.0,502.0,222.0,121.0,17.0,0.0,16.0,8.0,210.0,7.0,0.0,1.0,0.0,4.0,16.0,30.0,0.0,1.0,12.0
2019,Madhya Pradesh,23,Chhindwara,399,Chhindwara,66.0,200.0,0.0,81.0,462.0,0.0,3.0,388.0,42.0,76.0,10.0,0.0,15.0,31.0,113.0,0.0,0.0,0.0,0.0,0.0,25.0,8.0,0.0,0.0,1484.0
2019,Madhya Pradesh,23,Cyber Crime,9999,Cyber Crime Cell,0.0,0.0,0.0,0.0,0.0,0.0,0.0,0.0,0.0,0.0,0.0,0.0,0.0,0.0,0.0,0.0,0.0,0.0,0.0,0.0,0.0,0.0,0.0,0.0,0.0
2019,Madhya Pradesh,23,Cyber Crime Cell,9999,Cyber Crime Cell,0.0,0.0,0.0,0.0,0.0,0.0,0.0,3.0,0.0,0.0,0.0,0.0,0.0,0.0,0.0,337.0,0.0,55.0,0.0,108.0,0.0,0.0,0.0,0.0,0.0
2019,Madhya Pradesh,23,Damoh,400,Damoh,37.0,64.0,0.0,84.0,285.0,0.0,0.0,224.0,60.0,62.0,16.0,0.0,22.0,0.0,18.0,0.0,0.0,0.0,0.0,0.0,0.0,5.0,0.0,0.0,31.0
2019,Madhya Pradesh,23,Datia,401,Datia,21.0,76.0,0.0,92.0,131.0,0.0,0.0,123.0,41.0,65.0,10.0,0.0,4.0,2.0,0.0,10.0,2.0,2.0,0.0,4.0,14.0,17.0,0.0,0.0,56.0
2019,Madhya Pradesh,23,Dewas,402,Dewas,32.0,204.0,2.0,180.0,253.0,0.0,3.0,372.0,155.0,213.0,5.0,0.0,13.0,50.0,393.0,1.0,0.0,0.0,0.0,0.0,0.0,24.0,0.0,0.0,228.0
2019,Madhya Pradesh,23,Dhar,403,Dhar,58.0,385.0,1.0,137.0,526.0,0.0,0.0,570.0,203.0,81.0,10.0,0.0,20.0,35.0,290.0,10.0,0.0,0.0,0.0,0.0,0.0,72.0,7.0,0.0,10.0
2019,Madhya Pradesh,23,Dindori,404,Dindori,24.0,117.0,0.0,58.0,163.0,0.0,5.0,164.0,58.0,91.0,2.0,0.0,11.0,6.0,19.0,8.0,0.0,0.0,2.0,0.0,10.0,3.0,0.0,0.0,46.0
2019,Madhya Pradesh,23,Guna,406,Guna,38.0,145.0,1.0,118.0,186.0,2.0,3.0,262.0,127.0,85.0,7.0,0.0,8.0,12.0,112.0,0.0,0.0,0.0,0.0,0.0,34.0,31.0,4.0,0.0,245.0
2019,Madhya Pradesh,23,Gwalior,407,Gwalior,66.0,394.0,6.0,296.0,473.0,2.0,7.0,703.0,249.0,497.0,37.0,0.0,29.0,24.0,271.0,54.0,0.0,7.0,0.0,39.0,224.0,120.0,81.0,2.0,44.0
2019,Madhya Pradesh,23,Harda,408,Harda,15.0,109.0,0.0,37.0,47.0,0.0,2.0,171.0,93.0,51.0,2.0,0.0,3.0,10.0,59.0,1.0,0.0,1.0,0.0,0.0,24.0,3.0,0.0,0.0,40.0
2019,Madhya Pradesh,23,Indore,410,Cyber Crime Cell,0.0,0.0,0.0,0.0,0.0,0.0,0.0,0.0,0.0,0.0,0.0,0.0,0.0,0.0,0.0,0.0,0.0,0.0,0.0,37.0,0.0,0.0,0.0,0.0,0.0
2019,Madhya Pradesh,23,Indore,410,Indore,89.0,597.0,1.0,435.0,1168.0,3.0,2.0,1225.0,395.0,572.0,19.0,2.0,33.0,103.0,392.0,86.0,11.0,2.0,16.0,0.0,139.0,78.0,15.0,13.0,192.0
2019,Madhya Pradesh,23,Indore,410,Indore Railway,0.0,0.0,0.0,9.0,3.0,0.0,0.0,7.0,3.0,1.0,0.0,0.0,3.0,0.0,0.0,0.0,0.0,0.0,0.0,0.0,0.0,3.0,0.0,0.0,17.0
2019,Madhya Pradesh,23,Indore,410,Khandwa,3.0,0.0,0.0,0.0,89.0,0.0,0.0,284.0,154.0,0.0,0.0,0.0,1.0,0.0,0.0,0.0,0.0,0.0,0.0,0.0,0.0,0.0,0.0,0.0,0.0
2019,Madhya Pradesh,23,Jabalpur,411,Jabalpur,76.0,397.0,0.0,231.0,825.0,2.0,3.0,937.0,201.0,422.0,36.0,0.0,19.0,114.0,701.0,0.0,0.0,0.0,0.0,0.0,55.0,74.0,35.0,0.0,532.0
2019,Madhya Pradesh,23,Jabalpur,411,Jabalpur Railway,4.0,0.0,0.0,10.0,6.0,0.0,0.0,17.0,3.0,3.0,0.0,1.0,0.0,0.0,0.0,0.0,0.0,0.0,0.0,0.0,0.0,8.0,2.0,0.0,60.0
2019,Madhya Pradesh,23,Jhabua,412,Jhabua,29.0,142.0,0.0,29.0,88.0,1.0,0.0,131.0,23.0,9.0,0.0,0.0,11.0,0.0,185.0,0.0,0.0,0.0,0.0,0.0,7.0,29.0,0.0,0.0,13.0
2019,Madhya Pradesh,23,Katni,413,Katni,24.0,106.0,0.0,83.0,312.0,0.0,0.0,333.0,89.0,35.0,16.0,0.0,5.0,31.0,62.0,4.0,1.0,1.0,0.0,0.0,23.0,10.0,0.0,0.0,45.0
2019,Madhya Pradesh,23,Khandwa (East Nimar),405,Khandwa,25.0,163.0,0.0,121.0,82.0,0.0,0.0,0.0,0.0,49.0,3.0,0.0,11.0,0.0,0.0,0.0,0.0,0.0,0.0,0.0,0.0,19.0,0.0,0.0,1430.0
2019,Madhya Pradesh,23,Khargone,414,Khargone,4.0,0.0,0.0,0.0,150.0,0.0,0.0,442.0,208.0,0.0,0.0,0.0,4.0,21.0,0.0,0.0,0.0,0.0,0.0,0.0,0.0,0.0,0.0,0.0,0.0
2019,Madhya Pradesh,23,Khargone (West Nimar),414,Khargone,39.0,223.0,0.0,146.0,30.0,0.0,0.0,0.0,0.0,77.0,4.0,0.0,17.0,0.0,109.0,0.0,0.0,0.0,0.0,0.0,12.0,18.0,4.0,0.0,17.0
2019,Madhya Pradesh,23,Mandla,415,Mandla,29.0,59.0,0.0,31.0,186.0,0.0,5.0,205.0,37.0,29.0,5.0,0.0,7.0,3.0,42.0,0.0,0.0,0.0,0.0,0.0,7.0,7.0,0.0,0.0,2.0
2019,Madhya Pradesh,23,Mandsaur,416,Mandsaur,16.0,87.0,1.0,91.0,154.0,0.0,11.0,193.0,103.0,25.0,3.0,0.0,12.0,0.0,55.0,10.0,0.0,0.0,3.0,0.0,17.0,19.0,4.0,0.0,17.0
2019,Madhya Pradesh,23,Morena,417,Morena,49.0,151.0,2.0,102.0,180.0,4.0,0.0,335.0,109.0,176.0,31.0,0.0,22.0,24.0,193.0,0.0,0.0,0.0,0.0,0.0,83.0,43.0,24.0,0.0,10.0
2019,Madhya Pradesh,23,Narmadapuram,409,Hoshangabad,39.0,170.0,0.0,122.0,272.0,0.0,3.0,327.0,119.0,100.0,8.0,0.0,11.0,34.0,157.0,1.0,0.0,0.0,0.0,1.0,23.0,15.0,0.0,0.0,27.0
2019,Madhya Pradesh,23,Narsimhapur,418,Narsinghpur,33.0,89.0,0.0,65.0,105.0,0.0,0.0,0.0,0.0,40.0,11.0,1.0,3.0,0.0,152.0,1.0,0.0,0.0,0.0,0.0,22.0,6.0,0.0,0.0,12.0
2019,Madhya Pradesh,23,Narsinghpur,418,Narsinghpur,4.0,0.0,0.0,0.0,134.0,0.0,0.0,219.0,68.0,0.0,0.0,0.0,0.0,12.0,0.0,0.0,0.0,0.0,0.0,0.0,0.0,0.0,0.0,0.0,0.0
2019,Madhya Pradesh,23,Neemuch,419,Neemuch,9.0,69.0,0.0,36.0,70.0,0.0,4.0,102.0,54.0,43.0,1.0,0.0,6.0,0.0,43.0,10.0,1.0,0.0,1.0,0.0,19.0,11.0,0.0,0.0,14.0
2019,Madhya Pradesh,23,Niwari,722,Niwari,17.0,78.0,0.0,32.0,38.0,0.0,0.0,106.0,32.0,47.0,3.0,0.0,3.0,0.0,14.0,5.0,0.0,0.0,0.0,0.0,16.0,3.0,1.0,0.0,41.0
2019,Madhya Pradesh,23,Panna,420,Panna,28.0,46.0,0.0,83.0,281.0,0.0,0.0,297.0,49.0,38.0,17.0,0.0,10.0,3.0,20.0,2.0,0.0,1.0,0.0,0.0,0.0,2.0,0.0,0.0,28.0
2019,Madhya Pradesh,23,Raisen,421,Raisen,33.0,225.0,0.0,113.0,330.0,0.0,2.0,371.0,141.0,78.0,9.0,0.0,6.0,23.0,0.0,0.0,0.0,0.0,0.0,0.0,21.0,11.0,0.0,0.0,213.0
2019,Madhya Pradesh,23,Rajgarh,422,Rajgarh,18.0,131.0,1.0,135.0,151.0,1.0,0.0,319.0,146.0,133.0,3.0,0.0,12.0,0.0,319.0,4.0,0.0,0.0,0.0,5.0,18.0,27.0,0.0,0.0,0.0
2019,Madhya Pradesh,23,Ratlam,423,Ratlam,29.0,318.0,0.0,156.0,313.0,0.0,0.0,477.0,197.0,119.0,4.0,2.0,22.0,4.0,82.0,24.0,4.0,0.0,1.0,0.0,62.0,18.0,20.0,0.0,76.0
2019,Madhya Pradesh,23,Rewa,424,Rewa,63.0,224.0,1.0,138.0,671.0,2.0,0.0,761.0,158.0,114.0,34.0,0.0,25.0,56.0,263.0,0.0,0.0,0.0,0.0,0.0,38.0,132.0,62.0,1.0,3089.0
2019,Madhya Pradesh,23,Sagar,425,Sagar,93.0,522.0,1.0,173.0,393.0,0.0,4.0,937.0,252.0,128.0,24.0,0.0,23.0,155.0,136.0,25.0,4.0,0.0,3.0,0.0,49.0,27.0,0.0,2.0,56.0
2019,Madhya Pradesh,23,Satna,426,Satna,47.0,412.0,3.0,132.0,374.0,1.0,6.0,622.0,158.0,131.0,21.0,0.0,19.0,10.0,31.0,0.0,0.0,0.0,0.0,0.0,37.0,48.0,0.0,0.0,0.0
2019,Madhya Pradesh,23,Sehore,427,Sehore,18.0,257.0,1.0,96.0,163.0,0.0,3.0,311.0,150.0,82.0,6.0,0.0,12.0,0.0,77.0,0.0,0.0,0.0,0.0,0.0,8.0,26.0,0.0,0.0,153.0
2019,Madhya Pradesh,23,Seoni,428,Seoni,21.0,265.0,0.0,97.0,197.0,0.0,0.0,333.0,74.0,136.0,9.0,0.0,6.0,15.0,91.0,8.0,1.0,0.0,1.0,0.0,16.0,5.0,0.0,0.0,936.0
2019,Madhya Pradesh,23,Shahdol,429,Shahdol,46.0,152.0,1.0,96.0,332.0,0.0,0.0,388.0,119.0,151.0,10.0,1.0,16.0,20.0,83.0,8.0,1.0,0.0,3.0,0.0,33.0,23.0,13.0,0.0,59.0
2019,Madhya Pradesh,23,Shajapur,430,Shajapur,15.0,90.0,0.0,80.0,79.0,0.0,0.0,165.0,88.0,57.0,5.0,0.0,6.0,25.0,171.0,13.0,1.0,0.0,2.0,1.0,16.0,10.0,3.0,0.0,20.0
2019,Madhya Pradesh,23,Sheopur,431,Sheopur,8.0,44.0,0.0,19.0,35.0,1.0,0.0,59.0,33.0,19.0,1.0,0.0,4.0,2.0,4.0,1.0,0.0,0.0,0.0,1.0,12.0,7.0,0.0,0.0,27.0
2019,Madhya Pradesh,23,Shivpuri,432,Shivpuri,60.0,158.0,2.0,142.0,269.0,1.0,0.0,378.0,100.0,64.0,18.0,0.0,10.0,43.0,39.0,0.0,0.0,0.0,0.0,0.0,59.0,30.0,0.0,0.0,1689.0
2019,Madhya Pradesh,23,Sidhi,433,Sidhi,28.0,65.0,0.0,63.0,193.0,0.0,0.0,262.0,62.0,63.0,9.0,0.0,21.0,0.0,137.0,11.0,0.0,0.0,0.0,0.0,20.0,18.0,9.0,0.0,28.0
2019,Madhya Pradesh,23,Singrauli,638,Singrauli,48.0,196.0,0.0,52.0,135.0,0.0,6.0,306.0,75.0,81.0,18.0,0.0,18.0,11.0,50.0,16.0,2.0,0.0,1.0,0.0,11.0,11.0,5.0,0.0,26.0
2019,Madhya Pradesh,23,Tikamgarh,434,Tikamgarh,23.0,159.0,0.0,66.0,135.0,0.0,3.0,293.0,105.0,39.0,16.0,0.0,8.0,38.0,28.0,8.0,2.0,0.0,1.0,0.0,20.0,6.0,0.0,0.0,57.0
2019,Madhya Pradesh,23,Ujjain,435,Ujjain,50.0,193.0,0.0,239.0,249.0,1.0,0.0,538.0,137.0,172.0,6.0,1.0,10.0,54.0,157.0,34.0,6.0,1.0,2.0,2.0,62.0,53.0,0.0,2.0,2458.0
2019,Madhya Pradesh,23,Umaria,436,Umaria,20.0,60.0,0.0,28.0,119.0,0.0,2.0,131.0,39.0,44.0,4.0,0.0,4.0,12.0,41.0,0.0,0.0,0.0,0.0,0.0,4.0,6.0,0.0,0.0,15.0
2019,Madhya Pradesh,23,Vidisha,437,Vidisha,42.0,229.0,0.0,160.0,280.0,0.0,3.0,466.0,123.0,126.0,15.0,0.0,20.0,41.0,182.0,0.0,0.0,0.0,0.0,0.0,15.0,13.0,1.0,0.0,31.0
2019,Maharashtra,27,Ahmednagar,466,Ahmednagar,86.0,237.0,0.0,510.0,488.0,2.0,0.0,414.0,205.0,491.0,7.0,0.0,56.0,2.0,50.0,35.0,7.0,5.0,2.0,3.0,235.0,441.0,0.0,7.0,132.0
2019,Maharashtra,27,Akola,467,Akola,37.0,123.0,0.0,200.0,204.0,0.0,0.0,279.0,128.0,254.0,4.0,0.0,15.0,20.0,35.0,39.0,9.0,2.0,2.0,0.0,75.0,45.0,1.0,0.0,353.0
2019,Maharashtra,27,Amravati,468,Amravati Commissionerate,34.0,126.0,0.0,228.0,88.0,0.0,0.0,0.0,0.0,108.0,1.0,0.0,7.0,0.0,96.0,72.0,22.0,1.0,8.0,1.0,91.0,65.0,29.0,0.0,50.0
2019,Maharashtra,27,Amravati,468,Amravati Commr.,0.0,0.0,0.0,0.0,122.0,0.0,0.0,292.0,129.0,0.0,0.0,0.0,0.0,28.0,0.0,0.0,0.0,0.0,0.0,0.0,0.0,0.0,0.0,0.0,0.0
2019,Maharashtra,27,Amravati,468,Amravati Rural,46.0,147.0,0.0,178.0,249.0,0.0,6.0,303.0,117.0,184.0,5.0,0.0,31.0,30.0,141.0,68.0,23.0,12.0,1.0,8.0,36.0,22.0,12.0,0.0,142.0
2019,Maharashtra,27,Aurangabad,469,Aurangabad Commr.,2.0,0.0,0.0,0.0,198.0,1.0,0.0,340.0,111.0,0.0,0.0,0.0,1.0,9.0,0.0,0.0,0.0,0.0,0.0,0.0,0.0,0.0,0.0,0.0,0.0
2019,Maharashtra,27,Aurangabad,469,Aurangabad Railway,1.0,0.0,0.0,0.0,7.0,0.0,0.0,14.0,0.0,0.0,0.0,0.0,0.0,0.0,0.0,0.0,0.0,0.0,0.0,0.0,0.0,0.0,0.0,0.0,0.0
2019,Maharashtra,27,Aurangabad,469,Aurangabad Rural,6.0,0.0,0.0,0.0,84.0,0.0,0.0,179.0,74.0,0.0,0.0,0.0,4.0,2.0,0.0,0.0,0.0,0.0,0.0,0.0,0.0,0.0,0.0,0.0,0.0
2019,Maharashtra,27,Beed,470,Beed,58.0,158.0,0.0,206.0,168.0,1.0,8.0,272.0,115.0,263.0,11.0,1.0,38.0,7.0,137.0,51.0,12.0,2.0,5.0,0.0,62.0,64.0,22.0,0.0,80.0
2019,Maharashtra,27,Bhandara,471,Bhandara,27.0,96.0,0.0,97.0,177.0,2.0,0.0,168.0,44.0,47.0,4.0,0.0,3.0,2.0,46.0,61.0,17.0,1.0,8.0,1.0,59.0,14.0,0.0,0.0,45.0
2019,Maharashtra,27,Buldhana,472,Buldhana,39.0,131.0,0.0,271.0,188.0,0.0,0.0,275.0,123.0,188.0,13.0,0.0,22.0,6.0,124.0,74.0,23.0,0.0,6.0,2.0,131.0,103.0,3.0,3.0,75.0
2019,Maharashtra,27,Chandrapur,473,Chandrapur,36.0,213.0,0.0,181.0,295.0,2.0,0.0,340.0,129.0,113.0,5.0,0.0,8.0,0.0,102.0,159.0,54.0,6.0,3.0,8.0,116.0,40.0,0.0,3.0,98.0
2019,Maharashtra,27,Chhatrapati Sambhajinagar,469,Aurangabad Commissionerate,35.0,130.0,0.0,245.0,123.0,2.0,0.0,0.0,0.0,234.0,3.0,0.0,18.0,0.0,162.0,148.0,43.0,2.0,16.0,3.0,131.0,169.0,4.0,3.0,106.0
2019,Maharashtra,27,Chhatrapati Sambhajinagar,469,Aurangabad Railway,1.0,2.0,0.0,18.0,7.0,0.0,0.0,0.0,0.0,0.0,0.0,0.0,0.0,0.0,28.0,0.0,0.0,0.0,0.0,0.0,4.0,115.0,0.0,0.0,5.0
2019,Maharashtra,27,Chhatrapati Sambhajinagar,469,Aurangabad Rural,36.0,90.0,0.0,96.0,36.0,0.0,0.0,0.0,0.0,214.0,10.0,0.0,27.0,0.0,64.0,26.0,4.0,0.0,7.0,0.0,67.0,49.0,3.0,2.0,186.0
2019,Maharashtra,27,Dharashiv,488,Osmanabad,41.0,99.0,0.0,149.0,36.0,0.0,0.0,0.0,0.0,73.0,3.0,0.0,23.0,0.0,141.0,32.0,6.0,1.0,3.0,0.0,80.0,46.0,2.0,0.0,69.0
2019,Maharashtra,27,Dhule,474,Dhule,29.0,77.0,0.0,107.0,92.0,0.0,0.0,159.0,52.0,293.0,2.0,0.0,16.0,0.0,17.0,60.0,19.0,0.0,4.0,0.0,131.0,161.0,0.0,0.0,634.0
2019,Maharashtra,27,Gadchiroli,475,Gadchiroli,40.0,71.0,0.0,59.0,87.0,2.0,0.0,109.0,58.0,20.0,2.0,0.0,3.0,0.0,15.0,47.0,15.0,1.0,2.0,0.0,37.0,10.0,2.0,0.0,36.0
2019,Maharashtra,27,Gondia,476,Gondia,39.0,94.0,0.0,126.0,200.0,2.0,0.0,196.0,73.0,39.0,6.0,1.0,6.0,0.0,72.0,59.0,18.0,1.0,2.0,3.0,55.0,31.0,0.0,0.0,39.0
2019,Maharashtra,27,Hingoli,477,Hingoli,30.0,66.0,0.0,70.0,67.0,2.0,0.0,102.0,48.0,144.0,4.0,1.0,10.0,2.0,51.0,22.0,6.0,0.0,2.0,0.0,7.0,28.0,2.0,1.0,19.0
2019,Maharashtra,27,Jalgaon,478,Jalgaon,66.0,269.0,0.0,247.0,198.0,1.0,0.0,343.0,132.0,266.0,4.0,1.0,28.0,2.0,177.0,98.0,35.0,8.0,0.0,6.0,173.0,206.0,0.0,2.0,287.0
2019,Maharashtra,27,Jalna,479,Jalna,39.0,100.0,0.0,280.0,65.0,1.0,0.0,129.0,22.0,396.0,2.0,0.0,5.0,0.0,110.0,16.0,6.0,0.0,0.0,0.0,132.0,102.0,11.0,0.0,492.0
2019,Maharashtra,27,Kolhapur,480,Kolhapur,51.0,212.0,0.0,192.0,422.0,4.0,33.0,393.0,136.0,139.0,7.0,0.0,20.0,1.0,171.0,56.0,16.0,1.0,3.0,1.0,218.0,180.0,9.0,1.0,457.0
2019,Maharashtra,27,Latur,481,Latur,76.0,111.0,0.0,145.0,211.0,0.0,0.0,237.0,52.0,210.0,5.0,0.0,7.0,0.0,46.0,41.0,10.0,6.0,2.0,3.0,82.0,103.0,0.0,1.0,22.0
2019,Maharashtra,27,Mumbai,482,Mumbai Commissionerate,170.0,1426.0,3.0,2644.0,1310.0,3.0,152.0,0.0,1.0,699.0,17.0,2.0,41.0,0.0,779.0,5014.0,2028.0,24.0,163.0,8.0,5561.0,1117.0,358.0,37.0,7575.0
2019,Maharashtra,27,Mumbai,482,Mumbai Commr.,13.0,0.0,0.0,0.0,2011.0,0.0,20.0,3640.0,1319.0,0.0,0.0,0.0,0.0,63.0,0.0,0.0,0.0,0.0,0.0,0.0,0.0,0.0,0.0,0.0,0.0
2019,Maharashtra,27,Mumbai,482,Mumbai Railway,10.0,9.0,0.0,151.0,37.0,0.0,0.0,658.0,17.0,0.0,0.0,0.0,1.0,1.0,292.0,42.0,6.0,0.0,1.0,0.0,193.0,1525.0,15.0,0.0,55.0
2019,Maharashtra,27,Mumbai Suburban,483,Navi Mumbai,57.0,238.0,1.0,219.0,602.0,1.0,8.0,587.0,189.0,174.0,1.0,0.0,11.0,13.0,87.0,213.0,72.0,3.0,18.0,1.0,645.0,248.0,3.0,14.0,178.0
2019,Maharashtra,27,Nagpur,484,Nagpur Commissionerate,90.0,270.0,0.0,230.0,387.0,1.0,28.0,0.0,0.0,137.0,7.0,0.0,18.0,0.0,448.0,227.0,76.0,0.0,25.0,7.0,401.0,216.0,19.0,25.0,313.0
2019,Maharashtra,27,Nagpur,484,Nagpur Commr.,3.0,0.0,0.0,0.0,489.0,0.0,4.0,793.0,238.0,0.0,0.0,0.0,0.0,8.0,0.0,0.0,0.0,0.0,0.0,0.0,0.0,0.0,0.0,1.0,0.0
2019,Maharashtra,27,Nagpur,484,Nagpur Railway,3.0,3.0,0.0,7.0,5.0,0.0,0.0,8.0,0.0,1.0,0.0,0.0,0.0,0.0,25.0,0.0,0.0,0.0,0.0,0.0,1.0,15.0,0.0,0.0,5.0
2019,Maharashtra,27,Nagpur,484,Nagpur Rural,59.0,103.0,0.0,173.0,151.0,0.0,0.0,312.0,101.0,28.0,0.0,0.0,21.0,12.0,75.0,65.0,19.0,12.0,7.0,0.0,91.0,46.0,3.0,0.0,48.0
2019,Maharashtra,27,Nanded,485,Nanded,58.0,168.0,0.0,178.0,242.0,1.0,0.0,293.0,106.0,314.0,10.0,0.0,11.0,12.0,87.0,62.0,15.0,0.0,0.0,3.0,115.0,133.0,7.0,0.0,54.0
2019,Maharashtra,27,Nandurbar,486,Nandurbar,31.0,76.0,0.0,64.0,48.0,0.0,0.0,110.0,45.0,70.0,0.0,0.0,8.0,4.0,35.0,31.0,7.0,0.0,3.0,0.0,29.0,26.0,2.0,0.0,26.0
2019,Maharashtra,27,Nashik,487,Nasik Commissionerate,24.0,84.0,0.0,188.0,201.0,1.0,0.0,0.0,0.0,230.0,6.0,0.0,27.0,0.0,239.0,147.0,55.0,9.0,13.0,1.0,109.0,241.0,14.0,16.0,103.0
2019,Maharashtra,27,Nashik,487,Nasik Commr.,1.0,0.0,0.0,0.0,277.0,1.0,0.0,501.0,77.0,0.0,0.0,0.0,0.0,15.0,0.0,0.0,0.0,0.0,0.0,0.0,0.0,0.0,0.0,1.0,0.0
2019,Maharashtra,27,Nashik,487,Nasik Rural,48.0,338.0,0.0,193.0,308.0,0.0,0.0,401.0,137.0,474.0,2.0,0.0,38.0,1.0,149.0,25.0,5.0,1.0,3.0,4.0,122.0,90.0,29.0,0.0,154.0
2019,Maharashtra,27,Osmanabad,488,Osmanabad,1.0,0.0,0.0,0.0,63.0,0.0,0.0,144.0,77.0,0.0,0.0,0.0,1.0,0.0,0.0,0.0,0.0,0.0,0.0,0.0,0.0,0.0,0.0,0.0,0.0
2019,Maharashtra,27,Palghar,665,Palghar,77.0,329.0,0.0,257.0,896.0,0.0,29.0,826.0,231.0,100.0,4.0,0.0,27.0,27.0,129.0,130.0,23.0,13.0,15.0,31.0,470.0,297.0,88.0,5.0,178.0
2019,Maharashtra,27,Parbhani,489,Parbhani,33.0,103.0,0.0,94.0,166.0,0.0,0.0,214.0,78.0,208.0,6.0,0.0,13.0,11.0,135.0,40.0,16.0,0.0,2.0,0.0,35.0,51.0,0.0,0.0,159.0
2019,Maharashtra,27,Pune,490,Pimpri Chinchwad City,68.0,269.0,0.0,422.0,566.0,0.0,2.0,623.0,109.0,236.0,4.0,0.0,21.0,7.0,244.0,197.0,74.0,4.0,6.0,6.0,292.0,383.0,43.0,1.0,132.0
2019,Maharashtra,27,Pune,490,Pune Commissionerate,74.0,329.0,0.0,346.0,269.0,0.0,62.0,0.0,4.0,325.0,10.0,1.0,21.0,0.0,448.0,565.0,233.0,20.0,17.0,15.0,770.0,242.0,50.0,11.0,326.0
2019,Maharashtra,27,Pune,490,Pune Commr.,5.0,0.0,0.0,0.0,629.0,0.0,5.0,948.0,269.0,0.0,0.0,0.0,1.0,5.0,0.0,0.0,0.0,0.0,0.0,0.0,0.0,0.0,0.0,0.0,0.0
2019,Maharashtra,27,Pune,490,Pune Railway,4.0,5.0,0.0,9.0,3.0,0.0,0.0,13.0,3.0,0.0,0.0,0.0,0.0,0.0,11.0,0.0,0.0,0.0,0.0,0.0,8.0,28.0,0.0,0.0,7.0
2019,Maharashtra,27,Pune,490,Pune Rural,106.0,345.0,0.0,438.0,681.0,6.0,1.0,678.0,259.0,223.0,7.0,0.0,36.0,18.0,213.0,121.0,47.0,6.0,6.0,4.0,308.0,276.0,4.0,15.0,90.0
2019,Maharashtra,27,Raigad,491,Raigad,29.0,67.0,0.0,92.0,121.0,0.0,0.0,154.0,31.0,30.0,0.0,0.0,4.0,0.0,22.0,107.0,39.0,2.0,0.0,0.0,186.0,43.0,0.0,1.0,97.0
2019,Maharashtra,27,Ratnagiri,492,Ratnagiri,15.0,58.0,0.0,86.0,128.0,0.0,0.0,136.0,56.0,17.0,1.0,0.0,7.0,2.0,41.0,114.0,47.0,3.0,7.0,0.0,104.0,30.0,3.0,0.0,61.0
2019,Maharashtra,27,Sangli,493,Sangli,63.0,187.0,0.0,221.0,420.0,4.0,12.0,449.0,166.0,86.0,8.0,0.0,21.0,5.0,152.0,64.0,16.0,6.0,9.0,1.0,128.0,146.0,26.0,1.0,686.0
2019,Maharashtra,27,Satara,494,Satara,66.0,201.0,0.0,282.0,402.0,1.0,7.0,468.0,209.0,170.0,1.0,0.0,33.0,8.0,222.0,92.0,16.0,1.0,8.0,0.0,185.0,187.0,5.0,0.0,130.0
2019,Maharashtra,27,Sindhudurg,495,Sindhudurg,9.0,22.0,0.0,54.0,39.0,0.0,0.0,43.0,17.0,3.0,0.0,0.0,5.0,0.0,13.0,46.0,14.0,0.0,5.0,1.0,30.0,9.0,3.0,0.0,25.0
2019,Maharashtra,27,Solapur,496,Solapur Commissionerate,20.0,78.0,0.0,80.0,5.0,2.0,3.0,0.0,0.0,91.0,2.0,0.0,6.0,0.0,21.0,39.0,12.0,7.0,0.0,1.0,170.0,52.0,5.0,1.0,165.0
2019,Maharashtra,27,Solapur,496,Solapur Commr.,0.0,0.0,0.0,0.0,74.0,0.0,0.0,143.0,69.0,0.0,0.0,0.0,0.0,0.0,0.0,0.0,0.0,0.0,0.0,0.0,0.0,0.0,0.0,0.0,0.0
2019,Maharashtra,27,Solapur,496,Solapur Rural,65.0,242.0,0.0,331.0,353.0,1.0,6.0,412.0,202.0,151.0,8.0,0.0,37.0,0.0,176.0,130.0,44.0,0.0,8.0,0.0,220.0,126.0,6.0,1.0,114.0
2019,Maharashtra,27,Thane,497,Thane Commissionerate,86.0,439.0,0.0,456.0,261.0,2.0,74.0,0.0,1.0,429.0,10.0,0.0,34.0,0.0,497.0,433.0,82.0,72.0,29.0,15.0,607.0,574.0,28.0,1.0,565.0
2019,Maharashtra,27,Thane,497,Thane Commr.,9.0,0.0,0.0,0.0,950.0,2.0,3.0,1414.0,412.0,0.0,0.0,0.0,0.0,6.0,0.0,0.0,0.0,0.0,0.0,0.0,0.0,0.0,0.0,0.0,0.0
2019,Maharashtra,27,Thane,497,Thane Rural,45.0,209.0,0.0,205.0,257.0,0.0,19.0,405.0,123.0,113.0,6.0,0.0,13.0,1.0,114.0,54.0,8.0,4.0,5.0,3.0,213.0,155.0,10.0,0.0,161.0
2019,Maharashtra,27,Wardha,498,Wardha,44.0,74.0,0.0,151.0,217.0,0.0,0.0,226.0,102.0,45.0,4.0,0.0,8.0,1.0,106.0,162.0,52.0,6.0,15.0,2.0,74.0,34.0,9.0,0.0,104.0
2019,Maharashtra,27,Washim,499,Washim,35.0,79.0,0.0,108.0,70.0,0.0,0.0,125.0,50.0,168.0,5.0,0.0,15.0,0.0,17.0,23.0,4.0,0.0,2.0,3.0,41.0,36.0,2.0,1.0,14.0
2019,Maharashtra,27,Yavatmal,500,Yavatmal,62.0,208.0,0.0,262.0,287.0,0.0,0.0,324.0,125.0,243.0,5.0,0.0,12.0,5.0,117.0,73.0,24.0,0.0,2.0,2.0,69.0,47.0,2.0,0.0,50.0
2019,Manipur,14,Bishnupur,252,Bishnupur,3.0,22.0,4.0,5.0,7.0,0.0,3.0,16.0,11.0,0.0,0.0,0.0,0.0,0.0,0.0,0.0,0.0,0.0,0.0,0.0,7.0,0.0,0.0,0.0,13.0
2019,Manipur,14,Chandel,253,Chandel,1.0,2.0,0.0,0.0,0.0,0.0,0.0,2.0,2.0,0.0,0.0,0.0,0.0,0.0,0.0,0.0,0.0,0.0,0.0,0.0,0.0,1.0,0.0,0.0,1.0
2019,Manipur,14,Churachandpur,254,Churachandpur,4.0,1.0,0.0,1.0,7.0,0.0,0.0,8.0,2.0,0.0,0.0,0.0,0.0,0.0,0.0,1.0,0.0,0.0,0.0,0.0,4.0,0.0,0.0,0.0,43.0
2019,Manipur,14,Imphal East,255,Imphal East,7.0,28.0,6.0,19.0,20.0,2.0,0.0,26.0,6.0,3.0,0.0,0.0,0.0,0.0,0.0,0.0,0.0,0.0,0.0,0.0,25.0,6.0,1.0,0.0,21.0
2019,Manipur,14,Imphal West,256,Cid,0.0,0.0,0.0,9.0,0.0,0.0,0.0,1.0,0.0,0.0,0.0,0.0,0.0,0.0,0.0,1.0,0.0,0.0,0.0,2.0,21.0,0.0,0.0,0.0,0.0
2019,Manipur,14,Imphal West,256,Imphal West,14.0,44.0,0.0,24.0,14.0,0.0,5.0,48.0,24.0,4.0,0.0,0.0,2.0,0.0,0.0,2.0,0.0,0.0,0.0,2.0,22.0,0.0,4.0,0.0,17.0
2019,Manipur,14,Imphal West,256,Narcotic,0.0,0.0,0.0,0.0,0.0,0.0,0.0,0.0,0.0,0.0,0.0,0.0,0.0,0.0,0.0,0.0,0.0,0.0,0.0,0.0,0.0,0.0,0.0,0.0,0.0
2019,Manipur,14,Jiribam,713,Jiribam,2.0,4.0,0.0,0.0,0.0,0.0,0.0,0.0,0.0,1.0,0.0,0.0,0.0,0.0,0.0,0.0,0.0,0.0,0.0,0.0,1.0,0.0,0.0,0.0,5.0
2019,Manipur,14,Kakching,711,Kakching,1.0,11.0,0.0,2.0,8.0,0.0,0.0,11.0,5.0,2.0,0.0,0.0,0.0,0.0,0.0,0.0,0.0,0.0,0.0,0.0,1.0,0.0,0.0,0.0,9.0
2019,Manipur,14,Kamjong,717,Kamjong,0.0,0.0,0.0,0.0,0.0,0.0,0.0,0.0,0.0,0.0,0.0,0.0,0.0,0.0,0.0,0.0,0.0,0.0,0.0,0.0,0.0,0.0,0.0,0.0,2.0
2019,Manipur,14,Kangpokpi,712,Kangpokpi,3.0,0.0,0.0,1.0,0.0,3.0,0.0,0.0,0.0,0.0,0.0,0.0,0.0,0.0,0.0,0.0,0.0,0.0,0.0,0.0,0.0,0.0,0.0,0.0,10.0
2019,Manipur,14,Noney,714,Noney,5.0,0.0,0.0,0.0,0.0,0.0,0.0,0.0,0.0,0.0,0.0,0.0,0.0,0.0,0.0,0.0,0.0,0.0,0.0,0.0,0.0,1.0,0.0,0.0,24.0
2019,Manipur,14,Pherzawl,715,Pherzawl,1.0,0.0,0.0,0.0,0.0,0.0,0.0,0.0,0.0,0.0,0.0,0.0,0.0,0.0,0.0,0.0,0.0,0.0,0.0,0.0,0.0,0.0,0.0,0.0,1.0
2019,Manipur,14,Senapati,257,Senapati,2.0,2.0,0.0,1.0,0.0,1.0,0.0,0.0,0.0,0.0,0.0,0.0,0.0,0.0,0.0,0.0,0.0,0.0,0.0,0.0,4.0,0.0,0.0,0.0,1.0
2019,Manipur,14,Tamenglong,258,Tamenglong,2.0,1.0,0.0,0.0,0.0,1.0,0.0,1.0,1.0,0.0,0.0,0.0,0.0,0.0,0.0,0.0,0.0,0.0,0.0,0.0,0.0,0.0,0.0,0.0,3.0
2019,Manipur,14,Tengnoupal,716,Tengnoupal,3.0,4.0,0.0,3.0,0.0,0.0,8.0,3.0,2.0,1.0,0.0,0.0,0.0,0.0,0.0,0.0,0.0,0.0,0.0,0.0,2.0,1.0,7.0,0.0,6.0
2019,Manipur,14,Thoubal,259,Thoubal,6.0,9.0,0.0,5.0,3.0,0.0,0.0,31.0,5.0,4.0,0.0,0.0,1.0,0.0,0.0,0.0,0.0,0.0,0.0,0.0,13.0,0.0,1.0,0.0,13.0
2019,Manipur,14,Ukhrul,260,Ukhrul,3.0,4.0,0.0,0.0,1.0,0.0,0.0,1.0,0.0,0.0,0.0,0.0,0.0,0.0,0.0,0.0,0.0,0.0,0.0,0.0,1.0,0.0,0.0,0.0,18.0
2019,Meghalaya,17,East Garo Hills,273,East Garo Hills,2.0,9.0,0.0,0.0,0.0,1.0,0.0,0.0,0.0,1.0,0.0,0.0,0.0,0.0,0.0,5.0,0.0,0.0,0.0,3.0,4.0,17.0,5.0,1.0,1.0
2019,Meghalaya,17,East Garo Hills,273,Garo Hills East,0.0,0.0,0.0,0.0,0.0,0.0,0.0,19.0,13.0,0.0,0.0,0.0,0.0,0.0,0.0,0.0,0.0,0.0,0.0,0.0,0.0,0.0,0.0,1.0,0.0
2019,Meghalaya,17,East Jaintia Hills,657,East Jaintia Hills,14.0,16.0,0.0,6.0,9.0,0.0,0.0,0.0,0.0,1.0,0.0,0.0,0.0,0.0,0.0,0.0,0.0,0.0,0.0,0.0,5.0,9.0,2.0,1.0,34.0
2019,Meghalaya,17,East Jaintia Hills,657,Jaintia Hills East,0.0,0.0,0.0,7.0,0.0,0.0,0.0,32.0,0.0,0.0,0.0,0.0,0.0,0.0,0.0,0.0,0.0,0.0,0.0,0.0,0.0,0.0,0.0,0.0,0.0
2019,Meghalaya,17,East Khasi Hills,274,Cyber Cell,0.0,0.0,0.0,0.0,0.0,0.0,0.0,1.0,0.0,0.0,0.0,0.0,0.0,0.0,0.0,6.0,0.0,1.0,0.0,1.0,0.0,0.0,0.0,0.0,0.0
2019,Meghalaya,17,East Khasi Hills,274,East Khasi Hills,17.0,77.0,6.0,58.0,23.0,1.0,2.0,0.0,1.0,7.0,3.0,0.0,0.0,0.0,18.0,40.0,0.0,14.0,0.0,5.0,153.0,41.0,17.0,0.0,58.0
2019,Meghalaya,17,East Khasi Hills,274,Khasi Hills East,0.0,0.0,0.0,0.0,36.0,0.0,0.0,121.0,77.0,0.0,0.0,0.0,0.0,0.0,0.0,0.0,0.0,0.0,0.0,0.0,0.0,0.0,0.0,0.0,0.0
2019,Meghalaya,17,North Garo Hills,656,Garo Hills North,9.0,13.0,0.0,6.0,6.0,2.0,0.0,14.0,10.0,1.0,0.0,0.0,0.0,1.0,0.0,7.0,0.0,6.0,0.0,1.0,1.0,6.0,0.0,0.0,32.0
2019,Meghalaya,17,Ri Bhoi,276,Ri-Bhoi,9.0,98.0,25.0,18.0,5.0,2.0,0.0,45.0,21.0,1.0,1.0,0.0,0.0,0.0,7.0,21.0,0.0,6.0,0.0,2.0,17.0,14.0,5.0,0.0,32.0
2019,Meghalaya,17,South Garo Hills,277,Garo Hills South,0.0,0.0,0.0,0.0,0.0,0.0,0.0,11.0,1.0,0.0,0.0,0.0,0.0,0.0,0.0,0.0,0.0,0.0,0.0,0.0,0.0,0.0,0.0,0.0,0.0
2019,Meghalaya,17,South Garo Hills,277,South Garo Hills,1.0,7.0,0.0,2.0,1.0,0.0,0.0,0.0,0.0,4.0,0.0,0.0,0.0,0.0,0.0,1.0,0.0,1.0,0.0,0.0,0.0,10.0,0.0,0.0,3.0
2019,Meghalaya,17,South West Garo Hills,663,Garo Hills South West,0.0,0.0,0.0,0.0,0.0,0.0,0.0,7.0,7.0,0.0,0.0,0.0,0.0,0.0,0.0,0.0,0.0,0.0,0.0,0.0,0.0,0.0,0.0,0.0,0.0
2019,Meghalaya,17,South West Garo Hills,663,South West Garo Hills,1.0,21.0,0.0,4.0,4.0,0.0,0.0,0.0,0.0,0.0,0.0,0.0,0.0,0.0,0.0,2.0,0.0,1.0,0.0,0.0,0.0,5.0,2.0,0.0,0.0
2019,Meghalaya,17,South West Khasi Hills,658,Khasi Hills South West,0.0,0.0,0.0,0.0,0.0,0.0,0.0,11.0,11.0,0.0,0.0,0.0,0.0,0.0,0.0,0.0,0.0,0.0,0.0,0.0,0.0,0.0,0.0,0.0,0.0
2019,Meghalaya,17,South West Khasi Hills,658,South West Khasi Hills,2.0,12.0,0.0,2.0,0.0,0.0,0.0,0.0,0.0,1.0,0.0,0.0,0.0,0.0,0.0,3.0,0.0,3.0,0.0,0.0,0.0,0.0,3.0,0.0,2.0
2019,Meghalaya,17,West Garo Hills,278,Garo Hills West,2.0,0.0,0.0,1.0,4.0,0.0,1.0,39.0,17.0,0.0,0.0,0.0,0.0,1.0,0.0,0.0,0.0,0.0,0.0,0.0,0.0,0.0,0.0,0.0,0.0
2019,Meghalaya,17,West Garo Hills,278,West Garo Hills,10.0,21.0,1.0,18.0,4.0,4.0,1.0,0.0,1.0,6.0,0.0,0.0,0.0,0.0,6.0,0.0,0.0,0.0,0.0,0.0,4.0,12.0,0.0,0.0,17.0
2019,Meghalaya,17,West Jaintia Hills,275,Jaintia Hills West,2.0,0.0,0.0,0.0,3.0,0.0,0.0,43.0,35.0,0.0,0.0,0.0,0.0,0.0,0.0,0.0,0.0,0.0,0.0,0.0,0.0,0.0,0.0,1.0,0.0
2019,Meghalaya,17,West Jaintia Hills,275,West Jaintia Hills,10.0,39.0,1.0,2.0,0.0,0.0,0.0,0.0,0.0,0.0,0.0,0.0,0.0,0.0,5.0,0.0,0.0,0.0,0.0,0.0,3.0,6.0,0.0,1.0,5.0
2019,Meghalaya,17,West Khasi Hills,279,Khasi Hills West,0.0,0.0,0.0,0.0,3.0,0.0,0.0,36.0,32.0,0.0,0.0,0.0,0.0,0.0,0.0,0.0,0.0,0.0,0.0,0.0,0.0,0.0,0.0,0.0,0.0
2019,Meghalaya,17,West Khasi Hills,279,West Khasi Hills,1.0,36.0,1.0,1.0,0.0,0.0,0.0,0.0,0.0,1.0,0.0,0.0,0.0,0.0,5.0,8.0,4.0,0.0,0.0,0.0,9.0,3.0,1.0,0.0,35.0
2019,Mizoram,15,Aizawl,261,Aizawl,8.0,40.0,12.0,19.0,1.0,0.0,8.0,46.0,26.0,0.0,0.0,0.0,0.0,0.0,16.0,10.0,0.0,5.0,2.0,1.0,60.0,5.0,19.0,0.0,25.0
2019,Mizoram,15,Aizawl,261,Spl Narcotic,0.0,0.0,0.0,0.0,0.0,0.0,0.0,0.0,0.0,0.0,0.0,0.0,0.0,0.0,0.0,0.0,0.0,0.0,0.0,0.0,0.0,0.0,0.0,0.0,0.0
2019,Mizoram,15,Champhai,262,Champhai,3.0,13.0,2.0,4.0,0.0,0.0,12.0,24.0,15.0,2.0,0.0,0.0,0.0,0.0,5.0,0.0,0.0,0.0,0.0,0.0,2.0,0.0,1.0,0.0,5.0
2019,Mizoram,15,Kolasib,263,Kolasib,4.0,12.0,2.0,0.0,1.0,0.0,0.0,14.0,9.0,2.0,0.0,0.0,0.0,0.0,0.0,0.0,0.0,0.0,0.0,0.0,0.0,0.0,1.0,0.0,8.0
2019,Mizoram,15,Lawngtlai,264,Lawngtlai,2.0,12.0,0.0,3.0,0.0,0.0,0.0,7.0,7.0,0.0,0.0,0.0,0.0,0.0,0.0,0.0,0.0,0.0,0.0,0.0,0.0,0.0,1.0,0.0,1.0
2019,Mizoram,15,Lunglei,265,Lunglei,0.0,13.0,0.0,6.0,1.0,0.0,0.0,8.0,5.0,0.0,0.0,0.0,0.0,0.0,0.0,0.0,0.0,0.0,0.0,0.0,0.0,1.0,0.0,0.0,2.0
2019,Mizoram,15,Mamit,266,Mamit,4.0,12.0,2.0,2.0,0.0,0.0,0.0,11.0,7.0,1.0,0.0,0.0,0.0,0.0,1.0,0.0,0.0,0.0,0.0,0.0,0.0,1.0,3.0,0.0,0.0
2019,Mizoram,15,Saiha,267,Saiha,0.0,0.0,0.0,0.0,0.0,0.0,0.0,6.0,6.0,0.0,0.0,0.0,0.0,0.0,0.0,0.0,0.0,0.0,0.0,0.0,0.0,0.0,0.0,0.0,0.0
2019,Mizoram,15,Serchhip,268,Serchhip,0.0,11.0,5.0,1.0,0.0,0.0,0.0,9.0,4.0,0.0,0.0,0.0,0.0,0.0,0.0,0.0,0.0,0.0,0.0,0.0,1.0,0.0,1.0,0.0,0.0
2019,Mizoram,15,Siaha,267,Saiha,2.0,7.0,0.0,2.0,0.0,0.0,0.0,0.0,0.0,0.0,0.0,0.0,0.0,0.0,0.0,0.0,0.0,0.0,0.0,0.0,2.0,0.0,0.0,0.0,0.0
2019,Nagaland,24,Ahmadabad,438,Western Railway Ahmedabad,0.0,0.0,0.0,0.0,0.0,0.0,0.0,0.0,0.0,0.0,0.0,0.0,0.0,0.0,0.0,0.0,0.0,0.0,0.0,0.0,0.0,0.0,0.0,0.0,0.0
2019,Nagaland,13,Dimapur,244,Dimapur,8.0,8.0,0.0,4.0,39.0,6.0,2.0,37.0,5.0,0.0,0.0,0.0,0.0,1.0,9.0,1.0,0.0,1.0,0.0,0.0,16.0,24.0,14.0,0.0,6.0
2019,Nagaland,13,Kiphire,614,Kiphire,0.0,0.0,0.0,0.0,0.0,0.0,0.0,1.0,0.0,0.0,0.0,0.0,0.0,0.0,0.0,0.0,0.0,0.0,0.0,0.0,0.0,0.0,0.0,0.0,1.0
2019,Nagaland,13,Kohima,245,Kohima,4.0,9.0,0.0,7.0,1.0,0.0,0.0,10.0,5.0,0.0,0.0,0.0,0.0,2.0,0.0,0.0,0.0,0.0,0.0,0.0,9.0,1.0,7.0,0.0,3.0
2019,Nagaland,13,Longleng,615,Longleng,0.0,0.0,0.0,0.0,1.0,0.0,0.0,1.0,0.0,0.0,0.0,0.0,0.0,0.0,0.0,0.0,0.0,0.0,0.0,0.0,2.0,0.0,0.0,0.0,0.0
2019,Nagaland,13,Mokokchung,246,Mokokchung,7.0,2.0,0.0,0.0,0.0,0.0,0.0,2.0,1.0,0.0,0.0,0.0,0.0,0.0,0.0,0.0,0.0,0.0,0.0,0.0,3.0,0.0,0.0,0.0,0.0
2019,Nagaland,13,Mon,247,Mon,3.0,2.0,0.0,0.0,2.0,1.0,0.0,2.0,0.0,0.0,0.0,0.0,0.0,0.0,0.0,1.0,0.0,1.0,0.0,0.0,0.0,3.0,0.0,0.0,4.0
2019,Nagaland,13,Peren,613,Peren,2.0,0.0,0.0,0.0,0.0,0.0,0.0,0.0,0.0,0.0,0.0,0.0,0.0,0.0,0.0,0.0,0.0,0.0,0.0,0.0,0.0,0.0,0.0,0.0,3.0
2019,Nagaland,13,Phek,248,Phek,0.0,0.0,0.0,0.0,0.0,1.0,0.0,0.0,0.0,0.0,0.0,0.0,0.0,0.0,0.0,0.0,0.0,0.0,0.0,0.0,6.0,0.0,0.0,0.0,7.0
2019,Nagaland,13,Tuensang,249,Tuensang,0.0,4.0,2.0,0.0,0.0,0.0,0.0,2.0,0.0,0.0,0.0,0.0,0.0,0.0,0.0,0.0,0.0,0.0,0.0,0.0,0.0,0.0,0.0,0.0,6.0
2019,Nagaland,24,Vadodara,461,Western Railway Vadodara,0.0,0.0,0.0,0.0,0.0,0.0,0.0,0.0,0.0,0.0,0.0,0.0,0.0,0.0,0.0,0.0,0.0,0.0,0.0,0.0,0.0,0.0,0.0,0.0,0.0
2019,Nagaland,13,Wokha,250,Wokha,1.0,1.0,0.0,0.0,0.0,0.0,0.0,2.0,1.0,0.0,0.0,0.0,0.0,0.0,0.0,0.0,0.0,0.0,0.0,0.0,2.0,0.0,0.0,0.0,9.0
2019,Nagaland,13,Zunheboto,251,Zunheboto,2.0,0.0,0.0,0.0,1.0,0.0,0.0,2.0,0.0,0.0,0.0,0.0,0.0,0.0,0.0,0.0,0.0,0.0,0.0,0.0,1.0,1.0,0.0,0.0,0.0
2019,Odisha,21,Anugul,344,Angul,31.0,166.0,3.0,529.0,241.0,0.0,5.0,199.0,67.0,126.0,12.0,0.0,0.0,0.0,116.0,146.0,66.0,0.0,0.0,16.0,226.0,141.0,0.0,0.0,780.0
2019,Odisha,21,Balangir,345,Bolangir,36.0,114.0,5.0,540.0,308.0,0.0,0.0,208.0,40.0,99.0,4.0,0.0,0.0,0.0,68.0,88.0,36.0,0.0,0.0,32.0,139.0,128.0,0.0,0.0,36.0
2019,Odisha,21,Baleshwar,346,Balasore,71.0,459.0,106.0,901.0,728.0,1.0,0.0,724.0,138.0,140.0,37.0,0.0,2.0,0.0,7.0,78.0,20.0,0.0,2.0,0.0,200.0,194.0,0.0,5.0,563.0
2019,Odisha,21,Baleshwar,346,Berhampur,16.0,73.0,1.0,379.0,199.0,0.0,1.0,166.0,49.0,54.0,5.0,0.0,0.0,0.0,0.0,66.0,26.0,0.0,0.0,28.0,156.0,44.0,0.0,0.0,26.0
2019,Odisha,21,Bargarh,347,Baragarh,41.0,115.0,2.0,211.0,221.0,0.0,2.0,161.0,42.0,58.0,7.0,0.0,0.0,0.0,74.0,60.0,24.0,0.0,0.0,24.0,80.0,77.0,0.0,0.0,24.0
2019,Odisha,21,Bhadrak,348,Bhadrak,43.0,191.0,13.0,482.0,553.0,0.0,2.0,408.0,98.0,99.0,23.0,0.0,0.0,0.0,22.0,71.0,18.0,0.0,0.0,58.0,175.0,43.0,0.0,0.0,1627.0
2019,Odisha,21,Boudh,349,Boudh,13.0,24.0,0.0,157.0,59.0,0.0,0.0,44.0,14.0,24.0,4.0,0.0,0.0,0.0,2.0,12.0,6.0,0.0,0.0,0.0,17.0,15.0,0.0,0.0,6.0
2019,Odisha,21,Cuttack,350,Cid Cb,0.0,0.0,0.0,0.0,0.0,0.0,0.0,0.0,0.0,0.0,0.0,0.0,0.0,0.0,0.0,0.0,0.0,0.0,0.0,0.0,0.0,0.0,0.0,0.0,0.0
2019,Odisha,21,Cuttack,350,Cid Crime Branch,0.0,0.0,0.0,0.0,0.0,0.0,0.0,0.0,0.0,0.0,0.0,0.0,0.0,0.0,0.0,0.0,0.0,0.0,0.0,0.0,77.0,0.0,0.0,0.0,3.0
2019,Odisha,21,Cuttack,350,Cid Cyber Crime,0.0,0.0,0.0,7.0,0.0,0.0,0.0,0.0,0.0,0.0,0.0,0.0,0.0,0.0,0.0,116.0,50.0,0.0,0.0,32.0,50.0,0.0,0.0,0.0,50.0
2019,Odisha,21,Cuttack,350,Cuttack,50.0,100.0,8.0,221.0,266.0,0.0,0.0,187.0,52.0,66.0,22.0,0.0,0.0,0.0,4.0,50.0,14.0,0.0,0.0,44.0,129.0,113.0,0.0,0.0,14.0
2019,Odisha,21,Cuttack,350,Dcp Ctc,0.0,0.0,0.0,0.0,202.0,0.0,0.0,262.0,57.0,0.0,0.0,0.0,0.0,0.0,0.0,0.0,0.0,0.0,0.0,0.0,0.0,0.0,0.0,0.0,0.0
2019,Odisha,21,Cuttack,350,Dcp Cuttack,30.0,84.0,3.0,228.0,153.0,0.0,0.0,0.0,0.0,108.0,7.0,0.0,0.0,0.0,43.0,134.0,56.0,0.0,0.0,40.0,323.0,128.0,0.0,0.0,58.0
2019,Odisha,21,Cuttack,350,Srp(Cuttack),3.0,10.0,3.0,13.0,1.0,0.0,6.0,7.0,0.0,0.0,0.0,0.0,0.0,0.0,4.0,0.0,0.0,0.0,0.0,0.0,1.0,32.0,0.0,0.0,0.0
2019,Odisha,21,Deogarh,351,Deogarh,14.0,46.0,13.0,63.0,34.0,0.0,1.0,31.0,0.0,24.0,0.0,0.0,2.0,0.0,6.0,1.0,0.0,0.0,0.0,1.0,7.0,15.0,1.0,0.0,0.0
2019,Odisha,21,Dhenkanal,352,Dhenkanal,30.0,110.0,3.0,466.0,217.0,0.0,3.0,182.0,65.0,61.0,8.0,0.0,0.0,0.0,60.0,41.0,11.0,0.0,0.0,38.0,63.0,91.0,0.0,0.0,11.0
2019,Odisha,21,Gajapati,353,Gajapati,12.0,46.0,0.0,125.0,65.0,0.0,0.0,60.0,22.0,9.0,1.0,0.0,0.0,0.0,19.0,25.0,10.0,0.0,0.0,10.0,59.0,6.0,0.0,0.0,10.0
2019,Odisha,21,Ganjam,354,Ganjam,80.0,175.0,7.0,775.0,305.0,0.0,4.0,277.0,105.0,115.0,21.0,0.0,0.0,0.0,31.0,136.0,56.0,0.0,0.0,44.0,170.0,102.0,0.0,0.0,58.0
2019,Odisha,21,Jagatsinghapur,355,Jagatsinghpur,45.0,94.0,12.0,514.0,344.0,1.0,8.0,253.0,70.0,167.0,30.0,0.0,0.0,0.0,12.0,40.0,8.0,0.0,0.0,24.0,113.0,54.0,0.0,1.0,8.0
2019,Odisha,21,Jajapur,356,Jajpur,71.0,199.0,20.0,591.0,481.0,0.0,0.0,405.0,158.0,117.0,38.0,1.0,0.0,0.0,16.0,191.0,83.0,0.0,0.0,25.0,253.0,110.0,0.0,3.0,83.0
2019,Odisha,21,Jharsuguda,357,Jharsuguda,24.0,60.0,1.0,181.0,126.0,0.0,2.0,106.0,33.0,45.0,3.0,0.0,0.0,0.0,102.0,98.0,41.0,0.0,0.0,16.0,140.0,48.0,0.0,0.0,185.0
2019,Odisha,21,Kalahandi,358,Kalahandi,47.0,218.0,69.0,519.0,248.0,0.0,3.0,193.0,0.0,95.0,4.0,0.0,3.0,0.0,4.0,42.0,17.0,0.0,0.0,0.0,99.0,43.0,0.0,2.0,17.0
2019,Odisha,21,Kandhamal,359,Kandhamal,25.0,108.0,3.0,104.0,139.0,0.0,14.0,139.0,64.0,55.0,0.0,1.0,0.0,0.0,44.0,17.0,6.0,0.0,0.0,8.0,32.0,25.0,0.0,0.0,6.0
2019,Odisha,21,Kendrapara,360,Kendrapara,57.0,113.0,8.0,623.0,264.0,1.0,0.0,234.0,85.0,82.0,33.0,0.0,0.0,0.0,0.0,72.0,31.0,0.0,5.0,0.0,107.0,64.0,1.0,0.0,169.0
2019,Odisha,21,Kendujhar,361,Keonjhar,74.0,183.0,2.0,526.0,411.0,0.0,10.0,333.0,105.0,93.0,5.0,0.0,0.0,0.0,65.0,51.0,19.0,0.0,0.0,26.0,112.0,72.0,0.0,0.0,19.0
2019,Odisha,21,Khordha,362,Dcp Bbsr,0.0,0.0,0.0,0.0,296.0,0.0,0.0,404.0,103.0,0.0,0.0,0.0,0.0,0.0,0.0,0.0,0.0,0.0,0.0,0.0,0.0,0.0,0.0,0.0,0.0
2019,Odisha,21,Khordha,362,Dcp Bhubaneswar,39.0,219.0,0.0,207.0,228.0,0.0,0.0,0.0,0.0,120.0,8.0,0.0,0.0,0.0,41.0,224.0,63.0,0.0,0.0,48.0,713.0,297.0,0.0,0.0,2736.0
2019,Odisha,21,Khordha,362,Khurda,35.0,57.0,3.0,151.0,74.0,0.0,0.0,120.0,39.0,48.0,13.0,0.0,0.0,0.0,15.0,21.0,8.0,0.0,0.0,10.0,77.0,60.0,0.0,0.0,866.0
2019,Odisha,21,Koraput,363,Koraput,40.0,111.0,3.0,237.0,225.0,0.0,6.0,123.0,7.0,122.0,69.0,0.0,0.0,0.0,40.0,98.0,43.0,0.0,0.0,24.0,120.0,98.0,0.0,0.0,203.0
2019,Odisha,21,Malkangiri,364,Malkangiri,35.0,71.0,5.0,149.0,164.0,0.0,3.0,130.0,40.0,62.0,2.0,0.0,0.0,0.0,9.0,71.0,33.0,0.0,0.0,10.0,89.0,9.0,0.0,0.0,33.0
2019,Odisha,21,Mayurbhanj,365,Mayurbhanj,86.0,261.0,0.0,475.0,359.0,2.0,9.0,353.0,153.0,162.0,5.0,0.0,0.0,0.0,64.0,47.0,14.0,0.0,0.0,38.0,136.0,63.0,0.0,3.0,14.0
2019,Odisha,21,Nabarangpur,366,Nabarangpur,29.0,142.0,55.0,189.0,52.0,0.0,8.0,72.0,6.0,56.0,46.0,0.0,2.0,0.0,0.0,34.0,13.0,0.0,0.0,7.0,66.0,32.0,0.0,1.0,42.0
2019,Odisha,21,Nayagarh,367,Nayagarh,48.0,96.0,2.0,166.0,173.0,0.0,2.0,170.0,75.0,35.0,17.0,0.0,0.0,0.0,27.0,34.0,13.0,0.0,0.0,16.0,74.0,65.0,0.0,0.0,13.0
2019,Odisha,21,Nuapada,368,Nuapada,13.0,32.0,2.0,188.0,108.0,0.0,83.0,78.0,19.0,44.0,2.0,0.0,0.0,0.0,7.0,40.0,18.0,0.0,0.0,8.0,65.0,23.0,0.0,0.0,18.0
2019,Odisha,21,Puri,369,Puri,47.0,146.0,12.0,829.0,362.0,0.0,0.0,275.0,81.0,113.0,25.0,0.0,0.0,0.0,34.0,90.0,32.0,0.0,0.0,52.0,183.0,231.0,0.0,0.0,32.0
2019,Odisha,21,Rayagada,370,Rayagada,29.0,121.0,0.0,194.0,235.0,1.0,14.0,191.0,63.0,61.0,5.0,0.0,0.0,0.0,30.0,73.0,32.0,0.0,0.0,18.0,85.0,56.0,0.0,3.0,32.0
2019,Odisha,21,Sambalpur,371,Sambalpur,41.0,102.0,8.0,450.0,150.0,0.0,9.0,163.0,77.0,115.0,80.0,0.0,0.0,0.0,133.0,91.0,36.0,3.0,0.0,12.0,164.0,116.0,0.0,0.0,46.0
2019,Odisha,21,Sonepur,372,Sonepur,18.0,16.0,2.0,130.0,54.0,0.0,2.0,36.0,8.0,17.0,41.0,0.0,0.0,0.0,13.0,25.0,11.0,0.0,0.0,2.0,49.0,30.0,0.0,0.0,13.0
2019,Odisha,21,Sundargarh,373,Rourkela,36.0,111.0,1.0,204.0,250.0,0.0,4.0,219.0,71.0,58.0,2.0,1.0,0.0,0.0,55.0,98.0,43.0,0.0,0.0,24.0,138.0,161.0,0.0,1.0,253.0
2019,Odisha,21,Sundargarh,373,Srp(Rourkela),7.0,4.0,1.0,6.0,5.0,0.0,0.0,4.0,0.0,2.0,0.0,0.0,0.0,0.0,2.0,8.0,0.0,0.0,0.0,0.0,1.0,20.0,0.0,0.0,8.0
2019,Odisha,21,Sundargarh,373,Sundargarh,51.0,78.0,0.0,141.0,56.0,0.0,7.0,95.0,31.0,88.0,6.0,0.0,0.0,0.0,61.0,71.0,24.0,0.0,0.0,0.0,19.0,87.0,0.0,0.0,51.0
2019,Puducherry,34,Karaikal,598,Karaikal,0.0,0.0,0.0,0.0,0.0,0.0,0.0,0.0,0.0,0.0,0.0,0.0,0.0,0.0,0.0,0.0,0.0,0.0,0.0,0.0,0.0,0.0,0.0,0.0,0.0
2019,Puducherry,34,Pondicherry,600,Puducherry,29.0,68.0,0.0,23.0,0.0,0.0,0.0,50.0,48.0,8.0,6.0,0.0,0.0,0.0,2.0,4.0,0.0,0.0,0.0,2.0,51.0,23.0,0.0,0.0,221.0
2019,Punjab,3,Amritsar,27,Amritsar Rural,44.0,172.0,28.0,44.0,83.0,0.0,0.0,148.0,13.0,61.0,2.0,0.0,11.0,0.0,28.0,11.0,1.0,1.0,0.0,4.0,131.0,4.0,0.0,0.0,185.0
2019,Punjab,3,Amritsar,27,Cp Amritsar,20.0,146.0,31.0,25.0,97.0,0.0,3.0,129.0,14.0,48.0,2.0,0.0,10.0,0.0,9.0,19.0,7.0,0.0,0.0,3.0,91.0,7.0,1.0,0.0,167.0
2019,Punjab,3,Amritsar,27,Special Task Force,0.0,0.0,0.0,0.0,0.0,0.0,0.0,0.0,0.0,0.0,0.0,0.0,0.0,0.0,0.0,0.0,0.0,0.0,0.0,0.0,0.0,0.0,0.0,0.0,2.0
2019,Punjab,3,Barnala,605,Barnala,10.0,92.0,21.0,24.0,35.0,0.0,0.0,58.0,4.0,18.0,1.0,0.0,8.0,0.0,0.0,10.0,0.0,0.0,2.0,4.0,96.0,1.0,0.0,1.0,32.0
2019,Punjab,3,Bathinda,28,Bathinda,42.0,238.0,43.0,66.0,72.0,1.0,0.0,134.0,0.0,79.0,4.0,0.0,15.0,0.0,0.0,4.0,0.0,0.0,0.0,0.0,194.0,8.0,8.0,0.0,153.0
2019,Punjab,3,Faridkot,29,Faridkot,22.0,62.0,9.0,40.0,31.0,0.0,0.0,56.0,2.0,25.0,2.0,0.0,5.0,0.0,0.0,3.0,0.0,1.0,0.0,3.0,72.0,1.0,0.0,0.0,62.0
2019,Punjab,3,Fatehgarh Sahib,30,Fatehgarh Sahib,5.0,74.0,5.0,30.0,35.0,0.0,0.0,56.0,21.0,39.0,2.0,0.0,0.0,0.0,0.0,0.0,0.0,0.0,0.0,0.0,110.0,2.0,0.0,0.0,132.0
2019,Punjab,3,Fazilka,651,Fazilka,27.0,160.0,2.0,57.0,34.0,2.0,3.0,108.0,58.0,16.0,2.0,0.0,10.0,0.0,10.0,6.0,0.0,0.0,1.0,0.0,90.0,4.0,0.0,0.0,38.0
2019,Punjab,3,Ferozepur,31,Ferozepur,29.0,86.0,0.0,31.0,50.0,0.0,0.0,29.0,18.0,24.0,2.0,1.0,0.0,0.0,0.0,1.0,0.0,0.0,0.0,0.0,83.0,3.0,0.0,0.0,122.0
2019,Punjab,3,Gurdaspur,32,Batala,28.0,95.0,21.0,23.0,42.0,0.0,0.0,64.0,0.0,38.0,2.0,0.0,1.0,0.0,4.0,4.0,0.0,0.0,0.0,2.0,89.0,6.0,0.0,0.0,14.0
2019,Punjab,3,Gurdaspur,32,Gurdaspur,16.0,43.0,5.0,19.0,35.0,0.0,3.0,33.0,8.0,58.0,3.0,0.0,3.0,1.0,28.0,9.0,0.0,1.0,0.0,7.0,77.0,3.0,0.0,0.0,20.0
2019,Punjab,3,Hoshiarpur,33,Hoshiarpur,30.0,111.0,2.0,42.0,71.0,0.0,0.0,110.0,46.0,98.0,4.0,0.0,15.0,0.0,7.0,10.0,2.0,0.0,0.0,10.0,161.0,6.0,3.0,0.0,103.0
2019,Punjab,3,Jalandhar,34,Cp Jalandhar,10.0,138.0,20.0,58.0,103.0,0.0,0.0,132.0,0.0,142.0,3.0,1.0,6.0,0.0,30.0,29.0,5.0,0.0,1.0,2.0,170.0,4.0,2.0,0.0,150.0
2019,Punjab,3,Jalandhar,34,Jalandhar Rural,21.0,115.0,30.0,55.0,38.0,0.0,2.0,100.0,0.0,25.0,3.0,1.0,5.0,5.0,28.0,10.0,2.0,1.0,0.0,4.0,126.0,10.0,0.0,0.0,56.0
2019,Punjab,3,Kapurthala,35,Kapurthala,27.0,156.0,27.0,59.0,96.0,0.0,0.0,123.0,0.0,33.0,1.0,0.0,5.0,0.0,0.0,1.0,0.0,0.0,0.0,0.0,74.0,7.0,2.0,0.0,129.0
2019,Punjab,3,Ludhiana,36,Cp Ludhiana,61.0,348.0,21.0,96.0,203.0,0.0,4.0,328.0,79.0,143.0,12.0,2.0,11.0,0.0,39.0,71.0,20.0,0.0,10.0,1.0,250.0,12.0,2.0,0.0,629.0
2019,Punjab,3,Ludhiana,36,Khanna,17.0,62.0,14.0,16.0,30.0,0.0,0.0,54.0,6.0,32.0,3.0,0.0,11.0,0.0,0.0,6.0,0.0,0.0,0.0,0.0,91.0,2.0,4.0,0.0,51.0
2019,Punjab,3,Ludhiana,36,Ludhiana Rural,18.0,72.0,15.0,36.0,32.0,0.0,0.0,37.0,1.0,28.0,0.0,0.0,0.0,0.0,0.0,0.0,0.0,0.0,0.0,0.0,89.0,3.0,0.0,0.0,280.0
2019,Punjab,3,Mansa,37,Mansa,27.0,128.0,38.0,48.0,25.0,0.0,0.0,73.0,0.0,17.0,1.0,1.0,8.0,0.0,26.0,21.0,3.0,0.0,0.0,0.0,68.0,2.0,0.0,4.0,126.0
2019,Punjab,3,Moga,38,Moga,25.0,99.0,0.0,34.0,40.0,0.0,2.0,90.0,36.0,36.0,1.0,0.0,5.0,0.0,11.0,17.0,2.0,4.0,1.0,1.0,66.0,3.0,0.0,0.0,125.0
2019,Punjab,3,Pathankot,662,Pathankot,8.0,52.0,14.0,13.0,26.0,0.0,0.0,39.0,0.0,38.0,1.0,0.0,0.0,0.0,10.0,2.0,0.0,1.0,0.0,0.0,0.0,0.0,0.0,0.0,26.0
2019,Punjab,3,Patiala,41,Grp,8.0,4.0,0.0,3.0,4.0,0.0,0.0,10.0,3.0,0.0,1.0,0.0,4.0,0.0,6.0,0.0,0.0,0.0,0.0,0.0,2.0,0.0,0.0,0.0,12.0
2019,Punjab,3,Patiala,41,Patiala,53.0,183.0,36.0,108.0,117.0,0.0,2.0,165.0,0.0,153.0,9.0,3.0,14.0,0.0,46.0,15.0,0.0,3.0,0.0,4.0,279.0,5.0,0.0,4.0,240.0
2019,Punjab,3,Rupnagar,42,Ropar,16.0,48.0,16.0,43.0,25.0,0.0,0.0,35.0,0.0,48.0,2.0,0.0,4.0,0.0,0.0,10.0,0.0,0.0,0.0,10.0,124.0,6.0,3.0,0.0,27.0
2019,Punjab,3,S.A.S Nagar,608,Bureau Of Investigation,0.0,2.0,0.0,1.0,0.0,0.0,0.0,0.0,0.0,0.0,0.0,0.0,0.0,0.0,0.0,0.0,0.0,0.0,0.0,0.0,1.0,1.0,0.0,0.0,1.0
2019,Punjab,3,S.A.S Nagar,608,Intelligence Wing,0.0,0.0,0.0,0.0,0.0,0.0,0.0,0.0,0.0,0.0,0.0,0.0,0.0,0.0,0.0,0.0,0.0,0.0,0.0,0.0,0.0,0.0,0.0,0.0,0.0
2019,Punjab,3,S.A.S Nagar,608,Nri Wing,0.0,0.0,0.0,1.0,1.0,0.0,0.0,1.0,0.0,128.0,0.0,0.0,0.0,0.0,0.0,0.0,0.0,0.0,0.0,0.0,43.0,0.0,12.0,0.0,2.0
2019,Punjab,3,S.A.S Nagar,608,S.A.S Nagar,33.0,46.0,0.0,0.0,0.0,0.0,0.0,0.0,0.0,0.0,0.0,0.0,0.0,0.0,0.0,0.0,0.0,0.0,0.0,0.0,408.0,5.0,0.0,0.0,481.0
2019,Punjab,3,S.A.S Nagar,608,Sas Nagar,0.0,179.0,7.0,33.0,134.0,0.0,0.0,173.0,45.0,86.0,4.0,0.0,15.0,0.0,0.0,0.0,0.0,0.0,0.0,1.0,0.0,0.0,0.0,0.0,0.0
2019,Punjab,3,Sangrur,43,Sangrur,50.0,216.0,35.0,73.0,72.0,0.0,0.0,120.0,0.0,75.0,2.0,0.0,0.0,0.0,0.0,32.0,10.0,0.0,0.0,0.0,210.0,5.0,0.0,0.0,462.0
2019,Punjab,3,Sas Nagar,608,Bureau Of Investigation,0.0,0.0,0.0,0.0,0.0,0.0,0.0,0.0,0.0,0.0,0.0,0.0,0.0,0.0,0.0,27.0,10.0,1.0,2.0,0.0,9.0,0.0,0.0,0.0,14.0
2019,Punjab,3,Sas Nagar,608,Sas Nagar,0.0,0.0,0.0,0.0,0.0,0.0,0.0,0.0,0.0,0.0,0.0,0.0,0.0,0.0,0.0,33.0,6.0,2.0,4.0,1.0,6.0,0.0,2.0,0.0,15.0
2019,Punjab,3,Shahid Bhagat Singh Nagar,40,Sbs Nagar,14.0,73.0,16.0,13.0,21.0,0.0,0.0,42.0,0.0,35.0,0.0,0.0,6.0,0.0,0.0,3.0,0.0,0.0,0.0,3.0,0.0,4.0,1.0,0.0,11.0
2019,Punjab,3,Sri Muktsar Sahib,39,Muktsar,21.0,120.0,4.0,33.0,72.0,0.0,0.0,99.0,40.0,34.0,0.0,0.0,6.0,0.0,31.0,14.0,4.0,0.0,2.0,0.0,1.0,0.0,5.0,0.0,99.0
2019,Punjab,3,Tarn Taran,609,Tarn Taran,38.0,104.0,17.0,46.0,49.0,0.0,0.0,79.0,0.0,41.0,3.0,0.0,6.0,0.0,0.0,9.0,2.0,0.0,0.0,1.0,127.0,2.0,2.0,0.0,334.0
2019,Rajasthan,8,Ajmer,86,Ajmer,57.0,519.0,101.0,538.0,494.0,3.0,1.0,418.0,2.0,971.0,12.0,0.0,10.0,3.0,72.0,165.0,43.0,5.0,2.0,2.0,1339.0,63.0,123.0,1.0,148.0
2019,Rajasthan,8,Ajmer,86,Grp Ajmer,7.0,8.0,1.0,22.0,17.0,0.0,10.0,23.0,0.0,0.0,0.0,0.0,0.0,0.0,17.0,3.0,1.0,0.0,0.0,0.0,7.0,9.0,0.0,0.0,6.0
2019,Rajasthan,8,Alwar,87,Alwar,54.0,473.0,161.0,341.0,186.0,0.0,12.0,170.0,75.0,685.0,24.0,0.0,1.0,0.0,0.0,86.0,7.0,7.0,0.0,0.0,646.0,58.0,107.0,3.0,59.0
2019,Rajasthan,8,Banswara,88,Banswara,36.0,479.0,43.0,175.0,231.0,0.0,0.0,142.0,0.0,308.0,10.0,0.0,5.0,0.0,0.0,6.0,1.0,0.0,0.0,0.0,119.0,45.0,0.0,2.0,222.0
2019,Rajasthan,8,Baran,89,Baran,33.0,246.0,63.0,441.0,274.0,0.0,0.0,254.0,0.0,471.0,2.0,0.0,7.0,0.0,4.0,4.0,1.0,0.0,0.0,2.0,1.0,12.0,14.0,0.0,71.0
2019,Rajasthan,8,Barmer,90,Barmer,40.0,396.0,94.0,468.0,92.0,1.0,0.0,182.0,0.0,402.0,17.0,0.0,12.0,11.0,121.0,80.0,17.0,0.0,6.0,2.0,290.0,26.0,117.0,0.0,60.0
2019,Rajasthan,8,Bharatpur,91,Bharatpur,87.0,585.0,129.0,122.0,266.0,6.0,0.0,181.0,138.0,836.0,37.0,0.0,2.0,0.0,77.0,18.0,0.0,7.0,0.0,1.0,887.0,38.0,0.0,0.0,4039.0
2019,Rajasthan,8,Bhilwara,92,Bhilwara,41.0,433.0,39.0,419.0,323.0,0.0,0.0,218.0,64.0,777.0,8.0,0.0,15.0,0.0,96.0,31.0,0.0,0.0,0.0,0.0,822.0,62.0,6.0,1.0,222.0
2019,Rajasthan,8,Bikaner,93,Bikaner,54.0,463.0,90.0,222.0,140.0,1.0,0.0,177.0,89.0,607.0,10.0,0.0,7.0,0.0,0.0,27.0,0.0,0.0,0.0,0.0,361.0,18.0,240.0,0.0,1828.0
2019,Rajasthan,8,Bundi,94,Bundi,15.0,242.0,25.0,282.0,184.0,0.0,0.0,88.0,20.0,390.0,4.0,0.0,4.0,0.0,30.0,30.0,15.0,0.0,0.0,0.0,7.0,19.0,20.0,0.0,394.0
2019,Rajasthan,8,Chittorgarh,95,Chittorgarh,32.0,279.0,54.0,223.0,178.0,0.0,0.0,142.0,0.0,574.0,5.0,0.0,9.0,0.0,106.0,6.0,0.0,1.0,0.0,0.0,325.0,52.0,37.0,3.0,502.0
2019,Rajasthan,8,Churu,96,Churu,38.0,318.0,55.0,81.0,103.0,0.0,0.0,106.0,0.0,464.0,13.0,0.0,4.0,0.0,0.0,18.0,0.0,0.0,0.0,0.0,0.0,18.0,553.0,0.0,1154.0
2019,Rajasthan,8,Dausa,97,Dausa,34.0,260.0,52.0,67.0,143.0,0.0,0.0,61.0,11.0,316.0,19.0,0.0,0.0,0.0,36.0,68.0,31.0,0.0,0.0,6.0,541.0,21.0,0.0,0.0,1312.0
2019,Rajasthan,8,Dholpur,98,Dholpur,67.0,222.0,49.0,185.0,119.0,0.0,1.0,154.0,22.0,310.0,20.0,0.0,1.0,0.0,92.0,29.0,14.0,1.0,0.0,0.0,276.0,12.0,0.0,0.0,929.0
2019,Rajasthan,8,Dungarpur,99,Dungarpur,33.0,335.0,46.0,117.0,187.0,0.0,0.0,236.0,0.0,135.0,10.0,0.0,1.0,0.0,181.0,5.0,0.0,0.0,0.0,0.0,93.0,49.0,0.0,0.0,57.0
2019,Rajasthan,8,Ganganagar,100,Ganganagar,68.0,515.0,94.0,314.0,250.0,1.0,5.0,275.0,12.0,914.0,14.0,1.0,7.0,3.0,115.0,78.0,18.0,3.0,0.0,4.0,667.0,34.0,318.0,1.0,748.0
2019,Rajasthan,8,Hanumangarh,101,Hanumangarh,53.0,399.0,86.0,286.0,168.0,0.0,0.0,227.0,5.0,746.0,19.0,0.0,5.0,0.0,98.0,11.0,0.0,1.0,0.0,2.0,0.0,16.0,244.0,0.0,847.0
2019,Rajasthan,8,Jaipur,102,Jaipur Crime,0.0,0.0,0.0,0.0,0.0,0.0,0.0,0.0,0.0,0.0,0.0,0.0,0.0,0.0,0.0,22.0,0.0,6.0,0.0,3.0,0.0,0.0,0.0,0.0,0.0
2019,Rajasthan,8,Jaipur,102,Jaipur East,18.0,282.0,26.0,303.0,335.0,1.0,0.0,291.0,0.0,374.0,6.0,0.0,5.0,3.0,181.0,249.0,85.0,30.0,5.0,5.0,595.0,49.0,3.0,1.0,228.0
2019,Rajasthan,8,Jaipur,102,Jaipur Metro,0.0,0.0,0.0,0.0,0.0,0.0,0.0,0.0,0.0,0.0,0.0,0.0,0.0,0.0,0.0,0.0,0.0,0.0,0.0,0.0,0.0,0.0,0.0,0.0,0.0
2019,Rajasthan,8,Jaipur,102,Jaipur North,14.0,158.0,20.0,138.0,128.0,0.0,0.0,166.0,40.0,325.0,2.0,0.0,0.0,0.0,125.0,86.0,17.0,5.0,0.0,3.0,13.0,28.0,0.0,0.0,660.0
2019,Rajasthan,8,Jaipur,102,Jaipur Rural,62.0,273.0,61.0,179.0,138.0,0.0,0.0,0.0,59.0,405.0,11.0,0.0,9.0,0.0,114.0,150.0,0.0,10.0,0.0,26.0,574.0,50.0,103.0,0.0,1894.0
2019,Rajasthan,8,Jaipur,102,Jaipur South,19.0,298.0,29.0,225.0,238.0,0.0,0.0,213.0,19.0,302.0,7.0,0.0,2.0,0.0,55.0,140.0,0.0,45.0,0.0,11.0,1035.0,44.0,209.0,0.0,1223.0
2019,Rajasthan,8,Jaipur,102,Jaipur West,42.0,310.0,28.0,197.0,303.0,1.0,0.0,240.0,48.0,524.0,11.0,0.0,4.0,0.0,72.0,161.0,0.0,50.0,0.0,0.0,1917.0,68.0,18.0,2.0,959.0
2019,Rajasthan,8,Jaipur,102,Scrb,0.0,0.0,0.0,0.0,0.0,0.0,0.0,0.0,0.0,0.0,0.0,0.0,0.0,0.0,0.0,18.0,0.0,4.0,0.0,0.0,0.0,0.0,0.0,0.0,0.0
2019,Rajasthan,8,Jaipur,102,Sog,0.0,0.0,0.0,0.0,0.0,0.0,0.0,0.0,0.0,0.0,0.0,0.0,0.0,0.0,0.0,3.0,1.0,0.0,0.0,0.0,12.0,0.0,10.0,0.0,1.0
2019,Rajasthan,8,Jaipur,102,Ssb,0.0,0.0,0.0,0.0,0.0,0.0,0.0,0.0,0.0,0.0,0.0,0.0,0.0,0.0,0.0,0.0,0.0,0.0,0.0,0.0,0.0,0.0,0.0,0.0,0.0
2019,Rajasthan,8,Jaipur (Gramin),783,Jaipur Rural,1.0,30.0,0.0,20.0,57.0,0.0,0.0,182.0,59.0,0.0,0.0,0.0,0.0,0.0,0.0,0.0,0.0,0.0,0.0,0.0,0.0,0.0,0.0,0.0,0.0
2019,Rajasthan,8,Jaisalmer,103,Jaisalmer,12.0,98.0,25.0,149.0,25.0,0.0,0.0,46.0,0.0,71.0,9.0,0.0,2.0,0.0,58.0,62.0,12.0,0.0,5.0,5.0,145.0,19.0,84.0,2.0,228.0
2019,Rajasthan,8,Jalore,104,Jalore,33.0,171.0,28.0,171.0,98.0,2.0,0.0,33.0,12.0,212.0,13.0,0.0,3.0,0.0,20.0,11.0,0.0,0.0,0.0,0.0,0.0,27.0,262.0,0.0,0.0
2019,Rajasthan,8,Jhalawar,105,Jhalawar,47.0,330.0,48.0,527.0,369.0,0.0,1.0,364.0,1.0,610.0,8.0,1.0,10.0,0.0,182.0,11.0,3.0,1.0,0.0,1.0,233.0,45.0,0.0,0.0,31.0
2019,Rajasthan,8,Jhunjhunu,106,Jhunjhunu,62.0,304.0,31.0,157.0,173.0,0.0,0.0,51.0,3.0,472.0,14.0,0.0,5.0,0.0,117.0,68.0,22.0,12.0,0.0,0.0,536.0,31.0,208.0,0.0,1754.0
2019,Rajasthan,8,Jodhpur,107,Grp Jodhpur,1.0,6.0,0.0,6.0,5.0,0.0,0.0,11.0,5.0,0.0,0.0,0.0,2.0,0.0,7.0,0.0,0.0,0.0,0.0,0.0,0.0,2.0,0.0,0.0,6.0
2019,Rajasthan,8,Jodhpur,107,Jodhpur East,16.0,138.0,19.0,207.0,64.0,0.0,0.0,60.0,12.0,165.0,8.0,0.0,5.0,0.0,70.0,116.0,27.0,17.0,0.0,5.0,14.0,29.0,233.0,2.0,444.0
2019,Rajasthan,8,Jodhpur,107,Jodhpur Rural,34.0,205.0,39.0,257.0,117.0,1.0,0.0,124.0,1.0,218.0,19.0,1.0,4.0,0.0,92.0,19.0,0.0,0.0,0.0,0.0,52.0,27.0,263.0,0.0,369.0
2019,Rajasthan,8,Jodhpur,107,Jodhpur West,20.0,127.0,17.0,206.0,176.0,0.0,0.0,177.0,29.0,267.0,9.0,0.0,6.0,0.0,112.0,198.0,64.0,2.0,4.0,1.0,511.0,61.0,186.0,1.0,473.0
2019,Rajasthan,8,Karauli,108,Karauli,40.0,204.0,80.0,94.0,168.0,0.0,0.0,93.0,24.0,356.0,6.0,0.0,1.0,0.0,0.0,13.0,0.0,0.0,0.0,0.0,386.0,11.0,1.0,0.0,2203.0
2019,Rajasthan,8,Khairthal-Tijara,770,Bhiwadi,61.0,292.0,44.0,163.0,155.0,1.0,0.0,113.0,1.0,434.0,35.0,0.0,0.0,15.0,0.0,23.0,4.0,0.0,0.0,0.0,0.0,83.0,0.0,3.0,85.0
2019,Rajasthan,8,Kota,109,Kota City,34.0,293.0,27.0,277.0,406.0,1.0,0.0,336.0,6.0,471.0,4.0,0.0,7.0,0.0,409.0,51.0,7.0,1.0,6.0,5.0,744.0,35.0,36.0,4.0,40.0
2019,Rajasthan,8,Kota,109,Kota Rural,14.0,125.0,25.0,194.0,177.0,0.0,0.0,130.0,18.0,250.0,3.0,0.0,1.0,0.0,0.0,1.0,0.0,0.0,0.0,0.0,154.0,18.0,5.0,0.0,567.0
2019,Rajasthan,8,Nagaur,110,Nagaur,68.0,344.0,81.0,318.0,187.0,0.0,2.0,193.0,0.0,625.0,17.0,0.0,3.0,0.0,117.0,20.0,4.0,6.0,0.0,4.0,456.0,28.0,179.0,0.0,983.0
2019,Rajasthan,8,Pali,111,Pali,49.0,289.0,63.0,428.0,207.0,0.0,3.0,197.0,145.0,613.0,8.0,0.0,3.0,0.0,0.0,65.0,24.0,0.0,0.0,5.0,769.0,60.0,62.0,2.0,2211.0
2019,Rajasthan,8,Pratapgarh,629,Pratapgarh,29.0,351.0,55.0,197.0,236.0,0.0,2.0,154.0,0.0,276.0,4.0,0.0,5.0,0.0,76.0,3.0,0.0,0.0,0.0,0.0,178.0,9.0,20.0,0.0,277.0
2019,Rajasthan,8,Rajsamand,112,Rajsamand,37.0,150.0,34.0,167.0,232.0,0.0,0.0,176.0,0.0,375.0,1.0,0.0,3.0,0.0,43.0,19.0,7.0,5.0,0.0,0.0,238.0,26.0,36.0,0.0,10.0
2019,Rajasthan,8,Sawai Madhopur,113,Sawai Madhopur,28.0,230.0,48.0,213.0,125.0,1.0,0.0,132.0,0.0,319.0,8.0,0.0,0.0,0.0,110.0,73.0,11.0,0.0,0.0,4.0,224.0,17.0,216.0,1.0,1657.0
2019,Rajasthan,8,Sikar,114,Sikar,64.0,332.0,60.0,235.0,276.0,0.0,0.0,204.0,44.0,678.0,7.0,0.0,4.0,0.0,73.0,108.0,46.0,16.0,0.0,0.0,1162.0,59.0,68.0,2.0,2955.0
2019,Rajasthan,8,Sirohi,115,Sirohi,35.0,177.0,29.0,154.0,91.0,0.0,0.0,108.0,14.0,265.0,4.0,0.0,3.0,0.0,55.0,31.0,14.0,1.0,0.0,0.0,268.0,23.0,1.0,0.0,321.0
2019,Rajasthan,8,Tonk,116,Tonk,22.0,240.0,71.0,214.0,190.0,0.0,0.0,105.0,7.0,305.0,6.0,0.0,4.0,0.0,63.0,54.0,0.0,4.0,0.0,3.0,356.0,24.0,23.0,2.0,660.0
2019,Rajasthan,8,Udaipur,117,Udaipur,82.0,487.0,101.0,303.0,571.0,0.0,6.0,432.0,0.0,616.0,12.0,0.0,13.0,0.0,346.0,5.0,0.0,0.0,0.0,7.0,584.0,99.0,37.0,8.0,432.0
2019,Sikkim,11,Gangtok,225,East,10.0,40.0,2.0,14.0,29.0,0.0,0.0,80.0,45.0,1.0,0.0,0.0,0.0,0.0,0.0,1.0,0.0,0.0,0.0,2.0,20.0,1.0,3.0,0.0,3.0
2019,Sikkim,11,Gyalshing,228,West,2.0,15.0,0.0,3.0,2.0,0.0,0.0,18.0,14.0,0.0,0.0,0.0,0.0,1.0,2.0,0.0,0.0,0.0,0.0,0.0,2.0,2.0,0.0,0.0,0.0
2019,Sikkim,11,Mangan,226,North,1.0,9.0,0.0,1.0,2.0,0.0,0.0,12.0,7.0,0.0,0.0,0.0,0.0,2.0,0.0,0.0,0.0,0.0,0.0,0.0,1.0,1.0,0.0,0.0,1.0
2019,Sikkim,11,Namchi,227,South,4.0,16.0,0.0,8.0,18.0,0.0,0.0,53.0,25.0,0.0,0.0,0.0,1.0,3.0,0.0,1.0,0.0,0.0,0.0,1.0,2.0,1.0,0.0,0.0,4.0
2019,Tamil Nadu,33,Ariyalur,610,Ariyalur,22.0,43.0,0.0,7.0,4.0,0.0,0.0,50.0,18.0,6.0,0.0,0.0,6.0,0.0,36.0,0.0,0.0,0.0,0.0,0.0,23.0,13.0,0.0,0.0,64.0
2019,Tamil Nadu,33,Chennai,568,Chennai,186.0,228.0,8.0,89.0,10.0,13.0,3.0,731.0,231.0,116.0,4.0,2.0,32.0,33.0,709.0,160.0,13.0,21.0,18.0,42.0,564.0,710.0,38.0,195.0,282.0
2019,Tamil Nadu,33,Chennai,568,Cyber Cell,0.0,0.0,0.0,0.0,0.0,0.0,0.0,2.0,0.0,0.0,0.0,0.0,0.0,0.0,0.0,16.0,3.0,2.0,0.0,2.0,2.0,0.0,2.0,0.0,5.0
2019,Tamil Nadu,33,Chennai,568,Other Units,0.0,0.0,0.0,0.0,0.0,0.0,0.0,0.0,0.0,0.0,0.0,0.0,0.0,0.0,0.0,0.0,0.0,0.0,0.0,0.0,0.0,0.0,0.0,0.0,0.0
2019,Tamil Nadu,33,Chennai,568,Railway Chennai,9.0,3.0,0.0,5.0,2.0,0.0,6.0,35.0,3.0,0.0,0.0,0.0,1.0,1.0,59.0,0.0,0.0,0.0,0.0,0.0,9.0,149.0,0.0,0.0,44.0
2019,Tamil Nadu,33,Coimbatore,569,Coimbatore,51.0,57.0,0.0,10.0,11.0,0.0,2.0,68.0,53.0,28.0,1.0,0.0,2.0,0.0,4.0,1.0,0.0,1.0,0.0,0.0,59.0,64.0,3.0,11.0,246.0
2019,Tamil Nadu,33,Coimbatore,569,Coimbatore City,41.0,32.0,0.0,5.0,2.0,1.0,0.0,45.0,40.0,18.0,0.0,0.0,0.0,0.0,31.0,14.0,2.0,0.0,2.0,0.0,104.0,83.0,1.0,20.0,9.0
2019,Tamil Nadu,33,Coimbatore,569,Cyber Cell,0.0,0.0,0.0,0.0,0.0,0.0,0.0,0.0,0.0,0.0,0.0,0.0,0.0,0.0,0.0,0.0,0.0,0.0,0.0,1.0,1.0,0.0,2.0,0.0,0.0
2019,Tamil Nadu,33,Cuddalore,570,Cuddalore,51.0,103.0,0.0,65.0,23.0,0.0,0.0,170.0,82.0,39.0,11.0,0.0,21.0,0.0,123.0,0.0,0.0,0.0,0.0,0.0,34.0,27.0,2.0,3.0,78.0
2019,Tamil Nadu,33,Dharmapuri,571,Dharmapuri,19.0,55.0,0.0,23.0,19.0,0.0,0.0,120.0,55.0,8.0,4.0,0.0,5.0,9.0,15.0,5.0,0.0,0.0,0.0,5.0,18.0,10.0,0.0,0.0,94.0
2019,Tamil Nadu,33,Dindigul,572,Dindigul,78.0,78.0,0.0,29.0,22.0,1.0,0.0,120.0,67.0,46.0,2.0,0.0,8.0,0.0,82.0,2.0,0.0,0.0,0.0,2.0,24.0,35.0,0.0,18.0,655.0
2019,Tamil Nadu,33,Erode,573,Erode,35.0,79.0,0.0,17.0,56.0,0.0,0.0,101.0,74.0,13.0,3.0,0.0,0.0,0.0,0.0,0.0,0.0,0.0,0.0,0.0,92.0,38.0,0.0,16.0,203.0
2019,Tamil Nadu,33,Kanchipuram,574,Kanchipuram,62.0,60.0,0.0,6.0,5.0,1.0,0.0,56.0,56.0,11.0,3.0,0.0,8.0,0.0,0.0,0.0,0.0,0.0,0.0,0.0,69.0,101.0,0.0,3.0,2493.0
2019,Tamil Nadu,33,Kanniyakumari,575,Kanyakumari,33.0,85.0,1.0,21.0,29.0,0.0,0.0,115.0,87.0,11.0,71.0,1.0,10.0,0.0,52.0,33.0,0.0,1.0,0.0,26.0,105.0,37.0,0.0,0.0,46.0
2019,Tamil Nadu,33,Karur,576,Karur,15.0,21.0,0.0,7.0,3.0,0.0,0.0,23.0,20.0,8.0,1.0,0.0,3.0,0.0,33.0,0.0,0.0,0.0,0.0,0.0,29.0,29.0,0.0,0.0,154.0
2019,Tamil Nadu,33,Krishnagiri,577,Krishnagiri,44.0,73.0,1.0,15.0,19.0,2.0,0.0,84.0,68.0,6.0,0.0,0.0,7.0,0.0,18.0,14.0,0.0,0.0,4.0,0.0,43.0,26.0,1.0,6.0,71.0
2019,Tamil Nadu,33,Madurai,578,Madurai,68.0,78.0,2.0,33.0,17.0,1.0,0.0,75.0,63.0,35.0,30.0,1.0,0.0,0.0,89.0,19.0,0.0,2.0,0.0,16.0,112.0,125.0,0.0,2.0,89.0
2019,Tamil Nadu,33,Madurai,578,Madurai City,46.0,74.0,0.0,15.0,8.0,1.0,0.0,89.0,80.0,66.0,0.0,0.0,5.0,0.0,164.0,4.0,0.0,0.0,0.0,1.0,272.0,129.0,0.0,0.0,26.0
2019,Tamil Nadu,33,Nagapattinam,579,Nagapattinam,39.0,68.0,0.0,41.0,24.0,0.0,0.0,72.0,59.0,7.0,1.0,0.0,0.0,12.0,61.0,0.0,0.0,0.0,0.0,0.0,16.0,22.0,0.0,0.0,0.0
2019,Tamil Nadu,33,Namakkal,580,Namakkal,43.0,61.0,0.0,26.0,24.0,0.0,3.0,80.0,46.0,9.0,4.0,0.0,4.0,0.0,23.0,5.0,0.0,2.0,0.0,3.0,94.0,29.0,0.0,4.0,469.0
2019,Tamil Nadu,33,Perambalur,581,Perambalur,14.0,41.0,0.0,26.0,2.0,0.0,0.0,88.0,45.0,0.0,0.0,0.0,3.0,0.0,12.0,10.0,0.0,0.0,5.0,0.0,5.0,21.0,2.0,0.0,5.0
2019,Tamil Nadu,33,Pudukkottai,582,Pudukottai,43.0,38.0,2.0,27.0,6.0,0.0,0.0,45.0,31.0,18.0,0.0,0.0,5.0,0.0,49.0,27.0,0.0,0.0,0.0,13.0,55.0,39.0,0.0,0.0,161.0
2019,Tamil Nadu,33,Ramanathapuram,583,Ramnathapuram,50.0,57.0,2.0,10.0,11.0,0.0,2.0,59.0,43.0,7.0,12.0,0.0,0.0,0.0,81.0,7.0,0.0,0.0,0.0,7.0,65.0,39.0,0.0,0.0,40.0
2019,Tamil Nadu,33,Salem,584,Salem,42.0,80.0,0.0,46.0,20.0,0.0,0.0,87.0,70.0,5.0,0.0,0.0,7.0,0.0,46.0,0.0,0.0,0.0,0.0,0.0,34.0,31.0,0.0,1.0,551.0
2019,Tamil Nadu,33,Salem,584,Salem City,28.0,57.0,0.0,7.0,0.0,0.0,0.0,56.0,54.0,23.0,2.0,0.0,0.0,0.0,69.0,4.0,0.0,1.0,1.0,0.0,46.0,68.0,4.0,9.0,127.0
2019,Tamil Nadu,33,Sivaganga,585,Sivagangai,46.0,51.0,1.0,18.0,46.0,0.0,0.0,60.0,48.0,27.0,0.0,0.0,3.0,0.0,248.0,9.0,0.0,4.0,0.0,4.0,90.0,67.0,29.0,0.0,171.0
2019,Tamil Nadu,33,Thanjavur,586,Thanjavur,64.0,69.0,0.0,40.0,36.0,0.0,0.0,68.0,44.0,17.0,8.0,0.0,7.0,4.0,61.0,30.0,0.0,0.0,11.0,0.0,35.0,52.0,0.0,0.0,134.0
2019,Tamil Nadu,33,The Nilgiris,587,Nilgiris,15.0,26.0,0.0,2.0,1.0,0.0,0.0,34.0,37.0,3.0,0.0,0.0,6.0,0.0,8.0,0.0,0.0,0.0,0.0,0.0,9.0,3.0,0.0,0.0,344.0
2019,Tamil Nadu,33,Theni,588,Theni,38.0,93.0,0.0,6.0,3.0,0.0,0.0,106.0,93.0,46.0,1.0,0.0,0.0,0.0,33.0,12.0,0.0,0.0,6.0,0.0,71.0,6.0,0.0,5.0,48.0
2019,Tamil Nadu,33,Thiruvallur,589,Thiruvallur,43.0,44.0,0.0,6.0,4.0,0.0,0.0,62.0,38.0,11.0,0.0,0.0,8.0,15.0,32.0,6.0,0.0,1.0,0.0,0.0,55.0,56.0,1.0,2.0,46.0
2019,Tamil Nadu,33,Thiruvarur,590,Thiruvarur,21.0,54.0,0.0,16.0,19.0,0.0,0.0,58.0,53.0,16.0,3.0,0.0,0.0,0.0,76.0,8.0,0.0,2.0,0.0,2.0,20.0,27.0,3.0,0.0,827.0
2019,Tamil Nadu,33,Tiruchirappalli,591,Railway Trichy,2.0,2.0,0.0,1.0,0.0,0.0,0.0,18.0,1.0,0.0,0.0,0.0,2.0,0.0,9.0,0.0,0.0,0.0,0.0,0.0,3.0,35.0,0.0,0.0,16.0
2019,Tamil Nadu,33,Tiruchirappalli,591,Trichy,55.0,64.0,0.0,14.0,15.0,0.0,2.0,128.0,46.0,31.0,0.0,0.0,3.0,14.0,70.0,4.0,0.0,0.0,0.0,2.0,54.0,50.0,8.0,6.0,671.0
2019,Tamil Nadu,33,Tiruchirappalli,591,Trichy City,21.0,26.0,0.0,10.0,4.0,5.0,0.0,36.0,32.0,26.0,7.0,0.0,4.0,0.0,72.0,27.0,3.0,0.0,9.0,0.0,83.0,56.0,13.0,11.0,14.0
2019,Tamil Nadu,33,Tirunelveli,592,Thirunelveli,64.0,144.0,0.0,52.0,19.0,0.0,0.0,366.0,152.0,14.0,24.0,0.0,7.0,15.0,288.0,19.0,0.0,1.0,0.0,19.0,90.0,41.0,15.0,6.0,994.0
2019,Tamil Nadu,33,Tirunelveli,592,Thirunelveli City,16.0,26.0,0.0,5.0,2.0,0.0,0.0,27.0,27.0,2.0,11.0,0.0,4.0,0.0,20.0,7.0,1.0,1.0,1.0,0.0,64.0,26.0,2.0,6.0,38.0
2019,Tamil Nadu,33,Tiruppur,634,Tiruppur,32.0,35.0,0.0,10.0,2.0,0.0,0.0,46.0,44.0,12.0,0.0,0.0,0.0,0.0,24.0,2.0,0.0,0.0,1.0,0.0,3.0,49.0,0.0,2.0,20.0
2019,Tamil Nadu,33,Tiruppur,634,Tiruppur City,29.0,21.0,0.0,4.0,2.0,0.0,0.0,28.0,26.0,5.0,0.0,0.0,0.0,0.0,6.0,3.0,1.0,0.0,0.0,0.0,17.0,29.0,0.0,9.0,23.0
2019,Tamil Nadu,33,Tiruvannamalai,593,Thiruvannamalai,45.0,94.0,0.0,6.0,26.0,3.0,0.0,113.0,70.0,9.0,4.0,0.0,6.0,0.0,53.0,0.0,0.0,0.0,0.0,0.0,44.0,21.0,2.0,0.0,721.0
2019,Tamil Nadu,33,Tuticorin,594,Thoothukudi,76.0,69.0,0.0,22.0,4.0,0.0,0.0,137.0,97.0,25.0,4.0,0.0,5.0,6.0,117.0,4.0,0.0,1.0,0.0,4.0,70.0,52.0,1.0,6.0,296.0
2019,Tamil Nadu,33,Vellore,595,Vellore,93.0,125.0,0.0,16.0,54.0,0.0,21.0,227.0,115.0,19.0,1.0,0.0,29.0,0.0,131.0,2.0,0.0,0.0,1.0,0.0,44.0,69.0,0.0,0.0,647.0
2019,Tamil Nadu,33,Villupuram,596,Villupuram,88.0,156.0,0.0,45.0,72.0,0.0,0.0,145.0,84.0,25.0,32.0,0.0,27.0,0.0,59.0,16.0,0.0,0.0,3.0,11.0,91.0,36.0,3.0,5.0,481.0
2019,Tamil Nadu,33,Virudhunagar,597,Virudhunagar,60.0,63.0,0.0,10.0,4.0,0.0,0.0,109.0,70.0,13.0,21.0,0.0,4.0,1.0,49.0,19.0,0.0,0.0,0.0,5.0,86.0,57.0,0.0,5.0,1635.0
2019,Telangana,36,Adilabad,501,Adilabad,12.0,44.0,0.0,39.0,32.0,0.0,0.0,63.0,34.0,108.0,1.0,0.0,11.0,0.0,43.0,18.0,3.0,0.0,0.0,0.0,67.0,4.0,2.0,0.0,39.0
2019,Telangana,36,Bhadradri Kothagudem,690,Bhadradri Kothagudem,36.0,98.0,0.0,131.0,110.0,0.0,0.0,187.0,90.0,278.0,5.0,0.0,17.0,0.0,8.0,26.0,4.0,0.0,3.0,0.0,161.0,10.0,0.0,0.0,107.0
2019,Telangana,36,Hyderabad,507,Cyberabad Commissionerate,118.0,522.0,0.0,802.0,597.0,2.0,71.0,1100.0,314.0,1278.0,26.0,0.0,66.0,28.0,158.0,0.0,0.0,0.0,0.0,1.0,1601.0,98.0,14.0,7.0,306.0
2019,Telangana,36,Hyderabad,507,Hyderabad Commissionerate,86.0,507.0,3.0,458.0,312.0,3.0,8.0,506.0,283.0,1569.0,22.0,0.0,31.0,0.0,402.0,1379.0,0.0,0.0,0.0,155.0,1198.0,132.0,416.0,0.0,973.0
2019,Telangana,36,Hyderabad,507,Railway Police Secunderabad,3.0,2.0,0.0,9.0,2.0,0.0,0.0,22.0,2.0,0.0,0.0,0.0,0.0,0.0,19.0,0.0,0.0,0.0,0.0,0.0,35.0,15.0,0.0,0.0,32.0
2019,Telangana,36,Jagitial,681,Jagitial,16.0,7.0,0.0,0.0,0.0,0.0,0.0,0.0,0.0,0.0,0.0,0.0,0.0,0.0,0.0,0.0,0.0,0.0,0.0,0.0,265.0,7.0,0.0,0.0,1058.0
2019,Telangana,36,Jagitial,681,Jagityal,0.0,33.0,0.0,74.0,19.0,0.0,0.0,57.0,35.0,159.0,4.0,0.0,10.0,0.0,56.0,0.0,0.0,0.0,0.0,0.0,0.0,0.0,0.0,0.0,0.0
2019,Telangana,36,Jagityal,681,Jagityal,0.0,0.0,0.0,0.0,0.0,0.0,0.0,0.0,0.0,0.0,0.0,0.0,0.0,0.0,0.0,40.0,13.0,0.0,1.0,0.0,13.0,0.0,0.0,0.0,26.0
2019,Telangana,36,Jayashankar Bhupalapally,687,Jayashankar Bhupalpalli,13.0,13.0,0.0,55.0,36.0,0.0,0.0,9.0,8.0,43.0,0.0,0.0,8.0,0.0,18.0,8.0,2.0,0.0,0.0,4.0,47.0,1.0,54.0,0.0,211.0
2019,Telangana,36,Jogulamba Gadwal,695,Jogulamba Gadwal,13.0,41.0,0.0,55.0,9.0,0.0,0.0,42.0,34.0,24.0,1.0,0.0,4.0,0.0,16.0,20.0,10.0,0.0,0.0,0.0,142.0,1.0,0.0,0.0,61.0
2019,Telangana,36,Kamareddy,685,Kamareddy,28.0,36.0,3.0,85.0,14.0,0.0,2.0,32.0,17.0,170.0,1.0,0.0,5.0,0.0,40.0,21.0,0.0,10.0,1.0,5.0,108.0,10.0,4.0,0.0,154.0
2019,Telangana,36,Karimnagar,508,Karimnagar Commissionerate,18.0,45.0,0.0,135.0,21.0,2.0,12.0,62.0,45.0,284.0,9.0,0.0,15.0,0.0,52.0,47.0,4.0,0.0,19.0,0.0,270.0,3.0,0.0,1.0,737.0
2019,Telangana,36,Khammam,509,Khammam Commissionerate,14.0,99.0,0.0,215.0,132.0,0.0,3.0,258.0,91.0,316.0,5.0,0.0,18.0,0.0,16.0,119.0,49.0,0.0,2.0,0.0,242.0,11.0,16.0,9.0,843.0
2019,Telangana,36,Kumuram Bheem Asifabad,699,Kumaram Bheem Asifabad,24.0,41.0,7.0,57.0,13.0,0.0,0.0,28.0,25.0,90.0,4.0,0.0,7.0,0.0,24.0,16.0,4.0,0.0,2.0,0.0,281.0,2.0,1.0,0.0,27.0
2019,Telangana,36,Mahabubabad,688,Mahabubabad,13.0,60.0,4.0,96.0,74.0,0.0,0.0,85.0,40.0,121.0,6.0,0.0,7.0,0.0,49.0,18.0,6.0,0.0,1.0,0.0,132.0,2.0,3.0,1.0,52.0
2019,Telangana,36,Mahabubnagar,512,Mahabubnagar,22.0,177.0,0.0,75.0,65.0,0.0,0.0,126.0,63.0,83.0,2.0,0.0,10.0,0.0,27.0,17.0,2.0,0.0,0.0,7.0,86.0,7.0,5.0,0.0,194.0
2019,Telangana,36,Medak,513,Medak,19.0,45.0,2.0,76.0,22.0,0.0,0.0,58.0,52.0,130.0,7.0,0.0,12.0,0.0,7.0,2.0,0.0,2.0,0.0,0.0,55.0,5.0,12.0,0.0,514.0
2019,Telangana,36,Mulugu,720,Mulug,9.0,9.0,0.0,41.0,25.0,0.0,0.0,10.0,7.0,31.0,2.0,0.0,5.0,0.0,13.0,10.0,2.0,1.0,0.0,2.0,17.0,6.0,20.0,0.0,131.0
2019,Telangana,36,Nagarkurnool,694,Nagarkurnool,18.0,35.0,0.0,57.0,47.0,0.0,0.0,68.0,36.0,73.0,2.0,0.0,9.0,2.0,11.0,8.0,4.0,0.0,0.0,0.0,64.0,0.0,10.0,0.0,220.0
2019,Telangana,36,Nalgonda,514,Nalgonda,49.0,112.0,1.0,246.0,21.0,0.0,0.0,151.0,80.0,279.0,7.0,0.0,19.0,0.0,63.0,29.0,5.0,2.0,1.0,2.0,384.0,8.0,10.0,0.0,1162.0
2019,Telangana,36,Narayanpet,721,Narayanpet,10.0,69.0,0.0,23.0,30.0,0.0,0.0,72.0,44.0,37.0,1.0,0.0,5.0,0.0,22.0,0.0,0.0,0.0,0.0,0.0,28.0,1.0,9.0,0.0,106.0
2019,Telangana,36,Nirmal,680,Nirmal,9.0,26.0,0.0,83.0,17.0,0.0,0.0,30.0,24.0,87.0,1.0,0.0,10.0,0.0,10.0,20.0,3.0,0.0,5.0,0.0,76.0,2.0,0.0,0.0,68.0
2019,Telangana,36,Nizamabad,516,Nizamabad Commissionerate,36.0,93.0,1.0,167.0,27.0,3.0,7.0,96.0,61.0,329.0,9.0,0.0,22.0,0.0,25.0,61.0,23.0,0.0,6.0,0.0,347.0,20.0,8.0,0.0,270.0
2019,Telangana,36,Peddapalli,682,Ramagundam Commissionerate,37.0,105.0,8.0,276.0,73.0,0.0,0.0,181.0,79.0,475.0,10.0,0.0,22.0,6.0,158.0,90.0,31.0,2.0,2.0,8.0,540.0,9.0,1.0,2.0,75.0
2019,Telangana,36,Rajanna Sircilla,683,Rajanna Siricilla,9.0,30.0,0.0,52.0,3.0,0.0,4.0,33.0,27.0,137.0,2.0,0.0,0.0,0.0,29.0,36.0,5.0,0.0,4.0,0.0,113.0,7.0,1.0,0.0,858.0
2019,Telangana,36,Ranga Reddy,518,Cyberabad Commissionerate,0.0,0.0,0.0,0.0,0.0,0.0,0.0,0.0,0.0,0.0,0.0,0.0,0.0,0.0,0.0,942.0,425.0,13.0,20.0,3.0,340.0,0.0,0.0,0.0,479.0
2019,Telangana,36,Sangareddy,691,Sangareddy,49.0,69.0,0.0,126.0,10.0,0.0,0.0,66.0,41.0,174.0,3.0,0.0,16.0,0.0,34.0,7.0,0.0,0.0,3.0,2.0,49.0,12.0,32.0,0.0,741.0
2019,Telangana,36,Siddipet,692,Siddipet Commissionerate,13.0,78.0,0.0,138.0,14.0,0.0,0.0,98.0,60.0,241.0,9.0,0.0,10.0,0.0,23.0,14.0,0.0,11.0,0.0,3.0,203.0,5.0,11.0,0.0,256.0
2019,Telangana,36,Suryapet,696,Suryapet,29.0,105.0,5.0,196.0,26.0,0.0,0.0,103.0,82.0,282.0,1.0,1.0,7.0,0.0,2.0,1.0,0.0,0.0,0.0,0.0,306.0,2.0,16.0,1.0,586.0
2019,Telangana,36,Vikarabad,698,Vikarabad,30.0,71.0,0.0,93.0,36.0,0.0,0.0,149.0,64.0,136.0,3.0,0.0,7.0,1.0,18.0,14.0,1.0,1.0,4.0,0.0,67.0,2.0,7.0,0.0,122.0
2019,Telangana,36,Wanaparthy,693,Wanaparthy,16.0,42.0,0.0,30.0,6.0,0.0,0.0,35.0,28.0,59.0,0.0,0.0,3.0,0.0,19.0,6.0,0.0,0.0,0.0,0.0,85.0,4.0,5.0,0.0,32.0
2019,Telangana,36,Warangal,522,Warangal Commissionerate,49.0,120.0,3.0,259.0,245.0,1.0,4.0,248.0,93.0,469.0,17.0,1.0,34.0,0.0,79.0,176.0,0.0,1.0,0.0,0.0,613.0,21.0,0.0,1.0,1420.0
2019,Telangana,36,Yadadri Bhuvanagiri,697,Rachakonda Commissionerate,91.0,477.0,0.0,762.0,63.0,0.0,41.0,237.0,141.0,1080.0,9.0,1.0,18.0,86.0,316.0,605.0,35.0,8.0,5.0,0.0,1763.0,142.0,0.0,0.0,4544.0
2019,The Dadra And Nagar Haveli And Daman And Diu,38,Dadra And Nagar Haveli,465,Dadra And Nagar Haveli,7.0,38.0,0.0,3.0,9.0,0.0,0.0,53.0,39.0,3.0,3.0,0.0,0.0,0.0,12.0,0.0,0.0,0.0,0.0,0.0,19.0,3.0,3.0,0.0,10.0
2019,The Dadra And Nagar Haveli And Daman And Diu,38,Daman,463,Daman,6.0,14.0,0.0,6.0,24.0,0.0,0.0,36.0,11.0,2.0,1.0,0.0,0.0,0.0,10.0,3.0,0.0,1.0,0.0,2.0,17.0,5.0,2.0,1.0,18.0
2019,The Dadra And Nagar Haveli And Daman And Diu,38,Diu,464,Diu,0.0,3.0,0.0,2.0,2.0,0.0,0.0,7.0,4.0,2.0,1.0,0.0,0.0,1.0,1.0,0.0,0.0,0.0,0.0,0.0,1.0,1.0,0.0,0.0,0.0
2019,Tripura,16,Dhalai,269,Dhalai,13.0,28.0,2.0,7.0,14.0,0.0,3.0,35.0,22.0,18.0,2.0,0.0,3.0,0.0,2.0,0.0,0.0,0.0,0.0,0.0,8.0,1.0,1.0,0.0,0.0
2019,Tripura,16,Gomati,654,Gomati,18.0,31.0,1.0,17.0,9.0,0.0,0.0,29.0,18.0,68.0,7.0,0.0,0.0,0.0,2.0,6.0,0.0,0.0,1.0,3.0,15.0,4.0,6.0,0.0,56.0
2019,Tripura,16,Khowai,652,Kowai,18.0,31.0,0.0,15.0,24.0,0.0,2.0,26.0,7.0,17.0,4.0,0.0,2.0,0.0,0.0,0.0,0.0,0.0,0.0,0.0,18.0,0.0,0.0,0.0,33.0
2019,Tripura,16,North Tripura,270,North,25.0,20.0,1.0,7.0,12.0,0.0,0.0,32.0,24.0,42.0,0.0,0.0,0.0,0.0,0.0,6.0,0.0,0.0,0.0,2.0,18.0,5.0,0.0,0.0,53.0
2019,Tripura,16,Sepahijala,653,Sipahijala,1.0,0.0,0.0,0.0,14.0,0.0,0.0,40.0,25.0,0.0,0.0,0.0,0.0,0.0,0.0,0.0,0.0,0.0,0.0,0.0,0.0,0.0,0.0,0.0,0.0
2019,Tripura,16,South Tripura,271,South,22.0,24.0,3.0,15.0,40.0,1.0,0.0,37.0,12.0,69.0,3.0,0.0,1.0,0.0,3.0,0.0,0.0,0.0,0.0,0.0,24.0,2.0,3.0,0.0,6.0
2019,Tripura,16,Unakoti,655,Sipahijala,17.0,44.0,0.0,9.0,14.0,2.0,0.0,0.0,2.0,77.0,9.0,1.0,2.0,0.0,5.0,1.0,0.0,1.0,0.0,0.0,9.0,1.0,4.0,0.0,16.0
2019,Tripura,16,Unakoti,655,Unakoti,12.0,46.0,0.0,17.0,13.0,0.0,0.0,32.0,22.0,23.0,6.0,0.0,1.0,0.0,6.0,1.0,0.0,1.0,0.0,0.0,12.0,5.0,0.0,0.0,35.0
2019,Tripura,16,West Tripura,272,Grp,1.0,0.0,0.0,2.0,0.0,0.0,0.0,0.0,0.0,0.0,0.0,0.0,0.0,0.0,0.0,0.0,0.0,0.0,0.0,0.0,0.0,0.0,0.0,0.0,1.0
2019,Tripura,16,West Tripura,272,West,27.0,112.0,2.0,69.0,41.0,4.0,0.0,80.0,46.0,137.0,7.0,0.0,1.0,0.0,23.0,8.0,0.0,1.0,0.0,6.0,64.0,11.0,22.0,0.0,34.0
2019,Uttar Pradesh,9,Agra,118,Agra,134.0,262.0,0.0,413.0,613.0,4.0,0.0,776.0,261.0,439.0,84.0,1.0,2.0,0.0,0.0,180.0,29.0,9.0,0.0,35.0,336.0,83.0,0.0,4.0,2909.0
2019,Uttar Pradesh,9,Aligarh,119,Aligarh,126.0,180.0,2.0,461.0,663.0,2.0,6.0,653.0,167.0,634.0,63.0,3.0,17.0,0.0,0.0,155.0,0.0,0.0,0.0,0.0,0.0,95.0,0.0,0.0,920.0
2019,Uttar Pradesh,9,Ambedkar Nagar,121,Ambedkar Nagar,27.0,75.0,3.0,132.0,114.0,0.0,0.0,51.0,42.0,138.0,15.0,0.0,0.0,0.0,0.0,170.0,52.0,0.0,0.0,0.0,122.0,20.0,0.0,0.0,52.0
2019,Uttar Pradesh,9,Amethi,640,Amethi,44.0,96.0,6.0,127.0,63.0,1.0,0.0,135.0,106.0,138.0,13.0,1.0,0.0,0.0,8.0,137.0,40.0,0.0,0.0,4.0,84.0,29.0,0.0,0.0,40.0
2019,Uttar Pradesh,9,Amroha,154,Amroha,40.0,62.0,0.0,84.0,36.0,0.0,0.0,45.0,41.0,206.0,12.0,1.0,0.0,0.0,0.0,30.0,4.0,0.0,0.0,18.0,102.0,15.0,0.0,0.0,1036.0
2019,Uttar Pradesh,9,Auraiya,122,Auraiya,45.0,120.0,0.0,120.0,220.0,0.0,0.0,195.0,88.0,160.0,35.0,0.0,1.0,0.0,14.0,53.0,0.0,0.0,0.0,0.0,43.0,31.0,0.0,0.0,759.0
2019,Uttar Pradesh,9,Ayodhya,140,Ayodhya,36.0,260.0,9.0,198.0,254.0,0.0,0.0,272.0,70.0,17.0,282.0,0.0,2.0,0.0,0.0,43.0,0.0,5.0,0.0,11.0,0.0,15.0,2.0,0.0,110.0
2019,Uttar Pradesh,9,Azamgarh,123,Azamgarh,67.0,112.0,1.0,116.0,267.0,1.0,0.0,189.0,118.0,159.0,177.0,0.0,5.0,0.0,79.0,72.0,0.0,6.0,1.0,22.0,207.0,35.0,0.0,0.0,389.0
2019,Uttar Pradesh,9,Baghpat,124,Baghpat,63.0,142.0,17.0,85.0,176.0,0.0,0.0,175.0,54.0,78.0,14.0,0.0,0.0,0.0,0.0,35.0,0.0,0.0,0.0,20.0,0.0,39.0,0.0,0.0,742.0
2019,Uttar Pradesh,9,Bahraich,125,Bahraich,58.0,84.0,4.0,168.0,357.0,0.0,0.0,227.0,130.0,25.0,498.0,1.0,0.0,0.0,0.0,62.0,0.0,0.0,0.0,0.0,48.0,19.0,39.0,0.0,190.0
2019,Uttar Pradesh,9,Ballia,126,Ballia,18.0,57.0,6.0,138.0,154.0,0.0,0.0,193.0,98.0,100.0,118.0,0.0,3.0,0.0,0.0,70.0,2.0,1.0,8.0,24.0,120.0,9.0,10.0,0.0,28.0
2019,Uttar Pradesh,9,Balrampur,127,Balrampur,20.0,85.0,0.0,45.0,111.0,0.0,0.0,146.0,58.0,5.0,102.0,0.0,0.0,0.0,0.0,62.0,0.0,0.0,0.0,6.0,38.0,5.0,23.0,0.0,75.0
2019,Uttar Pradesh,9,Banda,128,Banda,52.0,123.0,1.0,102.0,106.0,1.0,0.0,183.0,67.0,101.0,37.0,0.0,14.0,1.0,0.0,31.0,3.0,2.0,0.0,11.0,48.0,25.0,6.0,0.0,65.0
2019,Uttar Pradesh,9,Bara Banki,129,Barabanki,51.0,267.0,2.0,130.0,19.0,1.0,0.0,0.0,1.0,291.0,45.0,0.0,11.0,0.0,76.0,74.0,0.0,0.0,0.0,0.0,104.0,14.0,58.0,0.0,0.0
2019,Uttar Pradesh,9,Barabanki,129,Barabanki,8.0,2.0,0.0,1.0,174.0,1.0,0.0,454.0,102.0,0.0,0.0,0.0,0.0,0.0,0.0,0.0,0.0,0.0,0.0,0.0,0.0,0.0,0.0,0.0,0.0
2019,Uttar Pradesh,9,Bareilly,130,Bareilly,97.0,245.0,6.0,418.0,470.0,0.0,8.0,269.0,220.0,355.0,407.0,4.0,0.0,0.0,50.0,281.0,0.0,0.0,3.0,0.0,424.0,62.0,0.0,7.0,2631.0
2019,Uttar Pradesh,9,Basti,131,Basti,23.0,230.0,29.0,108.0,92.0,0.0,0.0,173.0,56.0,134.0,17.0,3.0,3.0,0.0,0.0,81.0,0.0,0.0,0.0,0.0,62.0,10.0,0.0,0.0,290.0
2019,Uttar Pradesh,9,Bhadohi,179,Bhadohi,21.0,59.0,0.0,24.0,110.0,0.0,0.0,88.0,21.0,72.0,91.0,2.0,5.0,0.0,0.0,26.0,0.0,1.0,0.0,0.0,67.0,9.0,0.0,0.0,38.0
2019,Uttar Pradesh,9,Bijnor,132,Bijnor,66.0,169.0,16.0,142.0,60.0,0.0,0.0,128.0,130.0,229.0,457.0,1.0,0.0,0.0,0.0,82.0,0.0,0.0,0.0,28.0,0.0,30.0,0.0,0.0,156.0
2019,Uttar Pradesh,9,Budaun,133,Badaun,53.0,63.0,0.0,99.0,109.0,0.0,0.0,63.0,61.0,237.0,54.0,0.0,0.0,0.0,29.0,28.0,0.0,0.0,0.0,0.0,72.0,23.0,0.0,0.0,827.0
2019,Uttar Pradesh,9,Bulandshahr,134,Bulandshahar,119.0,250.0,6.0,314.0,145.0,0.0,0.0,375.0,218.0,582.0,66.0,0.0,11.0,0.0,71.0,141.0,11.0,9.0,4.0,20.0,72.0,58.0,11.0,0.0,244.0
2019,Uttar Pradesh,9,Chandauli,135,Chandoli,15.0,135.0,1.0,78.0,59.0,0.0,0.0,117.0,71.0,146.0,15.0,1.0,4.0,0.0,24.0,28.0,0.0,4.0,0.0,11.0,76.0,6.0,37.0,0.0,219.0
2019,Uttar Pradesh,9,Chitrakoot,136,Chitrakoot,23.0,58.0,13.0,84.0,26.0,1.0,0.0,59.0,17.0,53.0,67.0,0.0,4.0,0.0,0.0,37.0,0.0,0.0,0.0,16.0,30.0,4.0,0.0,0.0,316.0
2019,Uttar Pradesh,9,Deoria,137,Deoria,47.0,124.0,9.0,42.0,345.0,0.0,0.0,347.0,32.0,16.0,27.0,0.0,0.0,0.0,0.0,57.0,0.0,0.0,0.0,0.0,101.0,16.0,0.0,0.0,0.0
2019,Uttar Pradesh,9,Etah,138,Etah,47.0,83.0,0.0,171.0,145.0,1.0,2.0,120.0,88.0,139.0,42.0,0.0,0.0,0.0,0.0,27.0,0.0,0.0,0.0,0.0,112.0,35.0,0.0,0.0,55.0
2019,Uttar Pradesh,9,Etawah,139,Etawah,42.0,101.0,0.0,49.0,94.0,0.0,0.0,162.0,36.0,91.0,34.0,1.0,9.0,0.0,148.0,35.0,6.0,0.0,0.0,0.0,32.0,16.0,0.0,2.0,70.0
2019,Uttar Pradesh,9,Farrukhabad,141,Fatehgarh,64.0,159.0,0.0,85.0,193.0,2.0,0.0,249.0,77.0,153.0,21.0,1.0,0.0,0.0,0.0,37.0,0.0,16.0,0.0,0.0,40.0,21.0,0.0,0.0,634.0
2019,Uttar Pradesh,9,Fatehpur,142,Fatehpur,41.0,139.0,0.0,186.0,109.0,0.0,0.0,363.0,68.0,136.0,46.0,0.0,11.0,6.0,62.0,48.0,0.0,0.0,0.0,18.0,37.0,8.0,20.0,0.0,609.0
2019,Uttar Pradesh,9,Firozabad,143,Firozabad,86.0,265.0,7.0,309.0,475.0,0.0,0.0,492.0,118.0,281.0,54.0,0.0,13.0,0.0,47.0,114.0,22.0,3.0,4.0,12.0,21.0,43.0,0.0,0.0,892.0
2019,Uttar Pradesh,9,Gautam Buddha Nagar,144,Gautambudh Nagar,103.0,344.0,15.0,230.0,264.0,2.0,0.0,301.0,128.0,285.0,28.0,1.0,0.0,0.0,9.0,3202.0,349.0,598.0,40.0,0.0,338.0,182.0,926.0,0.0,5490.0
2019,Uttar Pradesh,9,Ghaziabad,145,Ghaziabad,100.0,430.0,0.0,307.0,686.0,2.0,0.0,881.0,235.0,480.0,40.0,0.0,0.0,17.0,0.0,694.0,150.0,39.0,0.0,17.0,246.0,94.0,263.0,0.0,348.0
2019,Uttar Pradesh,9,Ghazipur,146,Ghazipur,32.0,265.0,2.0,172.0,128.0,1.0,0.0,361.0,173.0,165.0,28.0,0.0,10.0,0.0,91.0,86.0,0.0,6.0,0.0,23.0,0.0,45.0,0.0,0.0,357.0
2019,Uttar Pradesh,9,Gonda,147,Gonda,28.0,75.0,0.0,72.0,227.0,0.0,0.0,202.0,73.0,26.0,502.0,0.0,0.0,0.0,0.0,74.0,18.0,3.0,0.0,8.0,140.0,6.0,0.0,0.0,18.0
2019,Uttar Pradesh,9,Gorakhpur,148,Gorakhpur,103.0,384.0,0.0,258.0,347.0,0.0,0.0,234.0,234.0,480.0,44.0,1.0,0.0,0.0,0.0,864.0,0.0,0.0,0.0,0.0,0.0,63.0,419.0,0.0,2525.0
2019,Uttar Pradesh,9,Hamirpur,149,Hamirpur,24.0,86.0,0.0,105.0,53.0,1.0,0.0,140.0,94.0,122.0,21.0,0.0,9.0,2.0,15.0,39.0,6.0,0.0,1.0,8.0,45.0,6.0,0.0,0.0,125.0
2019,Uttar Pradesh,9,Hapur,661,Hapur,49.0,149.0,0.0,129.0,137.0,0.0,0.0,149.0,75.0,146.0,10.0,0.0,0.0,0.0,44.0,20.0,1.0,1.0,0.0,8.0,109.0,29.0,0.0,0.0,249.0
2019,Uttar Pradesh,9,Hardoi,150,Hardoi,64.0,164.0,30.0,346.0,489.0,0.0,0.0,483.0,136.0,342.0,293.0,0.0,0.0,0.0,0.0,47.0,0.0,0.0,0.0,0.0,122.0,23.0,40.0,0.0,43.0
2019,Uttar Pradesh,9,Hathras,163,Hathras,44.0,223.0,22.0,189.0,199.0,0.0,0.0,307.0,80.0,169.0,23.0,3.0,8.0,0.0,0.0,25.0,0.0,7.0,0.0,9.0,40.0,28.0,21.0,0.0,496.0
2019,Uttar Pradesh,9,Jalaun,151,Jalaun,40.0,19.0,1.0,93.0,150.0,0.0,0.0,124.0,53.0,150.0,179.0,0.0,1.0,0.0,13.0,81.0,0.0,0.0,0.0,0.0,79.0,8.0,11.0,0.0,644.0
2019,Uttar Pradesh,9,Jaunpur,152,Jaunpur,67.0,306.0,0.0,225.0,221.0,2.0,0.0,300.0,83.0,164.0,38.0,2.0,11.0,0.0,0.0,250.0,67.0,0.0,0.0,18.0,200.0,37.0,0.0,0.0,105.0
2019,Uttar Pradesh,9,Jhansi,153,Jhansi,42.0,178.0,6.0,190.0,108.0,0.0,0.0,195.0,60.0,261.0,34.0,0.0,12.0,0.0,0.0,89.0,0.0,1.0,0.0,30.0,0.0,10.0,65.0,0.0,268.0
2019,Uttar Pradesh,9,Kannauj,155,Kannauj,29.0,54.0,0.0,105.0,186.0,0.0,0.0,142.0,69.0,172.0,21.0,0.0,10.0,0.0,35.0,46.0,0.0,0.0,0.0,0.0,0.0,16.0,0.0,0.0,420.0
2019,Uttar Pradesh,9,Kanpur Dehat,156,Kanpur Dehat,36.0,90.0,2.0,277.0,142.0,1.0,0.0,237.0,153.0,325.0,41.0,0.0,16.0,31.0,0.0,41.0,0.0,0.0,0.0,0.0,0.0,5.0,85.0,0.0,0.0
2019,Uttar Pradesh,9,Kanpur Nagar,157,Kanpur Nagar,80.0,264.0,8.0,324.0,393.0,0.0,0.0,427.0,245.0,913.0,58.0,0.0,0.0,0.0,12.0,393.0,0.0,78.0,0.0,51.0,358.0,31.0,0.0,0.0,3445.0
2019,Uttar Pradesh,9,Kasganj,633,Kasganj,42.0,260.0,25.0,151.0,169.0,2.0,0.0,278.0,83.0,108.0,28.0,0.0,3.0,0.0,0.0,67.0,15.0,0.0,3.0,5.0,15.0,15.0,72.0,0.0,563.0
2019,Uttar Pradesh,9,Kaushambi,158,Kaushambi,38.0,30.0,0.0,175.0,233.0,0.0,0.0,216.0,22.0,75.0,23.0,0.0,0.0,2.0,0.0,42.0,0.0,0.0,0.0,0.0,53.0,14.0,0.0,0.0,833.0
2019,Uttar Pradesh,9,Kheri,159,Khiri,92.0,239.0,14.0,288.0,299.0,0.0,0.0,426.0,158.0,212.0,51.0,1.0,11.0,59.0,2.0,79.0,0.0,5.0,0.0,49.0,61.0,19.0,63.0,1.0,545.0
2019,Uttar Pradesh,9,Kushi Nagar,160,Kushi Nagar,1.0,0.0,0.0,4.0,74.0,0.0,0.0,170.0,90.0,0.0,0.0,0.0,0.0,0.0,0.0,0.0,0.0,0.0,0.0,0.0,0.0,0.0,0.0,0.0,0.0
2019,Uttar Pradesh,9,Kushinagar,160,Kushi Nagar,31.0,102.0,16.0,133.0,163.0,0.0,0.0,0.0,1.0,58.0,32.0,0.0,3.0,0.0,0.0,118.0,35.0,0.0,3.0,0.0,35.0,6.0,62.0,0.0,38.0
2019,Uttar Pradesh,9,Lalitpur,161,Lalitpur,18.0,22.0,0.0,40.0,36.0,0.0,0.0,36.0,29.0,21.0,10.0,0.0,0.0,0.0,0.0,16.0,0.0,0.0,0.0,6.0,0.0,1.0,0.0,0.0,495.0
2019,Uttar Pradesh,9,Lucknow,162,Grp,12.0,6.0,0.0,68.0,16.0,0.0,0.0,26.0,10.0,0.0,2.0,0.0,0.0,0.0,16.0,7.0,0.0,0.0,0.0,1.0,8.0,94.0,3.0,0.0,368.0
2019,Uttar Pradesh,9,Lucknow,162,Lucknow,117.0,479.0,14.0,642.0,393.0,0.0,1.0,468.0,271.0,1422.0,42.0,2.0,0.0,0.0,95.0,1313.0,0.0,81.0,0.0,190.0,1955.0,35.0,386.0,1.0,0.0
2019,Uttar Pradesh,9,Maharajganj,164,Maharajganj,4.0,0.0,0.0,0.0,0.0,0.0,0.0,301.0,292.0,0.0,0.0,0.0,0.0,0.0,0.0,0.0,0.0,0.0,0.0,0.0,0.0,0.0,0.0,0.0,0.0
2019,Uttar Pradesh,9,Mahoba,165,Mahoba,14.0,72.0,0.0,43.0,96.0,0.0,0.0,117.0,56.0,25.0,10.0,0.0,2.0,0.0,5.0,16.0,0.0,1.0,0.0,7.0,13.0,10.0,0.0,0.0,75.0
2019,Uttar Pradesh,9,Mahrajganj,164,Maharajganj,29.0,55.0,0.0,13.0,16.0,0.0,0.0,0.0,184.0,94.0,23.0,0.0,8.0,0.0,19.0,61.0,0.0,0.0,0.0,54.0,62.0,10.0,0.0,1.0,576.0
2019,Uttar Pradesh,9,Mainpuri,166,Mainpuri,64.0,164.0,3.0,103.0,109.0,0.0,0.0,229.0,81.0,101.0,35.0,0.0,7.0,0.0,0.0,39.0,10.0,0.0,0.0,0.0,10.0,31.0,0.0,0.0,908.0
2019,Uttar Pradesh,9,Mathura,167,Mathura,84.0,253.0,9.0,351.0,137.0,2.0,0.0,206.0,121.0,479.0,27.0,1.0,17.0,0.0,0.0,197.0,0.0,0.0,0.0,0.0,0.0,81.0,0.0,0.0,2162.0
2019,Uttar Pradesh,9,Mau,168,Mau,23.0,113.0,0.0,70.0,100.0,0.0,1.0,282.0,92.0,177.0,187.0,1.0,0.0,101.0,0.0,60.0,0.0,0.0,0.0,41.0,199.0,19.0,0.0,0.0,400.0
2019,Uttar Pradesh,9,Meerut,169,Meerut,129.0,233.0,117.0,322.0,408.0,0.0,1.0,545.0,97.0,601.0,32.0,1.0,8.0,0.0,0.0,131.0,0.0,0.0,0.0,131.0,0.0,97.0,362.0,0.0,822.0
2019,Uttar Pradesh,9,Mirzapur,170,Mirzapur,25.0,117.0,0.0,43.0,74.0,0.0,0.0,126.0,56.0,166.0,30.0,1.0,12.0,0.0,29.0,113.0,21.0,0.0,7.0,0.0,43.0,6.0,38.0,0.0,209.0
2019,Uttar Pradesh,9,Moradabad,171,Moradabad,48.0,345.0,11.0,337.0,328.0,0.0,0.0,479.0,155.0,427.0,26.0,2.0,2.0,0.0,6.0,199.0,42.0,11.0,8.0,15.0,30.0,26.0,3.0,2.0,219.0
2019,Uttar Pradesh,9,Muzaffarnagar,172,Muzaffarnagar,79.0,206.0,37.0,128.0,182.0,0.0,0.0,192.0,71.0,178.0,20.0,1.0,0.0,0.0,56.0,75.0,0.0,0.0,0.0,0.0,39.0,53.0,13.0,0.0,694.0
2019,Uttar Pradesh,9,Pilibhit,173,Pilibhit,48.0,218.0,4.0,158.0,301.0,2.0,0.0,204.0,76.0,253.0,47.0,0.0,1.0,0.0,0.0,36.0,0.0,0.0,0.0,18.0,110.0,21.0,0.0,0.0,134.0
2019,Uttar Pradesh,9,Pratapgarh,174,Pratapgarh,74.0,146.0,0.0,190.0,67.0,0.0,0.0,75.0,24.0,325.0,33.0,0.0,5.0,0.0,0.0,42.0,0.0,0.0,0.0,24.0,45.0,55.0,24.0,0.0,0.0
2019,Uttar Pradesh,9,Prayagraj,120,Prayagraj,134.0,443.0,11.0,633.0,355.0,6.0,0.0,395.0,71.0,1070.0,55.0,0.0,15.0,0.0,48.0,628.0,0.0,0.0,0.0,10.0,584.0,130.0,0.0,2.0,239.0
2019,Uttar Pradesh,9,Rae Bareli,175,Raibareilly,42.0,184.0,11.0,197.0,307.0,0.0,0.0,125.0,36.0,166.0,24.0,1.0,0.0,0.0,0.0,78.0,0.0,0.0,0.0,0.0,132.0,24.0,0.0,0.0,215.0
2019,Uttar Pradesh,9,Rampur,176,Rampur,37.0,132.0,4.0,86.0,132.0,0.0,0.0,98.0,80.0,334.0,358.0,0.0,6.0,0.0,31.0,192.0,7.0,0.0,20.0,2.0,3.0,8.0,101.0,0.0,571.0
2019,Uttar Pradesh,9,Saharanpur,177,Saharanpur,54.0,128.0,11.0,166.0,87.0,5.0,0.0,147.0,134.0,271.0,26.0,3.0,0.0,0.0,5.0,121.0,0.0,17.0,0.0,59.0,187.0,45.0,168.0,0.0,618.0
2019,Uttar Pradesh,9,Sambhal,659,Sambhal,50.0,163.0,3.0,156.0,128.0,0.0,2.0,210.0,88.0,163.0,60.0,2.0,2.0,0.0,0.0,123.0,3.0,0.0,22.0,5.0,73.0,17.0,0.0,0.0,356.0
2019,Uttar Pradesh,9,Sant Kabeer Nagar,178,Sant Kabirnagar,1.0,0.0,0.0,39.0,73.0,0.0,0.0,163.0,48.0,0.0,0.0,0.0,0.0,0.0,0.0,0.0,0.0,0.0,0.0,0.0,0.0,0.0,0.0,0.0,0.0
2019,Uttar Pradesh,9,Sant Kabir Nagar,178,Sant Kabirnagar,14.0,125.0,0.0,67.0,15.0,0.0,0.0,0.0,0.0,67.0,9.0,0.0,5.0,0.0,0.0,29.0,0.0,0.0,0.0,0.0,41.0,8.0,0.0,0.0,99.0
2019,Uttar Pradesh,9,Shahjahanpur,180,Shahjahanpur,71.0,254.0,0.0,189.0,199.0,0.0,0.0,233.0,138.0,321.0,63.0,0.0,12.0,0.0,0.0,75.0,0.0,0.0,0.0,0.0,175.0,21.0,57.0,0.0,323.0
2019,Uttar Pradesh,9,Shamli,660,Shamli,34.0,52.0,0.0,97.0,74.0,1.0,0.0,47.0,45.0,101.0,10.0,0.0,0.0,0.0,5.0,31.0,0.0,10.0,0.0,8.0,0.0,20.0,66.0,0.0,433.0
2019,Uttar Pradesh,9,Shravasti,181,Shrawasti,1.0,0.0,0.0,0.0,15.0,0.0,0.0,55.0,21.0,0.0,0.0,0.0,0.0,0.0,0.0,0.0,0.0,0.0,0.0,0.0,0.0,0.0,0.0,0.0,0.0
2019,Uttar Pradesh,9,Shrawasti,181,Shrawasti,9.0,21.0,2.0,28.0,56.0,0.0,0.0,0.0,0.0,11.0,160.0,0.0,5.0,0.0,3.0,16.0,0.0,0.0,0.0,4.0,7.0,3.0,33.0,0.0,11.0
2019,Uttar Pradesh,9,Siddharth Nagar,182,Sidharthnagar,0.0,10.0,0.0,0.0,58.0,0.0,0.0,155.0,87.0,0.0,0.0,0.0,0.0,0.0,0.0,0.0,0.0,0.0,0.0,0.0,0.0,0.0,0.0,0.0,0.0
2019,Uttar Pradesh,9,Siddharthnagar,182,Sidharthnagar,9.0,102.0,10.0,65.0,5.0,0.0,0.0,0.0,4.0,53.0,79.0,0.0,3.0,0.0,0.0,32.0,0.0,0.0,0.0,0.0,41.0,3.0,0.0,0.0,666.0
2019,Uttar Pradesh,9,Sitapur,183,Sitapur,103.0,581.0,0.0,485.0,352.0,0.0,0.0,620.0,254.0,514.0,84.0,0.0,0.0,0.0,0.0,51.0,0.0,0.0,0.0,0.0,214.0,45.0,0.0,0.0,299.0
2019,Uttar Pradesh,9,Sonbhadra,184,Sonbhadra,46.0,182.0,0.0,36.0,44.0,3.0,1.0,141.0,103.0,81.0,89.0,0.0,9.0,0.0,0.0,84.0,15.0,6.0,0.0,14.0,94.0,12.0,19.0,0.0,447.0
2019,Uttar Pradesh,9,Sultanpur,185,Sultanpur,44.0,211.0,10.0,231.0,224.0,0.0,0.0,218.0,65.0,207.0,227.0,0.0,7.0,0.0,0.0,96.0,17.0,7.0,2.0,12.0,45.0,17.0,99.0,0.0,19.0
2019,Uttar Pradesh,9,Unnao,186,Unnao,61.0,412.0,2.0,204.0,309.0,0.0,0.0,384.0,149.0,285.0,49.0,1.0,14.0,0.0,31.0,104.0,8.0,0.0,6.0,29.0,124.0,31.0,52.0,0.0,20.0
2019,Uttar Pradesh,9,Varanasi,187,Varanasi,55.0,325.0,0.0,264.0,220.0,1.0,8.0,394.0,116.0,628.0,39.0,0.0,19.0,12.0,55.0,1058.0,262.0,8.0,16.0,89.0,782.0,24.0,22.0,3.0,926.0
2019,Uttarakhand,5,Almora,45,Almora,1.0,14.0,7.0,9.0,16.0,0.0,4.0,19.0,2.0,2.0,2.0,0.0,0.0,0.0,12.0,8.0,2.0,0.0,0.0,0.0,0.0,1.0,0.0,0.0,34.0
2019,Uttarakhand,5,Bageshwar,46,Bageshwar,3.0,14.0,0.0,9.0,1.0,0.0,0.0,7.0,6.0,2.0,4.0,0.0,0.0,0.0,0.0,0.0,0.0,0.0,0.0,0.0,49.0,2.0,0.0,0.0,50.0
2019,Uttarakhand,5,Chamoli,47,Chamoli,2.0,8.0,1.0,3.0,21.0,0.0,0.0,17.0,5.0,0.0,1.0,0.0,1.0,0.0,1.0,3.0,0.0,0.0,0.0,2.0,0.0,1.0,1.0,0.0,7.0
2019,Uttarakhand,5,Champawat,48,Champawat,3.0,11.0,0.0,3.0,21.0,0.0,0.0,25.0,11.0,3.0,1.0,0.0,1.0,0.0,4.0,3.0,1.0,0.0,0.0,0.0,1.0,0.0,0.0,0.0,13.0
2019,Uttarakhand,5,Dehradun,49,Dehradun,23.0,278.0,58.0,84.0,101.0,2.0,3.0,162.0,0.0,226.0,7.0,0.0,0.0,0.0,60.0,42.0,0.0,8.0,12.0,10.0,89.0,74.0,99.0,0.0,32.0
2019,Uttarakhand,5,Dehradun,49,Grp,0.0,1.0,0.0,0.0,4.0,0.0,0.0,5.0,1.0,0.0,0.0,0.0,0.0,0.0,0.0,0.0,0.0,0.0,0.0,0.0,0.0,14.0,0.0,0.0,20.0
2019,Uttarakhand,5,Haridwar,50,Haridwar,62.0,418.0,102.0,213.0,302.0,0.0,6.0,491.0,184.0,135.0,16.0,2.0,6.0,0.0,0.0,29.0,0.0,4.0,0.0,0.0,0.0,34.0,0.0,2.0,695.0
2019,Uttarakhand,5,Nainital,51,Nainital,26.0,108.0,27.0,77.0,118.0,0.0,2.0,157.0,14.0,65.0,5.0,0.0,7.0,1.0,0.0,8.0,0.0,1.0,0.0,2.0,34.0,21.0,2.0,0.0,35.0
2019,Uttarakhand,5,Pauri Garhwal,52,Pauri Garhwal,9.0,23.0,0.0,23.0,7.0,0.0,0.0,15.0,9.0,11.0,1.0,0.0,5.0,0.0,0.0,1.0,0.0,0.0,0.0,0.0,13.0,3.0,0.0,0.0,194.0
2019,Uttarakhand,5,Pithoragarh,53,Pithoragarh,9.0,17.0,0.0,8.0,3.0,0.0,2.0,14.0,12.0,4.0,3.0,0.0,3.0,0.0,5.0,3.0,0.0,0.0,0.0,4.0,0.0,0.0,0.0,0.0,6.0
2019,Uttarakhand,5,Rudra Prayag,54,Rudra Prayag,1.0,9.0,0.0,0.0,0.0,0.0,4.0,10.0,7.0,1.0,0.0,0.0,0.0,0.0,0.0,15.0,0.0,0.0,0.0,0.0,0.0,0.0,0.0,0.0,17.0
2019,Uttarakhand,5,Tehri Garhwal,55,Tehri Garhwal,6.0,54.0,0.0,15.0,40.0,0.0,0.0,31.0,10.0,8.0,0.0,0.0,0.0,0.0,0.0,3.0,0.0,0.0,0.0,0.0,31.0,1.0,0.0,0.0,70.0
2019,Uttarakhand,5,Udam Singh Nagar,56,Udham Singh Nagar,0.0,0.0,0.0,0.0,0.0,0.0,0.0,0.0,0.0,0.0,0.0,0.0,0.0,0.0,0.0,0.0,0.0,0.0,0.0,0.0,0.0,0.0,0.0,0.0,0.0
2019,Uttarakhand,5,Udam Singh Nagar,56,Udhamsingh Nagar,63.0,322.0,0.0,104.0,195.0,0.0,6.0,231.0,102.0,178.0,41.0,0.0,2.0,0.0,0.0,0.0,0.0,0.0,0.0,0.0,0.0,42.0,0.0,2.0,1272.0
2019,Uttarakhand,5,Uttar Kashi,57,Uttarkashi,1.0,27.0,0.0,9.0,18.0,0.0,0.0,30.0,18.0,9.0,2.0,0.0,2.0,0.0,0.0,2.0,0.0,1.0,0.0,2.0,0.0,0.0,0.0,0.0,4.0
2019,West Bengal,19,24 Paraganas North,303,Barasat,0.0,0.0,0.0,0.0,467.0,0.0,2.0,619.0,114.0,0.0,0.0,0.0,0.0,0.0,0.0,0.0,0.0,0.0,0.0,0.0,0.0,0.0,0.0,0.0,0.0
2019,West Bengal,19,24 Paraganas North,303,Barrackpur Pc,0.0,0.0,0.0,0.0,133.0,0.0,1.0,265.0,90.0,0.0,0.0,0.0,0.0,0.0,0.0,0.0,0.0,0.0,0.0,0.0,0.0,0.0,0.0,0.0,0.0
2019,West Bengal,19,24 Paraganas North,303,Basirhat,0.0,0.0,0.0,0.0,41.0,0.0,0.0,72.0,26.0,0.0,0.0,0.0,0.0,0.0,0.0,0.0,0.0,0.0,0.0,0.0,0.0,0.0,0.0,0.0,0.0
2019,West Bengal,19,24 Paraganas North,303,Bidhannagar Pc,0.0,0.0,0.0,0.0,52.0,0.0,0.0,84.0,30.0,0.0,0.0,0.0,0.0,0.0,0.0,0.0,0.0,0.0,0.0,0.0,0.0,0.0,0.0,0.0,0.0
2019,West Bengal,19,24 Paraganas South,304,Baruipur Police,0.0,0.0,0.0,0.0,240.0,0.0,0.0,327.0,84.0,0.0,0.0,0.0,0.0,0.0,0.0,0.0,0.0,0.0,0.0,0.0,0.0,0.0,0.0,0.0,0.0
2019,West Bengal,19,24 Paraganas South,304,Diamond Harbour Police,0.0,0.0,0.0,0.0,115.0,1.0,0.0,176.0,56.0,0.0,0.0,0.0,0.0,0.0,0.0,0.0,0.0,0.0,0.0,0.0,0.0,0.0,0.0,1.0,0.0
2019,West Bengal,19,24 Paraganas South,304,Sundarban Police,0.0,0.0,0.0,0.0,42.0,0.0,0.0,94.0,49.0,0.0,0.0,0.0,0.0,0.0,0.0,0.0,0.0,0.0,0.0,0.0,0.0,0.0,0.0,0.0,0.0
2019,West Bengal,19,Alipurduar,664,Alipurduar,47.0,119.0,27.0,45.0,248.0,4.0,5.0,216.0,86.0,160.0,10.0,0.0,22.0,0.0,17.0,7.0,0.0,0.0,0.0,0.0,37.0,2.0,8.0,2.0,240.0
2019,West Bengal,19,Bankura,305,Bankura,81.0,74.0,10.0,53.0,111.0,0.0,0.0,123.0,31.0,189.0,18.0,0.0,14.0,0.0,24.0,3.0,0.0,0.0,0.0,1.0,37.0,15.0,16.0,2.0,284.0
2019,West Bengal,19,Birbhum,307,Birbhum,109.0,174.0,35.0,56.0,125.0,2.0,2.0,247.0,104.0,228.0,9.0,2.0,23.0,8.0,18.0,12.0,0.0,5.0,0.0,4.0,123.0,28.0,10.0,5.0,268.0
2019,West Bengal,19,Cooch Behar,308,Coochbehar,58.0,129.0,31.0,52.0,278.0,2.0,0.0,0.0,0.0,337.0,28.0,1.0,19.0,0.0,0.0,0.0,0.0,0.0,0.0,0.0,62.0,0.0,0.0,0.0,161.0
2019,West Bengal,19,Coochbehar,308,Coochbehar,0.0,0.0,0.0,0.0,0.0,0.0,0.0,63.0,53.0,0.0,0.0,0.0,0.0,0.0,0.0,0.0,0.0,0.0,0.0,0.0,0.0,0.0,0.0,0.0,0.0
2019,West Bengal,19,Dakshin Dinajpur,310,Dakshin Dinajpur,42.0,41.0,18.0,38.0,52.0,1.0,0.0,0.0,0.0,67.0,9.0,0.0,0.0,0.0,0.0,0.0,0.0,0.0,0.0,0.0,38.0,2.0,4.0,2.0,545.0
2019,West Bengal,19,Darjeeling,309,Darjeeling,19.0,42.0,11.0,69.0,56.0,0.0,0.0,68.0,40.0,84.0,10.0,0.0,0.0,0.0,0.0,0.0,0.0,0.0,0.0,0.0,37.0,11.0,8.0,0.0,476.0
2019,West Bengal,19,Darjeeling,309,Siliguri Grp,2.0,0.0,0.0,9.0,15.0,0.0,8.0,12.0,1.0,0.0,0.0,0.0,0.0,0.0,0.0,0.0,0.0,0.0,0.0,0.0,0.0,0.0,0.0,0.0,33.0
2019,West Bengal,19,Darjeeling,309,Siliguri Pc,28.0,137.0,6.0,150.0,64.0,0.0,6.0,109.0,74.0,575.0,5.0,0.0,5.0,0.0,0.0,67.0,27.0,1.0,0.0,0.0,259.0,6.0,70.0,9.0,848.0
2019,West Bengal,19,Dinajpur Dakshin,310,Dakshin Dinajpur,1.0,0.0,0.0,0.0,49.0,0.0,0.0,68.0,16.0,0.0,0.0,0.0,0.0,0.0,0.0,0.0,0.0,0.0,0.0,0.0,0.0,0.0,0.0,0.0,0.0
2019,West Bengal,19,Dinajpur Uttar,311,Uttar Dinajpur,1.0,0.0,0.0,0.0,146.0,0.0,1.0,276.0,67.0,0.0,0.0,0.0,4.0,2.0,0.0,0.0,0.0,0.0,0.0,0.0,0.0,0.0,0.0,2.0,0.0
2019,West Bengal,19,Hooghly,312,Chandannagar Pc,29.0,34.0,1.0,38.0,13.0,0.0,2.0,48.0,39.0,423.0,8.0,0.0,8.0,0.0,4.0,4.0,0.0,0.0,0.0,0.0,275.0,10.0,4.0,3.0,1009.0
2019,West Bengal,19,Hooghly,312,Hooghly Rural Police,64.0,94.0,12.0,58.0,206.0,2.0,0.0,178.0,66.0,535.0,21.0,4.0,38.0,0.0,0.0,3.0,0.0,0.0,0.0,0.0,217.0,20.0,5.0,4.0,1689.0
2019,West Bengal,19,Howrah,313,Howrah Grp,11.0,1.0,0.0,11.0,6.0,0.0,5.0,10.0,1.0,0.0,1.0,0.0,6.0,0.0,0.0,2.0,0.0,0.0,0.0,0.0,5.0,2.0,2.0,0.0,33.0
2019,West Bengal,19,Howrah,313,Howrah Pc,20.0,44.0,6.0,86.0,84.0,2.0,11.0,109.0,56.0,354.0,7.0,0.0,8.0,0.0,13.0,23.0,0.0,0.0,0.0,0.0,215.0,14.0,10.0,0.0,1781.0
2019,West Bengal,19,Howrah,313,Howrah Rural,63.0,58.0,18.0,50.0,51.0,0.0,3.0,71.0,41.0,689.0,5.0,2.0,7.0,0.0,0.0,11.0,0.0,7.0,0.0,1.0,146.0,21.0,21.0,2.0,972.0
2019,West Bengal,19,Jalpaiguri,314,Jalpaiguri,38.0,130.0,28.0,72.0,244.0,0.0,2.0,249.0,115.0,125.0,20.0,2.0,6.0,0.0,19.0,5.0,0.0,0.0,0.0,0.0,78.0,4.0,12.0,0.0,960.0
2019,West Bengal,19,Jhargram,703,Jhargram,23.0,33.0,4.0,42.0,72.0,0.0,0.0,69.0,30.0,72.0,2.0,0.0,5.0,0.0,6.0,5.0,0.0,0.0,0.0,0.0,12.0,3.0,5.0,0.0,322.0
2019,West Bengal,19,Kalimpong,702,Kalimpong,12.0,15.0,2.0,20.0,34.0,0.0,0.0,47.0,25.0,38.0,2.0,0.0,2.0,0.0,0.0,2.0,0.0,0.0,0.0,0.0,4.0,1.0,0.0,0.0,53.0
2019,West Bengal,19,Kolkata,315,Kolkata,58.0,148.0,0.0,604.0,513.0,12.0,6.0,574.0,228.0,946.0,7.0,3.0,27.0,0.0,23.0,56.0,2.0,2.0,14.0,2.0,2320.0,15.0,84.0,35.0,2204.0
2019,West Bengal,19,Kolkata,315,Sealdah Grp,15.0,4.0,0.0,14.0,5.0,1.0,0.0,13.0,5.0,2.0,1.0,0.0,5.0,0.0,0.0,0.0,0.0,0.0,0.0,0.0,5.0,2.0,14.0,0.0,32.0
2019,West Bengal,19,Malda,316,Malda,29.0,254.0,68.0,247.0,202.0,0.0,4.0,0.0,18.0,883.0,15.0,0.0,45.0,0.0,0.0,1.0,0.0,0.0,0.0,0.0,136.0,4.0,0.0,0.0,685.0
2019,West Bengal,19,Maldah,316,Malda,0.0,2.0,0.0,14.0,20.0,0.0,1.0,331.0,197.0,0.0,0.0,0.0,0.0,39.0,0.0,0.0,0.0,0.0,0.0,0.0,0.0,0.0,0.0,0.0,0.0
2019,West Bengal,19,Medinipur East,317,Purab Medinipur,13.0,0.0,0.0,0.0,114.0,2.0,1.0,196.0,38.0,0.0,0.0,0.0,0.0,0.0,0.0,0.0,0.0,0.0,0.0,0.0,0.0,0.0,0.0,0.0,0.0
2019,West Bengal,19,Medinipur West,318,Kharagpur Grp,0.0,0.0,0.0,0.0,0.0,0.0,0.0,0.0,0.0,0.0,0.0,0.0,0.0,0.0,0.0,0.0,0.0,0.0,0.0,0.0,0.0,0.0,0.0,0.0,0.0
2019,West Bengal,19,Medinipur West,318,Paschim Medinipur,7.0,0.0,0.0,0.0,171.0,0.0,0.0,324.0,88.0,0.0,0.0,0.0,0.0,7.0,0.0,0.0,0.0,0.0,0.0,0.0,0.0,0.0,0.0,0.0,0.0
2019,West Bengal,19,Murshidabad,319,Murshidabad,183.0,581.0,255.0,156.0,414.0,1.0,12.0,479.0,208.0,1206.0,39.0,4.0,15.0,0.0,163.0,36.0,1.0,2.0,1.0,6.0,191.0,5.0,46.0,12.0,1715.0
2019,West Bengal,19,Nadia,320,Nadia,106.0,249.0,107.0,93.0,398.0,2.0,3.0,334.0,88.0,883.0,49.0,5.0,27.0,0.0,19.0,15.0,0.0,0.0,0.0,0.0,195.0,6.0,8.0,7.0,2726.0
2019,West Bengal,19,North 24 Parganas,303,Barasat,86.0,170.0,37.0,142.0,467.0,1.0,8.0,0.0,0.0,1315.0,24.0,2.0,33.0,0.0,0.0,45.0,0.0,11.0,0.0,21.0,255.0,6.0,205.0,2.0,2028.0
2019,West Bengal,19,North 24 Parganas,303,Barrackpur Pc,44.0,182.0,29.0,573.0,114.0,1.0,6.0,0.0,0.0,1338.0,18.0,3.0,12.0,0.0,33.0,31.0,2.0,3.0,8.0,1.0,569.0,13.0,119.0,2.0,1286.0
2019,West Bengal,19,North 24 Parganas,303,Basirhat,45.0,99.0,10.0,43.0,291.0,0.0,2.0,0.0,0.0,694.0,12.0,3.0,0.0,0.0,0.0,0.0,0.0,0.0,0.0,0.0,53.0,12.0,9.0,0.0,1457.0
2019,West Bengal,19,North 24 Parganas,303,Bidhannagar Pc,11.0,49.0,3.0,74.0,32.0,3.0,5.0,0.0,0.0,219.0,3.0,1.0,6.0,0.0,36.0,20.0,3.0,0.0,6.0,0.0,422.0,5.0,70.0,2.0,788.0
2019,West Bengal,19,Paschim Bardhaman,704,Asansol-Durgapur Pc,65.0,60.0,10.0,54.0,68.0,0.0,0.0,82.0,44.0,517.0,12.0,1.0,16.0,0.0,0.0,41.0,6.0,0.0,4.0,0.0,206.0,8.0,94.0,1.0,448.0
2019,West Bengal,19,Paschim Medinipur,318,Kharagpur Grp,5.0,0.0,0.0,1.0,0.0,0.0,0.0,0.0,0.0,1.0,0.0,0.0,0.0,0.0,2.0,0.0,0.0,0.0,0.0,0.0,1.0,1.0,0.0,0.0,9.0
2019,West Bengal,19,Paschim Medinipur,318,Paschim Medinipur,106.0,152.0,30.0,314.0,124.0,2.0,0.0,0.0,0.0,451.0,9.0,0.0,16.0,0.0,0.0,10.0,0.0,0.0,0.0,0.0,167.0,34.0,35.0,1.0,1872.0
2019,West Bengal,19,Purba Bardhaman,306,Purba Bardhaman,105.0,129.0,38.0,118.0,388.0,2.0,7.0,279.0,64.0,471.0,30.0,1.0,33.0,0.0,2.0,24.0,0.0,1.0,0.0,0.0,211.0,21.0,0.0,1.0,3042.0
2019,West Bengal,19,Purba Medinipur,317,Purab Medinipur,106.0,102.0,31.0,97.0,154.0,2.0,10.0,0.0,0.0,697.0,12.0,5.0,18.0,0.0,59.0,13.0,1.0,0.0,0.0,0.0,45.0,34.0,32.0,0.0,2063.0
2019,West Bengal,19,Purulia,321,Purulia,78.0,31.0,13.0,106.0,95.0,0.0,0.0,74.0,23.0,166.0,4.0,0.0,8.0,0.0,8.0,2.0,0.0,2.0,0.0,0.0,17.0,3.0,7.0,0.0,376.0
2019,West Bengal,19,South 24 Parganas,304,Baruipur Police,105.0,282.0,41.0,179.0,171.0,1.0,0.0,0.0,0.0,1697.0,31.0,2.0,11.0,0.0,88.0,13.0,0.0,0.0,0.0,0.0,281.0,6.0,18.0,2.0,3658.0
2019,West Bengal,19,South 24 Parganas,304,Diamond Harbour Police,64.0,125.0,15.0,85.0,123.0,1.0,2.0,0.0,0.0,720.0,10.0,2.0,12.0,0.0,0.0,18.0,2.0,0.0,2.0,0.0,88.0,6.0,9.0,1.0,1028.0
2019,West Bengal,19,South 24 Parganas,304,Sundarban Police,51.0,71.0,13.0,26.0,30.0,4.0,0.0,0.0,0.0,631.0,10.0,1.0,5.0,0.0,0.0,1.0,0.0,0.0,0.0,0.0,65.0,5.0,2.0,0.0,434.0
2019,West Bengal,19,Uttar Dinajpur,311,Uttar Dinajpur,72.0,143.0,39.0,17.0,149.0,2.0,6.0,0.0,0.0,244.0,10.0,1.0,19.0,0.0,38.0,13.0,0.0,3.0,4.0,0.0,76.0,22.0,12.0,4.0,793.0
2020,Andaman And Nicobar Islands,35,Nicobars,603,Nicobar,2.0,25.0,0.0,2.0,0.0,0.0,0.0,27.0,26.0,0.0,0.0,0.0,0.0,0.0,0.0,0.0,0.0,0.0,0.0,0.0,1.0,0.0,0.0,0.0,0.0
2020,Andaman And Nicobar Islands,35,North And Middle Andaman,632,North & Middle Andaman,0.0,1.0,0.0,0.0,0.0,0.0,0.0,0.0,0.0,0.0,0.0,0.0,0.0,0.0,0.0,0.0,0.0,0.0,0.0,0.0,0.0,0.0,0.0,0.0,4.0
2020,Andaman And Nicobar Islands,35,North And Middle Andaman,632,North And Middle Andaman,0.0,0.0,0.0,0.0,1.0,0.0,0.0,52.0,47.0,0.0,0.0,0.0,0.0,1.0,1.0,3.0,0.0,0.0,1.0,1.0,0.0,0.0,0.0,0.0,1.0
2020,Andaman And Nicobar Islands,35,North And Middle Andaman,632,North Andmiddle Andaman,0.0,43.0,0.0,4.0,0.0,0.0,0.0,0.0,0.0,0.0,0.0,0.0,0.0,0.0,0.0,0.0,0.0,0.0,0.0,1.0,0.0,0.0,0.0,0.0,0.0
2020,Andaman And Nicobar Islands,35,South Andamans,602,South Andaman,4.0,39.0,1.0,12.0,6.0,0.0,2.0,62.0,46.0,2.0,0.0,0.0,1.0,1.0,9.0,3.0,0.0,1.0,0.0,0.0,14.0,1.0,1.0,0.0,30.0
2020,Andhra Pradesh,28,Anantapur,502,Anantapur,6.0,42.0,0.0,31.0,12.0,0.0,0.0,285.0,33.0,0.0,0.0,0.0,2.0,12.0,0.0,0.0,0.0,0.0,0.0,0.0,0.0,0.0,0.0,0.0,0.0
2020,Andhra Pradesh,28,Anantapur,502,Guntakal Railway,1.0,1.0,0.0,0.0,0.0,0.0,0.0,3.0,1.0,0.0,0.0,0.0,0.0,0.0,0.0,0.0,0.0,0.0,0.0,0.0,0.0,0.0,0.0,0.0,0.0
2020,Andhra Pradesh,28,Ananthapuramu,502,Anantapur,105.0,134.0,63.0,455.0,13.0,4.0,6.0,0.0,0.0,437.0,17.0,0.0,48.0,0.0,105.0,74.0,16.0,0.0,8.0,0.0,291.0,15.0,2.0,0.0,1014.0
2020,Andhra Pradesh,28,Ananthapuramu,502,Guntakal Railway,2.0,2.0,1.0,3.0,0.0,0.0,0.0,0.0,0.0,1.0,0.0,0.0,3.0,0.0,2.0,0.0,0.0,0.0,0.0,0.0,0.0,2.0,0.0,0.0,8.0
2020,Andhra Pradesh,28,Chittoor,503,Chittoor,44.0,81.0,22.0,237.0,11.0,0.0,1.0,118.0,6.0,335.0,14.0,0.0,34.0,1.0,26.0,174.0,42.0,0.0,26.0,0.0,218.0,8.0,13.0,4.0,765.0
2020,Andhra Pradesh,28,East Godavari,505,East Godavari,63.0,275.0,60.0,568.0,63.0,1.0,0.0,202.0,69.0,405.0,9.0,0.0,27.0,1.0,117.0,134.0,35.0,3.0,19.0,4.0,129.0,16.0,13.0,0.0,202.0
2020,Andhra Pradesh,28,East Godavari,505,Rajahmundry,24.0,119.0,40.0,275.0,52.0,0.0,9.0,121.0,2.0,225.0,2.0,0.0,10.0,3.0,54.0,229.0,83.0,8.0,16.0,2.0,331.0,39.0,9.0,1.0,285.0
2020,Andhra Pradesh,28,Guntur,506,Guntur,89.0,188.0,69.0,648.0,106.0,1.0,2.0,198.0,0.0,614.0,3.0,1.0,30.0,6.0,34.0,154.0,26.0,1.0,31.0,4.0,644.0,18.0,2.0,4.0,335.0
2020,Andhra Pradesh,28,Guntur,506,Guntur Urban,30.0,106.0,35.0,387.0,57.0,2.0,52.0,127.0,0.0,275.0,5.0,0.0,20.0,1.0,45.0,305.0,98.0,7.0,23.0,0.0,462.0,21.0,4.0,12.0,444.0
2020,Andhra Pradesh,28,Krishna,510,Krishna,39.0,161.0,53.0,620.0,213.0,0.0,0.0,205.0,6.0,617.0,8.0,0.0,25.0,11.0,108.0,148.0,31.0,1.0,36.0,0.0,428.0,9.0,4.0,0.0,628.0
2020,Andhra Pradesh,28,Kurnool,511,Kurnool,64.0,97.0,31.0,900.0,14.0,14.0,0.0,101.0,25.0,222.0,412.0,0.0,44.0,0.0,13.0,165.0,0.0,0.0,0.0,0.0,279.0,4.0,0.0,9.0,6762.0
2020,Andhra Pradesh,28,Ntr,749,Vijayawada City,24.0,126.0,33.0,378.0,25.0,0.0,14.0,165.0,1.0,522.0,7.0,0.0,15.0,0.0,81.0,347.0,141.0,1.0,17.0,4.0,419.0,35.0,21.0,1.0,237.0
2020,Andhra Pradesh,28,Ntr,749,Vijayawada Railway,5.0,2.0,1.0,3.0,2.0,0.0,0.0,3.0,0.0,0.0,0.0,0.0,0.0,0.0,6.0,0.0,0.0,0.0,0.0,0.0,2.0,0.0,0.0,0.0,3.0
2020,Andhra Pradesh,28,Prakasam,517,Prakasham,77.0,128.0,13.0,711.0,18.0,0.0,3.0,148.0,123.0,463.0,10.0,2.0,27.0,0.0,0.0,107.0,22.0,2.0,5.0,13.0,282.0,24.0,7.0,1.0,770.0
2020,Andhra Pradesh,28,Spsr Nellore,515,Nellore,1.0,28.0,0.0,89.0,2.0,0.0,0.0,240.0,72.0,0.0,0.0,0.0,0.0,11.0,0.0,0.0,0.0,0.0,0.0,0.0,0.0,0.0,0.0,6.0,0.0
2020,Andhra Pradesh,28,Sri Potti Sriramulu Nellore,515,Nellore,52.0,86.0,40.0,326.0,18.0,2.0,2.0,0.0,0.0,433.0,7.0,1.0,17.0,0.0,75.0,130.0,28.0,0.0,11.0,8.0,377.0,17.0,7.0,6.0,2238.0
2020,Andhra Pradesh,28,Srikakulam,519,Srikakulam,24.0,128.0,41.0,224.0,20.0,0.0,0.0,83.0,0.0,153.0,3.0,0.0,17.0,0.0,27.0,108.0,21.0,16.0,23.0,0.0,125.0,0.0,1.0,0.0,2954.0
2020,Andhra Pradesh,28,Tirupati,752,Tirupathi Urban,23.0,37.0,7.0,72.0,7.0,0.0,0.0,47.0,19.0,129.0,0.0,0.0,4.0,2.0,24.0,193.0,75.0,1.0,11.0,6.0,197.0,12.0,12.0,0.0,261.0
2020,Andhra Pradesh,28,Visakhapatanam,520,Visakha Rural,0.0,12.0,0.0,20.0,14.0,0.0,0.0,77.0,20.0,0.0,0.0,0.0,0.0,0.0,0.0,0.0,0.0,0.0,0.0,0.0,0.0,0.0,0.0,0.0,0.0
2020,Andhra Pradesh,28,Visakhapatanam,520,Visakhapatnam,2.0,53.0,0.0,22.0,53.0,0.0,0.0,160.0,23.0,0.0,0.0,0.0,0.0,1.0,0.0,0.0,0.0,0.0,0.0,0.0,0.0,0.0,0.0,0.0,0.0
2020,Andhra Pradesh,28,Visakhapatnam,520,Visakha Rural,31.0,90.0,15.0,227.0,17.0,0.0,0.0,0.0,0.0,134.0,5.0,0.0,14.0,0.0,20.0,7.0,2.0,0.0,0.0,6.0,138.0,4.0,1.0,0.0,2098.0
2020,Andhra Pradesh,28,Visakhapatnam,520,Visakhapatnam,31.0,211.0,55.0,389.0,26.0,0.0,11.0,0.0,0.0,423.0,6.0,1.0,12.0,0.0,70.0,699.0,282.0,34.0,19.0,6.0,526.0,27.0,10.0,1.0,1621.0
2020,Andhra Pradesh,28,Vizianagaram,521,Vizianagaram,36.0,175.0,23.0,269.0,40.0,0.0,1.0,91.0,31.0,231.0,3.0,0.0,5.0,4.0,22.0,135.0,51.0,5.0,3.0,7.0,116.0,5.0,7.0,0.0,2438.0
2020,Andhra Pradesh,28,West Godavari,523,West Godavari,56.0,179.0,57.0,646.0,73.0,0.0,14.0,203.0,20.0,644.0,7.0,0.0,19.0,8.0,78.0,358.0,129.0,5.0,35.0,5.0,513.0,8.0,3.0,9.0,1091.0
2020,Andhra Pradesh,28,Y.S.R.,504,Cuddapah,63.0,71.0,19.0,281.0,19.0,0.0,1.0,71.0,14.0,283.0,28.0,0.0,9.0,4.0,21.0,4.0,0.0,0.0,0.0,1.0,117.0,12.0,16.0,0.0,140.0
2020,Arunachal Pradesh,12,Anjaw,628,Anjaw,0.0,0.0,0.0,0.0,0.0,0.0,0.0,0.0,0.0,0.0,0.0,0.0,0.0,0.0,0.0,0.0,0.0,0.0,0.0,0.0,0.0,0.0,1.0,0.0,2.0
2020,Arunachal Pradesh,12,Changlang,229,Changlang,7.0,16.0,5.0,3.0,3.0,0.0,0.0,7.0,0.0,3.0,0.0,0.0,0.0,0.0,0.0,0.0,0.0,0.0,0.0,0.0,4.0,1.0,1.0,0.0,17.0
2020,Arunachal Pradesh,12,Dibang Valley,230,Dibang Valley,1.0,0.0,0.0,3.0,0.0,0.0,0.0,0.0,0.0,0.0,0.0,0.0,0.0,0.0,0.0,0.0,0.0,0.0,0.0,0.0,0.0,1.0,0.0,0.0,2.0
2020,Arunachal Pradesh,12,East Kameng,231,Kameng East,1.0,6.0,2.0,2.0,0.0,0.0,0.0,4.0,2.0,0.0,0.0,0.0,0.0,0.0,0.0,0.0,0.0,0.0,0.0,0.0,2.0,0.0,0.0,0.0,42.0
2020,Arunachal Pradesh,12,East Kameng,231,Kameng West,0.0,3.0,0.0,0.0,1.0,0.0,0.0,4.0,0.0,0.0,0.0,0.0,0.0,0.0,0.0,0.0,0.0,0.0,0.0,0.0,0.0,0.0,0.0,0.0,0.0
2020,Arunachal Pradesh,12,East Siang,232,Siang East,2.0,18.0,7.0,12.0,4.0,0.0,0.0,11.0,1.0,9.0,0.0,0.0,1.0,0.0,7.0,1.0,0.0,0.0,0.0,0.0,10.0,4.0,2.0,0.0,66.0
2020,Arunachal Pradesh,12,Kamle,718,Kamle,1.0,2.0,1.0,0.0,0.0,0.0,0.0,1.0,0.0,0.0,0.0,0.0,0.0,0.0,0.0,0.0,0.0,0.0,0.0,0.0,0.0,0.0,0.0,0.0,10.0
2020,Arunachal Pradesh,12,Kra Daadi,677,Kra Dadi,3.0,0.0,0.0,0.0,0.0,0.0,0.0,0.0,0.0,0.0,0.0,0.0,0.0,0.0,0.0,0.0,0.0,0.0,0.0,0.0,0.0,0.0,0.0,0.0,0.0
2020,Arunachal Pradesh,12,Kurung Kumey,233,Kurung Kumey,2.0,6.0,2.0,0.0,0.0,0.0,0.0,4.0,2.0,2.0,0.0,0.0,0.0,0.0,0.0,1.0,0.0,0.0,0.0,1.0,0.0,0.0,2.0,0.0,2.0
2020,Arunachal Pradesh,12,Leparada,724,Leparada,0.0,4.0,1.0,0.0,1.0,0.0,0.0,2.0,0.0,3.0,0.0,0.0,0.0,0.0,0.0,0.0,0.0,0.0,0.0,0.0,2.0,0.0,1.0,0.0,13.0
2020,Arunachal Pradesh,12,Lohit,234,Lohit,5.0,8.0,3.0,5.0,4.0,0.0,0.0,7.0,0.0,3.0,0.0,0.0,0.0,0.0,4.0,0.0,0.0,0.0,0.0,0.0,3.0,3.0,2.0,0.0,14.0
2020,Arunachal Pradesh,12,Longding,666,Longding,2.0,4.0,1.0,0.0,0.0,4.0,0.0,2.0,0.0,0.0,0.0,0.0,0.0,0.0,0.0,0.0,0.0,0.0,0.0,0.0,4.0,2.0,0.0,0.0,16.0
2020,Arunachal Pradesh,12,Lower Dibang Valley,235,Lower Dibang Valley,5.0,4.0,2.0,3.0,0.0,0.0,0.0,5.0,0.0,1.0,0.0,0.0,0.0,0.0,0.0,0.0,0.0,0.0,0.0,0.0,0.0,2.0,0.0,0.0,4.0
2020,Arunachal Pradesh,12,Lower Siang,719,Lower Siang,0.0,0.0,0.0,2.0,0.0,0.0,0.0,0.0,0.0,0.0,0.0,0.0,0.0,0.0,0.0,0.0,0.0,0.0,0.0,0.0,4.0,0.0,0.0,0.0,17.0
2020,Arunachal Pradesh,12,Lower Subansiri,236,Subansiri Lower,0.0,0.0,0.0,1.0,0.0,0.0,0.0,0.0,0.0,1.0,0.0,0.0,0.0,0.0,0.0,0.0,0.0,0.0,0.0,0.0,2.0,1.0,0.0,0.0,20.0
2020,Arunachal Pradesh,12,Namsai,678,Namsai,3.0,1.0,0.0,7.0,1.0,0.0,0.0,5.0,2.0,3.0,0.0,0.0,0.0,0.0,0.0,0.0,0.0,0.0,0.0,0.0,2.0,4.0,2.0,0.0,0.0
2020,Arunachal Pradesh,12,Pakke Kessang,723,Pakkessang,0.0,2.0,0.0,0.0,0.0,0.0,0.0,0.0,0.0,0.0,0.0,0.0,0.0,0.0,0.0,0.0,0.0,0.0,0.0,0.0,1.0,0.0,0.0,0.0,3.0
2020,Arunachal Pradesh,12,Papum Pare,237,Crime Branch,0.0,0.0,0.0,1.0,0.0,0.0,0.0,0.0,0.0,0.0,0.0,0.0,0.0,0.0,0.0,8.0,3.0,0.0,0.0,1.0,2.0,2.0,3.0,0.0,3.0
2020,Arunachal Pradesh,12,Papum Pare,237,Papum Pare City,6.0,40.0,1.0,15.0,57.0,0.0,2.0,48.0,17.0,33.0,0.0,0.0,0.0,1.0,0.0,23.0,0.0,22.0,0.0,1.0,29.0,26.0,11.0,0.0,93.0
2020,Arunachal Pradesh,12,Papum Pare,237,Papum Pare Rural,0.0,0.0,0.0,2.0,3.0,0.0,0.0,4.0,0.0,0.0,0.0,0.0,0.0,1.0,4.0,0.0,0.0,0.0,0.0,0.0,4.0,5.0,4.0,0.0,48.0
2020,Arunachal Pradesh,12,Shi Yomi,725,Shiyomi,0.0,0.0,0.0,1.0,0.0,0.0,0.0,0.0,0.0,0.0,0.0,0.0,1.0,0.0,0.0,0.0,0.0,0.0,0.0,0.0,1.0,1.0,0.0,0.0,4.0
2020,Arunachal Pradesh,12,Siang,679,Siang,0.0,0.0,0.0,4.0,0.0,0.0,0.0,0.0,0.0,2.0,0.0,0.0,0.0,0.0,0.0,0.0,0.0,0.0,0.0,0.0,1.0,1.0,0.0,0.0,20.0
2020,Arunachal Pradesh,12,Tawang,238,Tawang,0.0,0.0,0.0,0.0,1.0,0.0,0.0,1.0,0.0,0.0,0.0,0.0,0.0,0.0,0.0,0.0,0.0,0.0,0.0,0.0,2.0,0.0,0.0,0.0,9.0
2020,Arunachal Pradesh,12,Tirap,239,Tirap,1.0,2.0,0.0,4.0,0.0,0.0,0.0,0.0,0.0,0.0,0.0,0.0,0.0,0.0,0.0,0.0,0.0,0.0,0.0,0.0,0.0,1.0,0.0,0.0,10.0
2020,Arunachal Pradesh,12,Upper Siang,240,Siang Upper,1.0,1.0,1.0,0.0,0.0,0.0,0.0,1.0,1.0,0.0,0.0,0.0,0.0,0.0,0.0,0.0,0.0,0.0,0.0,0.0,1.0,0.0,0.0,0.0,13.0
2020,Arunachal Pradesh,12,Upper Subansiri,241,Subansiri Upper,2.0,8.0,0.0,5.0,0.0,0.0,0.0,2.0,2.0,5.0,0.0,0.0,0.0,0.0,3.0,0.0,0.0,0.0,0.0,0.0,1.0,0.0,0.0,0.0,21.0
2020,Arunachal Pradesh,12,West Kameng,242,Kameng West,4.0,7.0,3.0,1.0,2.0,0.0,0.0,0.0,0.0,1.0,0.0,0.0,0.0,0.0,0.0,0.0,0.0,0.0,0.0,0.0,7.0,1.0,0.0,0.0,34.0
2020,Arunachal Pradesh,12,West Siang,243,Siang West,2.0,6.0,2.0,8.0,3.0,0.0,0.0,5.0,1.0,3.0,0.0,0.0,0.0,1.0,0.0,0.0,0.0,0.0,0.0,0.0,4.0,0.0,2.0,0.0,4.0
2020,Assam,18,Baksa,616,Baksa,32.0,91.0,6.0,86.0,64.0,0.0,2.0,109.0,28.0,128.0,18.0,0.0,0.0,0.0,9.0,77.0,0.0,5.0,0.0,65.0,53.0,23.0,0.0,0.0,5.0
2020,Assam,18,Barpeta,280,Barpeta,67.0,383.0,78.0,627.0,469.0,0.0,20.0,385.0,100.0,882.0,12.0,0.0,1.0,0.0,0.0,182.0,0.0,0.0,0.0,0.0,347.0,84.0,36.0,3.0,1422.0
2020,Assam,18,Biswanath,705,Biswanath,29.0,82.0,5.0,83.0,68.0,0.0,14.0,156.0,36.0,156.0,3.0,0.0,3.0,0.0,0.0,32.0,0.0,0.0,0.0,47.0,25.0,6.0,24.0,0.0,200.0
2020,Assam,18,Bongaigaon,281,Bongaigaon,16.0,128.0,25.0,119.0,106.0,0.0,6.0,176.0,66.0,342.0,7.0,0.0,0.0,0.0,0.0,150.0,0.0,0.0,0.0,0.0,110.0,42.0,0.0,0.0,533.0
2020,Assam,18,Cachar,282,Cachar,47.0,145.0,0.0,57.0,84.0,0.0,0.0,235.0,31.0,550.0,56.0,0.0,0.0,0.0,0.0,132.0,0.0,0.0,0.0,0.0,285.0,87.0,40.0,0.0,1666.0
2020,Assam,18,Charaideo,708,Charaideo,25.0,47.0,4.0,17.0,30.0,0.0,2.0,50.0,21.0,69.0,5.0,0.0,4.0,0.0,0.0,12.0,0.0,0.0,0.0,24.0,31.0,7.0,1.0,1.0,57.0
2020,Assam,18,Chirang,612,Chirang,19.0,83.0,7.0,41.0,93.0,0.0,0.0,62.0,43.0,91.0,5.0,0.0,0.0,0.0,0.0,42.0,0.0,0.0,0.0,0.0,40.0,7.0,3.0,0.0,53.0
2020,Assam,18,Darrang,283,Darrang,33.0,221.0,8.0,290.0,200.0,0.0,4.0,127.0,74.0,415.0,15.0,0.0,0.0,0.0,69.0,60.0,0.0,0.0,0.0,120.0,205.0,17.0,18.0,1.0,321.0
2020,Assam,18,Dhemaji,284,Dhemaji,21.0,72.0,6.0,123.0,47.0,0.0,2.0,58.0,30.0,186.0,10.0,0.0,10.0,2.0,0.0,49.0,0.0,2.0,0.0,3.0,106.0,37.0,0.0,1.0,192.0
2020,Assam,18,Dhubri,285,Dhubri,39.0,291.0,81.0,717.0,317.0,8.0,24.0,312.0,107.0,976.0,20.0,2.0,1.0,15.0,8.0,0.0,0.0,0.0,0.0,0.0,72.0,69.0,22.0,1.0,141.0
2020,Assam,18,Dibrugarh,286,Dibrugarh,55.0,139.0,0.0,78.0,212.0,2.0,3.0,221.0,74.0,379.0,68.0,0.0,0.0,0.0,0.0,236.0,0.0,32.0,0.0,48.0,255.0,47.0,8.0,0.0,867.0
2020,Assam,18,Dima Hasao,299,Dima Hasao,12.0,18.0,0.0,2.0,14.0,0.0,0.0,19.0,10.0,13.0,0.0,0.0,0.0,0.0,0.0,19.0,0.0,6.0,0.0,13.0,17.0,0.0,4.0,0.0,39.0
2020,Assam,18,Goalpara,287,Goalpara,32.0,101.0,27.0,79.0,96.0,0.0,6.0,94.0,35.0,300.0,2.0,0.0,0.0,0.0,0.0,27.0,0.0,0.0,0.0,0.0,56.0,18.0,10.0,0.0,106.0
2020,Assam,18,Golaghat,288,Golaghat,57.0,113.0,7.0,44.0,232.0,1.0,2.0,90.0,30.0,332.0,8.0,0.0,0.0,0.0,0.0,77.0,0.0,15.0,0.0,48.0,132.0,20.0,0.0,0.0,567.0
2020,Assam,18,Hailakandi,289,Hailakandi,22.0,201.0,24.0,141.0,50.0,1.0,0.0,95.0,35.0,291.0,11.0,0.0,0.0,0.0,16.0,36.0,0.0,7.0,0.0,16.0,127.0,21.0,14.0,0.0,60.0
2020,Assam,18,Hojai,709,Hojai,39.0,143.0,34.0,216.0,162.0,0.0,0.0,177.0,35.0,593.0,5.0,0.0,0.0,0.0,2.0,46.0,0.0,13.0,0.0,24.0,147.0,26.0,2.0,0.0,18.0
2020,Assam,18,Jorhat,290,Jorhat,46.0,116.0,19.0,158.0,302.0,0.0,0.0,85.0,34.0,596.0,3.0,0.0,0.0,0.0,0.0,104.0,0.0,0.0,0.0,0.0,99.0,43.0,125.0,0.0,1296.0
2020,Assam,18,Kamrup,291,Kamrup,64.0,294.0,0.0,555.0,388.0,0.0,16.0,241.0,87.0,409.0,57.0,0.0,8.0,0.0,27.0,203.0,0.0,22.0,0.0,107.0,286.0,93.0,5.0,0.0,1430.0
2020,Assam,18,Kamrup Metro,618,Bieo,0.0,0.0,0.0,0.0,0.0,0.0,0.0,0.0,0.0,0.0,0.0,0.0,0.0,0.0,0.0,0.0,0.0,0.0,0.0,0.0,3.0,0.0,2.0,0.0,1.0
2020,Assam,18,Kamrup Metro,618,Cid,0.0,1.0,0.0,0.0,0.0,0.0,0.0,1.0,1.0,0.0,0.0,0.0,0.0,0.0,0.0,6.0,0.0,6.0,0.0,0.0,6.0,0.0,0.0,0.0,2.0
2020,Assam,18,Kamrup Metro,618,Grp,15.0,2.0,0.0,4.0,0.0,1.0,7.0,2.0,1.0,0.0,0.0,0.0,0.0,0.0,0.0,0.0,0.0,0.0,0.0,0.0,13.0,3.0,0.0,0.0,18.0
2020,Assam,18,Kamrup Metro,618,Guwahati City,56.0,98.0,5.0,218.0,415.0,8.0,9.0,285.0,41.0,725.0,35.0,0.0,12.0,0.0,0.0,932.0,0.0,23.0,0.0,318.0,1581.0,550.0,98.0,4.0,148.0
2020,Assam,18,Kamrup Metro,618,Rpo,5.0,3.0,0.0,0.0,4.0,0.0,0.0,5.0,1.0,0.0,5.0,0.0,0.0,0.0,0.0,0.0,0.0,0.0,0.0,0.0,5.0,0.0,0.0,0.0,46.0
2020,Assam,18,Kamrup Metro,618,Sou,0.0,0.0,0.0,0.0,0.0,0.0,0.0,0.0,0.0,0.0,0.0,0.0,0.0,0.0,0.0,0.0,0.0,0.0,0.0,0.0,0.0,0.0,0.0,0.0,0.0
2020,Assam,18,Kamrup Metro,618,Stf,0.0,0.0,0.0,0.0,0.0,0.0,0.0,0.0,0.0,0.0,0.0,0.0,0.0,0.0,0.0,0.0,0.0,0.0,0.0,0.0,0.0,0.0,0.0,0.0,0.0
2020,Assam,18,Karbi Anglong,292,Karbi Anglong,23.0,83.0,0.0,25.0,89.0,2.0,0.0,63.0,19.0,72.0,0.0,0.0,0.0,0.0,0.0,52.0,0.0,11.0,0.0,18.0,30.0,7.0,5.0,0.0,169.0
2020,Assam,18,Karimganj,293,Karimganj,43.0,128.0,23.0,72.0,57.0,5.0,0.0,39.0,16.0,289.0,2.0,2.0,3.0,0.0,6.0,335.0,148.0,4.0,1.0,23.0,267.0,87.0,1.0,2.0,1273.0
2020,Assam,18,Kokrajhar,294,Kokrajhar,35.0,97.0,0.0,74.0,83.0,0.0,14.0,59.0,43.0,154.0,7.0,0.0,0.0,0.0,0.0,258.0,29.0,0.0,0.0,0.0,154.0,9.0,0.0,0.0,901.0
2020,Assam,18,Lakhimpur,295,Lakhimpur,45.0,154.0,15.0,128.0,165.0,0.0,9.0,196.0,87.0,347.0,134.0,1.0,1.0,0.0,3.0,72.0,0.0,20.0,2.0,0.0,206.0,22.0,0.0,2.0,139.0
2020,Assam,18,Majuli,706,Majuli,8.0,10.0,1.0,21.0,29.0,0.0,0.0,30.0,12.0,42.0,0.0,0.0,0.0,0.0,0.0,9.0,0.0,0.0,0.0,2.0,14.0,2.0,1.0,0.0,63.0
2020,Assam,18,Marigaon,296,Morigaon,32.0,491.0,35.0,168.0,279.0,0.0,3.0,68.0,58.0,497.0,9.0,0.0,0.0,0.0,60.0,56.0,0.0,0.0,0.0,0.0,192.0,75.0,0.0,0.0,311.0
2020,Assam,18,Nagaon,297,Nagaon,65.0,259.0,37.0,136.0,312.0,4.0,6.0,410.0,105.0,863.0,72.0,0.0,0.0,232.0,0.0,0.0,0.0,0.0,0.0,0.0,0.0,56.0,41.0,1.0,2309.0
2020,Assam,18,Nalbari,298,Nalbari,13.0,126.0,0.0,125.0,82.0,0.0,3.0,76.0,55.0,281.0,9.0,1.0,0.0,9.0,0.0,27.0,0.0,0.0,0.0,54.0,60.0,36.0,0.0,0.0,96.0
2020,Assam,18,Sivasagar,300,Sibsagar,27.0,132.0,11.0,143.0,217.0,0.0,2.0,146.0,33.0,320.0,16.0,0.0,0.0,0.0,10.0,84.0,0.0,32.0,0.0,57.0,161.0,28.0,5.0,0.0,264.0
2020,Assam,18,Sonitpur,301,Sonitpur,44.0,92.0,0.0,23.0,217.0,0.0,34.0,202.0,25.0,454.0,4.0,0.0,0.0,0.0,0.0,725.0,288.0,0.0,0.0,0.0,576.0,86.0,0.0,2.0,1636.0
2020,Assam,18,South Salmara Mancachar,707,South Salmara,18.0,171.0,29.0,27.0,74.0,5.0,4.0,100.0,26.0,258.0,4.0,0.0,0.0,5.0,0.0,25.0,0.0,0.0,0.0,16.0,37.0,4.0,5.0,0.0,364.0
2020,Assam,18,Tinsukia,302,Sadia,8.0,17.0,0.0,3.0,7.0,0.0,0.0,11.0,3.0,22.0,4.0,0.0,0.0,0.0,0.0,2.0,0.0,0.0,0.0,2.0,8.0,3.0,0.0,0.0,30.0
2020,Assam,18,Tinsukia,302,Tinsukia,59.0,98.0,13.0,106.0,121.0,0.0,1.0,169.0,57.0,250.0,4.0,0.0,12.0,0.0,0.0,144.0,0.0,29.0,0.0,10.0,198.0,136.0,14.0,0.0,117.0
2020,Assam,18,Udalguri,617,Udalguri,31.0,70.0,3.0,34.0,94.0,2.0,8.0,39.0,27.0,101.0,4.0,0.0,0.0,0.0,0.0,0.0,0.0,0.0,0.0,0.0,43.0,23.0,0.0,0.0,217.0
2020,Assam,18,West Karbi Anglong,710,Hamren,5.0,9.0,0.0,6.0,18.0,0.0,0.0,29.0,11.0,25.0,3.0,0.0,0.0,0.0,0.0,12.0,0.0,0.0,0.0,5.0,13.0,1.0,0.0,0.0,101.0
2020,Bihar,10,Araria,188,Araria,53.0,173.0,0.0,5.0,168.0,0.0,0.0,356.0,31.0,55.0,100.0,0.0,0.0,134.0,0.0,86.0,39.0,0.0,0.0,0.0,45.0,80.0,68.0,0.0,43.0
2020,Bihar,10,Arwal,611,Arwal,21.0,27.0,0.0,17.0,32.0,1.0,0.0,35.0,8.0,8.0,22.0,0.0,0.0,0.0,10.0,64.0,32.0,0.0,0.0,0.0,32.0,17.0,25.0,0.0,32.0
2020,Bihar,10,Aurangabad,189,Aurangabad,67.0,96.0,0.0,7.0,100.0,0.0,0.0,109.0,37.0,39.0,47.0,0.0,0.0,0.0,0.0,20.0,10.0,0.0,0.0,0.0,88.0,26.0,93.0,0.0,10.0
2020,Bihar,10,Banka,190,Banka,77.0,76.0,0.0,23.0,95.0,0.0,0.0,51.0,23.0,19.0,71.0,0.0,0.0,0.0,9.0,89.0,38.0,2.0,0.0,0.0,88.0,41.0,29.0,0.0,41.0
2020,Bihar,10,Begusarai,191,Begusarai,116.0,109.0,0.0,4.0,138.0,2.0,0.0,123.0,14.0,23.0,72.0,0.0,0.0,0.0,0.0,54.0,27.0,0.0,0.0,0.0,108.0,88.0,0.0,3.0,27.0
2020,Bihar,10,Bhagalpur,192,Bhagalpur,88.0,231.0,2.0,11.0,252.0,3.0,0.0,187.0,47.0,46.0,119.0,0.0,0.0,0.0,0.0,37.0,0.0,0.0,0.0,39.0,208.0,47.0,0.0,6.0,0.0
2020,Bihar,10,Bhagalpur,192,Naugachia,37.0,62.0,12.0,6.0,78.0,1.0,0.0,59.0,18.0,16.0,28.0,0.0,0.0,0.0,0.0,6.0,0.0,1.0,0.0,4.0,23.0,27.0,6.0,0.0,18.0
2020,Bihar,10,Bhojpur,193,Bhojpur,97.0,124.0,2.0,42.0,202.0,0.0,0.0,175.0,50.0,94.0,171.0,0.0,0.0,0.0,0.0,54.0,22.0,2.0,1.0,0.0,77.0,73.0,199.0,0.0,25.0
2020,Bihar,10,Buxar,194,Buxar,45.0,100.0,0.0,3.0,119.0,1.0,0.0,101.0,38.0,53.0,73.0,0.0,0.0,0.0,20.0,44.0,22.0,0.0,0.0,0.0,74.0,21.0,55.0,0.0,22.0
2020,Bihar,10,Darbhanga,195,Darbhanga,71.0,144.0,0.0,112.0,234.0,1.0,0.0,137.0,41.0,80.0,69.0,0.0,0.0,0.0,0.0,48.0,24.0,0.0,0.0,0.0,135.0,22.0,131.0,0.0,24.0
2020,Bihar,10,Gaya,196,Gaya,168.0,206.0,0.0,10.0,293.0,3.0,3.0,182.0,83.0,108.0,128.0,1.0,0.0,0.0,43.0,64.0,32.0,0.0,0.0,0.0,522.0,88.0,20.0,2.0,43.0
2020,Bihar,10,Gopalganj,197,Gopalganj,94.0,72.0,0.0,0.0,203.0,1.0,0.0,104.0,11.0,27.0,86.0,0.0,0.0,0.0,35.0,32.0,16.0,0.0,0.0,0.0,100.0,41.0,9.0,0.0,16.0
2020,Bihar,10,Jamui,198,Jamui,85.0,73.0,0.0,16.0,86.0,1.0,0.0,56.0,27.0,15.0,60.0,0.0,0.0,0.0,0.0,96.0,41.0,0.0,5.0,0.0,60.0,33.0,35.0,0.0,50.0
2020,Bihar,10,Jehanabad,199,Jehanabad,30.0,41.0,0.0,13.0,55.0,0.0,0.0,49.0,18.0,9.0,33.0,0.0,0.0,0.0,26.0,91.0,42.0,0.0,1.0,0.0,114.0,20.0,22.0,0.0,47.0
2020,Bihar,10,Kaimur (Bhabua),200,Bhabhua,46.0,78.0,0.0,47.0,94.0,0.0,0.0,107.0,29.0,19.0,47.0,0.0,0.0,12.0,0.0,56.0,28.0,0.0,0.0,0.0,68.0,27.0,0.0,0.0,28.0
2020,Bihar,10,Katihar,201,Katihar,90.0,174.0,1.0,9.0,161.0,0.0,2.0,106.0,51.0,51.0,132.0,0.0,1.0,0.0,30.0,20.0,10.0,0.0,0.0,0.0,40.0,48.0,36.0,0.0,10.0
2020,Bihar,10,Katihar,201,Katihar Railway,5.0,1.0,0.0,0.0,0.0,0.0,6.0,5.0,2.0,0.0,0.0,0.0,0.0,0.0,0.0,0.0,0.0,0.0,0.0,0.0,0.0,2.0,0.0,0.0,5.0
2020,Bihar,10,Khagaria,202,Khagaria,62.0,72.0,3.0,5.0,96.0,1.0,0.0,85.0,23.0,19.0,44.0,0.0,0.0,0.0,0.0,9.0,0.0,1.0,0.0,7.0,69.0,35.0,0.0,0.0,0.0
2020,Bihar,10,Kishanganj,203,Kishanganj,30.0,86.0,1.0,1.0,70.0,0.0,0.0,50.0,28.0,34.0,84.0,0.0,11.0,0.0,0.0,24.0,4.0,0.0,0.0,0.0,34.0,20.0,5.0,8.0,55.0
2020,Bihar,10,Lakhisarai,204,Lakhisarai,28.0,52.0,0.0,7.0,72.0,0.0,0.0,63.0,24.0,20.0,23.0,0.0,2.0,0.0,9.0,42.0,21.0,0.0,0.0,0.0,31.0,8.0,0.0,0.0,21.0
2020,Bihar,10,Madhepura,205,Madhepura,96.0,89.0,5.0,1.0,106.0,2.0,0.0,214.0,34.0,18.0,48.0,0.0,0.0,42.0,0.0,38.0,4.0,0.0,4.0,0.0,58.0,82.0,0.0,0.0,30.0
2020,Bihar,10,Madhubani,206,Madhubani,75.0,134.0,0.0,2.0,216.0,1.0,0.0,139.0,38.0,67.0,170.0,0.0,0.0,0.0,0.0,34.0,17.0,0.0,0.0,0.0,59.0,23.0,10.0,0.0,17.0
2020,Bihar,10,Munger,207,Jamalpur Railway,0.0,0.0,0.0,0.0,0.0,0.0,0.0,0.0,0.0,0.0,1.0,0.0,0.0,0.0,0.0,0.0,0.0,0.0,0.0,0.0,0.0,2.0,1.0,0.0,3.0
2020,Bihar,10,Munger,207,Munger,59.0,56.0,7.0,7.0,95.0,0.0,0.0,132.0,54.0,22.0,61.0,0.0,0.0,18.0,40.0,84.0,42.0,0.0,0.0,0.0,74.0,18.0,1.0,0.0,42.0
2020,Bihar,10,Muzaffarpur,208,Muzaffarpur,178.0,318.0,0.0,8.0,562.0,3.0,0.0,432.0,61.0,130.0,98.0,0.0,0.0,27.0,48.0,20.0,10.0,0.0,0.0,0.0,233.0,133.0,12.0,2.0,11.0
2020,Bihar,10,Muzaffarpur,208,Muzaffarpur Railway,4.0,0.0,0.0,0.0,0.0,0.0,4.0,2.0,0.0,0.0,1.0,0.0,0.0,0.0,0.0,2.0,1.0,0.0,0.0,0.0,3.0,1.0,0.0,0.0,4.0
2020,Bihar,10,Nalanda,209,Nalanda,144.0,171.0,0.0,48.0,386.0,4.0,0.0,293.0,69.0,82.0,185.0,0.0,0.0,0.0,0.0,54.0,27.0,0.0,0.0,0.0,403.0,69.0,0.0,0.0,27.0
2020,Bihar,10,Nawada,210,Nawadah,62.0,40.0,0.0,17.0,195.0,2.0,0.0,100.0,47.0,33.0,61.0,0.0,0.0,0.0,121.0,84.0,42.0,0.0,0.0,0.0,113.0,29.0,51.0,0.0,42.0
2020,Bihar,10,Pashchim Champaran,211,Bagaha,36.0,47.0,0.0,9.0,103.0,0.0,0.0,111.0,26.0,29.0,26.0,0.0,0.0,11.0,0.0,14.0,2.0,0.0,2.0,5.0,18.0,9.0,9.0,0.0,4.0
2020,Bihar,10,Pashchim Champaran,211,Bettiah,80.0,46.0,0.0,8.0,163.0,0.0,8.0,276.0,90.0,52.0,122.0,0.0,0.0,68.0,81.0,78.0,39.0,0.0,0.0,0.0,136.0,26.0,67.0,2.0,39.0
2020,Bihar,10,Patna,212,Anti Terrorist Squad,0.0,0.0,0.0,0.0,0.0,0.0,0.0,0.0,0.0,0.0,0.0,0.0,0.0,0.0,0.0,0.0,0.0,0.0,0.0,0.0,0.0,0.0,0.0,0.0,0.0
2020,Bihar,10,Patna,212,Economic Offences Unit,0.0,0.0,0.0,0.0,0.0,0.0,0.0,0.0,0.0,0.0,0.0,0.0,0.0,0.0,0.0,0.0,0.0,0.0,0.0,0.0,0.0,0.0,1.0,0.0,0.0
2020,Bihar,10,Patna,212,Patna,212.0,522.0,21.0,38.0,832.0,3.0,5.0,584.0,127.0,242.0,316.0,0.0,0.0,0.0,33.0,932.0,466.0,0.0,0.0,0.0,1688.0,159.0,0.0,9.0,475.0
2020,Bihar,10,Patna,212,Patna Railway,7.0,4.0,0.0,2.0,3.0,0.0,6.0,5.0,1.0,0.0,1.0,0.0,1.0,0.0,9.0,0.0,0.0,0.0,0.0,0.0,2.0,2.0,0.0,0.0,4.0
2020,Bihar,10,Purbi Champaran,213,Motihari,164.0,90.0,0.0,0.0,281.0,3.0,2.0,621.0,93.0,119.0,180.0,0.0,0.0,226.0,100.0,60.0,18.0,0.0,0.0,0.0,18.0,93.0,305.0,0.0,30.0
2020,Bihar,10,Purnia,214,Purnea,81.0,206.0,0.0,7.0,189.0,2.0,0.0,228.0,57.0,53.0,60.0,0.0,0.0,63.0,0.0,5.0,0.0,0.0,0.0,5.0,46.0,82.0,33.0,0.0,0.0
2020,Bihar,10,Rohtas,215,Rohtas,107.0,125.0,0.0,15.0,179.0,1.0,0.0,161.0,40.0,53.0,77.0,0.0,0.0,0.0,0.0,86.0,43.0,0.0,0.0,0.0,127.0,95.0,113.0,4.0,44.0
2020,Bihar,10,Saharsa,216,Saharsa,32.0,33.0,0.0,3.0,83.0,1.0,4.0,16.0,6.0,15.0,40.0,0.0,0.0,0.0,0.0,15.0,0.0,0.0,0.0,0.0,42.0,20.0,0.0,0.0,0.0
2020,Bihar,10,Samastipur,217,Samastipur,85.0,212.0,0.0,32.0,198.0,0.0,0.0,186.0,41.0,32.0,94.0,0.0,6.0,0.0,0.0,62.0,31.0,0.0,0.0,0.0,88.0,76.0,12.0,0.0,31.0
2020,Bihar,10,Saran,218,Saran,118.0,234.0,0.0,54.0,366.0,1.0,1.0,276.0,47.0,97.0,201.0,0.0,0.0,0.0,79.0,180.0,90.0,0.0,0.0,0.0,349.0,92.0,20.0,2.0,94.0
2020,Bihar,10,Sheikhpura,219,Sheikhpura,22.0,12.0,0.0,23.0,21.0,1.0,0.0,71.0,29.0,11.0,30.0,0.0,0.0,15.0,0.0,8.0,0.0,0.0,4.0,0.0,21.0,11.0,5.0,0.0,4.0
2020,Bihar,10,Sheohar,220,Sheohar,13.0,39.0,0.0,4.0,45.0,2.0,0.0,61.0,6.0,9.0,27.0,0.0,0.0,19.0,0.0,23.0,11.0,0.0,0.0,0.0,35.0,6.0,0.0,0.0,11.0
2020,Bihar,10,Sitamarhi,221,Sitamarhi,82.0,120.0,0.0,4.0,301.0,2.0,0.0,93.0,35.0,53.0,93.0,0.0,0.0,0.0,0.0,12.0,6.0,0.0,0.0,0.0,6.0,59.0,0.0,0.0,73.0
2020,Bihar,10,Siwan,222,Siwan,112.0,106.0,0.0,2.0,186.0,0.0,0.0,148.0,35.0,20.0,87.0,0.0,0.0,0.0,0.0,3.0,0.0,0.0,0.0,0.0,56.0,78.0,31.0,0.0,4.0
2020,Bihar,10,Supaul,223,Supaul,60.0,31.0,0.0,0.0,107.0,2.0,0.0,33.0,32.0,30.0,74.0,0.0,0.0,0.0,0.0,30.0,15.0,0.0,0.0,0.0,26.0,63.0,44.0,0.0,15.0
2020,Bihar,10,Vaishali,224,Vaishali,126.0,296.0,11.0,16.0,329.0,1.0,19.0,269.0,25.0,56.0,139.0,0.0,0.0,0.0,292.0,168.0,84.0,0.0,0.0,0.0,84.0,128.0,177.0,0.0,84.0
2020,Chandigarh,4,Chandigarh,44,Chandigarh,25.0,139.0,47.0,59.0,183.0,0.0,6.0,209.0,0.0,96.0,1.0,1.0,1.0,4.0,75.0,28.0,7.0,1.0,2.0,6.0,131.0,24.0,1.0,0.0,162.0
2020,Chhattisgarh,22,Balod,646,Balod,23.0,79.0,0.0,54.0,38.0,0.0,0.0,151.0,81.0,12.0,3.0,0.0,8.0,3.0,79.0,70.0,27.0,0.0,0.0,0.0,60.0,8.0,1.0,0.0,922.0
2020,Chhattisgarh,22,Baloda Bazar,644,Balodbazar,3.0,101.0,1.0,91.0,195.0,0.0,0.0,227.0,100.0,33.0,1.0,0.0,8.0,16.0,0.0,0.0,0.0,0.0,0.0,2.0,0.0,0.0,0.0,0.0,0.0
2020,Chhattisgarh,22,Balodabazar-Bhatapara,644,Balodbazar,34.0,32.0,0.0,0.0,0.0,0.0,1.0,0.0,0.0,0.0,0.0,0.0,0.0,0.0,296.0,5.0,0.0,0.0,0.0,5.0,33.0,27.0,4.0,0.0,15.0
2020,Chhattisgarh,22,Balrampur,649,Balrampur,1.0,0.0,0.0,0.0,51.0,0.0,2.0,136.0,78.0,0.0,0.0,0.0,2.0,0.0,0.0,0.0,0.0,0.0,0.0,0.0,0.0,0.0,0.0,0.0,0.0
2020,Chhattisgarh,22,Balrampur Ramanujganj,649,Balrampur,40.0,251.0,0.0,56.0,51.0,0.0,8.0,0.0,0.0,15.0,3.0,0.0,12.0,0.0,94.0,0.0,0.0,0.0,0.0,0.0,0.0,15.0,0.0,0.0,574.0
2020,Chhattisgarh,22,Bastar,374,Jagdalpur,30.0,155.0,0.0,30.0,45.0,0.0,1.0,166.0,100.0,16.0,3.0,0.0,4.0,7.0,53.0,42.0,11.0,0.0,0.0,0.0,33.0,15.0,0.0,0.0,572.0
2020,Chhattisgarh,22,Bemetara,650,Bemetra,21.0,72.0,1.0,48.0,84.0,0.0,0.0,151.0,43.0,13.0,3.0,0.0,7.0,3.0,70.0,18.0,5.0,2.0,0.0,4.0,34.0,6.0,0.0,0.0,976.0
2020,Chhattisgarh,22,Bijapur,636,Bizapur,44.0,19.0,0.0,5.0,33.0,0.0,3.0,30.0,9.0,0.0,0.0,0.0,0.0,0.0,0.0,0.0,0.0,0.0,0.0,0.0,0.0,8.0,0.0,0.0,86.0
2020,Chhattisgarh,22,Bilaspur,375,Bilaspur,52.0,424.0,106.0,145.0,230.0,0.0,9.0,368.0,99.0,72.0,12.0,0.0,2.0,33.0,286.0,18.0,0.0,0.0,0.0,18.0,129.0,67.0,5.0,0.0,0.0
2020,Chhattisgarh,22,Dakshin Bastar Dantewada,376,Dantewara,18.0,21.0,0.0,9.0,10.0,0.0,0.0,0.0,0.0,2.0,0.0,0.0,0.0,0.0,25.0,24.0,7.0,0.0,1.0,0.0,20.0,19.0,0.0,0.0,18.0
2020,Chhattisgarh,22,Dantewada,376,Dantewara,0.0,0.0,0.0,1.0,12.0,0.0,0.0,42.0,16.0,0.0,0.0,0.0,0.0,0.0,0.0,0.0,0.0,0.0,0.0,0.0,0.0,0.0,0.0,0.0,0.0
2020,Chhattisgarh,22,Dhamtari,377,Dhamtari,20.0,115.0,0.0,49.0,73.0,0.0,0.0,140.0,76.0,12.0,2.0,0.0,9.0,0.0,62.0,44.0,9.0,1.0,1.0,1.0,43.0,23.0,0.0,0.0,1063.0
2020,Chhattisgarh,22,Durg,378,Durg,36.0,206.0,3.0,157.0,321.0,0.0,0.0,420.0,132.0,99.0,2.0,0.0,13.0,86.0,311.0,21.0,0.0,0.0,0.0,26.0,153.0,60.0,0.0,1.0,0.0
2020,Chhattisgarh,22,Gariyaband,645,Gariyaband,31.0,82.0,1.0,47.0,24.0,2.0,0.0,125.0,66.0,4.0,0.0,0.0,3.0,15.0,57.0,10.0,2.0,0.0,0.0,0.0,19.0,1.0,0.0,0.0,17.0
2020,Chhattisgarh,22,Gaurela Pendra Marwahi,734,Gaurela-Pendra-Marwari,17.0,23.0,0.0,18.0,20.0,0.0,0.0,0.0,0.0,1.0,0.0,0.0,1.0,0.0,43.0,1.0,0.0,0.0,0.0,1.0,9.0,5.0,2.0,0.0,31.0
2020,Chhattisgarh,22,Gaurella Pendra Marwahi,734,Gaurela-Pendra-Marwari,1.0,0.0,0.0,0.0,24.0,0.0,0.0,63.0,25.0,0.0,0.0,0.0,0.0,8.0,0.0,0.0,0.0,0.0,0.0,0.0,0.0,0.0,0.0,0.0,0.0
2020,Chhattisgarh,22,Janjgir-Champa,379,Janjgir,60.0,176.0,0.0,115.0,233.0,2.0,0.0,384.0,147.0,33.0,5.0,0.0,9.0,55.0,316.0,1.0,0.0,0.0,0.0,1.0,42.0,33.0,0.0,0.0,20.0
2020,Chhattisgarh,22,Jashpur,380,Jashpur,74.0,189.0,0.0,41.0,111.0,0.0,28.0,176.0,80.0,15.0,0.0,0.0,6.0,3.0,94.0,4.0,2.0,0.0,0.0,0.0,34.0,15.0,0.0,0.0,86.0
2020,Chhattisgarh,22,Kabeerdham,382,Kabirdham,18.0,88.0,1.0,56.0,45.0,2.0,0.0,0.0,0.0,22.0,0.0,1.0,6.0,0.0,85.0,4.0,0.0,0.0,0.0,0.0,32.0,6.0,4.0,0.0,67.0
2020,Chhattisgarh,22,Kabirdham,382,Kabirdham,1.0,1.0,0.0,1.0,63.0,2.0,0.0,138.0,58.0,0.0,0.0,0.0,1.0,5.0,0.0,0.0,0.0,0.0,0.0,0.0,0.0,0.0,0.0,0.0,0.0
2020,Chhattisgarh,22,Kanker,381,Kanker,3.0,0.0,0.0,0.0,32.0,0.0,0.0,111.0,53.0,0.0,0.0,0.0,1.0,0.0,0.0,0.0,0.0,0.0,0.0,0.0,0.0,0.0,0.0,0.0,0.0
2020,Chhattisgarh,22,Kondagaon,643,Kondagaon,21.0,55.0,0.0,11.0,30.0,0.0,0.0,71.0,42.0,5.0,1.0,0.0,1.0,0.0,25.0,1.0,0.0,0.0,0.0,2.0,20.0,3.0,0.0,0.0,0.0
2020,Chhattisgarh,22,Korba,383,Korba,47.0,166.0,0.0,121.0,109.0,1.0,0.0,194.0,72.0,19.0,5.0,0.0,4.0,17.0,161.0,5.0,0.0,0.0,0.0,7.0,49.0,15.0,0.0,2.0,478.0
2020,Chhattisgarh,22,Korea,384,Koriya,27.0,185.0,0.0,62.0,105.0,0.0,0.0,140.0,60.0,28.0,2.0,0.0,7.0,15.0,43.0,5.0,0.0,0.0,0.0,1.0,37.0,2.0,0.0,0.0,167.0
2020,Chhattisgarh,22,Mahasamund,385,Mahasamund,25.0,139.0,0.0,39.0,87.0,2.0,3.0,104.0,54.0,8.0,3.0,0.0,7.0,5.0,49.0,6.0,3.0,0.0,0.0,0.0,30.0,14.0,0.0,0.0,131.0
2020,Chhattisgarh,22,Mungeli,647,Mungali,29.0,67.0,0.0,40.0,57.0,0.0,0.0,93.0,56.0,13.0,2.0,0.0,7.0,1.0,119.0,0.0,0.0,0.0,0.0,0.0,20.0,4.0,3.0,0.0,202.0
2020,Chhattisgarh,22,Narayanpur,637,Narayanpur,11.0,41.0,0.0,6.0,13.0,0.0,8.0,37.0,29.0,2.0,0.0,0.0,1.0,0.0,21.0,5.0,0.0,0.0,0.0,1.0,6.0,3.0,1.0,0.0,1.0
2020,Chhattisgarh,22,Raigarh,386,Raigarh,63.0,422.0,11.0,158.0,145.0,2.0,6.0,333.0,125.0,54.0,7.0,0.0,0.0,9.0,66.0,6.0,2.0,0.0,0.0,2.0,65.0,38.0,0.0,0.0,185.0
2020,Chhattisgarh,22,Raipur,387,Grp Raipur,1.0,5.0,0.0,2.0,4.0,0.0,0.0,9.0,3.0,0.0,0.0,0.0,0.0,0.0,8.0,1.0,0.0,0.0,0.0,0.0,1.0,3.0,0.0,0.0,0.0
2020,Chhattisgarh,22,Raipur,387,Raipur,83.0,365.0,0.0,153.0,453.0,0.0,0.0,594.0,230.0,70.0,10.0,0.0,15.0,51.0,423.0,97.0,3.0,1.0,2.0,55.0,0.0,62.0,0.0,0.0,340.0
2020,Chhattisgarh,22,Rajnandgaon,388,Rajnandgaon,47.0,145.0,0.0,165.0,116.0,2.0,2.0,245.0,61.0,36.0,7.0,0.0,2.0,1.0,35.0,4.0,0.0,0.0,0.0,0.0,53.0,14.0,6.0,0.0,47.0
2020,Chhattisgarh,22,Sukma,642,Sukma,32.0,27.0,0.0,6.0,22.0,0.0,0.0,31.0,16.0,4.0,0.0,0.0,0.0,0.0,0.0,6.0,0.0,3.0,0.0,4.0,12.0,18.0,5.0,0.0,43.0
2020,Chhattisgarh,22,Surajpur,648,Surajpur,46.0,189.0,1.0,48.0,42.0,0.0,2.0,215.0,104.0,17.0,2.0,0.0,9.0,43.0,128.0,19.0,1.0,0.0,0.0,2.0,13.0,7.0,3.0,0.0,42.0
2020,Chhattisgarh,22,Surguja,389,Sarguja,53.0,220.0,0.0,55.0,122.0,0.0,1.0,162.0,40.0,26.0,2.0,0.0,10.0,7.0,105.0,16.0,0.0,2.0,2.0,9.0,121.0,43.0,0.0,0.0,86.0
2020,Chhattisgarh,22,Uttar Bastar Kanker,381,Kanker,31.0,133.0,2.0,36.0,30.0,0.0,0.0,0.0,0.0,10.0,2.0,0.0,4.0,0.0,42.0,30.0,5.0,0.0,2.0,0.0,24.0,8.0,0.0,0.0,302.0
2020,Delhi,7,Central,77,Central,14.0,179.0,1.0,147.0,258.0,1.0,4.0,207.0,55.0,85.0,6.0,0.0,1.0,0.0,210.0,18.0,8.0,0.0,0.0,0.0,143.0,102.0,3.0,0.0,254.0
2020,Delhi,7,East,78,East,23.0,174.0,0.0,175.0,355.0,1.0,2.0,301.0,64.0,172.0,7.0,0.0,4.0,6.0,173.0,7.0,0.0,0.0,2.0,0.0,219.0,203.0,3.0,1.0,110.0
2020,Delhi,7,New Delhi,79,Economic Offences Wing,0.0,0.0,0.0,0.0,0.0,0.0,0.0,0.0,0.0,0.0,0.0,0.0,0.0,0.0,0.0,0.0,0.0,0.0,0.0,0.0,115.0,0.0,64.0,0.0,0.0
2020,Delhi,7,New Delhi,79,Eow,0.0,0.0,0.0,0.0,0.0,0.0,0.0,0.0,0.0,0.0,0.0,0.0,0.0,0.0,0.0,0.0,0.0,0.0,0.0,0.0,0.0,0.0,0.0,0.0,0.0
2020,Delhi,7,New Delhi,79,Igi Airport,1.0,6.0,0.0,7.0,0.0,0.0,0.0,0.0,0.0,0.0,0.0,0.0,0.0,0.0,0.0,0.0,0.0,0.0,0.0,0.0,69.0,0.0,54.0,0.0,0.0
2020,Delhi,7,New Delhi,79,New Delhi,3.0,31.0,0.0,45.0,28.0,0.0,0.0,35.0,12.0,5.0,0.0,1.0,1.0,0.0,34.0,0.0,0.0,0.0,0.0,0.0,83.0,15.0,40.0,0.0,38.0
2020,Delhi,7,New Delhi,79,Outer North,53.0,114.0,0.0,88.0,768.0,0.0,39.0,548.0,89.0,76.0,12.0,0.0,2.0,0.0,227.0,1.0,0.0,0.0,0.0,0.0,32.0,131.0,2.0,0.0,121.0
2020,Delhi,7,New Delhi,79,Railway,1.0,4.0,0.0,3.0,4.0,0.0,2.0,4.0,0.0,0.0,0.0,0.0,0.0,0.0,10.0,0.0,0.0,0.0,0.0,0.0,1.0,2.0,1.0,0.0,6.0
2020,Delhi,7,New Delhi,79,Spuwac,0.0,0.0,0.0,0.0,0.0,0.0,0.0,0.0,0.0,26.0,0.0,0.0,0.0,0.0,0.0,0.0,0.0,0.0,0.0,0.0,0.0,0.0,0.0,0.0,0.0
2020,Delhi,7,New Delhi,79,Vigilance,0.0,0.0,0.0,0.0,0.0,0.0,0.0,0.0,0.0,0.0,0.0,0.0,0.0,0.0,0.0,0.0,0.0,0.0,0.0,0.0,0.0,0.0,0.0,0.0,0.0
2020,Delhi,7,North,80,North,26.0,121.0,0.0,84.0,312.0,0.0,2.0,216.0,46.0,134.0,2.0,0.0,0.0,1.0,201.0,1.0,0.0,1.0,0.0,0.0,94.0,146.0,1.0,0.0,93.0
2020,Delhi,7,North East,81,North-East,96.0,245.0,1.0,113.0,713.0,1.0,10.0,549.0,120.0,334.0,21.0,1.0,5.0,1.0,183.0,1.0,0.0,0.0,0.0,0.0,79.0,222.0,2.0,0.0,126.0
2020,Delhi,7,North West,82,Crime Branch,0.0,0.0,0.0,3.0,0.0,0.0,0.0,0.0,0.0,0.0,0.0,0.0,0.0,0.0,0.0,22.0,4.0,2.0,1.0,0.0,35.0,2.0,18.0,0.0,14.0
2020,Delhi,7,North West,82,Metro,0.0,2.0,0.0,9.0,0.0,0.0,0.0,1.0,0.0,0.0,1.0,0.0,1.0,0.0,5.0,0.0,0.0,0.0,0.0,0.0,9.0,0.0,0.0,0.0,0.0
2020,Delhi,7,North West,82,North-West,38.0,221.0,0.0,135.0,504.0,0.0,8.0,409.0,98.0,196.0,0.0,0.0,2.0,0.0,245.0,5.0,0.0,0.0,0.0,4.0,165.0,147.0,1.0,0.0,310.0
2020,Delhi,7,North West,82,Outer,35.0,207.0,0.0,135.0,671.0,8.0,14.0,504.0,106.0,152.0,10.0,0.0,0.0,0.0,220.0,1.0,0.0,0.0,0.0,2.0,139.0,135.0,2.0,0.0,75.0
2020,Delhi,7,North West,82,Rohini,46.0,202.0,2.0,174.0,411.0,1.0,4.0,363.0,86.0,219.0,11.0,0.0,7.0,4.0,230.0,34.0,12.0,1.0,1.0,0.0,69.0,122.0,8.0,0.0,78.0
2020,Delhi,7,North West,82,Spl Cell,0.0,0.0,0.0,9.0,0.0,0.0,0.0,0.0,0.0,0.0,0.0,0.0,0.0,0.0,2.0,43.0,0.0,11.0,0.0,6.0,0.0,0.0,11.0,0.0,7.0
2020,Delhi,7,Shahdara,671,Shahdara,22.0,121.0,0.0,135.0,253.0,0.0,0.0,279.0,69.0,267.0,3.0,0.0,4.0,7.0,166.0,30.0,6.0,0.0,2.0,4.0,94.0,138.0,0.0,0.0,44.0
2020,Delhi,7,South,83,South,35.0,192.0,3.0,150.0,406.0,0.0,3.0,343.0,70.0,148.0,11.0,0.0,2.0,0.0,243.0,11.0,0.0,4.0,2.0,2.0,399.0,192.0,0.0,0.0,212.0
2020,Delhi,7,South East,670,South-East,29.0,248.0,0.0,269.0,532.0,0.0,0.0,446.0,131.0,156.0,11.0,0.0,8.0,0.0,192.0,22.0,5.0,3.0,1.0,8.0,278.0,177.0,2.0,0.0,55.0
2020,Delhi,7,South West,84,Dwarka,26.0,283.0,0.0,310.0,654.0,1.0,0.0,471.0,91.0,219.0,11.0,1.0,3.0,2.0,319.0,19.0,0.0,1.0,1.0,1.0,243.0,109.0,5.0,2.0,100.0
2020,Delhi,7,South West,84,South-West,16.0,197.0,0.0,122.0,349.0,1.0,2.0,306.0,76.0,120.0,9.0,0.0,2.0,0.0,71.0,13.0,0.0,3.0,1.0,4.0,163.0,55.0,3.0,0.0,98.0
2020,Delhi,7,West,85,West,33.0,169.0,0.0,145.0,463.0,1.0,4.0,380.0,88.0,250.0,9.0,2.0,2.0,8.0,100.0,7.0,2.0,1.0,1.0,0.0,136.0,74.0,3.0,0.0,56.0
2020,Goa,30,North Goa,551,Cid,1.0,2.0,0.0,5.0,0.0,0.0,12.0,10.0,4.0,0.0,0.0,0.0,0.0,0.0,0.0,41.0,14.0,2.0,0.0,7.0,34.0,1.0,0.0,0.0,16.0
2020,Goa,30,North Goa,551,North Goa,22.0,72.0,24.0,59.0,40.0,0.0,9.0,61.0,0.0,2.0,0.0,0.0,0.0,2.0,20.0,2.0,1.0,0.0,0.0,0.0,51.0,6.0,3.0,0.0,6.0
2020,Goa,30,South Goa,552,South Goa,14.0,46.0,17.0,48.0,28.0,0.0,7.0,54.0,1.0,6.0,0.0,0.0,0.0,3.0,18.0,26.0,9.0,0.0,1.0,0.0,36.0,8.0,1.0,0.0,24.0
2020,Gujarat,24,Ahmadabad,438,Ahmedabad City,74.0,368.0,0.0,168.0,196.0,5.0,4.0,603.0,333.0,836.0,0.0,4.0,42.0,14.0,566.0,753.0,272.0,29.0,4.0,26.0,760.0,142.0,24.0,17.0,1004.0
2020,Gujarat,24,Ahmadabad,438,Ahmedabad Rural,27.0,54.0,0.0,20.0,15.0,0.0,2.0,65.0,45.0,34.0,0.0,0.0,11.0,0.0,31.0,54.0,19.0,0.0,3.0,2.0,31.0,26.0,17.0,0.0,350.0
2020,Gujarat,24,Ahmadabad,438,Cyber Ahmedabad Range,0.0,0.0,0.0,1.0,0.0,0.0,0.0,0.0,0.0,0.0,0.0,0.0,0.0,0.0,0.0,8.0,2.0,0.0,1.0,0.0,1.0,0.0,0.0,0.0,6.0
2020,Gujarat,24,Ahmadabad,438,W.Rly Ahmedabad,0.0,1.0,0.0,3.0,0.0,0.0,1.0,3.0,1.0,0.0,0.0,0.0,1.0,0.0,0.0,0.0,0.0,0.0,0.0,0.0,0.0,0.0,0.0,0.0,0.0
2020,Gujarat,24,Ahmadabad,438,Western Railway Ahmedabad,0.0,0.0,0.0,0.0,0.0,1.0,1.0,0.0,0.0,0.0,0.0,0.0,0.0,0.0,0.0,0.0,0.0,0.0,0.0,0.0,4.0,3.0,0.0,0.0,2.0
2020,Gujarat,24,Amreli,439,Amreli,18.0,106.0,0.0,31.0,22.0,0.0,0.0,119.0,68.0,105.0,1.0,0.0,3.0,2.0,55.0,23.0,1.0,0.0,3.0,1.0,20.0,15.0,5.0,0.0,6543.0
2020,Gujarat,24,Anand,440,Anand,30.0,70.0,1.0,27.0,11.0,1.0,0.0,113.0,136.0,66.0,0.0,0.0,5.0,0.0,80.0,39.0,5.0,1.0,5.0,5.0,38.0,21.0,18.0,0.0,234.0
2020,Gujarat,24,Arvalli,672,Arvalli,23.0,73.0,0.0,24.0,39.0,0.0,0.0,86.0,49.0,74.0,0.0,0.0,8.0,0.0,0.0,3.0,0.0,2.0,0.0,2.0,2.0,7.0,6.0,0.0,5.0
2020,Gujarat,24,Banas Kantha,441,Banaskantha,43.0,87.0,0.0,44.0,97.0,2.0,0.0,102.0,40.0,197.0,0.0,0.0,0.0,0.0,16.0,24.0,2.0,4.0,0.0,2.0,41.0,34.0,5.0,3.0,15.0
2020,Gujarat,24,Bharuch,442,Bharuch,37.0,87.0,0.0,23.0,16.0,0.0,0.0,129.0,91.0,58.0,1.0,0.0,7.0,0.0,57.0,134.0,62.0,1.0,2.0,0.0,153.0,17.0,0.0,0.0,182.0
2020,Gujarat,24,Bhavnagar,443,Bhavnagar,45.0,110.0,0.0,30.0,11.0,4.0,0.0,118.0,100.0,151.0,0.0,0.0,11.0,0.0,83.0,33.0,9.0,0.0,0.0,7.0,58.0,17.0,11.0,0.0,1195.0
2020,Gujarat,24,Bhavnagar,443,Cyber Bhavnagar Range,0.0,0.0,0.0,0.0,0.0,0.0,0.0,0.0,0.0,0.0,0.0,0.0,0.0,0.0,0.0,0.0,0.0,0.0,0.0,0.0,0.0,0.0,0.0,0.0,0.0
2020,Gujarat,24,Botad,676,Botad,11.0,42.0,0.0,8.0,2.0,1.0,0.0,55.0,39.0,19.0,0.0,0.0,6.0,0.0,13.0,9.0,2.0,0.0,0.0,3.0,8.0,4.0,3.0,0.0,170.0
2020,Gujarat,24,Chhotaudepur,668,Chhotaudepur,21.0,84.0,0.0,9.0,12.0,0.0,0.0,71.0,63.0,8.0,0.0,0.0,10.0,0.0,21.0,15.0,0.0,0.0,1.0,0.0,4.0,6.0,2.0,0.0,1017.0
2020,Gujarat,24,Dang,444,Dang,5.0,5.0,0.0,4.0,0.0,0.0,0.0,1.0,1.0,2.0,0.0,0.0,2.0,0.0,1.0,0.0,0.0,0.0,0.0,0.0,5.0,0.0,0.0,0.0,2.0
2020,Gujarat,24,Devbhumi Dwarka,674,Devbhumi Dwarka,9.0,21.0,0.0,4.0,6.0,0.0,0.0,29.0,19.0,48.0,0.0,0.0,2.0,0.0,18.0,13.0,2.0,0.0,1.0,5.0,10.0,1.0,8.0,0.0,229.0
2020,Gujarat,24,Dohad,445,Dahod,41.0,166.0,0.0,10.0,50.0,0.0,0.0,149.0,94.0,37.0,0.0,0.0,12.0,0.0,37.0,15.0,0.0,2.0,0.0,13.0,16.0,23.0,0.0,0.0,29.0
2020,Gujarat,24,Gandhinagar,446,Cid Crime,0.0,0.0,0.0,0.0,0.0,0.0,0.0,0.0,0.0,0.0,0.0,0.0,0.0,0.0,0.0,7.0,2.0,1.0,1.0,0.0,52.0,0.0,5.0,0.0,3.0
2020,Gujarat,24,Gandhinagar,446,Cyber Gandhinagar Range,0.0,0.0,0.0,0.0,0.0,0.0,0.0,0.0,0.0,0.0,0.0,0.0,0.0,0.0,0.0,8.0,3.0,1.0,0.0,0.0,6.0,0.0,0.0,0.0,3.0
2020,Gujarat,24,Gandhinagar,446,Gandhinagar,23.0,71.0,0.0,16.0,20.0,0.0,2.0,89.0,70.0,81.0,0.0,0.0,15.0,1.0,43.0,89.0,37.0,6.0,0.0,3.0,123.0,10.0,26.0,0.0,50.0
2020,Gujarat,24,Gir Somnath,675,Gir Somnath,16.0,64.0,0.0,10.0,5.0,0.0,0.0,58.0,41.0,84.0,0.0,0.0,5.0,3.0,20.0,16.0,4.0,0.0,3.0,3.0,13.0,4.0,5.0,0.0,266.0
2020,Gujarat,24,Jamnagar,447,Jamnagar,20.0,86.0,0.0,9.0,35.0,0.0,0.0,85.0,42.0,39.0,1.0,0.0,7.0,0.0,37.0,24.0,9.0,0.0,0.0,0.0,19.0,13.0,6.0,2.0,69.0
2020,Gujarat,24,Junagadh,448,Cyber Junagadh Range,0.0,0.0,0.0,3.0,0.0,0.0,0.0,0.0,0.0,0.0,0.0,0.0,0.0,0.0,0.0,73.0,6.0,7.0,2.0,0.0,2.0,0.0,0.0,0.0,77.0
2020,Gujarat,24,Junagadh,448,Junagadh,20.0,97.0,0.0,59.0,51.0,3.0,0.0,106.0,34.0,167.0,0.0,0.0,4.0,0.0,46.0,24.0,9.0,1.0,1.0,0.0,56.0,21.0,5.0,0.0,3101.0
2020,Gujarat,24,Kachchh,449,Cyber Border Range,0.0,0.0,0.0,0.0,0.0,0.0,0.0,0.0,0.0,0.0,0.0,0.0,0.0,0.0,0.0,0.0,0.0,0.0,0.0,0.0,0.0,0.0,0.0,0.0,0.0
2020,Gujarat,24,Kachchh,449,Kachchh East(G),31.0,79.0,0.0,11.0,46.0,0.0,0.0,90.0,27.0,76.0,0.0,0.0,5.0,3.0,10.0,4.0,0.0,1.0,0.0,1.0,70.0,22.0,14.0,0.0,947.0
2020,Gujarat,24,Kachchh,449,Kachchh West(B),21.0,67.0,0.0,21.0,34.0,0.0,0.0,62.0,27.0,51.0,0.0,1.0,13.0,0.0,11.0,74.0,28.0,0.0,0.0,0.0,67.0,13.0,10.0,0.0,2661.0
2020,Gujarat,24,Kheda,450,Kheda,22.0,107.0,0.0,26.0,28.0,0.0,0.0,118.0,86.0,64.0,0.0,1.0,4.0,0.0,5.0,5.0,0.0,0.0,0.0,1.0,31.0,20.0,16.0,0.0,80.0
2020,Gujarat,24,Mahesana,451,Mehsana,31.0,71.0,0.0,13.0,18.0,0.0,0.0,97.0,70.0,63.0,0.0,0.0,6.0,0.0,50.0,10.0,0.0,0.0,0.0,2.0,26.0,18.0,9.0,0.0,19.0
2020,Gujarat,24,Mahisagar,669,Mahisagar,8.0,43.0,0.0,9.0,15.0,0.0,0.0,56.0,44.0,27.0,0.0,0.0,13.0,0.0,14.0,11.0,4.0,1.0,0.0,0.0,10.0,2.0,2.0,0.0,16.0
2020,Gujarat,24,Morbi,673,Morbi,30.0,65.0,0.0,6.0,10.0,0.0,0.0,68.0,45.0,12.0,0.0,0.0,4.0,1.0,44.0,3.0,0.0,0.0,0.0,1.0,7.0,17.0,0.0,0.0,80.0
2020,Gujarat,24,Narmada,452,Narmada,11.0,35.0,1.0,8.0,3.0,0.0,0.0,37.0,30.0,11.0,0.0,0.0,2.0,0.0,42.0,15.0,4.0,0.0,0.0,6.0,20.0,6.0,0.0,0.0,16.0
2020,Gujarat,24,Navsari,453,Navsari,17.0,32.0,0.0,10.0,17.0,0.0,0.0,48.0,27.0,14.0,1.0,0.0,2.0,0.0,21.0,15.0,4.0,0.0,0.0,0.0,16.0,6.0,9.0,0.0,123.0
2020,Gujarat,24,Panch Mahals,454,Cyber Panchmahal Range,0.0,0.0,0.0,0.0,0.0,0.0,0.0,0.0,0.0,0.0,0.0,0.0,0.0,0.0,0.0,0.0,0.0,0.0,0.0,0.0,0.0,0.0,0.0,0.0,0.0
2020,Gujarat,24,Panch Mahals,454,Panchmahal,32.0,71.0,0.0,22.0,10.0,0.0,1.0,96.0,80.0,50.0,0.0,0.0,16.0,0.0,16.0,3.0,0.0,1.0,0.0,4.0,23.0,11.0,11.0,2.0,211.0
2020,Gujarat,24,Patan,455,Patan,20.0,85.0,1.0,34.0,26.0,2.0,0.0,72.0,52.0,71.0,0.0,0.0,10.0,0.0,31.0,26.0,5.0,1.0,4.0,0.0,18.0,13.0,9.0,2.0,43.0
2020,Gujarat,24,Porbandar,456,Porbandar,10.0,19.0,0.0,7.0,7.0,0.0,0.0,21.0,10.0,26.0,0.0,0.0,1.0,1.0,23.0,6.0,1.0,1.0,1.0,2.0,3.0,1.0,3.0,0.0,4310.0
2020,Gujarat,24,Rajkot,457,Cyber Rajkot Range,0.0,0.0,0.0,0.0,0.0,0.0,0.0,0.0,0.0,0.0,0.0,0.0,0.0,0.0,0.0,0.0,0.0,0.0,0.0,0.0,0.0,0.0,0.0,0.0,0.0
2020,Gujarat,24,Rajkot,457,Rajkot City,32.0,129.0,0.0,14.0,35.0,2.0,0.0,124.0,77.0,64.0,0.0,2.0,0.0,0.0,38.0,30.0,2.0,4.0,0.0,1.0,41.0,11.0,29.0,12.0,14249.0
2020,Gujarat,24,Rajkot,457,Rajkot Rural,30.0,122.0,0.0,24.0,26.0,1.0,2.0,117.0,89.0,122.0,0.0,1.0,11.0,0.0,46.0,15.0,3.0,3.0,0.0,1.0,24.0,11.0,3.0,1.0,29.0
2020,Gujarat,24,Sabar Kantha,458,Sabarkantha,24.0,53.0,0.0,5.0,9.0,0.0,0.0,59.0,37.0,75.0,0.0,0.0,9.0,1.0,20.0,18.0,5.0,4.0,0.0,0.0,33.0,4.0,5.0,1.0,15.0
2020,Gujarat,24,Surat,459,Cyber Surat Range,0.0,0.0,0.0,0.0,0.0,0.0,0.0,0.0,0.0,0.0,0.0,0.0,0.0,0.0,0.0,5.0,1.0,1.0,0.0,2.0,2.0,0.0,0.0,0.0,1.0
2020,Gujarat,24,Surat,459,Surat City,126.0,201.0,0.0,53.0,131.0,0.0,2.0,419.0,189.0,342.0,0.0,2.0,18.0,3.0,367.0,344.0,76.0,48.0,9.0,0.0,436.0,39.0,16.0,0.0,265.0
2020,Gujarat,24,Surat,459,Surat Rural,34.0,64.0,0.0,15.0,44.0,1.0,0.0,96.0,49.0,17.0,2.0,1.0,5.0,0.0,37.0,34.0,5.0,1.0,4.0,3.0,53.0,18.0,4.0,1.0,51.0
2020,Gujarat,24,Surendranagar,460,Surendranagar,25.0,69.0,0.0,23.0,37.0,0.0,0.0,65.0,21.0,15.0,0.0,0.0,7.0,0.0,43.0,35.0,6.0,1.0,1.0,0.0,20.0,13.0,4.0,0.0,123.0
2020,Gujarat,24,Tapi,641,Tapi,12.0,17.0,0.0,3.0,6.0,0.0,0.0,28.0,13.0,4.0,1.0,0.0,2.0,0.0,6.0,8.0,0.0,0.0,2.0,0.0,7.0,1.0,1.0,0.0,850.0
2020,Gujarat,24,Vadodara,461,Cyber Vadodara Range,0.0,0.0,0.0,0.0,0.0,0.0,0.0,0.0,0.0,0.0,0.0,0.0,0.0,0.0,0.0,4.0,2.0,0.0,0.0,0.0,4.0,0.0,0.0,0.0,2.0
2020,Gujarat,24,Vadodara,461,Vadodara City,23.0,104.0,0.0,43.0,46.0,0.0,0.0,125.0,68.0,181.0,0.0,0.0,9.0,1.0,99.0,104.0,32.0,4.0,8.0,1.0,160.0,17.0,33.0,6.0,8773.0
2020,Gujarat,24,Vadodara,461,Vadodara Rural,33.0,121.0,0.0,23.0,29.0,0.0,0.0,151.0,79.0,42.0,0.0,0.0,8.0,1.0,28.0,71.0,23.0,2.0,2.0,1.0,61.0,15.0,22.0,0.0,1475.0
2020,Gujarat,24,Vadodara,461,W.Rly Vadodara,2.0,4.0,0.0,1.0,0.0,1.0,0.0,5.0,2.0,0.0,0.0,0.0,0.0,0.0,0.0,0.0,0.0,0.0,0.0,0.0,0.0,0.0,0.0,0.0,0.0
2020,Gujarat,24,Vadodara,461,Western Railway Vadodara,4.0,2.0,0.0,0.0,0.0,1.0,0.0,0.0,0.0,0.0,0.0,0.0,0.0,0.0,8.0,0.0,0.0,0.0,0.0,0.0,1.0,5.0,1.0,0.0,2.0
2020,Gujarat,24,Valsad,462,Valsad,22.0,53.0,0.0,6.0,23.0,2.0,2.0,140.0,31.0,12.0,1.0,0.0,8.0,0.0,23.0,26.0,9.0,0.0,1.0,2.0,28.0,9.0,9.0,0.0,31.0
2020,Haryana,6,Ambala,58,Ambala,32.0,129.0,1.0,60.0,101.0,2.0,2.0,154.0,81.0,258.0,6.0,0.0,8.0,0.0,11.0,17.0,0.0,1.0,0.0,10.0,79.0,27.0,6.0,0.0,1635.0
2020,Haryana,6,Ambala,58,Grp,15.0,0.0,0.0,2.0,0.0,0.0,0.0,7.0,0.0,0.0,1.0,0.0,2.0,1.0,8.0,2.0,1.0,0.0,0.0,0.0,4.0,3.0,0.0,0.0,54.0
2020,Haryana,6,Bhiwani,59,Bhiwani,37.0,134.0,11.0,168.0,42.0,1.0,0.0,184.0,84.0,178.0,15.0,0.0,9.0,0.0,60.0,28.0,0.0,4.0,0.0,13.0,0.0,56.0,0.0,0.0,684.0
2020,Haryana,6,Charki Dadri,701,Charkhi Dadri,22.0,47.0,3.0,33.0,5.0,0.0,0.0,42.0,21.0,22.0,3.0,0.0,6.0,0.0,10.0,5.0,0.0,1.0,0.0,3.0,10.0,10.0,3.0,3.0,65.0
2020,Haryana,6,Faridabad,60,Faridabad,69.0,356.0,15.0,126.0,232.0,2.0,0.0,499.0,160.0,401.0,23.0,0.0,16.0,1.0,88.0,59.0,1.0,4.0,3.0,16.0,196.0,31.0,128.0,1.0,734.0
2020,Haryana,6,Fatehabad,61,Fatehabad,33.0,86.0,0.0,58.0,20.0,1.0,0.0,140.0,55.0,64.0,9.0,0.0,6.0,0.0,69.0,1.0,0.0,0.0,0.0,1.0,22.0,25.0,19.0,3.0,156.0
2020,Haryana,6,Gurugram,62,Gurugram,88.0,454.0,15.0,263.0,101.0,1.0,0.0,425.0,164.0,291.0,27.0,0.0,26.0,1.0,48.0,226.0,0.0,6.0,0.0,38.0,760.0,69.0,4.0,1.0,1250.0
2020,Haryana,6,Gurugram,62,Irrigation And Power,0.0,0.0,0.0,0.0,0.0,0.0,0.0,0.0,0.0,0.0,0.0,0.0,0.0,0.0,0.0,0.0,0.0,0.0,0.0,0.0,0.0,0.0,0.0,0.0,1019.0
2020,Haryana,6,Gurugram,62,Irrigation Andpower,0.0,0.0,0.0,0.0,0.0,0.0,0.0,0.0,0.0,0.0,0.0,0.0,0.0,0.0,0.0,0.0,0.0,0.0,0.0,0.0,0.0,0.0,0.0,0.0,0.0
2020,Haryana,6,Hisar,63,Hansi,17.0,55.0,4.0,41.0,19.0,1.0,0.0,79.0,38.0,41.0,11.0,0.0,6.0,0.0,56.0,24.0,0.0,0.0,0.0,2.0,37.0,32.0,0.0,0.0,131.0
2020,Haryana,6,Hisar,63,Hissar,70.0,188.0,3.0,166.0,19.0,2.0,0.0,232.0,102.0,191.0,8.0,0.0,9.0,0.0,12.0,27.0,0.0,1.0,0.0,5.0,53.0,49.0,2.0,0.0,1098.0
2020,Haryana,6,Jhajjar,64,Jhajjar,54.0,129.0,4.0,114.0,112.0,2.0,0.0,158.0,54.0,177.0,13.0,0.0,15.0,1.0,28.0,9.0,2.0,0.0,0.0,4.0,50.0,79.0,31.0,0.0,546.0
2020,Haryana,6,Jind,65,Jind,66.0,126.0,8.0,65.0,45.0,0.0,0.0,158.0,73.0,138.0,6.0,0.0,8.0,1.0,61.0,16.0,2.0,0.0,3.0,0.0,77.0,50.0,24.0,2.0,732.0
2020,Haryana,6,Kaithal,66,Kaithal,47.0,65.0,2.0,88.0,165.0,0.0,0.0,127.0,50.0,173.0,8.0,0.0,7.0,0.0,50.0,71.0,12.0,2.0,0.0,8.0,90.0,31.0,27.0,0.0,291.0
2020,Haryana,6,Karnal,67,Karnal,76.0,246.0,23.0,139.0,84.0,0.0,2.0,305.0,116.0,252.0,10.0,0.0,6.0,2.0,86.0,78.0,3.0,1.0,10.0,18.0,410.0,22.0,36.0,0.0,311.0
2020,Haryana,6,Kurukshetra,68,Kurukshetra,33.0,153.0,20.0,124.0,117.0,0.0,6.0,100.0,94.0,285.0,10.0,0.0,7.0,0.0,51.0,9.0,0.0,0.0,0.0,0.0,0.0,11.0,25.0,5.0,642.0
2020,Haryana,6,Mahendragarh,69,Mahendergarh,43.0,88.0,10.0,111.0,30.0,4.0,0.0,72.0,50.0,46.0,10.0,0.0,6.0,0.0,12.0,15.0,0.0,1.0,0.0,6.0,74.0,7.0,22.0,1.0,553.0
2020,Haryana,6,Nuh,604,Nuh,36.0,179.0,4.0,71.0,38.0,0.0,0.0,142.0,79.0,54.0,20.0,0.0,6.0,0.0,27.0,24.0,0.0,0.0,1.0,3.0,40.0,14.0,22.0,3.0,626.0
2020,Haryana,6,Palwal,619,Palwal,62.0,125.0,3.0,56.0,35.0,2.0,0.0,129.0,81.0,106.0,16.0,0.0,2.0,0.0,15.0,62.0,25.0,2.0,0.0,8.0,25.0,18.0,21.0,0.0,679.0
2020,Haryana,6,Panchkula,70,Panchkula,11.0,121.0,5.0,47.0,29.0,0.0,2.0,69.0,46.0,95.0,3.0,0.0,1.0,0.0,10.0,14.0,1.0,4.0,2.0,4.0,132.0,9.0,0.0,0.0,618.0
2020,Haryana,6,Panipat,71,Panipat,82.0,223.0,14.0,117.0,377.0,3.0,0.0,386.0,97.0,261.0,12.0,1.0,10.0,3.0,60.0,34.0,3.0,2.0,2.0,30.0,273.0,1.0,31.0,0.0,1454.0
2020,Haryana,6,Rewari,72,Rewari,41.0,149.0,10.0,121.0,34.0,1.0,0.0,111.0,76.0,204.0,16.0,0.0,14.0,0.0,34.0,21.0,2.0,5.0,2.0,10.0,92.0,12.0,5.0,1.0,863.0
2020,Haryana,6,Rohtak,73,Rohtak,80.0,178.0,13.0,190.0,180.0,2.0,4.0,250.0,78.0,245.0,14.0,0.0,16.0,0.0,111.0,24.0,0.0,1.0,0.0,18.0,131.0,75.0,1.0,5.0,828.0
2020,Haryana,6,Sirsa,74,Sirsa,37.0,186.0,10.0,91.0,43.0,0.0,2.0,163.0,99.0,153.0,5.0,0.0,8.0,0.0,53.0,2.0,0.0,0.0,0.0,2.0,134.0,51.0,18.0,0.0,180.0
2020,Haryana,6,Sonipat,75,Sonipat,112.0,200.0,13.0,146.0,127.0,0.0,2.0,168.0,83.0,241.0,21.0,0.0,10.0,0.0,140.0,21.0,0.0,0.0,0.0,0.0,93.0,115.0,0.0,3.0,517.0
2020,Haryana,6,Yamunanagar,76,Yamunanagar,38.0,295.0,22.0,127.0,234.0,2.0,3.0,238.0,92.0,243.0,9.0,0.0,10.0,2.0,45.0,27.0,0.0,2.0,0.0,25.0,112.0,10.0,0.0,0.0,376.0
2020,Himachal Pradesh,2,Bilaspur,15,Bilaspur,4.0,47.0,14.0,66.0,37.0,0.0,0.0,41.0,0.0,16.0,0.0,0.0,3.0,0.0,8.0,3.0,0.0,0.0,1.0,1.0,13.0,0.0,7.0,0.0,127.0
2020,Himachal Pradesh,2,Chamba,16,Chamba,12.0,60.0,16.0,54.0,16.0,0.0,0.0,46.0,0.0,8.0,0.0,0.0,3.0,0.0,13.0,1.0,0.0,0.0,0.0,2.0,29.0,1.0,1.0,0.0,6.0
2020,Himachal Pradesh,2,Hamirpur,17,Hamirpur,4.0,22.0,4.0,56.0,14.0,0.0,0.0,26.0,0.0,15.0,0.0,0.0,3.0,0.0,10.0,3.0,0.0,1.0,0.0,4.0,0.0,0.0,2.0,0.0,0.0
2020,Himachal Pradesh,2,Kangra,18,Kangra,16.0,133.0,25.0,113.0,48.0,0.0,0.0,87.0,1.0,46.0,0.0,0.0,15.0,0.0,21.0,8.0,0.0,2.0,0.0,8.0,56.0,4.0,11.0,0.0,36.0
2020,Himachal Pradesh,2,Kinnaur,19,Kinnaur,6.0,12.0,5.0,7.0,9.0,0.0,0.0,10.0,0.0,2.0,0.0,0.0,0.0,0.0,4.0,0.0,0.0,0.0,0.0,0.0,3.0,0.0,3.0,0.0,4.0
2020,Himachal Pradesh,2,Kullu,20,Kullu,7.0,62.0,15.0,53.0,50.0,2.0,0.0,51.0,0.0,15.0,0.0,0.0,2.0,0.0,19.0,18.0,0.0,0.0,4.0,18.0,28.0,0.0,2.0,0.0,28.0
2020,Himachal Pradesh,2,Lahul And Spiti,21,Lahaul And Spiti,0.0,2.0,0.0,0.0,0.0,0.0,0.0,0.0,0.0,0.0,0.0,0.0,0.0,0.0,0.0,0.0,0.0,0.0,0.0,0.0,0.0,0.0,0.0,0.0,0.0
2020,Himachal Pradesh,2,Lahul And Spiti,21,Lahaul Andspiti,0.0,2.0,0.0,0.0,0.0,0.0,0.0,0.0,0.0,0.0,0.0,0.0,0.0,0.0,0.0,0.0,0.0,0.0,0.0,0.0,0.0,0.0,0.0,0.0,0.0
2020,Himachal Pradesh,2,Mandi,22,Mandi,12.0,136.0,20.0,107.0,70.0,0.0,0.0,100.0,5.0,63.0,0.0,0.0,6.0,0.0,42.0,16.0,0.0,0.0,0.0,15.0,0.0,1.0,0.0,0.0,34.0
2020,Himachal Pradesh,2,Shimla,23,Cid,1.0,0.0,0.0,0.0,0.0,0.0,0.0,0.0,0.0,0.0,0.0,0.0,0.0,0.0,0.0,0.0,0.0,0.0,0.0,0.0,0.0,0.0,0.0,0.0,2.0
2020,Himachal Pradesh,2,Shimla,23,Cyber,0.0,0.0,0.0,0.0,0.0,0.0,0.0,0.0,0.0,0.0,0.0,0.0,0.0,0.0,0.0,7.0,0.0,0.0,1.0,0.0,0.0,0.0,0.0,0.0,2.0
2020,Himachal Pradesh,2,Shimla,23,Grp,0.0,0.0,0.0,0.0,0.0,0.0,0.0,0.0,0.0,0.0,0.0,0.0,1.0,0.0,0.0,0.0,0.0,0.0,0.0,0.0,0.0,0.0,0.0,0.0,0.0
2020,Himachal Pradesh,2,Shimla,23,Shimla,9.0,152.0,38.0,96.0,63.0,0.0,0.0,109.0,0.0,32.0,1.0,0.0,13.0,0.0,54.0,18.0,0.0,3.0,0.0,13.0,94.0,2.0,6.0,0.0,44.0
2020,Himachal Pradesh,2,Sirmaur,24,Sirmaur,7.0,91.0,29.0,50.0,30.0,0.0,0.0,64.0,0.0,15.0,1.0,0.0,2.0,0.0,33.0,8.0,0.0,0.0,0.0,15.0,18.0,0.0,0.0,0.0,1.0
2020,Himachal Pradesh,2,Solan,25,Baddi,9.0,39.0,13.0,29.0,31.0,0.0,0.0,41.0,0.0,14.0,1.0,0.0,3.0,0.0,15.0,12.0,1.0,0.0,2.0,3.0,8.0,2.0,7.0,0.0,22.0
2020,Himachal Pradesh,2,Solan,25,Solan,8.0,32.0,9.0,31.0,34.0,0.0,0.0,32.0,0.0,10.0,0.0,0.0,2.0,0.0,11.0,6.0,0.0,1.0,0.0,2.0,14.0,0.0,6.0,0.0,15.0
2020,Himachal Pradesh,2,Una,26,Una,10.0,49.0,11.0,32.0,12.0,0.0,0.0,29.0,0.0,25.0,0.0,0.0,6.0,0.0,39.0,7.0,0.0,0.0,0.0,10.0,23.0,0.0,0.0,0.0,0.0
2020,Jammu And Kashmir,1,Anantnag,1,Anantnag,4.0,55.0,0.0,138.0,100.0,0.0,0.0,52.0,19.0,10.0,2.0,0.0,0.0,0.0,0.0,9.0,0.0,1.0,0.0,0.0,25.0,1.0,0.0,0.0,350.0
2020,Jammu And Kashmir,1,Bandipora,623,Bandipora,6.0,27.0,0.0,29.0,20.0,0.0,0.0,1.0,1.0,3.0,0.0,0.0,1.0,0.0,0.0,0.0,0.0,0.0,0.0,0.0,2.0,0.0,0.0,0.0,0.0
2020,Jammu And Kashmir,1,Baramulla,3,Baramulla,4.0,36.0,0.0,123.0,67.0,0.0,0.0,9.0,6.0,17.0,0.0,0.0,0.0,0.0,0.0,5.0,0.0,0.0,0.0,0.0,18.0,8.0,3.0,0.0,19.0
2020,Jammu And Kashmir,1,Baramulla,3,Sopore,5.0,5.0,1.0,101.0,66.0,0.0,0.0,45.0,3.0,7.0,0.0,0.0,2.0,0.0,15.0,1.0,0.0,0.0,0.0,0.0,11.0,8.0,1.0,0.0,9.0
2020,Jammu And Kashmir,1,Budgam,2,Budgam,6.0,41.0,0.0,248.0,41.0,0.0,2.0,29.0,27.0,11.0,0.0,0.0,1.0,0.0,0.0,4.0,0.0,0.0,0.0,0.0,18.0,5.0,8.0,0.0,0.0
2020,Jammu And Kashmir,1,Doda,4,Doda,4.0,26.0,2.0,32.0,17.0,0.0,0.0,0.0,0.0,18.0,0.0,0.0,0.0,0.0,0.0,0.0,0.0,0.0,0.0,0.0,3.0,0.0,0.0,0.0,24.0
2020,Jammu And Kashmir,1,Ganderbal,626,Ganderbal,4.0,34.0,0.0,65.0,23.0,0.0,0.0,40.0,19.0,11.0,0.0,0.0,0.0,0.0,33.0,4.0,0.0,2.0,0.0,3.0,9.0,0.0,1.0,0.0,6.0
2020,Jammu And Kashmir,1,Jammu,5,Crime Jammu,0.0,0.0,0.0,0.0,0.0,0.0,0.0,0.0,0.0,0.0,0.0,0.0,0.0,0.0,0.0,0.0,0.0,0.0,0.0,0.0,36.0,0.0,0.0,0.0,0.0
2020,Jammu And Kashmir,1,Jammu,5,Crime Srinagar,0.0,0.0,0.0,0.0,0.0,0.0,0.0,0.0,0.0,0.0,0.0,0.0,0.0,0.0,0.0,0.0,0.0,0.0,0.0,0.0,0.0,0.0,0.0,0.0,0.0
2020,Jammu And Kashmir,1,Jammu,5,Jammu,21.0,67.0,0.0,112.0,168.0,0.0,0.0,100.0,20.0,49.0,6.0,0.0,3.0,0.0,10.0,25.0,0.0,0.0,0.0,0.0,0.0,4.0,152.0,0.0,957.0
2020,Jammu And Kashmir,1,Jammu,5,Railways Jammu,0.0,0.0,0.0,0.0,0.0,0.0,0.0,0.0,0.0,0.0,0.0,0.0,0.0,0.0,0.0,0.0,0.0,0.0,0.0,0.0,0.0,0.0,0.0,0.0,0.0
2020,Jammu And Kashmir,1,Jammu,5,Railways Kashmir,0.0,0.0,0.0,0.0,0.0,0.0,0.0,0.0,0.0,0.0,0.0,0.0,0.0,0.0,0.0,0.0,0.0,0.0,0.0,0.0,0.0,1.0,0.0,0.0,0.0
2020,Jammu And Kashmir,1,Kathua,7,Kathua,12.0,36.0,1.0,39.0,50.0,0.0,0.0,46.0,19.0,18.0,1.0,0.0,0.0,0.0,11.0,4.0,0.0,0.0,0.0,4.0,0.0,1.0,0.0,0.0,181.0
2020,Jammu And Kashmir,1,Kishtwar,620,Kishtwar,1.0,10.0,0.0,17.0,13.0,0.0,0.0,8.0,4.0,2.0,0.0,0.0,1.0,0.0,5.0,11.0,0.0,0.0,0.0,8.0,7.0,1.0,0.0,0.0,23.0
2020,Jammu And Kashmir,1,Kulgam,622,Kulgam,3.0,35.0,0.0,176.0,63.0,0.0,0.0,11.0,11.0,9.0,0.0,0.0,0.0,0.0,0.0,0.0,0.0,0.0,0.0,0.0,37.0,12.0,0.0,0.0,251.0
2020,Jammu And Kashmir,1,Kupwara,8,Handwara,8.0,4.0,2.0,25.0,34.0,0.0,0.0,9.0,2.0,7.0,0.0,0.0,1.0,0.0,0.0,1.0,0.0,0.0,0.0,0.0,6.0,3.0,0.0,0.0,16.0
2020,Jammu And Kashmir,1,Kupwara,8,Kupwara,5.0,35.0,0.0,118.0,44.0,0.0,0.0,9.0,9.0,20.0,0.0,0.0,3.0,0.0,0.0,0.0,0.0,0.0,0.0,0.0,12.0,0.0,0.0,0.0,66.0
2020,Jammu And Kashmir,1,Poonch,10,Poonch,8.0,33.0,0.0,58.0,45.0,0.0,0.0,34.0,12.0,10.0,0.0,0.0,1.0,0.0,10.0,9.0,0.0,0.0,1.0,6.0,10.0,0.0,1.0,0.0,4.0
2020,Jammu And Kashmir,1,Pulwama,11,Awantipora,1.0,1.0,0.0,22.0,18.0,0.0,0.0,4.0,1.0,4.0,1.0,0.0,0.0,0.0,0.0,0.0,0.0,0.0,0.0,0.0,10.0,3.0,0.0,0.0,80.0
2020,Jammu And Kashmir,1,Pulwama,11,Pulwama,8.0,12.0,2.0,30.0,25.0,0.0,0.0,10.0,0.0,2.0,0.0,0.0,0.0,0.0,0.0,28.0,0.0,0.0,14.0,0.0,5.0,0.0,3.0,0.0,14.0
2020,Jammu And Kashmir,1,Rajouri,12,Rajouri,14.0,71.0,0.0,62.0,41.0,0.0,0.0,30.0,7.0,47.0,0.0,0.0,2.0,0.0,31.0,18.0,1.0,0.0,3.0,0.0,11.0,0.0,6.0,0.0,184.0
2020,Jammu And Kashmir,1,Ramban,621,Ramban,3.0,18.0,0.0,31.0,21.0,0.0,0.0,10.0,2.0,9.0,0.0,0.0,0.0,0.0,10.0,4.0,1.0,0.0,0.0,0.0,5.0,0.0,0.0,0.0,54.0
2020,Jammu And Kashmir,1,Reasi,627,Railways Katra,0.0,0.0,0.0,0.0,0.0,0.0,0.0,0.0,0.0,0.0,0.0,0.0,0.0,0.0,0.0,0.0,0.0,0.0,0.0,0.0,0.0,0.0,0.0,0.0,2.0
2020,Jammu And Kashmir,1,Reasi,627,Reasi,7.0,25.0,0.0,16.0,32.0,0.0,0.0,23.0,3.0,2.0,0.0,0.0,0.0,0.0,0.0,5.0,0.0,0.0,1.0,1.0,12.0,0.0,0.0,0.0,35.0
2020,Jammu And Kashmir,1,Samba,624,Samba,5.0,20.0,1.0,14.0,23.0,0.0,0.0,24.0,6.0,18.0,0.0,0.0,4.0,0.0,3.0,3.0,0.0,0.0,0.0,0.0,14.0,0.0,4.0,0.0,25.0
2020,Jammu And Kashmir,1,Shopian,625,Shopian,3.0,14.0,0.0,123.0,42.0,0.0,0.0,39.0,8.0,5.0,0.0,0.0,0.0,0.0,39.0,3.0,0.0,1.0,0.0,1.0,13.0,12.0,0.0,0.0,34.0
2020,Jammu And Kashmir,1,Srinagar,13,Crime Srinagar,0.0,0.0,0.0,0.0,0.0,0.0,0.0,0.0,0.0,0.0,0.0,0.0,0.0,0.0,0.0,3.0,0.0,0.0,0.0,0.0,0.0,0.0,0.0,0.0,0.0
2020,Jammu And Kashmir,1,Srinagar,13,Srinagar,13.0,14.0,1.0,194.0,67.0,0.0,0.0,47.0,10.0,47.0,0.0,0.0,0.0,0.0,35.0,4.0,0.0,0.0,1.0,0.0,6.0,16.0,41.0,0.0,74.0
2020,Jammu And Kashmir,1,Udhampur,14,Udhampur,11.0,35.0,2.0,30.0,28.0,0.0,0.0,26.0,18.0,26.0,1.0,0.0,5.0,0.0,15.0,7.0,0.0,2.0,0.0,0.0,13.0,0.0,0.0,0.0,26.0
2020,Jharkhand,20,Bokaro,322,Bokaro,56.0,253.0,44.0,87.0,224.0,0.0,2.0,207.0,71.0,126.0,115.0,0.0,0.0,0.0,30.0,40.0,0.0,5.0,0.0,0.0,43.0,31.0,0.0,0.0,204.0
2020,Jharkhand,20,Chatra,323,Chatra,56.0,125.0,19.0,24.0,35.0,1.0,0.0,65.0,42.0,6.0,50.0,0.0,0.0,0.0,0.0,29.0,0.0,0.0,0.0,0.0,50.0,43.0,8.0,0.0,119.0
2020,Jharkhand,20,Deoghar,324,Deoghar,52.0,112.0,16.0,377.0,16.0,3.0,3.0,71.0,24.0,53.0,143.0,1.0,0.0,0.0,0.0,95.0,0.0,0.0,0.0,0.0,62.0,32.0,30.0,0.0,582.0
2020,Jharkhand,20,Dhanbad,325,Dhanbad,76.0,177.0,14.0,118.0,62.0,2.0,0.0,180.0,132.0,74.0,176.0,0.0,12.0,3.0,0.0,76.0,0.0,45.0,0.0,0.0,33.0,67.0,81.0,0.0,1044.0
2020,Jharkhand,20,Dhanbad,325,Dhanbad Railway,4.0,0.0,0.0,2.0,1.0,0.0,0.0,2.0,0.0,0.0,0.0,0.0,0.0,0.0,0.0,0.0,0.0,0.0,0.0,0.0,0.0,1.0,0.0,0.0,0.0
2020,Jharkhand,20,Dumka,326,Dumka,54.0,95.0,3.0,72.0,7.0,0.0,3.0,58.0,37.0,21.0,26.0,0.0,0.0,0.0,0.0,35.0,0.0,0.0,0.0,0.0,23.0,25.0,0.0,0.0,26.0
2020,Jharkhand,20,East Singhbum,327,Jamshedpur,99.0,244.0,5.0,62.0,90.0,0.0,1.0,36.0,36.0,80.0,167.0,0.0,11.0,0.0,0.0,64.0,0.0,39.0,0.0,0.0,354.0,27.0,49.0,2.0,56.0
2020,Jharkhand,20,East Singhbum,327,Jamshedpur Railway,1.0,1.0,0.0,2.0,0.0,0.0,1.0,1.0,1.0,0.0,0.0,0.0,0.0,0.0,1.0,0.0,0.0,0.0,0.0,0.0,0.0,0.0,0.0,0.0,0.0
2020,Jharkhand,20,Garhwa,328,Garhwa,82.0,211.0,2.0,180.0,33.0,0.0,3.0,136.0,88.0,68.0,88.0,0.0,7.0,0.0,0.0,23.0,0.0,0.0,0.0,0.0,79.0,15.0,21.0,0.0,258.0
2020,Jharkhand,20,Giridih,329,Giridih,86.0,108.0,0.0,71.0,39.0,3.0,5.0,12.0,10.0,61.0,135.0,0.0,0.0,0.0,0.0,61.0,0.0,42.0,0.0,0.0,128.0,16.0,25.0,0.0,492.0
2020,Jharkhand,20,Godda,330,Godda,58.0,101.0,8.0,30.0,75.0,0.0,3.0,73.0,11.0,42.0,130.0,0.0,0.0,0.0,0.0,16.0,0.0,0.0,0.0,0.0,80.0,17.0,0.0,0.0,967.0
2020,Jharkhand,20,Gumla,331,Gumla,144.0,216.0,36.0,7.0,44.0,2.0,42.0,171.0,33.0,17.0,25.0,0.0,0.0,5.0,65.0,56.0,28.0,0.0,0.0,0.0,26.0,29.0,40.0,0.0,76.0
2020,Jharkhand,20,Hazaribagh,332,Hazaribagh,90.0,307.0,61.0,37.0,30.0,1.0,4.0,123.0,42.0,37.0,156.0,0.0,1.0,0.0,0.0,77.0,0.0,49.0,2.0,0.0,193.0,34.0,29.0,0.0,560.0
2020,Jharkhand,20,Jamtara,333,Jamtara,26.0,42.0,5.0,21.0,4.0,0.0,0.0,36.0,23.0,15.0,31.0,0.0,3.0,0.0,0.0,62.0,0.0,62.0,0.0,0.0,16.0,11.0,5.0,0.0,40.0
2020,Jharkhand,20,Khunti,606,Khunti,73.0,78.0,0.0,6.0,0.0,1.0,26.0,12.0,12.0,10.0,13.0,0.0,0.0,0.0,0.0,12.0,0.0,8.0,0.0,0.0,0.0,16.0,0.0,0.0,72.0
2020,Jharkhand,20,Koderma,334,Koderma,32.0,47.0,0.0,8.0,10.0,0.0,0.0,46.0,21.0,15.0,29.0,0.0,0.0,0.0,0.0,13.0,0.0,7.0,0.0,1.0,24.0,10.0,16.0,0.0,45.0
2020,Jharkhand,20,Latehar,335,Latehar,55.0,107.0,3.0,31.0,7.0,1.0,4.0,18.0,11.0,12.0,53.0,0.0,0.0,0.0,0.0,41.0,0.0,0.0,0.0,5.0,63.0,7.0,2.0,0.0,23.0
2020,Jharkhand,20,Lohardaga,336,Lohardagga,28.0,97.0,0.0,4.0,0.0,0.0,1.0,30.0,24.0,5.0,30.0,0.0,0.0,0.0,0.0,12.0,0.0,12.0,0.0,0.0,40.0,14.0,1.0,0.0,0.0
2020,Jharkhand,20,Pakur,337,Pakur,27.0,78.0,4.0,9.0,27.0,2.0,12.0,6.0,0.0,16.0,32.0,0.0,0.0,0.0,0.0,31.0,0.0,0.0,0.0,0.0,28.0,13.0,9.0,0.0,82.0
2020,Jharkhand,20,Palamu,338,Palamu,106.0,159.0,12.0,122.0,22.0,2.0,0.0,160.0,77.0,30.0,71.0,0.0,13.0,0.0,0.0,41.0,0.0,1.0,0.0,10.0,78.0,47.0,33.0,0.0,70.0
2020,Jharkhand,20,Ramgarh,607,Ramgarh,26.0,78.0,0.0,46.0,29.0,0.0,0.0,62.0,28.0,11.0,65.0,0.0,0.0,0.0,0.0,69.0,0.0,0.0,0.0,0.0,21.0,19.0,25.0,0.0,59.0
2020,Jharkhand,20,Ranchi,339,Ranchi,149.0,385.0,3.0,81.0,58.0,3.0,19.0,81.0,65.0,117.0,93.0,0.0,0.0,0.0,0.0,449.0,100.0,26.0,9.0,0.0,404.0,231.0,39.0,0.0,962.0
2020,Jharkhand,20,Sahebganj,340,Sahebganj,60.0,144.0,16.0,27.0,28.0,0.0,13.0,53.0,53.0,68.0,107.0,0.0,0.0,0.0,0.0,15.0,0.0,0.0,0.0,0.0,136.0,29.0,0.0,0.0,146.0
2020,Jharkhand,20,Saraikela Kharsawan,341,Saraikela,39.0,60.0,7.0,19.0,28.0,2.0,2.0,66.0,34.0,15.0,37.0,0.0,0.0,0.0,0.0,47.0,0.0,26.0,0.0,0.0,68.0,16.0,13.0,0.0,8.0
2020,Jharkhand,20,Simdega,342,Simdega,54.0,57.0,0.0,0.0,10.0,0.0,33.0,26.0,15.0,7.0,0.0,0.0,0.0,0.0,0.0,7.0,0.0,0.0,0.0,0.0,12.0,7.0,0.0,0.0,159.0
2020,Jharkhand,20,West Singhbhum,343,Chaibasa,103.0,144.0,1.0,30.0,15.0,2.0,5.0,64.0,49.0,17.0,21.0,0.0,4.0,0.0,0.0,22.0,0.0,14.0,0.0,3.0,29.0,13.0,9.0,1.0,73.0
2020,Karnataka,29,Bagalkote,524,Bagalkot,39.0,43.0,0.0,141.0,25.0,0.0,0.0,76.0,32.0,31.0,27.0,0.0,9.0,0.0,0.0,6.0,0.0,2.0,0.0,4.0,60.0,13.0,5.0,0.0,38.0
2020,Karnataka,29,Ballari,528,Ballari,55.0,117.0,0.0,152.0,65.0,0.0,0.0,189.0,74.0,87.0,88.0,0.0,6.0,0.0,9.0,52.0,0.0,0.0,0.0,15.0,118.0,19.0,8.0,2.0,368.0
2020,Karnataka,29,Belagavi,527,Belagavi City,23.0,20.0,0.0,25.0,25.0,0.0,0.0,74.0,17.0,47.0,5.0,0.0,4.0,4.0,6.0,38.0,0.0,1.0,0.0,6.0,59.0,10.0,2.0,1.0,19.0
2020,Karnataka,29,Belagavi,527,Belagavi District,90.0,124.0,1.0,232.0,43.0,2.0,0.0,169.0,87.0,93.0,13.0,0.0,18.0,0.0,14.0,18.0,0.0,0.0,0.0,2.0,90.0,28.0,13.0,1.0,99.0
2020,Karnataka,29,Belagavi,527,K.G.F.,18.0,25.0,0.0,24.0,10.0,0.0,0.0,42.0,27.0,6.0,9.0,1.0,0.0,0.0,14.0,14.0,0.0,0.0,0.0,1.0,25.0,4.0,0.0,0.0,8.0
2020,Karnataka,29,Bengaluru Urban,525,Bengaluru City,188.0,436.0,5.0,583.0,1108.0,33.0,12.0,1103.0,281.0,401.0,608.0,2.0,71.0,1.0,189.0,8892.0,0.0,3030.0,0.0,271.0,1595.0,535.0,73.0,127.0,764.0
2020,Karnataka,29,Bengaluru Urban,525,Bengaluru District,74.0,71.0,0.0,131.0,132.0,4.0,0.0,227.0,56.0,86.0,38.0,0.0,9.0,0.0,0.0,56.0,0.0,0.0,0.0,38.0,167.0,90.0,16.0,0.0,15.0
2020,Karnataka,29,Bengaluru Urban,525,K.Railways,13.0,2.0,0.0,8.0,3.0,0.0,0.0,10.0,2.0,0.0,1.0,0.0,0.0,0.0,0.0,1.0,0.0,1.0,0.0,0.0,13.0,42.0,0.0,0.0,9.0
2020,Karnataka,29,Bidar,529,Bidar,29.0,31.0,3.0,82.0,30.0,0.0,0.0,137.0,27.0,61.0,26.0,0.0,6.0,3.0,21.0,12.0,0.0,7.0,0.0,2.0,21.0,16.0,6.0,3.0,9.0
2020,Karnataka,29,Chamarajanagara,531,Chamarajnagar,27.0,54.0,0.0,139.0,17.0,0.0,0.0,87.0,36.0,17.0,7.0,0.0,6.0,0.0,0.0,13.0,0.0,4.0,0.0,0.0,16.0,13.0,5.0,0.0,17.0
2020,Karnataka,29,Chikkaballapura,630,Chikkaballapura,28.0,124.0,0.0,60.0,83.0,0.0,0.0,161.0,96.0,26.0,36.0,0.0,0.0,0.0,5.0,32.0,0.0,1.0,0.0,1.0,76.0,23.0,7.0,0.0,18.0
2020,Karnataka,29,Chikkamagaluru,532,Chikkamagaluru,35.0,74.0,0.0,143.0,55.0,1.0,0.0,162.0,74.0,50.0,14.0,0.0,7.0,2.0,10.0,31.0,0.0,14.0,0.0,2.0,57.0,23.0,4.0,0.0,171.0
2020,Karnataka,29,Chitradurga,533,Chitradurga,31.0,81.0,0.0,241.0,56.0,2.0,0.0,144.0,67.0,46.0,32.0,0.0,1.0,0.0,0.0,40.0,0.0,15.0,0.0,1.0,61.0,20.0,5.0,0.0,76.0
2020,Karnataka,29,Dakshina Kannada,534,Dakshina Kannada,13.0,42.0,0.0,49.0,12.0,2.0,0.0,161.0,58.0,18.0,6.0,1.0,4.0,1.0,5.0,26.0,0.0,2.0,1.0,15.0,33.0,14.0,7.0,1.0,53.0
2020,Karnataka,29,Dakshina Kannada,534,Mangaluru City,21.0,53.0,0.0,58.0,26.0,0.0,5.0,87.0,35.0,15.0,20.0,0.0,0.0,3.0,7.0,73.0,0.0,0.0,0.0,18.0,110.0,32.0,11.0,2.0,15.0
2020,Karnataka,29,Davangere,535,Davanagere,25.0,86.0,0.0,144.0,52.0,3.0,2.0,122.0,60.0,57.0,77.0,0.0,4.0,0.0,3.0,68.0,0.0,62.0,0.0,6.0,94.0,20.0,12.0,0.0,44.0
2020,Karnataka,29,Dharwad,536,Dharwad,14.0,23.0,0.0,18.0,12.0,0.0,0.0,36.0,20.0,13.0,10.0,0.0,0.0,0.0,0.0,5.0,0.0,1.0,0.0,5.0,26.0,12.0,2.0,0.0,5.0
2020,Karnataka,29,Dharwad,536,Hubballi Dharwad City,17.0,30.0,0.0,24.0,34.0,0.0,4.0,59.0,27.0,62.0,1.0,0.0,12.0,0.0,28.0,118.0,0.0,13.0,0.0,10.0,54.0,31.0,2.0,0.0,64.0
2020,Karnataka,29,Gadag,537,Gadag,17.0,39.0,0.0,36.0,19.0,0.0,0.0,59.0,13.0,18.0,6.0,0.0,0.0,0.0,0.0,15.0,0.0,0.0,0.0,4.0,14.0,7.0,5.0,0.0,26.0
2020,Karnataka,29,Hassan,539,Hassan,61.0,94.0,0.0,242.0,154.0,0.0,0.0,173.0,79.0,64.0,107.0,0.0,9.0,0.0,2.0,47.0,0.0,0.0,0.0,12.0,88.0,30.0,2.0,0.0,257.0
2020,Karnataka,29,Haveri,540,Haveri,29.0,68.0,0.0,89.0,25.0,0.0,0.0,151.0,59.0,35.0,25.0,2.0,4.0,0.0,17.0,35.0,0.0,0.0,0.0,0.0,46.0,22.0,8.0,0.0,2.0
2020,Karnataka,29,Kalaburagi,538,Kalaburgi,40.0,83.0,0.0,163.0,23.0,0.0,0.0,94.0,62.0,91.0,13.0,0.0,6.0,1.0,13.0,13.0,0.0,8.0,0.0,3.0,15.0,11.0,4.0,0.0,81.0
2020,Karnataka,29,Kalaburagi,538,Kalaburgi City,29.0,14.0,0.0,37.0,14.0,0.0,0.0,44.0,13.0,51.0,28.0,0.0,5.0,0.0,5.0,12.0,0.0,0.0,0.0,0.0,33.0,33.0,7.0,0.0,160.0
2020,Karnataka,29,Kodagu,541,Kodagu,28.0,81.0,0.0,45.0,19.0,0.0,0.0,100.0,79.0,37.0,13.0,0.0,0.0,0.0,0.0,71.0,0.0,0.0,0.0,0.0,34.0,3.0,1.0,1.0,34.0
2020,Karnataka,29,Kolar,542,Kolar,34.0,57.0,0.0,73.0,45.0,2.0,0.0,101.0,42.0,11.0,21.0,0.0,6.0,0.0,15.0,15.0,0.0,0.0,0.0,6.0,41.0,11.0,10.0,0.0,21.0
2020,Karnataka,29,Koppal,543,Koppal,19.0,65.0,0.0,106.0,41.0,0.0,0.0,103.0,59.0,56.0,4.0,0.0,1.0,0.0,0.0,11.0,0.0,7.0,0.0,4.0,64.0,9.0,4.0,1.0,232.0
2020,Karnataka,29,Mandya,544,Mandya,55.0,79.0,0.0,283.0,81.0,0.0,0.0,164.0,71.0,78.0,42.0,0.0,0.0,0.0,0.0,68.0,0.0,0.0,0.0,0.0,90.0,60.0,17.0,0.0,172.0
2020,Karnataka,29,Mysuru,545,Mysuru City,30.0,60.0,0.0,74.0,47.0,1.0,2.0,96.0,36.0,37.0,71.0,0.0,2.0,1.0,11.0,194.0,0.0,2.0,0.0,5.0,143.0,73.0,11.0,9.0,17.0
2020,Karnataka,29,Mysuru,545,Mysuru District,41.0,62.0,0.0,217.0,69.0,2.0,0.0,197.0,53.0,46.0,42.0,0.0,12.0,0.0,12.0,21.0,0.0,1.0,0.0,10.0,85.0,38.0,7.0,0.0,16.0
2020,Karnataka,29,Raichur,546,Raichur,40.0,59.0,0.0,161.0,46.0,0.0,0.0,174.0,45.0,85.0,67.0,0.0,6.0,0.0,0.0,31.0,0.0,0.0,0.0,5.0,89.0,16.0,6.0,0.0,109.0
2020,Karnataka,29,Ramanagara,631,Ramanagara,42.0,65.0,0.0,148.0,89.0,0.0,0.0,131.0,66.0,29.0,54.0,0.0,6.0,0.0,15.0,186.0,0.0,155.0,0.0,0.0,138.0,91.0,10.0,1.0,42.0
2020,Karnataka,29,Shivamogga,547,Shimoga,46.0,122.0,2.0,251.0,131.0,0.0,2.0,235.0,134.0,63.0,59.0,0.0,16.0,0.0,36.0,201.0,0.0,140.0,0.0,6.0,105.0,49.0,4.0,1.0,57.0
2020,Karnataka,29,Tumakuru,548,Tumakuru,49.0,51.0,0.0,169.0,63.0,0.0,0.0,213.0,59.0,47.0,40.0,0.0,10.0,8.0,31.0,210.0,0.0,0.0,0.0,3.0,66.0,72.0,9.0,2.0,43.0
2020,Karnataka,29,Udupi,549,Udupi,10.0,57.0,0.0,74.0,25.0,0.0,0.0,73.0,44.0,32.0,28.0,0.0,2.0,0.0,2.0,50.0,0.0,30.0,0.0,30.0,106.0,30.0,4.0,1.0,168.0
2020,Karnataka,29,Uttara Kannada,550,Uttara Kannada,13.0,50.0,0.0,126.0,25.0,1.0,0.0,151.0,48.0,27.0,12.0,0.0,9.0,0.0,6.0,48.0,0.0,45.0,0.0,0.0,19.0,22.0,10.0,4.0,148.0
2020,Karnataka,29,Vijayapura,530,Vijayapura,79.0,44.0,0.0,136.0,52.0,0.0,0.0,98.0,48.0,90.0,25.0,0.0,10.0,0.0,6.0,9.0,0.0,0.0,0.0,2.0,35.0,16.0,11.0,0.0,165.0
2020,Karnataka,29,Yadgir,635,Yadgiri,26.0,47.0,0.0,143.0,14.0,0.0,0.0,68.0,28.0,42.0,12.0,0.0,3.0,0.0,12.0,10.0,0.0,4.0,0.0,2.0,19.0,9.0,3.0,2.0,36.0
2020,Kerala,32,Alappuzha,554,Alapuzha,14.0,148.0,3.0,342.0,16.0,0.0,0.0,226.0,114.0,103.0,1.0,0.0,2.0,5.0,27.0,14.0,0.0,1.0,0.0,20.0,303.0,44.0,12.0,0.0,40.0
2020,Kerala,32,Ernakulam,555,Ernakulam Commissionerate,9.0,118.0,0.0,211.0,4.0,0.0,21.0,0.0,0.0,81.0,0.0,0.0,1.0,0.0,25.0,98.0,12.0,5.0,2.0,27.0,450.0,64.0,42.0,0.0,240.0
2020,Kerala,32,Ernakulam,555,Ernakulam Commr.,1.0,0.0,0.0,29.0,7.0,0.0,2.0,126.0,47.0,0.0,0.0,0.0,1.0,7.0,0.0,0.0,0.0,0.0,0.0,0.0,0.0,0.0,0.0,0.0,0.0
2020,Kerala,32,Ernakulam,555,Ernakulam Rural,13.0,133.0,5.0,354.0,31.0,0.0,76.0,180.0,57.0,129.0,0.0,0.0,0.0,2.0,21.0,16.0,0.0,1.0,0.0,22.0,281.0,55.0,18.0,1.0,16.0
2020,Kerala,32,Idukki,556,Idukki,29.0,148.0,1.0,268.0,10.0,0.0,0.0,224.0,131.0,61.0,1.0,1.0,2.0,4.0,11.0,10.0,1.0,1.0,1.0,5.0,174.0,10.0,12.0,0.0,462.0
2020,Kerala,32,Kannur,557,Kannur,21.0,134.0,2.0,168.0,6.0,1.0,36.0,201.0,140.0,196.0,0.0,0.0,2.0,5.0,27.0,22.0,0.0,0.0,0.0,25.0,207.0,20.0,4.0,0.0,275.0
2020,Kerala,32,Kasaragod,558,Kasargod,19.0,148.0,1.0,194.0,13.0,0.0,5.0,225.0,141.0,77.0,0.0,0.0,3.0,11.0,2.0,12.0,0.0,0.0,3.0,0.0,43.0,15.0,9.0,0.0,336.0
2020,Kerala,32,Kollam,559,Kollam Commissionerate,23.0,90.0,0.0,191.0,4.0,0.0,26.0,0.0,0.0,171.0,0.0,1.0,0.0,0.0,30.0,9.0,0.0,1.0,0.0,8.0,947.0,35.0,7.0,2.0,109.0
2020,Kerala,32,Kollam,559,Kollam Commr.,0.0,0.0,0.0,0.0,10.0,0.0,13.0,144.0,94.0,0.0,0.0,0.0,0.0,2.0,0.0,0.0,0.0,0.0,0.0,0.0,0.0,0.0,0.0,0.0,0.0
2020,Kerala,32,Kollam,559,Kollam Rural,18.0,141.0,6.0,297.0,13.0,0.0,0.0,189.0,137.0,146.0,0.0,0.0,0.0,2.0,12.0,20.0,0.0,0.0,0.0,0.0,980.0,18.0,3.0,0.0,1590.0
2020,Kerala,32,Kottayam,560,Kottayam,22.0,120.0,2.0,210.0,22.0,0.0,0.0,182.0,89.0,85.0,0.0,0.0,1.0,3.0,10.0,22.0,0.0,1.0,0.0,13.0,271.0,41.0,16.0,0.0,902.0
2020,Kerala,32,Kozhikode,561,Kozhikode Commissionerate,5.0,89.0,1.0,145.0,11.0,0.0,5.0,0.0,0.0,163.0,0.0,0.0,0.0,0.0,10.0,19.0,1.0,0.0,0.0,7.0,141.0,58.0,2.0,0.0,541.0
2020,Kerala,32,Kozhikode,561,Kozhikode Commr.,2.0,0.0,0.0,27.0,10.0,0.0,2.0,137.0,52.0,0.0,0.0,0.0,0.0,11.0,0.0,0.0,0.0,0.0,0.0,0.0,0.0,0.0,0.0,0.0,0.0
2020,Kerala,32,Kozhikode,561,Kozhikode Rural,8.0,87.0,2.0,349.0,23.0,1.0,3.0,174.0,70.0,255.0,0.0,0.0,1.0,1.0,8.0,12.0,0.0,1.0,0.0,13.0,95.0,23.0,15.0,0.0,293.0
2020,Kerala,32,Malappuram,562,Malappuram,22.0,196.0,4.0,580.0,40.0,0.0,20.0,464.0,210.0,476.0,0.0,0.0,5.0,39.0,45.0,42.0,2.0,6.0,5.0,31.0,258.0,54.0,31.0,0.0,496.0
2020,Kerala,32,Palakkad,563,Palakkad,36.0,206.0,0.0,270.0,37.0,1.0,3.0,278.0,129.0,172.0,2.0,2.0,4.0,0.0,49.0,20.0,0.0,2.0,0.0,36.0,202.0,38.0,10.0,0.0,140.0
2020,Kerala,32,Pathanamthitta,564,Pathanamthitta,15.0,134.0,0.0,201.0,3.0,0.0,1.0,143.0,107.0,71.0,0.0,0.0,1.0,1.0,16.0,9.0,0.0,9.0,0.0,0.0,2089.0,17.0,4.0,0.0,216.0
2020,Kerala,32,Thiruvananthapuram,565,Crime Branch,2.0,5.0,0.0,2.0,0.0,0.0,0.0,20.0,18.0,0.0,0.0,0.0,1.0,0.0,0.0,2.0,0.0,1.0,0.0,2.0,161.0,1.0,3.0,0.0,3.0
2020,Kerala,32,Thiruvananthapuram,565,Railways,2.0,0.0,0.0,15.0,1.0,0.0,0.0,5.0,1.0,0.0,0.0,0.0,0.0,0.0,1.0,0.0,0.0,0.0,0.0,0.0,1.0,3.0,0.0,0.0,3.0
2020,Kerala,32,Thiruvananthapuram,565,Trivandrum Commissionerate,7.0,116.0,3.0,160.0,3.0,0.0,0.0,0.0,3.0,79.0,1.0,0.0,1.0,0.0,5.0,111.0,0.0,13.0,1.0,40.0,495.0,47.0,22.0,0.0,406.0
2020,Kerala,32,Thiruvananthapuram,565,Trivandrum Commr.,2.0,0.0,0.0,1.0,6.0,0.0,0.0,165.0,110.0,0.0,0.0,0.0,0.0,6.0,0.0,0.0,0.0,0.0,0.0,0.0,0.0,0.0,0.0,0.0,0.0
2020,Kerala,32,Thiruvananthapuram,565,Trivandrum Rural,29.0,214.0,13.0,396.0,20.0,0.0,1.0,338.0,233.0,220.0,1.0,2.0,7.0,7.0,12.0,23.0,1.0,2.0,0.0,21.0,362.0,67.0,11.0,1.0,2426.0
2020,Kerala,32,Thrissur,566,Thrissur Commissionerate,18.0,110.0,1.0,163.0,0.0,2.0,4.0,0.0,0.0,165.0,0.0,0.0,1.0,0.0,61.0,14.0,0.0,2.0,0.0,13.0,620.0,38.0,6.0,1.0,224.0
2020,Kerala,32,Thrissur,566,Thrissur Commr.,0.0,0.0,0.0,1.0,7.0,0.0,2.0,193.0,107.0,0.0,0.0,0.0,0.0,30.0,0.0,0.0,0.0,0.0,0.0,0.0,0.0,0.0,0.0,0.0,0.0
2020,Kerala,32,Thrissur,566,Thrissur Rural,13.0,95.0,2.0,285.0,21.0,0.0,1.0,162.0,65.0,146.0,1.0,0.0,3.0,7.0,23.0,11.0,1.0,2.0,2.0,1.0,253.0,23.0,13.0,0.0,208.0
2020,Kerala,32,Wayanad,567,Wayanadu,6.0,127.0,3.0,103.0,15.0,0.0,0.0,165.0,118.0,76.0,2.0,0.0,1.0,1.0,16.0,11.0,1.0,0.0,1.0,7.0,88.0,8.0,4.0,0.0,765.0
2020,Ladakh,37,Kargil,6,Kargil,0.0,0.0,0.0,2.0,0.0,0.0,0.0,0.0,0.0,1.0,0.0,0.0,0.0,0.0,0.0,1.0,0.0,0.0,0.0,0.0,3.0,0.0,0.0,0.0,30.0
2020,Ladakh,37,Leh Ladakh,9,Leh,0.0,4.0,1.0,2.0,0.0,0.0,0.0,2.0,0.0,2.0,0.0,0.0,0.0,0.0,0.0,0.0,0.0,0.0,0.0,0.0,2.0,0.0,0.0,0.0,2.0
2020,Lakshadweep,31,Lakshadweep District,553,Lakshadweep,0.0,9.0,0.0,4.0,1.0,0.0,0.0,9.0,9.0,0.0,0.0,0.0,0.0,0.0,1.0,4.0,0.0,0.0,0.0,3.0,0.0,0.0,0.0,0.0,27.0
2020,Madhya Pradesh,23,Agar Malwa,667,Agar,0.0,0.0,0.0,0.0,13.0,0.0,0.0,85.0,47.0,0.0,0.0,0.0,0.0,22.0,0.0,0.0,0.0,0.0,0.0,0.0,0.0,0.0,0.0,0.0,0.0
2020,Madhya Pradesh,23,Agar-Malwa,667,Agar,7.0,33.0,0.0,50.0,8.0,0.0,2.0,0.0,0.0,49.0,3.0,0.0,7.0,0.0,99.0,1.0,0.0,0.0,0.0,0.0,12.0,3.0,0.0,0.0,5.0
2020,Madhya Pradesh,23,Alirajpur,639,Alirajpur,41.0,118.0,1.0,18.0,129.0,0.0,3.0,158.0,45.0,11.0,0.0,0.0,17.0,25.0,116.0,0.0,0.0,0.0,0.0,0.0,9.0,5.0,2.0,0.0,26.0
2020,Madhya Pradesh,23,Anuppur,390,Anuppur,33.0,146.0,0.0,61.0,157.0,0.0,0.0,209.0,71.0,70.0,6.0,0.0,10.0,21.0,30.0,39.0,7.0,0.0,2.0,1.0,8.0,11.0,18.0,0.0,67.0
2020,Madhya Pradesh,23,Ashoknagar,391,Ashok Nagar,39.0,135.0,0.0,96.0,108.0,0.0,3.0,235.0,124.0,67.0,6.0,0.0,6.0,40.0,318.0,0.0,0.0,0.0,0.0,0.0,26.0,14.0,0.0,0.0,47.0
2020,Madhya Pradesh,23,Balaghat,392,Balaghat,59.0,206.0,0.0,121.0,319.0,0.0,2.0,338.0,113.0,204.0,15.0,0.0,9.0,29.0,48.0,34.0,7.0,2.0,0.0,0.0,25.0,13.0,0.0,0.0,37.0
2020,Madhya Pradesh,23,Barwani,393,Barwani,36.0,168.0,1.0,86.0,53.0,0.0,0.0,212.0,126.0,54.0,5.0,0.0,14.0,28.0,40.0,1.0,0.0,0.0,0.0,0.0,34.0,9.0,1.0,0.0,3.0
2020,Madhya Pradesh,23,Betul,394,Betul,54.0,301.0,1.0,87.0,178.0,0.0,8.0,279.0,94.0,49.0,18.0,0.0,12.0,0.0,120.0,1.0,0.0,0.0,0.0,2.0,12.0,3.0,2.0,0.0,0.0
2020,Madhya Pradesh,23,Bhind,395,Bhind,38.0,74.0,0.0,72.0,109.0,0.0,0.0,197.0,87.0,160.0,26.0,0.0,0.0,0.0,0.0,0.0,0.0,0.0,0.0,0.0,60.0,32.0,0.0,0.0,293.0
2020,Madhya Pradesh,23,Bhopal,396,Bhopal,75.0,399.0,1.0,230.0,643.0,0.0,8.0,1015.0,284.0,310.0,61.0,2.0,23.0,194.0,619.0,19.0,6.0,1.0,0.0,1.0,123.0,55.0,86.0,6.0,570.0
2020,Madhya Pradesh,23,Bhopal,396,Bhopal Railway,1.0,9.0,1.0,5.0,9.0,0.0,0.0,11.0,2.0,1.0,1.0,0.0,0.0,0.0,0.0,0.0,0.0,0.0,0.0,0.0,1.0,11.0,0.0,0.0,9.0
2020,Madhya Pradesh,23,Bhopal,396,Cyber Crime Cell,0.0,0.0,0.0,0.0,0.0,0.0,0.0,0.0,0.0,0.0,0.0,0.0,0.0,0.0,0.0,0.0,0.0,0.0,0.0,0.0,0.0,0.0,0.0,0.0,0.0
2020,Madhya Pradesh,23,Burhanpur,397,Burhanpur,19.0,66.0,0.0,64.0,31.0,0.0,0.0,124.0,58.0,43.0,1.0,0.0,4.0,9.0,52.0,11.0,0.0,0.0,0.0,1.0,1.0,9.0,0.0,0.0,18.0
2020,Madhya Pradesh,23,Chhatarpur,398,Chhatarpur,69.0,201.0,1.0,163.0,151.0,3.0,0.0,440.0,170.0,82.0,25.0,0.0,24.0,57.0,213.0,5.0,0.0,0.0,0.0,10.0,30.0,20.0,0.0,0.0,340.0
2020,Madhya Pradesh,23,Chhindwara,399,Chhindwara,77.0,148.0,0.0,81.0,257.0,2.0,3.0,264.0,70.0,68.0,25.0,0.0,7.0,22.0,23.0,0.0,0.0,0.0,0.0,0.0,29.0,11.0,0.0,0.0,1874.0
2020,Madhya Pradesh,23,Cyber Crime,9999,Cyber Crime Cell,0.0,0.0,0.0,0.0,0.0,0.0,0.0,0.0,0.0,0.0,0.0,0.0,0.0,0.0,0.0,0.0,0.0,0.0,0.0,0.0,0.0,0.0,0.0,0.0,0.0
2020,Madhya Pradesh,23,Cyber Crime Cell,9999,Cyber Crime Cell,0.0,0.0,0.0,0.0,0.0,0.0,0.0,12.0,0.0,0.0,0.0,0.0,0.0,0.0,0.0,268.0,0.0,44.0,0.0,74.0,0.0,0.0,0.0,0.0,0.0
2020,Madhya Pradesh,23,Damoh,400,Damoh,37.0,93.0,0.0,112.0,311.0,0.0,0.0,256.0,84.0,103.0,17.0,0.0,27.0,0.0,35.0,10.0,4.0,0.0,1.0,0.0,4.0,7.0,1.0,0.0,29.0
2020,Madhya Pradesh,23,Datia,401,Datia,35.0,46.0,0.0,66.0,57.0,0.0,0.0,110.0,38.0,49.0,12.0,0.0,5.0,0.0,40.0,5.0,2.0,0.0,0.0,2.0,46.0,14.0,0.0,0.0,19.0
2020,Madhya Pradesh,23,Dewas,402,Dewas,32.0,184.0,0.0,150.0,203.0,0.0,0.0,374.0,187.0,159.0,9.0,0.0,14.0,61.0,855.0,0.0,0.0,0.0,0.0,0.0,38.0,14.0,1.0,0.0,56.0
2020,Madhya Pradesh,23,Dhar,403,Dhar,76.0,303.0,1.0,138.0,277.0,1.0,0.0,679.0,200.0,94.0,6.0,0.0,40.0,63.0,288.0,28.0,0.0,0.0,1.0,0.0,61.0,32.0,3.0,0.0,42.0
2020,Madhya Pradesh,23,Dindori,404,Dindori,21.0,104.0,0.0,50.0,85.0,0.0,1.0,152.0,63.0,85.0,3.0,1.0,9.0,0.0,9.0,4.0,1.0,0.0,0.0,0.0,15.0,4.0,0.0,0.0,73.0
2020,Madhya Pradesh,23,Guna,406,Guna,36.0,208.0,0.0,184.0,216.0,0.0,0.0,290.0,134.0,112.0,5.0,0.0,17.0,29.0,128.0,15.0,0.0,0.0,0.0,0.0,6.0,48.0,35.0,0.0,1246.0
2020,Madhya Pradesh,23,Gwalior,407,Gwalior,71.0,416.0,2.0,294.0,377.0,2.0,5.0,607.0,194.0,564.0,29.0,1.0,26.0,15.0,98.0,144.0,38.0,20.0,9.0,14.0,175.0,84.0,39.0,0.0,101.0
2020,Madhya Pradesh,23,Harda,408,Harda,20.0,119.0,0.0,82.0,37.0,0.0,0.0,139.0,65.0,38.0,0.0,0.0,5.0,7.0,56.0,7.0,0.0,0.0,0.0,3.0,27.0,1.0,0.0,0.0,6.0
2020,Madhya Pradesh,23,Indore,410,Cyber Crime Cell,0.0,0.0,0.0,0.0,0.0,0.0,0.0,0.0,0.0,0.0,0.0,0.0,0.0,0.0,0.0,0.0,0.0,0.0,0.0,21.0,0.0,0.0,0.0,0.0,0.0
2020,Madhya Pradesh,23,Indore,410,Indore,90.0,483.0,1.0,299.0,944.0,2.0,6.0,992.0,293.0,455.0,29.0,1.0,38.0,111.0,495.0,98.0,22.0,0.0,8.0,2.0,151.0,73.0,5.0,4.0,158.0
2020,Madhya Pradesh,23,Indore,410,Indore Railway,0.0,2.0,0.0,2.0,0.0,0.0,2.0,5.0,4.0,0.0,0.0,0.0,0.0,0.0,0.0,2.0,0.0,0.0,0.0,0.0,2.0,1.0,0.0,0.0,32.0
2020,Madhya Pradesh,23,Indore,410,Khandwa,0.0,0.0,0.0,0.0,108.0,0.0,0.0,305.0,112.0,0.0,0.0,0.0,0.0,0.0,0.0,0.0,0.0,0.0,0.0,0.0,0.0,0.0,0.0,0.0,0.0
2020,Madhya Pradesh,23,Jabalpur,411,Jabalpur,87.0,350.0,12.0,227.0,542.0,0.0,13.0,581.0,227.0,373.0,36.0,0.0,21.0,46.0,121.0,2.0,0.0,0.0,0.0,1.0,118.0,81.0,0.0,0.0,482.0
2020,Madhya Pradesh,23,Jabalpur,411,Jabalpur Railway,0.0,2.0,0.0,4.0,2.0,0.0,0.0,3.0,0.0,0.0,1.0,0.0,0.0,0.0,0.0,0.0,0.0,0.0,0.0,0.0,1.0,1.0,0.0,0.0,16.0
2020,Madhya Pradesh,23,Jhabua,412,Jhabua,24.0,59.0,0.0,23.0,139.0,0.0,0.0,120.0,34.0,11.0,0.0,0.0,19.0,10.0,150.0,0.0,0.0,0.0,0.0,0.0,7.0,9.0,2.0,0.0,6.0
2020,Madhya Pradesh,23,Katni,413,Katni,36.0,80.0,0.0,64.0,234.0,1.0,0.0,266.0,68.0,60.0,10.0,0.0,12.0,25.0,40.0,9.0,1.0,1.0,3.0,0.0,41.0,14.0,0.0,0.0,79.0
2020,Madhya Pradesh,23,Khandwa (East Nimar),405,Khandwa,44.0,130.0,0.0,129.0,90.0,0.0,0.0,0.0,0.0,45.0,11.0,0.0,8.0,0.0,0.0,4.0,0.0,0.0,0.0,0.0,0.0,7.0,0.0,0.0,1566.0
2020,Madhya Pradesh,23,Khargone,414,Khargone,0.0,0.0,0.0,1.0,139.0,1.0,0.0,417.0,203.0,0.0,0.0,0.0,1.0,17.0,0.0,0.0,0.0,0.0,0.0,0.0,0.0,0.0,0.0,0.0,0.0
2020,Madhya Pradesh,23,Khargone (West Nimar),414,Khargone,34.0,243.0,1.0,161.0,28.0,1.0,0.0,0.0,0.0,49.0,4.0,0.0,13.0,0.0,115.0,12.0,4.0,0.0,0.0,4.0,30.0,12.0,2.0,1.0,48.0
2020,Madhya Pradesh,23,Mandla,415,Mandla,43.0,67.0,1.0,31.0,229.0,0.0,6.0,248.0,46.0,49.0,2.0,0.0,3.0,2.0,36.0,1.0,0.0,0.0,0.0,2.0,13.0,1.0,0.0,0.0,4.0
2020,Madhya Pradesh,23,Mandsaur,416,Mandsaur,28.0,85.0,1.0,84.0,138.0,0.0,4.0,192.0,91.0,40.0,8.0,0.0,12.0,8.0,37.0,16.0,2.0,0.0,4.0,0.0,44.0,16.0,4.0,0.0,35.0
2020,Madhya Pradesh,23,Morena,417,Morena,64.0,140.0,1.0,97.0,112.0,4.0,2.0,307.0,84.0,136.0,32.0,0.0,20.0,107.0,223.0,0.0,0.0,0.0,0.0,0.0,37.0,26.0,3.0,0.0,105.0
2020,Madhya Pradesh,23,Narmadapuram,409,Hoshangabad,40.0,168.0,0.0,132.0,198.0,0.0,0.0,282.0,108.0,115.0,15.0,1.0,14.0,42.0,185.0,0.0,0.0,0.0,0.0,0.0,23.0,8.0,2.0,0.0,16.0
2020,Madhya Pradesh,23,Narsimhapur,418,Narsinghpur,24.0,94.0,0.0,50.0,85.0,0.0,0.0,0.0,2.0,29.0,12.0,0.0,11.0,0.0,176.0,2.0,0.0,0.0,1.0,0.0,7.0,9.0,0.0,2.0,24.0
2020,Madhya Pradesh,23,Narsinghpur,418,Narsinghpur,1.0,0.0,0.0,0.0,99.0,0.0,0.0,208.0,76.0,0.0,0.0,0.0,3.0,11.0,0.0,0.0,0.0,0.0,0.0,0.0,0.0,0.0,0.0,0.0,0.0
2020,Madhya Pradesh,23,Neemuch,419,Neemuch,14.0,55.0,0.0,26.0,73.0,0.0,0.0,94.0,52.0,35.0,6.0,0.0,8.0,1.0,50.0,6.0,1.0,0.0,0.0,0.0,19.0,10.0,0.0,0.0,10.0
2020,Madhya Pradesh,23,Niwari,722,Niwari,13.0,47.0,0.0,56.0,31.0,0.0,0.0,90.0,33.0,53.0,6.0,0.0,3.0,12.0,16.0,6.0,0.0,0.0,0.0,2.0,14.0,4.0,0.0,0.0,892.0
2020,Madhya Pradesh,23,Panna,420,Panna,38.0,66.0,0.0,96.0,268.0,0.0,0.0,287.0,76.0,71.0,13.0,0.0,20.0,47.0,160.0,3.0,0.0,1.0,0.0,4.0,0.0,8.0,0.0,0.0,17.0
2020,Madhya Pradesh,23,Raisen,421,Raisen,32.0,203.0,0.0,92.0,301.0,0.0,2.0,420.0,147.0,96.0,16.0,0.0,15.0,64.0,0.0,0.0,0.0,0.0,0.0,0.0,0.0,9.0,0.0,0.0,319.0
2020,Madhya Pradesh,23,Rajgarh,422,Rajgarh,28.0,172.0,2.0,134.0,96.0,1.0,3.0,244.0,117.0,159.0,13.0,0.0,20.0,0.0,184.0,8.0,0.0,2.0,0.0,6.0,21.0,19.0,1.0,0.0,477.0
2020,Madhya Pradesh,23,Ratlam,423,Ratlam,33.0,212.0,0.0,121.0,275.0,4.0,0.0,429.0,175.0,88.0,6.0,1.0,23.0,7.0,254.0,84.0,10.0,30.0,2.0,0.0,55.0,15.0,12.0,1.0,124.0
2020,Madhya Pradesh,23,Rewa,424,Rewa,91.0,189.0,0.0,127.0,522.0,1.0,0.0,980.0,151.0,152.0,32.0,0.0,22.0,82.0,152.0,24.0,6.0,0.0,0.0,24.0,42.0,86.0,37.0,0.0,4005.0
2020,Madhya Pradesh,23,Sagar,425,Sagar,89.0,441.0,3.0,192.0,279.0,4.0,3.0,806.0,251.0,97.0,33.0,1.0,33.0,156.0,129.0,27.0,1.0,0.0,5.0,0.0,42.0,38.0,9.0,0.0,59.0
2020,Madhya Pradesh,23,Satna,426,Satna,68.0,392.0,0.0,105.0,279.0,0.0,0.0,508.0,161.0,118.0,21.0,0.0,18.0,18.0,50.0,0.0,0.0,0.0,0.0,0.0,36.0,36.0,0.0,0.0,0.0
2020,Madhya Pradesh,23,Sehore,427,Sehore,25.0,272.0,0.0,194.0,90.0,4.0,2.0,253.0,113.0,75.0,5.0,0.0,11.0,0.0,80.0,0.0,0.0,0.0,0.0,0.0,19.0,12.0,0.0,0.0,9.0
2020,Madhya Pradesh,23,Seoni,428,Seoni,42.0,249.0,1.0,71.0,141.0,0.0,2.0,213.0,63.0,117.0,4.0,0.0,4.0,1.0,60.0,6.0,0.0,0.0,2.0,0.0,16.0,4.0,5.0,0.0,808.0
2020,Madhya Pradesh,23,Shahdol,429,Shahdol,46.0,150.0,0.0,83.0,231.0,0.0,0.0,308.0,98.0,150.0,10.0,0.0,22.0,31.0,70.0,16.0,2.0,0.0,3.0,0.0,19.0,14.0,6.0,0.0,11.0
2020,Madhya Pradesh,23,Shajapur,430,Shajapur,26.0,133.0,1.0,93.0,67.0,1.0,0.0,217.0,102.0,60.0,7.0,0.0,10.0,60.0,203.0,5.0,0.0,1.0,1.0,0.0,14.0,15.0,7.0,0.0,25.0
2020,Madhya Pradesh,23,Sheopur,431,Sheopur,15.0,40.0,0.0,36.0,50.0,0.0,0.0,63.0,21.0,40.0,6.0,0.0,6.0,12.0,6.0,4.0,0.0,0.0,0.0,0.0,10.0,8.0,0.0,0.0,32.0
2020,Madhya Pradesh,23,Shivpuri,432,Shivpuri,60.0,182.0,1.0,125.0,239.0,2.0,0.0,459.0,94.0,110.0,14.0,0.0,14.0,27.0,35.0,0.0,0.0,0.0,0.0,0.0,94.0,42.0,0.0,0.0,2413.0
2020,Madhya Pradesh,23,Sidhi,433,Sidhi,39.0,66.0,0.0,45.0,147.0,0.0,0.0,219.0,61.0,93.0,10.0,0.0,22.0,0.0,21.0,6.0,2.0,0.0,0.0,0.0,19.0,10.0,10.0,0.0,12.0
2020,Madhya Pradesh,23,Singrauli,638,Singrauli,60.0,131.0,0.0,53.0,175.0,0.0,5.0,236.0,59.0,103.0,12.0,1.0,21.0,8.0,89.0,16.0,1.0,1.0,0.0,0.0,7.0,8.0,9.0,0.0,20.0
2020,Madhya Pradesh,23,Tikamgarh,434,Tikamgarh,32.0,135.0,0.0,79.0,124.0,3.0,2.0,219.0,71.0,32.0,26.0,0.0,19.0,44.0,0.0,6.0,0.0,0.0,2.0,0.0,30.0,5.0,0.0,0.0,41.0
2020,Madhya Pradesh,23,Ujjain,435,Ujjain,61.0,138.0,0.0,309.0,322.0,0.0,0.0,401.0,4.0,194.0,10.0,0.0,20.0,33.0,189.0,60.0,10.0,0.0,3.0,0.0,108.0,38.0,6.0,0.0,3510.0
2020,Madhya Pradesh,23,Umaria,436,Umaria,23.0,57.0,0.0,27.0,73.0,0.0,3.0,105.0,41.0,28.0,2.0,0.0,7.0,17.0,42.0,0.0,0.0,0.0,0.0,0.0,8.0,4.0,2.0,0.0,25.0
2020,Madhya Pradesh,23,Vidisha,437,Vidisha,46.0,170.0,0.0,138.0,226.0,0.0,3.0,345.0,162.0,115.0,13.0,0.0,22.0,40.0,165.0,0.0,0.0,0.0,0.0,0.0,22.0,13.0,3.0,0.0,18.0
2020,Maharashtra,27,Ahmednagar,466,Ahmednagar,94.0,280.0,0.0,557.0,461.0,0.0,0.0,320.0,127.0,486.0,7.0,0.0,55.0,5.0,97.0,33.0,7.0,5.0,3.0,2.0,225.0,304.0,0.0,2.0,10.0
2020,Maharashtra,27,Akola,467,Akola,43.0,99.0,0.0,250.0,118.0,0.0,0.0,200.0,104.0,261.0,8.0,0.0,14.0,11.0,123.0,58.0,12.0,4.0,6.0,0.0,75.0,29.0,1.0,0.0,183.0
2020,Maharashtra,27,Amravati,468,Amravati Commissionerate,24.0,137.0,1.0,238.0,58.0,0.0,0.0,0.0,0.0,72.0,0.0,1.0,5.0,0.0,65.0,170.0,65.0,1.0,14.0,1.0,172.0,69.0,10.0,0.0,178.0
2020,Maharashtra,27,Amravati,468,Amravati Commr.,2.0,0.0,0.0,0.0,72.0,0.0,0.0,174.0,80.0,0.0,0.0,0.0,0.0,8.0,0.0,0.0,0.0,0.0,0.0,0.0,0.0,0.0,0.0,0.0,0.0
2020,Maharashtra,27,Amravati,468,Amravati Rural,72.0,155.0,0.0,232.0,196.0,0.0,0.0,281.0,153.0,162.0,5.0,0.0,29.0,15.0,43.0,196.0,80.0,3.0,5.0,11.0,116.0,29.0,6.0,0.0,94.0
2020,Maharashtra,27,Aurangabad,469,Aurangabad Commr.,2.0,0.0,0.0,0.0,126.0,0.0,0.0,245.0,86.0,0.0,0.0,0.0,0.0,9.0,0.0,0.0,0.0,0.0,0.0,0.0,0.0,0.0,0.0,0.0,0.0
2020,Maharashtra,27,Aurangabad,469,Aurangabad Railway,0.0,0.0,0.0,0.0,3.0,0.0,0.0,6.0,1.0,0.0,0.0,0.0,0.0,0.0,0.0,0.0,0.0,0.0,0.0,0.0,0.0,0.0,0.0,0.0,0.0
2020,Maharashtra,27,Aurangabad,469,Aurangabad Rural,3.0,0.0,0.0,0.0,94.0,0.0,0.0,173.0,56.0,0.0,0.0,0.0,2.0,4.0,0.0,0.0,0.0,0.0,0.0,0.0,0.0,0.0,0.0,0.0,0.0
2020,Maharashtra,27,Beed,470,Beed,61.0,182.0,0.0,264.0,67.0,0.0,0.0,245.0,138.0,255.0,11.0,0.0,42.0,3.0,189.0,75.0,15.0,0.0,8.0,2.0,73.0,66.0,20.0,0.0,58.0
2020,Maharashtra,27,Bhandara,471,Bhandara,22.0,75.0,0.0,100.0,130.0,0.0,0.0,162.0,65.0,38.0,5.0,0.0,10.0,4.0,57.0,83.0,30.0,2.0,7.0,6.0,58.0,14.0,1.0,1.0,70.0
2020,Maharashtra,27,Buldhana,472,Buldhana,51.0,123.0,0.0,322.0,174.0,2.0,0.0,272.0,134.0,144.0,8.0,0.0,30.0,9.0,178.0,110.0,30.0,0.0,8.0,3.0,85.0,79.0,2.0,0.0,60.0
2020,Maharashtra,27,Chandrapur,473,Chandrapur,58.0,172.0,0.0,209.0,264.0,1.0,1.0,302.0,131.0,127.0,5.0,0.0,14.0,4.0,102.0,117.0,31.0,10.0,0.0,13.0,97.0,30.0,1.0,0.0,388.0
2020,Maharashtra,27,Chhatrapati Sambhajinagar,469,Aurangabad Commissionerate,25.0,130.0,0.0,206.0,93.0,0.0,0.0,0.0,0.0,206.0,4.0,0.0,11.0,0.0,186.0,134.0,40.0,0.0,14.0,20.0,93.0,108.0,1.0,7.0,100.0
2020,Maharashtra,27,Chhatrapati Sambhajinagar,469,Aurangabad Railway,0.0,0.0,0.0,8.0,3.0,0.0,0.0,0.0,0.0,0.0,0.0,0.0,0.0,0.0,15.0,0.0,0.0,0.0,0.0,0.0,2.0,41.0,0.0,0.0,12.0
2020,Maharashtra,27,Chhatrapati Sambhajinagar,469,Aurangabad Rural,36.0,87.0,0.0,134.0,4.0,0.0,0.0,0.0,0.0,121.0,9.0,0.0,17.0,0.0,79.0,32.0,9.0,1.0,4.0,5.0,68.0,36.0,1.0,1.0,236.0
2020,Maharashtra,27,Dharashiv,488,Osmanabad,35.0,89.0,0.0,125.0,53.0,1.0,0.0,0.0,0.0,67.0,6.0,0.0,19.0,0.0,184.0,80.0,33.0,2.0,3.0,4.0,59.0,44.0,0.0,0.0,58.0
2020,Maharashtra,27,Dhule,474,Dhule,42.0,128.0,0.0,89.0,102.0,0.0,1.0,170.0,55.0,236.0,4.0,1.0,18.0,0.0,32.0,41.0,9.0,0.0,1.0,4.0,82.0,75.0,1.0,0.0,141.0
2020,Maharashtra,27,Gadchiroli,475,Gadchiroli,28.0,75.0,0.0,56.0,58.0,0.0,0.0,87.0,54.0,21.0,1.0,0.0,9.0,2.0,5.0,44.0,15.0,3.0,2.0,1.0,43.0,6.0,4.0,0.0,33.0
2020,Maharashtra,27,Gondia,476,Gondia,36.0,68.0,0.0,61.0,76.0,0.0,0.0,104.0,59.0,11.0,7.0,0.0,5.0,0.0,40.0,33.0,8.0,5.0,4.0,0.0,22.0,10.0,3.0,0.0,133.0
2020,Maharashtra,27,Hingoli,477,Hingoli,35.0,48.0,0.0,74.0,36.0,0.0,0.0,70.0,32.0,71.0,6.0,0.0,6.0,3.0,32.0,29.0,3.0,0.0,2.0,3.0,19.0,17.0,1.0,4.0,27.0
2020,Maharashtra,27,Jalgaon,478,Jalgaon,68.0,234.0,0.0,280.0,207.0,0.0,0.0,324.0,121.0,206.0,2.0,0.0,40.0,6.0,47.0,233.0,86.0,7.0,9.0,3.0,263.0,166.0,0.0,5.0,272.0
2020,Maharashtra,27,Jalna,479,Jalna,43.0,133.0,0.0,208.0,78.0,0.0,0.0,271.0,191.0,191.0,12.0,0.0,34.0,0.0,186.0,59.0,23.0,1.0,1.0,2.0,109.0,91.0,22.0,2.0,718.0
2020,Maharashtra,27,Kolhapur,480,Kolhapur,50.0,169.0,0.0,278.0,272.0,5.0,31.0,286.0,127.0,194.0,6.0,0.0,13.0,0.0,133.0,71.0,18.0,0.0,8.0,5.0,217.0,119.0,11.0,2.0,161.0
2020,Maharashtra,27,Latur,481,Latur,39.0,80.0,0.0,138.0,172.0,0.0,6.0,169.0,51.0,131.0,7.0,0.0,16.0,0.0,13.0,80.0,21.0,2.0,6.0,7.0,81.0,89.0,1.0,0.0,36.0
2020,Maharashtra,27,Mumbai,482,Mumbai Commissionerate,150.0,1091.0,0.0,1962.0,767.0,1.0,88.0,0.0,5.0,502.0,12.0,0.0,39.0,0.0,428.0,4796.0,1911.0,40.0,114.0,29.0,3685.0,733.0,312.0,5.0,11689.0
2020,Maharashtra,27,Mumbai,482,Mumbai Commr.,6.0,0.0,0.0,0.0,1139.0,0.0,8.0,2248.0,964.0,0.0,0.0,0.0,3.0,37.0,0.0,0.0,0.0,0.0,0.0,0.0,0.0,0.0,0.0,1.0,0.0
2020,Maharashtra,27,Mumbai,482,Mumbai Railway,3.0,4.0,0.0,50.0,7.0,0.0,0.0,136.0,6.0,0.0,0.0,0.0,0.0,0.0,116.0,44.0,8.0,0.0,0.0,0.0,60.0,572.0,18.0,0.0,26.0
2020,Maharashtra,27,Mumbai Suburban,483,Navi Mumbai,44.0,182.0,0.0,183.0,350.0,3.0,8.0,336.0,111.0,94.0,2.0,0.0,14.0,3.0,48.0,529.0,204.0,7.0,27.0,12.0,451.0,181.0,2.0,9.0,322.0
2020,Maharashtra,27,Nagpur,484,Nagpur Commissionerate,97.0,251.0,0.0,238.0,244.0,0.0,21.0,0.0,0.0,118.0,8.0,0.0,13.0,0.0,343.0,444.0,145.0,4.0,23.0,27.0,505.0,177.0,25.0,14.0,414.0
2020,Maharashtra,27,Nagpur,484,Nagpur Commr.,3.0,0.0,0.0,0.0,309.0,0.0,4.0,582.0,200.0,0.0,0.0,0.0,1.0,9.0,0.0,0.0,0.0,0.0,0.0,0.0,0.0,0.0,0.0,0.0,0.0
2020,Maharashtra,27,Nagpur,484,Nagpur Railway,1.0,4.0,0.0,8.0,4.0,0.0,0.0,4.0,1.0,0.0,0.0,0.0,0.0,0.0,8.0,0.0,0.0,0.0,0.0,0.0,1.0,9.0,0.0,0.0,0.0
2020,Maharashtra,27,Nagpur,484,Nagpur Rural,44.0,131.0,0.0,172.0,104.0,0.0,0.0,282.0,154.0,17.0,6.0,0.0,11.0,3.0,78.0,96.0,14.0,13.0,8.0,6.0,80.0,19.0,12.0,0.0,57.0
2020,Maharashtra,27,Nanded,485,Nanded,70.0,152.0,0.0,241.0,180.0,4.0,2.0,249.0,119.0,242.0,6.0,0.0,19.0,5.0,47.0,46.0,9.0,5.0,2.0,1.0,100.0,139.0,3.0,1.0,51.0
2020,Maharashtra,27,Nandurbar,486,Nandurbar,33.0,65.0,0.0,49.0,53.0,0.0,0.0,96.0,35.0,50.0,1.0,0.0,5.0,1.0,36.0,40.0,13.0,0.0,3.0,4.0,28.0,23.0,2.0,0.0,3060.0
2020,Maharashtra,27,Nashik,487,Nasik Commissionerate,25.0,82.0,0.0,159.0,0.0,0.0,0.0,0.0,0.0,202.0,0.0,0.0,19.0,0.0,42.0,187.0,68.0,6.0,16.0,17.0,136.0,212.0,3.0,2.0,103.0
2020,Maharashtra,27,Nashik,487,Nasik Commr.,2.0,0.0,0.0,0.0,193.0,0.0,0.0,284.0,66.0,0.0,0.0,0.0,2.0,0.0,0.0,0.0,0.0,0.0,0.0,0.0,0.0,0.0,0.0,0.0,0.0
2020,Maharashtra,27,Nashik,487,Nasik Rural,85.0,175.0,0.0,245.0,410.0,0.0,2.0,362.0,121.0,324.0,7.0,0.0,45.0,0.0,165.0,61.0,9.0,0.0,9.0,2.0,252.0,101.0,57.0,0.0,178.0
2020,Maharashtra,27,Osmanabad,488,Osmanabad,2.0,0.0,0.0,0.0,76.0,0.0,0.0,140.0,54.0,0.0,0.0,0.0,3.0,0.0,0.0,0.0,0.0,0.0,0.0,0.0,0.0,0.0,0.0,0.0,0.0
2020,Maharashtra,27,Palghar,665,Palghar,29.0,94.0,0.0,90.0,68.0,0.0,1.0,134.0,54.0,22.0,0.0,0.0,7.0,0.0,46.0,39.0,5.0,5.0,5.0,2.0,71.0,35.0,12.0,0.0,36.0
2020,Maharashtra,27,Parbhani,489,Parbhani,37.0,109.0,0.0,143.0,86.0,0.0,0.0,161.0,78.0,115.0,3.0,0.0,14.0,8.0,187.0,117.0,41.0,0.0,8.0,3.0,24.0,52.0,0.0,0.0,88.0
2020,Maharashtra,27,Pune,490,Pimpri Chinchwad City,76.0,245.0,0.0,271.0,346.0,2.0,14.0,432.0,109.0,185.0,5.0,0.0,20.0,1.0,205.0,154.0,44.0,9.0,11.0,25.0,191.0,209.0,20.0,1.0,72.0
2020,Maharashtra,27,Pune,490,Pune Commissionerate,77.0,239.0,0.0,224.0,254.0,0.0,26.0,0.0,0.0,245.0,6.0,1.0,24.0,0.0,343.0,415.0,156.0,24.0,19.0,16.0,438.0,180.0,28.0,13.0,253.0
2020,Maharashtra,27,Pune,490,Pune Commr.,4.0,0.0,0.0,0.0,422.0,0.0,0.0,665.0,204.0,0.0,0.0,0.0,0.0,4.0,0.0,0.0,0.0,0.0,0.0,0.0,0.0,0.0,0.0,0.0,0.0
2020,Maharashtra,27,Pune,490,Pune Railway,1.0,2.0,0.0,1.0,2.0,0.0,0.0,3.0,1.0,0.0,0.0,0.0,1.0,0.0,7.0,1.0,0.0,0.0,0.0,0.0,7.0,12.0,0.0,0.0,0.0
2020,Maharashtra,27,Pune,490,Pune Rural,110.0,293.0,1.0,519.0,608.0,0.0,13.0,662.0,252.0,227.0,4.0,1.0,56.0,3.0,151.0,169.0,45.0,5.0,11.0,0.0,250.0,224.0,20.0,10.0,520.0
2020,Maharashtra,27,Raigad,491,Raigad,25.0,74.0,0.0,84.0,126.0,3.0,0.0,136.0,64.0,34.0,0.0,0.0,7.0,0.0,78.0,101.0,22.0,4.0,4.0,4.0,141.0,26.0,3.0,0.0,132.0
2020,Maharashtra,27,Ratnagiri,492,Ratnagiri,21.0,48.0,0.0,82.0,74.0,0.0,0.0,85.0,38.0,12.0,0.0,0.0,4.0,0.0,28.0,95.0,38.0,1.0,8.0,1.0,117.0,17.0,11.0,0.0,55.0
2020,Maharashtra,27,Sangli,493,Sangli,63.0,158.0,0.0,268.0,328.0,3.0,3.0,348.0,124.0,103.0,7.0,0.0,19.0,5.0,189.0,106.0,26.0,2.0,11.0,1.0,150.0,136.0,21.0,0.0,295.0
2020,Maharashtra,27,Satara,494,Satara,57.0,193.0,0.0,290.0,316.0,1.0,5.0,358.0,155.0,168.0,4.0,0.0,26.0,5.0,226.0,114.0,25.0,0.0,10.0,16.0,160.0,135.0,5.0,2.0,180.0
2020,Maharashtra,27,Sindhudurg,495,Sindhudurg,5.0,29.0,0.0,55.0,30.0,0.0,0.0,52.0,27.0,0.0,0.0,0.0,1.0,0.0,26.0,59.0,20.0,0.0,1.0,0.0,22.0,6.0,7.0,0.0,36.0
2020,Maharashtra,27,Solapur,496,Solapur Commissionerate,13.0,79.0,0.0,108.0,62.0,4.0,0.0,0.0,0.0,86.0,1.0,1.0,8.0,0.0,23.0,50.0,16.0,0.0,0.0,2.0,146.0,60.0,4.0,0.0,3464.0
2020,Maharashtra,27,Solapur,496,Solapur Commr.,0.0,0.0,0.0,0.0,76.0,1.0,0.0,165.0,82.0,0.0,0.0,0.0,1.0,0.0,0.0,0.0,0.0,0.0,0.0,0.0,0.0,0.0,0.0,0.0,0.0
2020,Maharashtra,27,Solapur,496,Solapur Rural,75.0,240.0,0.0,350.0,303.0,0.0,3.0,362.0,166.0,136.0,2.0,0.0,62.0,0.0,133.0,78.0,19.0,0.0,6.0,0.0,137.0,110.0,17.0,2.0,119.0
2020,Maharashtra,27,Thane,497,Mira Bhayandar Vasai Virar Commissionerate,39.0,256.0,0.0,321.0,245.0,0.0,27.0,0.0,3.0,93.0,0.0,0.0,11.0,0.0,86.0,151.0,21.0,6.0,10.0,5.0,385.0,205.0,24.0,1.0,247.0
2020,Maharashtra,27,Thane,497,Mira Bhayandar Vasai Virar Commr.,2.0,0.0,0.0,0.0,380.0,0.0,0.0,576.0,162.0,0.0,0.0,0.0,1.0,6.0,0.0,0.0,0.0,0.0,0.0,0.0,0.0,0.0,0.0,1.0,0.0
2020,Maharashtra,27,Thane,497,Thane Commissionerate,88.0,307.0,0.0,333.0,411.0,1.0,25.0,0.0,1.0,259.0,11.0,0.0,25.0,0.0,327.0,460.0,127.0,58.0,22.0,22.0,509.0,391.0,23.0,0.0,875.0
2020,Maharashtra,27,Thane,497,Thane Commr.,3.0,0.0,0.0,0.0,583.0,0.0,1.0,894.0,261.0,0.0,0.0,0.0,0.0,4.0,0.0,0.0,0.0,0.0,0.0,0.0,0.0,0.0,0.0,0.0,0.0
2020,Maharashtra,27,Thane,497,Thane Rural,20.0,73.0,0.0,90.0,121.0,0.0,0.0,150.0,47.0,38.0,1.0,0.0,9.0,0.0,42.0,12.0,4.0,0.0,1.0,0.0,92.0,44.0,0.0,0.0,15.0
2020,Maharashtra,27,Wardha,498,Wardha,39.0,91.0,0.0,203.0,211.0,0.0,0.0,218.0,96.0,48.0,3.0,0.0,4.0,0.0,106.0,166.0,47.0,7.0,14.0,8.0,54.0,25.0,4.0,0.0,90.0
2020,Maharashtra,27,Washim,499,Washim,38.0,77.0,0.0,164.0,62.0,0.0,0.0,125.0,57.0,181.0,13.0,0.0,8.0,0.0,12.0,25.0,2.0,0.0,3.0,1.0,39.0,35.0,2.0,0.0,19.0
2020,Maharashtra,27,Yavatmal,500,Yavatmal,76.0,146.0,0.0,203.0,229.0,0.0,1.0,265.0,119.0,231.0,7.0,0.0,20.0,6.0,81.0,51.0,13.0,4.0,3.0,4.0,31.0,35.0,0.0,2.0,98.0
2020,Manipur,14,Bishnupur,252,Bishnupur,11.0,22.0,4.0,2.0,3.0,0.0,6.0,18.0,14.0,1.0,1.0,0.0,0.0,0.0,0.0,0.0,0.0,0.0,0.0,0.0,0.0,0.0,0.0,0.0,27.0
2020,Manipur,14,Chandel,253,Chandel,2.0,2.0,0.0,0.0,0.0,0.0,0.0,3.0,2.0,0.0,0.0,0.0,0.0,0.0,0.0,0.0,0.0,0.0,0.0,0.0,0.0,0.0,0.0,0.0,13.0
2020,Manipur,14,Churachandpur,254,Churachandpur,4.0,4.0,1.0,0.0,3.0,0.0,1.0,8.0,5.0,0.0,0.0,0.0,0.0,0.0,6.0,1.0,0.0,0.0,0.0,0.0,4.0,0.0,2.0,0.0,18.0
2020,Manipur,14,Imphal East,255,Imphal East,5.0,19.0,0.0,12.0,10.0,2.0,0.0,15.0,11.0,2.0,0.0,0.0,0.0,0.0,0.0,0.0,0.0,0.0,0.0,0.0,26.0,0.0,4.0,0.0,16.0
2020,Manipur,14,Imphal West,256,Cid,0.0,0.0,0.0,8.0,0.0,0.0,0.0,3.0,0.0,0.0,0.0,0.0,0.0,0.0,0.0,115.0,39.0,0.0,4.0,6.0,78.0,0.0,4.0,0.0,68.0
2020,Manipur,14,Imphal West,256,Imphal West,14.0,31.0,0.0,31.0,12.0,0.0,0.0,32.0,14.0,2.0,0.0,0.0,0.0,0.0,11.0,34.0,0.0,0.0,14.0,0.0,24.0,2.0,8.0,0.0,84.0
2020,Manipur,14,Imphal West,256,Narcotic,0.0,0.0,0.0,0.0,0.0,0.0,0.0,0.0,0.0,0.0,0.0,0.0,0.0,0.0,0.0,0.0,0.0,0.0,0.0,0.0,0.0,0.0,0.0,0.0,0.0
2020,Manipur,14,Jiribam,713,Jiribam,0.0,2.0,0.0,0.0,0.0,1.0,0.0,4.0,2.0,1.0,0.0,0.0,0.0,1.0,0.0,0.0,0.0,0.0,0.0,0.0,0.0,0.0,0.0,0.0,0.0
2020,Manipur,14,Kakching,711,Kakching,1.0,19.0,0.0,3.0,4.0,0.0,0.0,15.0,10.0,1.0,0.0,0.0,0.0,0.0,0.0,0.0,0.0,0.0,0.0,0.0,2.0,0.0,0.0,0.0,1.0
2020,Manipur,14,Kamjong,717,Kamjong,0.0,0.0,0.0,0.0,0.0,0.0,0.0,0.0,0.0,0.0,0.0,0.0,0.0,0.0,0.0,0.0,0.0,0.0,0.0,0.0,0.0,0.0,0.0,0.0,2.0
2020,Manipur,14,Kangpokpi,712,Kangpokpi,1.0,1.0,0.0,1.0,0.0,2.0,0.0,1.0,1.0,0.0,0.0,0.0,0.0,0.0,0.0,0.0,0.0,0.0,0.0,0.0,0.0,0.0,0.0,0.0,10.0
2020,Manipur,14,Noney,714,Noney,3.0,0.0,0.0,2.0,0.0,1.0,0.0,0.0,0.0,0.0,0.0,0.0,0.0,0.0,0.0,0.0,0.0,0.0,0.0,0.0,0.0,0.0,0.0,0.0,6.0
2020,Manipur,14,Pherzawl,715,Pherzawl,0.0,0.0,0.0,0.0,0.0,0.0,0.0,0.0,0.0,0.0,0.0,0.0,0.0,0.0,0.0,0.0,0.0,0.0,0.0,0.0,0.0,0.0,0.0,0.0,2.0
2020,Manipur,14,Senapati,257,Senapati,1.0,4.0,0.0,0.0,0.0,0.0,0.0,3.0,3.0,0.0,0.0,0.0,0.0,0.0,0.0,0.0,0.0,0.0,0.0,0.0,0.0,0.0,0.0,0.0,2.0
2020,Manipur,14,Tamenglong,258,Tamenglong,0.0,0.0,0.0,0.0,0.0,0.0,0.0,0.0,0.0,0.0,0.0,0.0,0.0,0.0,0.0,0.0,0.0,0.0,0.0,0.0,2.0,1.0,0.0,0.0,5.0
2020,Manipur,14,Tengnoupal,716,Tengnoupal,1.0,2.0,0.0,1.0,0.0,0.0,4.0,1.0,0.0,0.0,0.0,0.0,0.0,0.0,0.0,1.0,0.0,0.0,0.0,0.0,1.0,0.0,1.0,0.0,31.0
2020,Manipur,14,Thoubal,259,Thoubal,7.0,16.0,2.0,10.0,1.0,2.0,0.0,21.0,12.0,1.0,0.0,0.0,2.0,0.0,0.0,1.0,0.0,0.0,0.0,1.0,6.0,0.0,6.0,0.0,29.0
2020,Manipur,14,Ukhrul,260,Ukhrul,0.0,1.0,0.0,0.0,0.0,0.0,0.0,1.0,1.0,0.0,0.0,0.0,0.0,0.0,0.0,0.0,0.0,0.0,0.0,0.0,0.0,0.0,0.0,0.0,5.0
2020,Meghalaya,17,East Garo Hills,273,East Garo Hills,0.0,16.0,0.0,5.0,0.0,0.0,0.0,0.0,0.0,0.0,0.0,0.0,0.0,0.0,0.0,20.0,0.0,0.0,0.0,10.0,1.0,3.0,1.0,0.0,0.0
2020,Meghalaya,17,East Garo Hills,273,Garo Hills East,0.0,0.0,0.0,0.0,0.0,0.0,0.0,18.0,17.0,0.0,0.0,0.0,0.0,0.0,0.0,0.0,0.0,0.0,0.0,0.0,0.0,0.0,0.0,0.0,0.0
2020,Meghalaya,17,East Jaintia Hills,657,East Jaintia Hills,15.0,32.0,0.0,10.0,11.0,0.0,0.0,0.0,0.0,0.0,0.0,2.0,0.0,0.0,0.0,0.0,0.0,0.0,0.0,0.0,19.0,8.0,0.0,0.0,11.0
2020,Meghalaya,17,East Jaintia Hills,657,Jaintia Hills East,0.0,0.0,0.0,10.0,10.0,0.0,0.0,47.0,20.0,0.0,0.0,0.0,0.0,0.0,0.0,0.0,0.0,0.0,0.0,0.0,0.0,0.0,0.0,0.0,0.0
2020,Meghalaya,17,East Khasi Hills,274,Cyber Cell,0.0,0.0,0.0,0.0,0.0,0.0,0.0,0.0,0.0,0.0,0.0,0.0,0.0,0.0,0.0,36.0,4.0,1.0,10.0,0.0,4.0,0.0,0.0,0.0,21.0
2020,Meghalaya,17,East Khasi Hills,274,East Khasi Hills,14.0,76.0,4.0,57.0,1.0,0.0,0.0,0.0,0.0,2.0,1.0,0.0,0.0,0.0,20.0,58.0,0.0,15.0,0.0,9.0,161.0,26.0,11.0,0.0,49.0
2020,Meghalaya,17,East Khasi Hills,274,Khasi Hills East,0.0,0.0,0.0,0.0,18.0,0.0,0.0,104.0,79.0,0.0,0.0,0.0,0.0,0.0,0.0,0.0,0.0,0.0,0.0,0.0,0.0,0.0,0.0,0.0,0.0
2020,Meghalaya,17,North Garo Hills,656,Garo Hills North,3.0,11.0,0.0,2.0,0.0,2.0,0.0,7.0,7.0,1.0,0.0,0.0,0.0,0.0,0.0,10.0,5.0,0.0,0.0,0.0,7.0,3.0,3.0,0.0,28.0
2020,Meghalaya,17,Ri Bhoi,276,Ri-Bhoi,10.0,64.0,3.0,7.0,3.0,1.0,0.0,56.0,53.0,3.0,0.0,0.0,0.0,0.0,8.0,24.0,0.0,6.0,0.0,9.0,36.0,10.0,0.0,0.0,51.0
2020,Meghalaya,17,South Garo Hills,277,Garo Hills South,1.0,0.0,0.0,0.0,0.0,0.0,0.0,20.0,18.0,0.0,0.0,0.0,0.0,0.0,0.0,0.0,0.0,0.0,0.0,0.0,0.0,0.0,0.0,0.0,0.0
2020,Meghalaya,17,South Garo Hills,277,South Garo Hills,4.0,15.0,0.0,1.0,0.0,1.0,0.0,0.0,0.0,0.0,0.0,0.0,0.0,0.0,0.0,3.0,0.0,1.0,1.0,0.0,5.0,0.0,0.0,0.0,11.0
2020,Meghalaya,17,South West Garo Hills,663,Garo Hills South West,0.0,0.0,0.0,0.0,0.0,0.0,0.0,22.0,17.0,0.0,0.0,0.0,0.0,0.0,0.0,0.0,0.0,0.0,0.0,0.0,0.0,0.0,0.0,0.0,0.0
2020,Meghalaya,17,South West Garo Hills,663,South West Garo Hills,1.0,19.0,0.0,3.0,0.0,2.0,0.0,0.0,0.0,0.0,0.0,0.0,0.0,0.0,3.0,5.0,1.0,3.0,0.0,0.0,1.0,2.0,0.0,0.0,1.0
2020,Meghalaya,17,South West Khasi Hills,658,Khasi Hills South West,0.0,0.0,0.0,0.0,0.0,0.0,0.0,11.0,10.0,0.0,0.0,0.0,0.0,1.0,0.0,0.0,0.0,0.0,0.0,0.0,0.0,0.0,0.0,0.0,0.0
2020,Meghalaya,17,South West Khasi Hills,658,South West Khasi Hills,1.0,12.0,2.0,3.0,1.0,0.0,0.0,0.0,0.0,0.0,0.0,0.0,0.0,0.0,0.0,3.0,0.0,1.0,0.0,2.0,1.0,0.0,1.0,0.0,3.0
2020,Meghalaya,17,West Garo Hills,278,Garo Hills West,0.0,1.0,0.0,0.0,0.0,0.0,0.0,39.0,27.0,0.0,0.0,0.0,0.0,0.0,0.0,0.0,0.0,0.0,0.0,0.0,0.0,0.0,0.0,0.0,0.0
2020,Meghalaya,17,West Garo Hills,278,West Garo Hills,11.0,33.0,4.0,8.0,0.0,8.0,0.0,0.0,1.0,9.0,0.0,0.0,0.0,0.0,0.0,2.0,0.0,1.0,0.0,2.0,6.0,15.0,13.0,0.0,14.0
2020,Meghalaya,17,West Jaintia Hills,275,Jaintia Hills West,2.0,0.0,0.0,0.0,4.0,0.0,0.0,47.0,37.0,0.0,0.0,0.0,0.0,0.0,0.0,0.0,0.0,0.0,0.0,0.0,0.0,0.0,0.0,0.0,0.0
2020,Meghalaya,17,West Jaintia Hills,275,West Jaintia Hills,11.0,45.0,2.0,5.0,1.0,1.0,0.0,0.0,0.0,0.0,0.0,0.0,0.0,0.0,2.0,0.0,0.0,0.0,0.0,0.0,4.0,9.0,2.0,0.0,3.0
2020,Meghalaya,17,West Khasi Hills,279,Khasi Hills West,0.0,0.0,0.0,0.0,0.0,0.0,0.0,44.0,44.0,0.0,0.0,0.0,0.0,0.0,0.0,0.0,0.0,0.0,0.0,0.0,0.0,0.0,0.0,0.0,0.0
2020,Meghalaya,17,West Khasi Hills,279,West Khasi Hills,11.0,57.0,3.0,3.0,0.0,0.0,0.0,0.0,0.0,2.0,0.0,0.0,0.0,0.0,2.0,6.0,0.0,2.0,0.0,1.0,1.0,0.0,2.0,0.0,19.0
2020,Mizoram,15,Aizawl,261,Aizawl,8.0,48.0,7.0,13.0,1.0,0.0,0.0,44.0,33.0,5.0,0.0,0.0,0.0,0.0,10.0,5.0,0.0,1.0,0.0,1.0,72.0,8.0,16.0,0.0,34.0
2020,Mizoram,15,Aizawl,261,Cyber,0.0,0.0,0.0,0.0,0.0,0.0,0.0,0.0,0.0,0.0,0.0,0.0,0.0,0.0,0.0,12.0,6.0,0.0,0.0,0.0,6.0,0.0,0.0,0.0,6.0
2020,Mizoram,15,Aizawl,261,Spl Narcotic,0.0,0.0,0.0,0.0,0.0,0.0,0.0,0.0,0.0,0.0,0.0,0.0,0.0,0.0,0.0,0.0,0.0,0.0,0.0,0.0,0.0,0.0,0.0,0.0,0.0
2020,Mizoram,15,Champhai,262,Champhai,1.0,11.0,3.0,0.0,0.0,0.0,0.0,22.0,14.0,0.0,0.0,0.0,0.0,1.0,7.0,1.0,0.0,0.0,0.0,2.0,3.0,0.0,0.0,0.0,8.0
2020,Mizoram,15,Hnahthial,726,Hnahthial,1.0,1.0,0.0,0.0,0.0,0.0,0.0,2.0,2.0,0.0,0.0,0.0,0.0,0.0,0.0,0.0,0.0,0.0,0.0,0.0,0.0,0.0,0.0,0.0,0.0
2020,Mizoram,15,Khawzawl,728,Khawzawl,0.0,7.0,0.0,3.0,0.0,0.0,0.0,4.0,3.0,1.0,0.0,0.0,0.0,0.0,0.0,0.0,0.0,0.0,0.0,0.0,1.0,0.0,0.0,0.0,0.0
2020,Mizoram,15,Kolasib,263,Kolasib,7.0,14.0,1.0,4.0,1.0,0.0,0.0,18.0,13.0,1.0,0.0,0.0,0.0,0.0,0.0,0.0,0.0,0.0,0.0,0.0,0.0,0.0,0.0,0.0,1.0
2020,Mizoram,15,Lawngtlai,264,Lawngtlai,5.0,8.0,0.0,1.0,0.0,0.0,0.0,12.0,11.0,0.0,0.0,0.0,0.0,0.0,0.0,0.0,0.0,0.0,0.0,0.0,0.0,0.0,1.0,0.0,8.0
2020,Mizoram,15,Lunglei,265,Lunglei,2.0,14.0,0.0,3.0,0.0,0.0,0.0,14.0,14.0,0.0,0.0,0.0,0.0,0.0,0.0,0.0,0.0,0.0,0.0,0.0,5.0,0.0,2.0,0.0,2.0
2020,Mizoram,15,Mamit,266,Mamit,3.0,15.0,5.0,3.0,2.0,0.0,0.0,16.0,8.0,0.0,0.0,0.0,0.0,0.0,0.0,0.0,0.0,0.0,0.0,0.0,0.0,1.0,0.0,0.0,0.0
2020,Mizoram,15,Saiha,267,Saiha,0.0,0.0,0.0,0.0,0.0,0.0,0.0,3.0,3.0,0.0,0.0,0.0,0.0,0.0,0.0,0.0,0.0,0.0,0.0,0.0,0.0,0.0,0.0,0.0,0.0
2020,Mizoram,15,Saitual,727,Saitual,0.0,0.0,0.0,0.0,0.0,0.0,0.0,0.0,0.0,0.0,0.0,0.0,0.0,0.0,0.0,0.0,0.0,0.0,0.0,0.0,0.0,0.0,0.0,0.0,0.0
2020,Mizoram,15,Serchhip,268,Serchhip,0.0,2.0,0.0,1.0,0.0,0.0,0.0,7.0,6.0,0.0,0.0,0.0,0.0,0.0,0.0,1.0,0.0,0.0,0.0,0.0,0.0,0.0,1.0,0.0,3.0
2020,Mizoram,15,Siaha,267,Saiha,1.0,3.0,0.0,1.0,0.0,0.0,0.0,0.0,0.0,0.0,0.0,0.0,0.0,0.0,0.0,0.0,0.0,0.0,0.0,0.0,0.0,0.0,0.0,0.0,14.0
2020,Nagaland,24,Ahmadabad,438,Western Railway Ahmedabad,0.0,0.0,0.0,0.0,0.0,0.0,0.0,0.0,0.0,0.0,0.0,0.0,0.0,0.0,0.0,0.0,0.0,0.0,0.0,0.0,0.0,0.0,0.0,0.0,0.0
2020,Nagaland,13,Dimapur,244,Dimapur,13.0,8.0,0.0,7.0,7.0,3.0,0.0,14.0,6.0,1.0,0.0,0.0,0.0,0.0,3.0,0.0,0.0,0.0,0.0,0.0,29.0,14.0,5.0,0.0,9.0
2020,Nagaland,13,Kiphire,614,Kiphire,1.0,2.0,1.0,0.0,0.0,0.0,0.0,1.0,0.0,0.0,0.0,0.0,0.0,0.0,0.0,0.0,0.0,0.0,0.0,0.0,1.0,0.0,0.0,0.0,0.0
2020,Nagaland,13,Kohima,245,Kohima,0.0,4.0,0.0,0.0,1.0,0.0,0.0,5.0,4.0,0.0,0.0,0.0,0.0,0.0,0.0,0.0,0.0,0.0,0.0,0.0,7.0,4.0,7.0,0.0,1.0
2020,Nagaland,13,Longleng,615,Longleng,0.0,0.0,0.0,0.0,0.0,0.0,0.0,0.0,0.0,0.0,0.0,0.0,0.0,0.0,0.0,0.0,0.0,0.0,0.0,0.0,1.0,0.0,0.0,0.0,0.0
2020,Nagaland,13,Mokokchung,246,Mokokchung,2.0,0.0,0.0,2.0,0.0,0.0,0.0,2.0,1.0,0.0,0.0,0.0,0.0,0.0,0.0,1.0,0.0,0.0,0.0,0.0,2.0,0.0,1.0,0.0,8.0
2020,Nagaland,13,Mon,247,Mon,2.0,1.0,0.0,0.0,2.0,0.0,0.0,2.0,2.0,0.0,0.0,0.0,0.0,0.0,0.0,6.0,0.0,3.0,0.0,0.0,2.0,3.0,1.0,0.0,1.0
2020,Nagaland,13,Peren,613,Peren,3.0,0.0,0.0,0.0,0.0,0.0,0.0,0.0,0.0,0.0,0.0,0.0,0.0,0.0,0.0,1.0,0.0,0.0,0.0,0.0,0.0,1.0,0.0,0.0,8.0
2020,Nagaland,13,Phek,248,Phek,0.0,3.0,0.0,0.0,0.0,0.0,0.0,1.0,1.0,0.0,0.0,0.0,0.0,0.0,0.0,0.0,0.0,0.0,0.0,0.0,1.0,0.0,0.0,0.0,6.0
2020,Nagaland,13,Tuensang,249,Tuensang,2.0,0.0,0.0,0.0,0.0,0.0,0.0,0.0,0.0,0.0,1.0,0.0,0.0,0.0,0.0,0.0,0.0,0.0,0.0,0.0,0.0,1.0,0.0,0.0,1.0
2020,Nagaland,24,Vadodara,461,Western Railway Vadodara,0.0,0.0,0.0,0.0,0.0,0.0,0.0,0.0,0.0,0.0,0.0,0.0,0.0,0.0,0.0,1.0,0.0,1.0,0.0,0.0,0.0,0.0,0.0,0.0,0.0
2020,Nagaland,13,Wokha,250,Wokha,3.0,2.0,0.0,0.0,0.0,0.0,0.0,3.0,2.0,0.0,0.0,0.0,0.0,0.0,0.0,0.0,0.0,0.0,0.0,0.0,2.0,0.0,0.0,0.0,6.0
2020,Nagaland,13,Zunheboto,251,Zunheboto,2.0,2.0,0.0,0.0,1.0,0.0,0.0,3.0,2.0,1.0,0.0,0.0,0.0,1.0,0.0,0.0,0.0,0.0,0.0,0.0,1.0,0.0,0.0,0.0,0.0
2020,Odisha,21,Anugul,344,Angul,40.0,154.0,3.0,680.0,262.0,0.0,2.0,228.0,81.0,290.0,7.0,0.0,0.0,0.0,76.0,206.0,93.0,8.0,0.0,24.0,257.0,94.0,0.0,1.0,93.0
2020,Odisha,21,Balangir,345,Bolangir,44.0,100.0,2.0,623.0,231.0,0.0,38.0,185.0,61.0,124.0,4.0,0.0,0.0,0.0,50.0,119.0,49.0,0.0,0.0,12.0,137.0,139.0,0.0,1.0,49.0
2020,Odisha,21,Baleshwar,346,Balasore,99.0,276.0,12.0,660.0,492.0,0.0,0.0,411.0,118.0,406.0,32.0,0.0,1.0,0.0,18.0,73.0,15.0,1.0,0.0,57.0,124.0,113.0,1.0,1.0,701.0
2020,Odisha,21,Baleshwar,346,Berhampur,28.0,101.0,2.0,416.0,132.0,0.0,0.0,126.0,53.0,108.0,6.0,0.0,0.0,0.0,28.0,63.0,29.0,0.0,0.0,8.0,130.0,47.0,0.0,0.0,29.0
2020,Odisha,21,Bargarh,347,Baragarh,48.0,82.0,5.0,298.0,137.0,0.0,0.0,106.0,34.0,45.0,8.0,0.0,0.0,0.0,68.0,73.0,26.0,0.0,0.0,9.0,91.0,60.0,0.0,0.0,30.0
2020,Odisha,21,Bhadrak,348,Bhadrak,50.0,126.0,5.0,369.0,463.0,0.0,0.0,336.0,89.0,112.0,23.0,0.0,0.0,0.0,30.0,119.0,33.0,4.0,0.0,52.0,165.0,35.0,0.0,1.0,35.0
2020,Odisha,21,Boudh,349,Boudh,23.0,40.0,0.0,104.0,51.0,0.0,0.0,46.0,23.0,38.0,4.0,0.0,0.0,0.0,17.0,7.0,3.0,0.0,0.0,2.0,22.0,16.0,0.0,2.0,3.0
2020,Odisha,21,Cuttack,350,Cid Cb,0.0,0.0,0.0,0.0,0.0,0.0,1.0,16.0,3.0,0.0,0.0,0.0,0.0,0.0,0.0,0.0,0.0,0.0,0.0,0.0,0.0,0.0,0.0,0.0,0.0
2020,Odisha,21,Cuttack,350,Cid Crime Branch,0.0,0.0,0.0,0.0,0.0,0.0,0.0,0.0,0.0,0.0,0.0,0.0,0.0,0.0,0.0,0.0,0.0,0.0,0.0,0.0,85.0,0.0,0.0,0.0,3.0
2020,Odisha,21,Cuttack,350,Cid Cyber Crime,0.0,0.0,0.0,14.0,0.0,0.0,0.0,0.0,0.0,0.0,0.0,0.0,0.0,0.0,0.0,177.0,64.0,15.0,0.0,31.0,64.0,0.0,0.0,0.0,80.0
2020,Odisha,21,Cuttack,350,Cuttack,50.0,111.0,4.0,327.0,283.0,0.0,0.0,184.0,41.0,52.0,26.0,0.0,0.0,0.0,7.0,64.0,17.0,0.0,0.0,40.0,105.0,75.0,0.0,0.0,17.0
2020,Odisha,21,Cuttack,350,Dcp Ctc,0.0,0.0,0.0,0.0,153.0,0.0,0.0,200.0,45.0,0.0,0.0,0.0,0.0,0.0,0.0,0.0,0.0,0.0,0.0,0.0,0.0,0.0,0.0,0.0,0.0
2020,Odisha,21,Cuttack,350,Dcp Cuttack,24.0,70.0,3.0,231.0,130.0,0.0,2.0,0.0,0.0,109.0,5.0,0.0,0.0,0.0,37.0,274.0,110.0,0.0,0.0,62.0,440.0,140.0,0.0,0.0,130.0
2020,Odisha,21,Cuttack,350,Srp(Cuttack),4.0,4.0,0.0,4.0,1.0,0.0,0.0,2.0,0.0,1.0,0.0,0.0,0.0,0.0,0.0,0.0,0.0,0.0,0.0,0.0,2.0,5.0,0.0,0.0,0.0
2020,Odisha,21,Deogarh,351,Deogarh,21.0,66.0,18.0,109.0,35.0,0.0,2.0,37.0,0.0,36.0,2.0,0.0,1.0,1.0,8.0,18.0,7.0,0.0,0.0,3.0,23.0,6.0,1.0,0.0,9.0
2020,Odisha,21,Dhenkanal,352,Dhenkanal,49.0,149.0,1.0,520.0,249.0,0.0,4.0,217.0,100.0,99.0,162.0,1.0,3.0,0.0,71.0,30.0,10.0,0.0,0.0,12.0,52.0,87.0,0.0,2.0,160.0
2020,Odisha,21,Gajapati,353,Gajapati,14.0,60.0,0.0,148.0,77.0,0.0,3.0,93.0,49.0,21.0,1.0,0.0,0.0,0.0,0.0,40.0,17.0,2.0,0.0,4.0,59.0,9.0,0.0,0.0,17.0
2020,Odisha,21,Ganjam,354,Ganjam,61.0,165.0,8.0,630.0,98.0,0.0,2.0,132.0,73.0,158.0,10.0,0.0,0.0,0.0,33.0,98.0,42.0,0.0,0.0,28.0,181.0,59.0,0.0,1.0,42.0
2020,Odisha,21,Jagatsinghapur,355,Jagatsinghpur,49.0,117.0,8.0,677.0,285.0,0.0,6.0,212.0,61.0,89.0,23.0,0.0,0.0,0.0,9.0,64.0,18.0,1.0,0.0,25.0,142.0,51.0,0.0,1.0,26.0
2020,Odisha,21,Jajapur,356,Jajpur,80.0,212.0,8.0,854.0,411.0,0.0,0.0,341.0,116.0,93.0,34.0,1.0,0.0,0.0,0.0,206.0,74.0,14.0,0.0,76.0,227.0,92.0,0.0,1.0,74.0
2020,Odisha,21,Jharsuguda,357,Jharsuguda,16.0,83.0,3.0,233.0,123.0,0.0,2.0,118.0,44.0,56.0,3.0,0.0,0.0,0.0,43.0,100.0,40.0,4.0,0.0,29.0,126.0,43.0,0.0,0.0,40.0
2020,Odisha,21,Kalahandi,358,Kalahandi,25.0,124.0,12.0,475.0,244.0,0.0,4.0,187.0,67.0,101.0,3.0,0.0,0.0,0.0,74.0,63.0,13.0,10.0,0.0,9.0,74.0,56.0,0.0,1.0,33.0
2020,Odisha,21,Kandhamal,359,Kandhamal,23.0,112.0,4.0,125.0,137.0,0.0,5.0,115.0,41.0,56.0,3.0,1.0,0.0,0.0,29.0,27.0,10.0,0.0,0.0,13.0,29.0,25.0,0.0,0.0,95.0
2020,Odisha,21,Kendrapara,360,Kendrapara,46.0,135.0,9.0,804.0,304.0,2.0,0.0,217.0,86.0,248.0,21.0,0.0,0.0,0.0,33.0,55.0,10.0,0.0,0.0,35.0,93.0,62.0,0.0,0.0,50.0
2020,Odisha,21,Kendujhar,361,Keonjhar,83.0,135.0,4.0,390.0,233.0,0.0,3.0,191.0,85.0,100.0,6.0,0.0,0.0,0.0,34.0,84.0,34.0,2.0,0.0,20.0,116.0,71.0,0.0,0.0,36.0
2020,Odisha,21,Khordha,362,Dcp Bbsr,1.0,0.0,0.0,0.0,198.0,0.0,0.0,284.0,74.0,0.0,0.0,0.0,0.0,0.0,0.0,0.0,0.0,0.0,0.0,0.0,0.0,0.0,0.0,0.0,0.0
2020,Odisha,21,Khordha,362,Dcp Bhubaneswar,51.0,162.0,0.0,281.0,154.0,0.0,2.0,0.0,0.0,89.0,11.0,0.0,0.0,0.0,28.0,164.0,48.0,0.0,0.0,32.0,566.0,401.0,0.0,0.0,90.0
2020,Odisha,21,Khordha,362,Khurda,37.0,74.0,2.0,324.0,151.0,0.0,2.0,126.0,45.0,62.0,16.0,1.0,0.0,0.0,6.0,26.0,6.0,5.0,0.0,14.0,46.0,50.0,0.0,0.0,6.0
2020,Odisha,21,Koraput,363,Koraput,45.0,131.0,1.0,327.0,199.0,1.0,0.0,170.0,66.0,103.0,0.0,0.0,4.0,0.0,29.0,93.0,33.0,8.0,0.0,23.0,97.0,49.0,0.0,0.0,33.0
2020,Odisha,21,Malkangiri,364,Malkangiri,42.0,76.0,1.0,201.0,168.0,0.0,23.0,148.0,56.0,75.0,3.0,0.0,0.0,0.0,7.0,101.0,48.0,0.0,0.0,9.0,112.0,3.0,0.0,2.0,48.0
2020,Odisha,21,Mayurbhanj,365,Mayurbhanj,109.0,378.0,18.0,562.0,569.0,0.0,15.0,448.0,142.0,294.0,7.0,0.0,0.0,0.0,70.0,187.0,62.0,5.0,0.0,58.0,216.0,54.0,0.0,0.0,66.0
2020,Odisha,21,Nabarangpur,366,Nabarangpur,23.0,135.0,2.0,288.0,249.0,0.0,8.0,207.0,106.0,91.0,3.0,0.0,2.0,0.0,17.0,43.0,3.0,1.0,1.0,8.0,68.0,19.0,0.0,1.0,5.0
2020,Odisha,21,Nayagarh,367,Nayagarh,43.0,81.0,2.0,158.0,162.0,0.0,0.0,156.0,58.0,42.0,134.0,1.0,0.0,0.0,34.0,25.0,0.0,0.0,0.0,22.0,37.0,35.0,0.0,0.0,614.0
2020,Odisha,21,Nuapada,368,Nuapada,18.0,24.0,0.0,132.0,109.0,0.0,0.0,82.0,23.0,26.0,0.0,0.0,0.0,0.0,17.0,34.0,14.0,1.0,0.0,7.0,48.0,15.0,0.0,0.0,14.0
2020,Odisha,21,Puri,369,Puri,55.0,160.0,9.0,1071.0,372.0,0.0,2.0,274.0,70.0,123.0,20.0,0.0,0.0,0.0,23.0,82.0,26.0,11.0,0.0,28.0,127.0,220.0,0.0,2.0,26.0
2020,Odisha,21,Rayagada,370,Rayagada,33.0,119.0,2.0,212.0,171.0,0.0,13.0,185.0,75.0,93.0,41.0,0.0,4.0,1.0,29.0,103.0,45.0,3.0,0.0,9.0,89.0,34.0,5.0,0.0,491.0
2020,Odisha,21,Sambalpur,371,Sambalpur,43.0,108.0,3.0,453.0,179.0,0.0,3.0,170.0,63.0,136.0,5.0,0.0,0.0,0.0,138.0,116.0,53.0,0.0,0.0,13.0,174.0,91.0,0.0,1.0,53.0
2020,Odisha,21,Sonepur,372,Sonepur,26.0,41.0,0.0,105.0,35.0,0.0,0.0,38.0,20.0,11.0,3.0,0.0,0.0,0.0,11.0,31.0,9.0,7.0,0.0,4.0,50.0,32.0,0.0,1.0,11.0
2020,Odisha,21,Sundargarh,373,Rourkela,51.0,122.0,8.0,213.0,196.0,0.0,7.0,174.0,65.0,73.0,6.0,1.0,0.0,0.0,70.0,98.0,39.0,3.0,0.0,12.0,124.0,107.0,0.0,0.0,39.0
2020,Odisha,21,Sundargarh,373,Srp(Rourkela),0.0,0.0,0.0,5.0,5.0,0.0,0.0,4.0,1.0,1.0,0.0,0.0,0.0,0.0,2.0,2.0,1.0,0.0,0.0,0.0,4.0,6.0,0.0,0.0,1.0
2020,Odisha,21,Sundargarh,373,Sundargarh,46.0,110.0,2.0,197.0,124.0,4.0,7.0,164.0,68.0,98.0,0.0,0.0,3.0,2.0,60.0,74.0,23.0,2.0,1.0,9.0,37.0,68.0,1.0,0.0,139.0
2020,Puducherry,34,Karaikal,598,Karaikal,0.0,0.0,0.0,0.0,0.0,0.0,0.0,0.0,0.0,0.0,0.0,0.0,0.0,0.0,0.0,0.0,0.0,0.0,0.0,0.0,0.0,0.0,0.0,0.0,0.0
2020,Puducherry,34,Pondicherry,600,All Districts,39.0,60.0,0.0,25.0,0.0,0.0,0.0,0.0,0.0,9.0,6.0,0.0,0.0,0.0,62.0,10.0,0.0,5.0,0.0,0.0,33.0,19.0,0.0,0.0,4249.0
2020,Punjab,3,Amritsar,27,Amritsar Rural,43.0,116.0,1.0,51.0,82.0,0.0,0.0,105.0,29.0,37.0,2.0,0.0,0.0,0.0,17.0,26.0,3.0,1.0,0.0,4.0,93.0,10.0,0.0,0.0,120.0
2020,Punjab,3,Amritsar,27,Cp Amritsar,34.0,107.0,0.0,44.0,75.0,0.0,0.0,102.0,30.0,60.0,3.0,0.0,5.0,0.0,4.0,90.0,42.0,3.0,1.0,1.0,139.0,6.0,0.0,0.0,174.0
2020,Punjab,3,Amritsar,27,Special Task Force,0.0,0.0,0.0,0.0,0.0,0.0,0.0,0.0,0.0,0.0,0.0,0.0,0.0,0.0,0.0,0.0,0.0,0.0,0.0,0.0,0.0,0.0,0.0,0.0,0.0
2020,Punjab,3,Barnala,605,Barnala,15.0,48.0,1.0,17.0,33.0,0.0,0.0,45.0,15.0,15.0,3.0,0.0,9.0,0.0,18.0,4.0,0.0,0.0,0.0,0.0,43.0,8.0,0.0,4.0,235.0
2020,Punjab,3,Bathinda,28,Bathinda,58.0,134.0,0.0,35.0,47.0,1.0,0.0,90.0,39.0,46.0,3.0,0.0,14.0,0.0,0.0,3.0,0.0,0.0,0.0,0.0,184.0,2.0,1.0,0.0,104.0
2020,Punjab,3,Faridkot,29,Faridkot,17.0,62.0,2.0,23.0,39.0,0.0,0.0,54.0,17.0,12.0,1.0,0.0,5.0,0.0,0.0,4.0,0.0,0.0,0.0,1.0,59.0,1.0,1.0,0.0,89.0
2020,Punjab,3,Fatehgarh Sahib,30,Fatehgarh Sahib,13.0,53.0,0.0,15.0,30.0,0.0,0.0,51.0,16.0,41.0,3.0,0.0,7.0,0.0,0.0,7.0,0.0,0.0,0.0,0.0,85.0,3.0,1.0,0.0,38.0
2020,Punjab,3,Fazilka,651,Fazilka,33.0,151.0,1.0,38.0,35.0,0.0,2.0,98.0,65.0,47.0,2.0,0.0,11.0,0.0,30.0,13.0,1.0,0.0,0.0,0.0,150.0,4.0,2.0,0.0,64.0
2020,Punjab,3,Ferozepur,31,Ferozepur,26.0,57.0,0.0,23.0,33.0,1.0,0.0,34.0,25.0,21.0,3.0,0.0,0.0,0.0,0.0,2.0,0.0,0.0,0.0,0.0,83.0,6.0,0.0,0.0,172.0
2020,Punjab,3,Gurdaspur,32,Batala,30.0,45.0,2.0,16.0,43.0,0.0,0.0,35.0,15.0,36.0,2.0,0.0,6.0,0.0,6.0,7.0,0.0,1.0,1.0,2.0,77.0,3.0,0.0,0.0,11.0
2020,Punjab,3,Gurdaspur,32,Gurdaspur,9.0,52.0,0.0,15.0,34.0,0.0,0.0,40.0,13.0,52.0,2.0,0.0,6.0,0.0,10.0,16.0,0.0,0.0,0.0,13.0,109.0,4.0,0.0,0.0,24.0
2020,Punjab,3,Hoshiarpur,33,Hoshiarpur,29.0,100.0,0.0,38.0,49.0,0.0,0.0,74.0,24.0,97.0,2.0,0.0,15.0,0.0,20.0,1.0,0.0,0.0,0.0,1.0,163.0,10.0,2.0,0.0,61.0
2020,Punjab,3,Jalandhar,34,Cp Jalandhar,20.0,91.0,0.0,19.0,71.0,0.0,4.0,108.0,28.0,94.0,4.0,0.0,6.0,6.0,60.0,27.0,2.0,4.0,3.0,3.0,91.0,2.0,2.0,1.0,68.0
2020,Punjab,3,Jalandhar,34,Jalandhar Rural,43.0,79.0,0.0,38.0,36.0,0.0,2.0,87.0,25.0,33.0,0.0,0.0,9.0,7.0,22.0,33.0,5.0,1.0,2.0,1.0,120.0,6.0,0.0,1.0,73.0
2020,Punjab,3,Kapurthala,35,Kapurthala,28.0,99.0,5.0,24.0,68.0,0.0,0.0,80.0,26.0,20.0,1.0,0.0,5.0,0.0,0.0,13.0,0.0,0.0,1.0,8.0,38.0,5.0,0.0,0.0,213.0
2020,Punjab,3,Ludhiana,36,Cp Ludhiana,56.0,242.0,2.0,51.0,128.0,0.0,2.0,225.0,76.0,104.0,3.0,0.0,17.0,0.0,37.0,69.0,15.0,0.0,5.0,2.0,190.0,17.0,0.0,0.0,426.0
2020,Punjab,3,Ludhiana,36,Khanna,9.0,38.0,0.0,17.0,28.0,0.0,0.0,24.0,15.0,14.0,1.0,0.0,5.0,0.0,0.0,4.0,0.0,0.0,0.0,0.0,45.0,1.0,0.0,0.0,48.0
2020,Punjab,3,Ludhiana,36,Ludhiana Rural,18.0,48.0,0.0,12.0,32.0,0.0,0.0,44.0,18.0,10.0,4.0,0.0,3.0,0.0,0.0,2.0,0.0,0.0,0.0,3.0,48.0,2.0,0.0,0.0,57.0
2020,Punjab,3,Mansa,37,Mansa,24.0,81.0,0.0,15.0,31.0,0.0,0.0,61.0,33.0,17.0,3.0,0.0,8.0,0.0,24.0,18.0,2.0,0.0,0.0,0.0,53.0,3.0,0.0,3.0,32.0
2020,Punjab,3,Moga,38,Moga,28.0,51.0,0.0,19.0,29.0,1.0,0.0,56.0,17.0,16.0,1.0,0.0,4.0,0.0,18.0,25.0,1.0,3.0,1.0,15.0,31.0,3.0,1.0,0.0,40.0
2020,Punjab,3,Pathankot,662,Pathankot,8.0,64.0,1.0,13.0,28.0,0.0,0.0,40.0,21.0,31.0,1.0,0.0,1.0,0.0,12.0,24.0,0.0,0.0,0.0,11.0,0.0,0.0,0.0,0.0,12.0
2020,Punjab,3,Patiala,41,Grp,14.0,0.0,0.0,0.0,1.0,0.0,2.0,5.0,1.0,0.0,0.0,0.0,0.0,0.0,1.0,0.0,0.0,0.0,0.0,0.0,0.0,2.0,0.0,0.0,7.0
2020,Punjab,3,Patiala,41,Patiala,48.0,136.0,4.0,48.0,90.0,0.0,2.0,128.0,45.0,112.0,6.0,2.0,20.0,0.0,34.0,21.0,7.0,0.0,0.0,5.0,302.0,9.0,3.0,1.0,216.0
2020,Punjab,3,Rupnagar,42,Ropar,20.0,78.0,21.0,29.0,25.0,0.0,0.0,42.0,0.0,27.0,0.0,0.0,4.0,0.0,0.0,0.0,0.0,0.0,0.0,0.0,83.0,5.0,4.0,0.0,52.0
2020,Punjab,3,S.A.S Nagar,608,Bureau Of Investigation,0.0,0.0,0.0,3.0,0.0,0.0,0.0,0.0,0.0,0.0,0.0,0.0,0.0,0.0,0.0,0.0,0.0,0.0,0.0,3.0,32.0,0.0,0.0,0.0,7.0
2020,Punjab,3,S.A.S Nagar,608,Intelligence Wing,0.0,0.0,0.0,0.0,0.0,0.0,0.0,0.0,0.0,0.0,0.0,0.0,0.0,0.0,0.0,4.0,0.0,0.0,0.0,0.0,0.0,0.0,1.0,0.0,5.0
2020,Punjab,3,S.A.S Nagar,608,Nri Wing,0.0,2.0,0.0,0.0,0.0,0.0,0.0,0.0,0.0,105.0,0.0,0.0,0.0,0.0,0.0,0.0,0.0,0.0,0.0,0.0,50.0,0.0,8.0,0.0,0.0
2020,Punjab,3,S.A.S Nagar,608,S.A.S Nagar,37.0,25.0,0.0,0.0,0.0,0.0,0.0,0.0,0.0,0.0,0.0,0.0,0.0,0.0,0.0,0.0,0.0,0.0,0.0,0.0,8.0,12.0,15.0,0.0,427.0
2020,Punjab,3,S.A.S Nagar,608,Sas Nagar,2.0,149.0,4.0,27.0,78.0,0.0,0.0,139.0,57.0,77.0,8.0,0.0,0.0,0.0,9.0,0.0,0.0,0.0,0.0,0.0,0.0,0.0,0.0,0.0,0.0
2020,Punjab,3,Sangrur,43,Sangrur,40.0,183.0,42.0,87.0,57.0,0.0,0.0,129.0,0.0,58.0,3.0,1.0,0.0,0.0,0.0,41.0,0.0,0.0,0.0,0.0,176.0,4.0,2.0,0.0,146.0
2020,Punjab,3,Sas Nagar,608,Bureau Of Investigation,0.0,0.0,0.0,0.0,0.0,0.0,0.0,0.0,0.0,0.0,0.0,0.0,0.0,0.0,0.0,11.0,0.0,0.0,3.0,4.0,0.0,0.0,0.0,0.0,3.0
2020,Punjab,3,Sas Nagar,608,Sas Nagar,0.0,0.0,0.0,0.0,0.0,0.0,0.0,0.0,0.0,0.0,0.0,0.0,0.0,0.0,0.0,14.0,0.0,0.0,0.0,6.0,0.0,0.0,0.0,0.0,0.0
2020,Punjab,3,Shahid Bhagat Singh Nagar,40,Sbs Nagar,15.0,53.0,0.0,24.0,20.0,0.0,0.0,66.0,20.0,44.0,1.0,0.0,4.0,0.0,0.0,23.0,3.0,0.0,3.0,0.0,2.0,5.0,0.0,1.0,42.0
2020,Punjab,3,Sri Muktsar Sahib,39,Muktsar,29.0,99.0,1.0,39.0,46.0,0.0,2.0,79.0,24.0,23.0,4.0,0.0,10.0,0.0,17.0,24.0,3.0,0.0,0.0,3.0,0.0,2.0,4.0,0.0,35.0
2020,Punjab,3,Tarn Taran,609,Tarn Taran,53.0,79.0,2.0,23.0,34.0,0.0,0.0,80.0,30.0,22.0,4.0,0.0,9.0,0.0,0.0,12.0,0.0,1.0,0.0,12.0,45.0,6.0,0.0,0.0,198.0
2020,Rajasthan,8,Ajmer,86,Ajmer,51.0,446.0,102.0,682.0,409.0,1.0,1.0,375.0,1.0,724.0,13.0,0.0,13.0,3.0,108.0,180.0,21.0,7.0,13.0,5.0,908.0,64.0,225.0,2.0,182.0
2020,Rajasthan,8,Ajmer,86,Grp Ajmer,1.0,4.0,0.0,5.0,0.0,0.0,4.0,3.0,0.0,0.0,1.0,0.0,0.0,0.0,5.0,2.0,0.0,0.0,1.0,0.0,1.0,4.0,1.0,0.0,3.0
2020,Rajasthan,8,Alwar,87,Alwar,79.0,478.0,149.0,378.0,114.0,1.0,1.0,116.0,0.0,464.0,21.0,0.0,1.0,0.0,0.0,126.0,47.0,7.0,0.0,0.0,600.0,33.0,85.0,6.0,47.0
2020,Rajasthan,8,Banswara,88,Banswara,50.0,207.0,30.0,142.0,136.0,0.0,0.0,97.0,4.0,156.0,11.0,0.0,9.0,0.0,83.0,3.0,0.0,0.0,0.0,0.0,71.0,65.0,2.0,0.0,199.0
2020,Rajasthan,8,Baran,89,Baran,35.0,249.0,49.0,421.0,243.0,4.0,0.0,237.0,0.0,268.0,4.0,0.0,10.0,0.0,119.0,10.0,3.0,0.0,0.0,0.0,3.0,7.0,12.0,3.0,101.0
2020,Rajasthan,8,Barmer,90,Barmer,53.0,493.0,108.0,488.0,99.0,1.0,0.0,205.0,2.0,370.0,24.0,0.0,5.0,0.0,132.0,86.0,3.0,0.0,3.0,6.0,176.0,32.0,70.0,2.0,85.0
2020,Rajasthan,8,Bharatpur,91,Bharatpur,102.0,520.0,200.0,94.0,153.0,3.0,0.0,208.0,222.0,771.0,41.0,0.0,2.0,0.0,52.0,49.0,0.0,9.0,0.0,8.0,692.0,46.0,0.0,0.0,5373.0
2020,Rajasthan,8,Bhilwara,92,Bhilwara,35.0,376.0,46.0,404.0,259.0,3.0,0.0,205.0,1.0,551.0,12.0,0.0,14.0,0.0,110.0,48.0,7.0,1.0,5.0,3.0,617.0,55.0,20.0,3.0,134.0
2020,Rajasthan,8,Bikaner,93,Bikaner,64.0,332.0,76.0,244.0,101.0,3.0,0.0,135.0,36.0,431.0,15.0,0.0,8.0,0.0,0.0,15.0,0.0,0.0,0.0,0.0,254.0,20.0,124.0,0.0,1565.0
2020,Rajasthan,8,Bundi,94,Bundi,24.0,206.0,19.0,267.0,174.0,0.0,0.0,107.0,26.0,244.0,3.0,0.0,1.0,0.0,0.0,15.0,4.0,0.0,0.0,0.0,0.0,11.0,11.0,1.0,364.0
2020,Rajasthan,8,Chittorgarh,95,Chittorgarh,35.0,248.0,27.0,256.0,223.0,1.0,0.0,194.0,0.0,426.0,7.0,0.0,10.0,0.0,140.0,2.0,0.0,0.0,0.0,0.0,332.0,59.0,12.0,4.0,687.0
2020,Rajasthan,8,Churu,96,Churu,37.0,280.0,34.0,117.0,95.0,0.0,0.0,95.0,0.0,377.0,12.0,0.0,6.0,0.0,0.0,7.0,0.0,0.0,0.0,0.0,0.0,16.0,334.0,1.0,1273.0
2020,Rajasthan,8,Dausa,97,Dausa,40.0,228.0,36.0,62.0,110.0,1.0,0.0,51.0,4.0,225.0,15.0,0.0,2.0,0.0,81.0,102.0,24.0,0.0,4.0,0.0,545.0,16.0,0.0,2.0,1545.0
2020,Rajasthan,8,Dholpur,98,Dholpur,50.0,194.0,60.0,233.0,119.0,2.0,0.0,135.0,19.0,256.0,32.0,0.0,1.0,0.0,91.0,23.0,11.0,1.0,0.0,0.0,191.0,34.0,0.0,0.0,1037.0
2020,Rajasthan,8,Dungarpur,99,Dungarpur,33.0,342.0,41.0,136.0,192.0,0.0,0.0,257.0,0.0,108.0,3.0,0.0,2.0,0.0,177.0,0.0,0.0,0.0,0.0,0.0,82.0,38.0,0.0,2.0,154.0
2020,Rajasthan,8,Ganganagar,100,Ganganagar,73.0,407.0,66.0,347.0,245.0,0.0,0.0,230.0,3.0,693.0,10.0,0.0,8.0,0.0,58.0,79.0,7.0,2.0,1.0,4.0,397.0,46.0,197.0,1.0,759.0
2020,Rajasthan,8,Hanumangarh,101,Hanumangarh,58.0,347.0,77.0,242.0,147.0,0.0,0.0,182.0,0.0,522.0,18.0,0.0,4.0,0.0,90.0,13.0,1.0,3.0,0.0,0.0,0.0,12.0,124.0,0.0,845.0
2020,Rajasthan,8,Jaipur,102,Jaipur Crime,0.0,0.0,0.0,0.0,0.0,0.0,0.0,0.0,0.0,0.0,0.0,0.0,0.0,0.0,0.0,5.0,0.0,4.0,0.0,0.0,0.0,0.0,0.0,0.0,0.0
2020,Rajasthan,8,Jaipur,102,Jaipur East,29.0,199.0,26.0,172.0,156.0,3.0,8.0,143.0,0.0,228.0,5.0,0.0,4.0,1.0,63.0,90.0,13.0,15.0,5.0,3.0,463.0,13.0,1.0,0.0,109.0
2020,Rajasthan,8,Jaipur,102,Jaipur Metro,0.0,0.0,0.0,0.0,0.0,0.0,0.0,0.0,0.0,0.0,0.0,0.0,0.0,0.0,0.0,0.0,0.0,0.0,0.0,0.0,0.0,0.0,0.0,0.0,0.0
2020,Rajasthan,8,Jaipur,102,Jaipur North,11.0,160.0,18.0,105.0,139.0,0.0,0.0,183.0,0.0,211.0,9.0,0.0,1.0,0.0,61.0,40.0,0.0,4.0,0.0,0.0,0.0,14.0,0.0,1.0,540.0
2020,Rajasthan,8,Jaipur,102,Jaipur Rural,41.0,213.0,73.0,142.0,104.0,0.0,0.0,0.0,16.0,288.0,12.0,1.0,5.0,0.0,65.0,162.0,38.0,19.0,0.0,10.0,398.0,31.0,73.0,1.0,1691.0
2020,Rajasthan,8,Jaipur,102,Jaipur South,28.0,206.0,26.0,128.0,224.0,0.0,0.0,185.0,3.0,233.0,4.0,0.0,3.0,0.0,65.0,49.0,0.0,12.0,0.0,11.0,506.0,25.0,105.0,1.0,688.0
2020,Rajasthan,8,Jaipur,102,Jaipur West,30.0,264.0,40.0,110.0,232.0,0.0,0.0,180.0,15.0,371.0,9.0,0.0,4.0,0.0,67.0,43.0,0.0,2.0,0.0,0.0,942.0,33.0,0.0,1.0,556.0
2020,Rajasthan,8,Jaipur,102,Scrb,0.0,0.0,0.0,0.0,0.0,0.0,0.0,1.0,0.0,0.0,0.0,0.0,0.0,0.0,0.0,32.0,0.0,3.0,0.0,4.0,0.0,0.0,0.0,0.0,0.0
2020,Rajasthan,8,Jaipur,102,Sog,0.0,0.0,1.0,1.0,0.0,0.0,0.0,0.0,0.0,0.0,0.0,0.0,0.0,0.0,1.0,4.0,1.0,0.0,1.0,0.0,26.0,0.0,6.0,0.0,2.0
2020,Rajasthan,8,Jaipur,102,Ssb,0.0,0.0,0.0,0.0,0.0,0.0,0.0,0.0,0.0,0.0,0.0,0.0,0.0,0.0,0.0,0.0,0.0,0.0,0.0,0.0,0.0,0.0,0.0,0.0,0.0
2020,Rajasthan,8,Jaipur (Gramin),783,Jaipur Rural,0.0,40.0,0.0,15.0,60.0,0.0,0.0,147.0,16.0,0.0,0.0,0.0,0.0,0.0,0.0,0.0,0.0,0.0,0.0,0.0,0.0,0.0,0.0,0.0,0.0
2020,Rajasthan,8,Jaisalmer,103,Jaisalmer,20.0,54.0,10.0,140.0,30.0,0.0,0.0,49.0,1.0,66.0,6.0,0.0,0.0,0.0,56.0,46.0,5.0,0.0,3.0,3.0,113.0,6.0,25.0,2.0,161.0
2020,Rajasthan,8,Jalore,104,Jalore,44.0,156.0,18.0,241.0,90.0,2.0,0.0,31.0,12.0,185.0,17.0,0.0,6.0,0.0,66.0,17.0,4.0,0.0,0.0,9.0,0.0,29.0,180.0,1.0,4.0
2020,Rajasthan,8,Jhalawar,105,Jhalawar,45.0,317.0,56.0,431.0,308.0,1.0,0.0,307.0,3.0,439.0,8.0,0.0,10.0,0.0,138.0,18.0,1.0,1.0,0.0,1.0,177.0,22.0,0.0,1.0,46.0
2020,Rajasthan,8,Jhunjhunu,106,Jhunjhunu,53.0,209.0,13.0,117.0,129.0,0.0,0.0,24.0,0.0,388.0,8.0,0.0,5.0,0.0,131.0,50.0,12.0,5.0,2.0,0.0,492.0,21.0,0.0,0.0,1147.0
2020,Rajasthan,8,Jodhpur,107,Grp Jodhpur,3.0,2.0,1.0,3.0,3.0,0.0,0.0,4.0,0.0,0.0,0.0,0.0,1.0,0.0,4.0,0.0,0.0,0.0,0.0,0.0,0.0,0.0,0.0,0.0,0.0
2020,Rajasthan,8,Jodhpur,107,Jodhpur East,17.0,108.0,14.0,148.0,52.0,1.0,0.0,46.0,4.0,171.0,4.0,0.0,2.0,0.0,127.0,125.0,53.0,8.0,0.0,1.0,42.0,16.0,137.0,4.0,641.0
2020,Rajasthan,8,Jodhpur,107,Jodhpur Rural,42.0,225.0,44.0,277.0,89.0,0.0,0.0,96.0,0.0,220.0,14.0,0.0,1.0,0.0,87.0,19.0,0.0,0.0,0.0,0.0,70.0,42.0,205.0,0.0,371.0
2020,Rajasthan,8,Jodhpur,107,Jodhpur West,17.0,108.0,26.0,179.0,126.0,0.0,0.0,133.0,4.0,198.0,7.0,0.0,5.0,0.0,113.0,130.0,27.0,5.0,0.0,6.0,283.0,10.0,100.0,2.0,439.0
2020,Rajasthan,8,Karauli,108,Karauli,50.0,233.0,76.0,158.0,118.0,4.0,0.0,86.0,0.0,195.0,22.0,0.0,1.0,0.0,49.0,15.0,0.0,0.0,0.0,9.0,263.0,18.0,5.0,1.0,2650.0
2020,Rajasthan,8,Khairthal-Tijara,770,Bhiwadi,60.0,392.0,71.0,193.0,230.0,0.0,1.0,172.0,0.0,403.0,30.0,0.0,2.0,0.0,0.0,115.0,48.0,0.0,0.0,2.0,166.0,51.0,73.0,4.0,558.0
2020,Rajasthan,8,Kota,109,Kota City,27.0,268.0,32.0,249.0,249.0,0.0,0.0,229.0,6.0,318.0,6.0,0.0,3.0,0.0,263.0,35.0,2.0,0.0,6.0,2.0,559.0,31.0,26.0,3.0,28.0
2020,Rajasthan,8,Kota,109,Kota Rural,17.0,152.0,24.0,208.0,120.0,2.0,0.0,120.0,1.0,161.0,4.0,0.0,3.0,0.0,0.0,9.0,3.0,0.0,0.0,0.0,92.0,13.0,32.0,0.0,656.0
2020,Rajasthan,8,Nagaur,110,Nagaur,49.0,298.0,81.0,289.0,159.0,2.0,4.0,190.0,0.0,494.0,17.0,0.0,7.0,0.0,131.0,18.0,0.0,2.0,0.0,13.0,309.0,16.0,140.0,1.0,854.0
2020,Rajasthan,8,Pali,111,Pali,51.0,274.0,28.0,465.0,182.0,2.0,2.0,134.0,0.0,510.0,8.0,0.0,7.0,0.0,0.0,1.0,0.0,0.0,0.0,0.0,537.0,60.0,44.0,0.0,2205.0
2020,Rajasthan,8,Pratapgarh,629,Pratapgarh,32.0,268.0,48.0,154.0,204.0,0.0,0.0,139.0,8.0,209.0,3.0,0.0,7.0,0.0,40.0,8.0,0.0,0.0,0.0,0.0,134.0,14.0,10.0,0.0,242.0
2020,Rajasthan,8,Rajsamand,112,Rajsamand,26.0,147.0,32.0,210.0,227.0,0.0,0.0,155.0,0.0,242.0,6.0,0.0,3.0,0.0,32.0,5.0,1.0,1.0,1.0,0.0,186.0,27.0,12.0,0.0,25.0
2020,Rajasthan,8,Sawai Madhopur,113,Sawai Madhopur,30.0,227.0,45.0,314.0,79.0,1.0,0.0,132.0,0.0,224.0,13.0,0.0,2.0,0.0,135.0,47.0,4.0,0.0,0.0,8.0,136.0,12.0,117.0,2.0,1796.0
2020,Rajasthan,8,Sikar,114,Sikar,59.0,261.0,67.0,208.0,235.0,0.0,2.0,165.0,0.0,518.0,11.0,1.0,1.0,0.0,43.0,171.0,83.0,0.0,0.0,0.0,782.0,33.0,137.0,0.0,2877.0
2020,Rajasthan,8,Sirohi,115,Sirohi,44.0,198.0,50.0,175.0,75.0,0.0,0.0,140.0,13.0,240.0,3.0,0.0,2.0,0.0,0.0,30.0,0.0,0.0,0.0,3.0,233.0,23.0,0.0,1.0,420.0
2020,Rajasthan,8,Tonk,116,Tonk,31.0,208.0,47.0,178.0,140.0,0.0,0.0,106.0,0.0,265.0,5.0,0.0,1.0,0.0,99.0,36.0,5.0,0.0,0.0,0.0,325.0,20.0,17.0,2.0,729.0
2020,Rajasthan,8,Udaipur,117,Udaipur,88.0,475.0,79.0,311.0,507.0,1.0,16.0,451.0,4.0,402.0,10.0,0.0,14.0,0.0,376.0,9.0,0.0,2.0,0.0,0.0,399.0,93.0,10.0,13.0,436.0
2020,Sikkim,11,Gangtok,225,East,2.0,52.0,3.0,17.0,31.0,0.0,0.0,80.0,48.0,0.0,0.0,0.0,0.0,1.0,2.0,0.0,0.0,0.0,0.0,0.0,15.0,4.0,4.0,0.0,40.0
2020,Sikkim,11,Gyalshing,228,West,4.0,11.0,0.0,0.0,1.0,0.0,0.0,19.0,15.0,0.0,0.0,0.0,0.0,0.0,4.0,0.0,0.0,0.0,0.0,0.0,1.0,0.0,2.0,0.0,1.0
2020,Sikkim,11,Mangan,226,North,1.0,9.0,0.0,0.0,1.0,0.0,0.0,8.0,6.0,0.0,0.0,0.0,0.0,0.0,0.0,0.0,0.0,0.0,0.0,0.0,0.0,0.0,0.0,0.0,0.0
2020,Sikkim,11,Namchi,227,South,4.0,22.0,1.0,2.0,8.0,0.0,0.0,40.0,29.0,1.0,0.0,0.0,0.0,0.0,6.0,0.0,0.0,0.0,0.0,0.0,1.0,0.0,2.0,0.0,0.0
2020,Tamil Nadu,33,Ariyalur,610,Ariyalur,19.0,45.0,0.0,6.0,1.0,0.0,0.0,49.0,39.0,8.0,0.0,0.0,0.0,0.0,74.0,15.0,0.0,0.0,5.0,5.0,19.0,10.0,0.0,0.0,6329.0
2020,Tamil Nadu,33,Chengalpattu,730,Chengalpattu,49.0,48.0,0.0,6.0,0.0,0.0,0.0,82.0,40.0,3.0,0.0,0.0,0.0,0.0,0.0,0.0,0.0,0.0,0.0,0.0,18.0,46.0,0.0,0.0,42562.0
2020,Tamil Nadu,33,Chennai,568,Chennai,158.0,214.0,1.0,68.0,14.0,16.0,2.0,306.0,238.0,56.0,12.0,1.0,13.0,27.0,641.0,279.0,55.0,13.0,23.0,46.0,373.0,679.0,113.0,106.0,72140.0
2020,Tamil Nadu,33,Chennai,568,Cyber Cell,0.0,0.0,0.0,0.0,0.0,0.0,0.0,0.0,0.0,0.0,0.0,0.0,0.0,0.0,0.0,10.0,2.0,0.0,1.0,2.0,1.0,0.0,0.0,0.0,5.0
2020,Tamil Nadu,33,Chennai,568,Other Units,0.0,0.0,0.0,0.0,0.0,0.0,0.0,0.0,0.0,0.0,0.0,0.0,0.0,0.0,0.0,0.0,0.0,0.0,0.0,0.0,0.0,0.0,0.0,0.0,0.0
2020,Tamil Nadu,33,Chennai,568,Railway Chennai,2.0,1.0,0.0,1.0,1.0,0.0,6.0,14.0,1.0,0.0,0.0,0.0,3.0,0.0,24.0,0.0,0.0,0.0,0.0,0.0,0.0,40.0,1.0,0.0,27.0
2020,Tamil Nadu,33,Coimbatore,569,Coimbatore,47.0,57.0,0.0,6.0,3.0,0.0,0.0,77.0,64.0,13.0,0.0,0.0,7.0,0.0,10.0,11.0,0.0,1.0,0.0,15.0,37.0,43.0,12.0,16.0,23239.0
2020,Tamil Nadu,33,Coimbatore,569,Coimbatore City,33.0,50.0,0.0,2.0,2.0,0.0,0.0,111.0,69.0,23.0,0.0,0.0,0.0,0.0,30.0,7.0,3.0,0.0,0.0,0.0,87.0,57.0,2.0,0.0,8153.0
2020,Tamil Nadu,33,Coimbatore,569,Cyber Cell,0.0,0.0,0.0,0.0,0.0,0.0,0.0,0.0,0.0,0.0,0.0,0.0,0.0,0.0,0.0,0.0,0.0,0.0,0.0,0.0,1.0,0.0,0.0,0.0,1.0
2020,Tamil Nadu,33,Cuddalore,570,Cuddalore,54.0,143.0,0.0,23.0,17.0,0.0,0.0,280.0,107.0,46.0,18.0,0.0,29.0,0.0,29.0,0.0,0.0,0.0,0.0,0.0,30.0,22.0,0.0,0.0,32498.0
2020,Tamil Nadu,33,Dharmapuri,571,Dharmapuri,26.0,70.0,0.0,12.0,18.0,0.0,0.0,114.0,68.0,10.0,0.0,0.0,5.0,0.0,9.0,7.0,0.0,0.0,0.0,4.0,14.0,13.0,0.0,1.0,14181.0
2020,Tamil Nadu,33,Dindigul,572,Dindigul,53.0,96.0,0.0,34.0,6.0,0.0,0.0,180.0,109.0,27.0,0.0,0.0,8.0,1.0,63.0,12.0,0.0,1.0,0.0,12.0,39.0,34.0,0.0,18.0,32014.0
2020,Tamil Nadu,33,Erode,573,Erode,42.0,65.0,0.0,22.0,23.0,0.0,0.0,93.0,84.0,5.0,4.0,0.0,2.0,0.0,3.0,0.0,0.0,0.0,0.0,0.0,47.0,10.0,0.0,4.0,4668.0
2020,Tamil Nadu,33,Kallakurichi,729,Kallakurichi,24.0,91.0,0.0,17.0,55.0,0.0,0.0,74.0,47.0,10.0,24.0,0.0,0.0,10.0,0.0,3.0,0.0,0.0,0.0,5.0,25.0,12.0,4.0,0.0,19196.0
2020,Tamil Nadu,33,Kanchipuram,574,Kanchipuram,25.0,42.0,0.0,1.0,4.0,3.0,0.0,43.0,41.0,3.0,0.0,0.0,6.0,0.0,0.0,0.0,0.0,0.0,0.0,0.0,37.0,54.0,7.0,2.0,19146.0
2020,Tamil Nadu,33,Kanniyakumari,575,Kanyakumari,34.0,109.0,0.0,10.0,28.0,1.0,0.0,141.0,99.0,3.0,49.0,0.0,0.0,0.0,20.0,72.0,0.0,0.0,0.0,85.0,58.0,36.0,0.0,0.0,40.0
2020,Tamil Nadu,33,Karur,576,Karur,16.0,32.0,0.0,20.0,4.0,0.0,0.0,33.0,31.0,10.0,4.0,0.0,8.0,0.0,0.0,10.0,0.0,1.0,0.0,7.0,26.0,18.0,11.0,4.0,5569.0
2020,Tamil Nadu,33,Krishnagiri,577,Krishnagiri,54.0,55.0,0.0,14.0,12.0,0.0,0.0,57.0,49.0,5.0,0.0,0.0,5.0,0.0,3.0,2.0,0.0,0.0,0.0,2.0,37.0,11.0,0.0,3.0,15248.0
2020,Tamil Nadu,33,Madurai,578,Madurai,76.0,105.0,3.0,26.0,11.0,1.0,0.0,147.0,124.0,25.0,5.0,0.0,3.0,0.0,1153.0,20.0,0.0,0.0,0.0,15.0,87.0,108.0,0.0,0.0,50112.0
2020,Tamil Nadu,33,Madurai,578,Madurai City,41.0,76.0,0.0,23.0,10.0,2.0,0.0,101.0,81.0,87.0,1.0,0.0,0.0,0.0,98.0,14.0,0.0,4.0,0.0,8.0,208.0,100.0,0.0,17.0,13154.0
2020,Tamil Nadu,33,Nagapattinam,579,Nagapattinam,41.0,74.0,0.0,48.0,11.0,0.0,0.0,66.0,66.0,5.0,0.0,0.0,0.0,0.0,46.0,24.0,0.0,0.0,12.0,0.0,4.0,21.0,0.0,0.0,20800.0
2020,Tamil Nadu,33,Namakkal,580,Namakkal,38.0,65.0,0.0,26.0,11.0,0.0,0.0,126.0,67.0,7.0,5.0,0.0,5.0,3.0,27.0,3.0,0.0,0.0,0.0,4.0,46.0,19.0,0.0,2.0,5833.0
2020,Tamil Nadu,33,Perambalur,581,Perambalur,17.0,36.0,0.0,12.0,0.0,0.0,0.0,69.0,36.0,1.0,2.0,0.0,5.0,2.0,72.0,9.0,0.0,0.0,0.0,9.0,10.0,28.0,0.0,0.0,6949.0
2020,Tamil Nadu,33,Pudukkottai,582,Pudukottai,39.0,38.0,0.0,52.0,14.0,0.0,0.0,56.0,42.0,19.0,6.0,0.0,5.0,12.0,36.0,69.0,0.0,5.0,0.0,119.0,24.0,40.0,27.0,0.0,8866.0
2020,Tamil Nadu,33,Ramanathapuram,583,Ramnathapuram,41.0,81.0,0.0,23.0,18.0,0.0,0.0,97.0,92.0,9.0,17.0,0.0,0.0,0.0,8.0,66.0,0.0,0.0,0.0,71.0,81.0,46.0,0.0,0.0,151.0
2020,Tamil Nadu,33,Ranipet,731,Ranipet,21.0,37.0,0.0,6.0,2.0,0.0,0.0,39.0,35.0,3.0,14.0,0.0,6.0,0.0,1.0,5.0,0.0,0.0,1.0,3.0,41.0,34.0,0.0,1.0,5757.0
2020,Tamil Nadu,33,Salem,584,Salem,51.0,117.0,0.0,69.0,33.0,0.0,0.0,123.0,88.0,4.0,1.0,0.0,10.0,0.0,31.0,0.0,0.0,0.0,0.0,0.0,34.0,15.0,0.0,2.0,7547.0
2020,Tamil Nadu,33,Salem,584,Salem City,30.0,50.0,0.0,7.0,11.0,0.0,0.0,73.0,67.0,9.0,5.0,0.0,0.0,1.0,16.0,0.0,0.0,0.0,0.0,0.0,33.0,46.0,0.0,17.0,9501.0
2020,Tamil Nadu,33,Sivaganga,585,Sivagangai,24.0,67.0,0.0,24.0,20.0,0.0,0.0,84.0,62.0,24.0,0.0,0.0,11.0,1.0,85.0,27.0,0.0,5.0,0.0,22.0,50.0,51.0,15.0,1.0,6639.0
2020,Tamil Nadu,33,Tenkasi,733,Tenkasi,33.0,60.0,1.0,7.0,3.0,0.0,0.0,91.0,73.0,6.0,9.0,0.0,5.0,4.0,25.0,13.0,0.0,0.0,0.0,15.0,61.0,9.0,2.0,0.0,3124.0
2020,Tamil Nadu,33,Thanjavur,586,Thanjavur,84.0,47.0,1.0,86.0,11.0,0.0,0.0,80.0,58.0,21.0,9.0,0.0,14.0,4.0,119.0,58.0,1.0,1.0,21.0,6.0,48.0,52.0,0.0,0.0,37511.0
2020,Tamil Nadu,33,The Nilgiris,587,Nilgiris,7.0,59.0,0.0,12.0,2.0,0.0,0.0,64.0,80.0,1.0,0.0,0.0,4.0,0.0,7.0,0.0,0.0,0.0,0.0,0.0,12.0,3.0,0.0,0.0,9015.0
2020,Tamil Nadu,33,Theni,588,Theni,35.0,70.0,0.0,10.0,1.0,0.0,0.0,107.0,95.0,15.0,3.0,0.0,5.0,0.0,37.0,16.0,0.0,0.0,8.0,0.0,36.0,14.0,0.0,5.0,28965.0
2020,Tamil Nadu,33,Thiruvallur,589,Thiruvallur,45.0,73.0,0.0,8.0,5.0,0.0,0.0,82.0,75.0,11.0,2.0,0.0,12.0,0.0,49.0,8.0,0.0,0.0,0.0,3.0,30.0,59.0,0.0,0.0,48213.0
2020,Tamil Nadu,33,Thiruvarur,590,Thiruvarur,26.0,66.0,1.0,31.0,44.0,0.0,0.0,83.0,61.0,9.0,0.0,0.0,0.0,0.0,21.0,24.0,0.0,1.0,0.0,18.0,15.0,23.0,0.0,1.0,1168.0
2020,Tamil Nadu,33,Tiruchirappalli,591,Railway Trichy,1.0,0.0,0.0,1.0,0.0,0.0,2.0,2.0,0.0,0.0,0.0,0.0,0.0,0.0,3.0,0.0,0.0,0.0,0.0,0.0,0.0,6.0,0.0,0.0,7.0
2020,Tamil Nadu,33,Tiruchirappalli,591,Trichy,50.0,110.0,0.0,28.0,26.0,0.0,6.0,158.0,90.0,50.0,5.0,0.0,8.0,21.0,115.0,25.0,0.0,2.0,6.0,7.0,42.0,31.0,8.0,1.0,22640.0
2020,Tamil Nadu,33,Tiruchirappalli,591,Trichy City,19.0,35.0,0.0,11.0,5.0,3.0,0.0,46.0,36.0,24.0,5.0,0.0,4.0,0.0,86.0,46.0,3.0,0.0,16.0,2.0,45.0,41.0,4.0,0.0,5398.0
2020,Tamil Nadu,33,Tirunelveli,592,Thirunelveli,40.0,67.0,4.0,45.0,4.0,0.0,3.0,139.0,82.0,12.0,2.0,0.0,4.0,1.0,88.0,50.0,2.0,0.0,8.0,1.0,36.0,25.0,1.0,3.0,5722.0
2020,Tamil Nadu,33,Tirunelveli,592,Thirunelveli City,15.0,27.0,0.0,17.0,2.0,0.0,0.0,38.0,37.0,11.0,9.0,0.0,1.0,0.0,7.0,40.0,15.0,0.0,3.0,0.0,106.0,32.0,7.0,3.0,5971.0
2020,Tamil Nadu,33,Tirupathur,732,Tiruppattur,25.0,76.0,1.0,17.0,36.0,0.0,0.0,134.0,73.0,15.0,5.0,0.0,4.0,2.0,16.0,7.0,1.0,0.0,1.0,0.0,31.0,21.0,0.0,2.0,1311.0
2020,Tamil Nadu,33,Tiruppur,634,Tiruppur,25.0,47.0,0.0,17.0,5.0,2.0,0.0,62.0,58.0,7.0,3.0,0.0,8.0,0.0,7.0,7.0,0.0,0.0,0.0,14.0,19.0,31.0,0.0,0.0,24630.0
2020,Tamil Nadu,33,Tiruppur,634,Tiruppur City,22.0,27.0,0.0,5.0,1.0,3.0,0.0,37.0,35.0,8.0,1.0,0.0,1.0,0.0,12.0,27.0,1.0,4.0,8.0,0.0,24.0,22.0,6.0,6.0,6981.0
2020,Tamil Nadu,33,Tiruvannamalai,593,Thiruvannamalai,43.0,96.0,3.0,10.0,15.0,2.0,0.0,107.0,77.0,10.0,7.0,0.0,21.0,1.0,31.0,0.0,0.0,0.0,0.0,0.0,25.0,42.0,1.0,0.0,79219.0
2020,Tamil Nadu,33,Tuticorin,594,Thoothukudi,66.0,113.0,0.0,18.0,10.0,0.0,0.0,189.0,125.0,43.0,2.0,0.0,8.0,6.0,214.0,1.0,0.0,0.0,0.0,2.0,90.0,36.0,0.0,6.0,9840.0
2020,Tamil Nadu,33,Vellore,595,Vellore,37.0,72.0,0.0,9.0,13.0,1.0,3.0,78.0,60.0,7.0,0.0,0.0,6.0,0.0,43.0,0.0,0.0,0.0,0.0,0.0,16.0,39.0,1.0,1.0,19925.0
2020,Tamil Nadu,33,Villupuram,596,Villupuram,46.0,135.0,0.0,43.0,53.0,0.0,0.0,117.0,94.0,10.0,6.0,0.0,12.0,0.0,26.0,10.0,0.0,0.0,1.0,9.0,47.0,41.0,3.0,9.0,825.0
2020,Tamil Nadu,33,Virudhunagar,597,Virudhunagar,70.0,80.0,0.0,12.0,8.0,0.0,0.0,89.0,65.0,14.0,12.0,0.0,6.0,0.0,36.0,18.0,0.0,0.0,0.0,18.0,41.0,31.0,1.0,0.0,9782.0
2020,Telangana,36,Adilabad,501,Adilabad,11.0,44.0,0.0,55.0,30.0,0.0,0.0,60.0,41.0,70.0,2.0,0.0,7.0,0.0,37.0,2.0,1.0,0.0,0.0,0.0,66.0,4.0,0.0,0.0,32.0
2020,Telangana,36,Bhadradri Kothagudem,690,Bhadradri Kothagudem,23.0,131.0,0.0,193.0,103.0,0.0,0.0,218.0,114.0,266.0,1.0,0.0,10.0,0.0,20.0,76.0,20.0,0.0,5.0,1.0,124.0,8.0,11.0,2.0,539.0
2020,Telangana,36,Hyderabad,507,Cyberabad Commissionerate,102.0,482.0,2.0,769.0,663.0,2.0,74.0,955.0,309.0,1055.0,20.0,0.0,61.0,23.0,155.0,0.0,0.0,0.0,0.0,1.0,1941.0,92.0,12.0,3.0,1389.0
2020,Telangana,36,Hyderabad,507,Hyderabad Commissionerate,71.0,409.0,0.0,574.0,223.0,0.0,6.0,467.0,319.0,1226.0,21.0,0.0,17.0,3.0,181.0,4941.0,2020.0,52.0,191.0,33.0,2740.0,86.0,80.0,0.0,2801.0
2020,Telangana,36,Hyderabad,507,Railway Police Secunderabad,2.0,0.0,0.0,4.0,0.0,0.0,0.0,0.0,0.0,0.0,0.0,0.0,0.0,0.0,1.0,0.0,0.0,0.0,0.0,0.0,2.0,9.0,0.0,0.0,14.0
2020,Telangana,36,Jagitial,681,Jagitial,25.0,24.0,0.0,0.0,0.0,0.0,0.0,0.0,0.0,0.0,0.0,0.0,0.0,0.0,0.0,0.0,0.0,0.0,0.0,0.0,247.0,16.0,0.0,0.0,2067.0
2020,Telangana,36,Jagitial,681,Jagityal,1.0,43.0,10.0,102.0,13.0,0.0,0.0,56.0,53.0,122.0,4.0,1.0,8.0,0.0,4.0,0.0,0.0,0.0,0.0,1.0,0.0,0.0,0.0,0.0,0.0
2020,Telangana,36,Jagityal,681,Jagityal,0.0,0.0,0.0,0.0,0.0,0.0,0.0,0.0,0.0,0.0,0.0,0.0,0.0,0.0,0.0,45.0,0.0,0.0,1.0,13.0,0.0,0.0,0.0,0.0,1.0
2020,Telangana,36,Jayashankar Bhupalapally,687,Jayashankar Bhupalpalli,11.0,22.0,1.0,97.0,55.0,2.0,0.0,66.0,24.0,60.0,4.0,0.0,4.0,0.0,4.0,18.0,1.0,0.0,3.0,0.0,128.0,1.0,22.0,0.0,171.0
2020,Telangana,36,Jogulamba Gadwal,695,Jogulamba Gadwal,9.0,42.0,0.0,52.0,7.0,0.0,0.0,58.0,42.0,30.0,3.0,0.0,4.0,0.0,18.0,20.0,10.0,0.0,0.0,0.0,131.0,2.0,0.0,0.0,85.0
2020,Telangana,36,Kamareddy,685,Kamareddy,32.0,65.0,3.0,95.0,9.0,0.0,0.0,53.0,36.0,141.0,3.0,0.0,7.0,0.0,57.0,30.0,12.0,0.0,3.0,0.0,57.0,9.0,13.0,1.0,101.0
2020,Telangana,36,Karimnagar,508,Karimnagar Commissionerate,19.0,57.0,0.0,193.0,17.0,0.0,0.0,69.0,36.0,289.0,2.0,0.0,5.0,0.0,75.0,71.0,6.0,1.0,27.0,4.0,293.0,4.0,0.0,5.0,886.0
2020,Telangana,36,Khammam,509,Khammam Commissionerate,32.0,104.0,0.0,197.0,148.0,0.0,0.0,296.0,111.0,280.0,5.0,0.0,20.0,1.0,41.0,99.0,22.0,1.0,13.0,0.0,246.0,14.0,5.0,0.0,988.0
2020,Telangana,36,Kumuram Bheem Asifabad,699,Kumaram Bheem Asifabad,26.0,36.0,2.0,57.0,33.0,0.0,0.0,23.0,17.0,65.0,5.0,0.0,8.0,0.0,22.0,8.0,1.0,0.0,0.0,0.0,158.0,2.0,2.0,0.0,101.0
2020,Telangana,36,Mahabubabad,688,Mahabubabad,18.0,49.0,1.0,99.0,77.0,0.0,3.0,98.0,46.0,106.0,7.0,0.0,14.0,0.0,67.0,30.0,8.0,3.0,2.0,0.0,134.0,3.0,2.0,0.0,53.0
2020,Telangana,36,Mahabubnagar,512,Mahabubnagar,18.0,139.0,0.0,125.0,64.0,0.0,0.0,125.0,47.0,67.0,3.0,0.0,23.0,0.0,25.0,16.0,0.0,1.0,0.0,13.0,83.0,4.0,2.0,0.0,209.0
2020,Telangana,36,Medak,513,Medak,29.0,45.0,1.0,147.0,34.0,0.0,0.0,102.0,31.0,115.0,4.0,0.0,9.0,0.0,51.0,11.0,0.0,0.0,0.0,0.0,57.0,2.0,6.0,0.0,559.0
2020,Telangana,36,Mulugu,720,Mulug,7.0,34.0,1.0,35.0,17.0,0.0,0.0,35.0,24.0,69.0,1.0,0.0,10.0,0.0,11.0,5.0,0.0,3.0,0.0,1.0,35.0,0.0,9.0,0.0,60.0
2020,Telangana,36,Nagarkurnool,694,Nagarkurnool,28.0,60.0,1.0,79.0,77.0,0.0,0.0,94.0,40.0,65.0,4.0,0.0,10.0,1.0,9.0,13.0,3.0,0.0,1.0,2.0,77.0,0.0,0.0,0.0,1271.0
2020,Telangana,36,Nalgonda,514,Nalgonda,28.0,74.0,2.0,248.0,40.0,0.0,3.0,129.0,72.0,250.0,1.0,1.0,25.0,0.0,99.0,35.0,6.0,1.0,5.0,2.0,276.0,12.0,20.0,0.0,1589.0
2020,Telangana,36,Narayanpet,721,Narayanpet,6.0,77.0,0.0,28.0,13.0,0.0,0.0,69.0,53.0,37.0,3.0,0.0,2.0,0.0,50.0,3.0,0.0,0.0,1.0,1.0,72.0,1.0,0.0,0.0,319.0
2020,Telangana,36,Nirmal,680,Nirmal,21.0,28.0,0.0,39.0,8.0,0.0,0.0,21.0,18.0,42.0,2.0,0.0,6.0,0.0,20.0,18.0,0.0,0.0,8.0,0.0,37.0,1.0,0.0,0.0,42.0
2020,Telangana,36,Nizamabad,516,Nizamabad Commissionerate,44.0,56.0,0.0,152.0,15.0,0.0,2.0,85.0,49.0,250.0,3.0,0.0,14.0,5.0,27.0,21.0,6.0,0.0,1.0,0.0,297.0,9.0,20.0,1.0,502.0
2020,Telangana,36,Peddapalli,682,Ramagundam Commissionerate,30.0,111.0,0.0,268.0,77.0,0.0,0.0,154.0,66.0,400.0,8.0,0.0,31.0,4.0,105.0,92.0,27.0,8.0,0.0,0.0,496.0,2.0,1.0,1.0,102.0
2020,Telangana,36,Rajanna Sircilla,683,Rajanna Siricilla,14.0,79.0,0.0,105.0,16.0,0.0,3.0,61.0,25.0,143.0,1.0,0.0,7.0,0.0,1.0,30.0,13.0,0.0,1.0,0.0,143.0,2.0,1.0,0.0,1734.0
2020,Telangana,36,Ranga Reddy,518,Cyberabad Commissionerate,0.0,0.0,0.0,0.0,0.0,0.0,0.0,0.0,0.0,0.0,0.0,0.0,0.0,0.0,0.0,2408.0,1160.0,16.0,16.0,3.0,971.0,0.0,0.0,0.0,1206.0
2020,Telangana,36,Sangareddy,691,Sangareddy,45.0,53.0,0.0,89.0,10.0,0.0,0.0,43.0,23.0,113.0,9.0,0.0,8.0,0.0,19.0,26.0,12.0,0.0,1.0,0.0,59.0,12.0,11.0,0.0,928.0
2020,Telangana,36,Siddipet,692,Siddipet Commissionerate,20.0,64.0,1.0,167.0,7.0,0.0,0.0,77.0,61.0,365.0,4.0,0.0,12.0,0.0,0.0,26.0,0.0,5.0,1.0,4.0,155.0,8.0,28.0,0.0,489.0
2020,Telangana,36,Suryapet,696,Suryapet,27.0,101.0,3.0,229.0,68.0,0.0,6.0,98.0,63.0,220.0,3.0,1.0,6.0,2.0,22.0,23.0,2.0,0.0,4.0,2.0,263.0,2.0,14.0,0.0,855.0
2020,Telangana,36,Vikarabad,698,Vikarabad,27.0,81.0,0.0,50.0,50.0,0.0,0.0,137.0,74.0,80.0,4.0,0.0,21.0,0.0,56.0,14.0,1.0,0.0,0.0,0.0,45.0,2.0,7.0,0.0,175.0
2020,Telangana,36,Wanaparthy,693,Wanaparthy,12.0,50.0,0.0,55.0,3.0,0.0,0.0,50.0,27.0,46.0,0.0,0.0,0.0,1.0,11.0,6.0,0.0,0.0,0.0,0.0,64.0,1.0,4.0,0.0,361.0
2020,Telangana,36,Warangal,522,Warangal Commissionerate,40.0,102.0,4.0,265.0,267.0,0.0,8.0,219.0,72.0,297.0,11.0,0.0,30.0,0.0,62.0,198.0,0.0,0.0,0.0,0.0,526.0,11.0,0.0,0.0,1972.0
2020,Telangana,36,Yadadri Bhuvanagiri,697,Rachakonda Commissionerate,68.0,497.0,0.0,1060.0,139.0,0.0,52.0,282.0,187.0,1184.0,24.0,0.0,35.0,0.0,101.0,1452.0,695.0,2.0,0.0,0.0,1774.0,62.0,0.0,0.0,4602.0
2020,The Dadra And Nagar Haveli And Daman And Diu,38,Dadra And Nagar Haveli,465,Dadra And Nagar Haveli,9.0,31.0,0.0,3.0,5.0,0.0,0.0,40.0,30.0,1.0,0.0,0.0,1.0,0.0,13.0,0.0,0.0,0.0,0.0,0.0,3.0,6.0,3.0,0.0,7.0
2020,The Dadra And Nagar Haveli And Daman And Diu,38,Daman,463,Daman,6.0,13.0,0.0,3.0,14.0,0.0,3.0,26.0,11.0,2.0,1.0,0.0,0.0,0.0,7.0,3.0,0.0,2.0,0.0,1.0,10.0,2.0,0.0,0.0,12.0
2020,The Dadra And Nagar Haveli And Daman And Diu,38,Diu,464,Diu,0.0,3.0,0.0,3.0,0.0,0.0,0.0,1.0,1.0,1.0,0.0,0.0,0.0,0.0,4.0,0.0,0.0,0.0,0.0,0.0,6.0,1.0,1.0,0.0,1.0
2020,Tripura,16,Dhalai,269,Dhalai,17.0,29.0,2.0,11.0,7.0,2.0,0.0,21.0,13.0,12.0,0.0,0.0,0.0,0.0,2.0,0.0,0.0,0.0,0.0,0.0,6.0,1.0,1.0,0.0,0.0
2020,Tripura,16,Gomati,654,Gomati,16.0,36.0,0.0,14.0,12.0,0.0,0.0,27.0,13.0,66.0,2.0,0.0,3.0,0.0,0.0,1.0,0.0,0.0,0.0,2.0,11.0,1.0,3.0,0.0,60.0
2020,Tripura,16,Khowai,652,Kowai,5.0,43.0,0.0,17.0,14.0,0.0,2.0,29.0,14.0,20.0,2.0,0.0,0.0,0.0,0.0,4.0,0.0,0.0,0.0,4.0,10.0,1.0,4.0,0.0,46.0
2020,Tripura,16,North Tripura,270,North,14.0,29.0,3.0,6.0,10.0,1.0,0.0,21.0,14.0,33.0,1.0,0.0,2.0,0.0,0.0,1.0,0.0,0.0,0.0,1.0,12.0,0.0,0.0,0.0,64.0
2020,Tripura,16,Sepahijala,653,Sipahijala,0.0,0.0,0.0,0.0,12.0,0.0,0.0,27.0,15.0,0.0,0.0,0.0,0.0,0.0,0.0,0.0,0.0,0.0,0.0,0.0,0.0,0.0,0.0,0.0,0.0
2020,Tripura,16,South Tripura,271,South,18.0,29.0,6.0,11.0,22.0,1.0,0.0,32.0,12.0,56.0,2.0,1.0,5.0,0.0,1.0,13.0,0.0,3.0,0.0,4.0,16.0,1.0,0.0,0.0,12.0
2020,Tripura,16,Unakoti,655,Sipahijala,11.0,23.0,0.0,5.0,16.0,0.0,0.0,0.0,0.0,35.0,5.0,0.0,0.0,0.0,3.0,2.0,0.0,2.0,0.0,0.0,8.0,0.0,2.0,0.0,21.0
2020,Tripura,16,Unakoti,655,Unakoti,11.0,36.0,0.0,14.0,10.0,0.0,0.0,40.0,28.0,29.0,3.0,0.0,3.0,0.0,11.0,2.0,0.0,0.0,0.0,3.0,8.0,1.0,0.0,0.0,47.0
2020,Tripura,16,West Tripura,272,Grp,2.0,0.0,0.0,0.0,0.0,0.0,0.0,1.0,1.0,0.0,0.0,0.0,0.0,0.0,0.0,0.0,0.0,0.0,0.0,0.0,0.0,0.0,0.0,0.0,0.0
2020,Tripura,16,West Tripura,272,West,29.0,60.0,2.0,41.0,32.0,0.0,0.0,62.0,33.0,105.0,8.0,1.0,10.0,0.0,13.0,11.0,0.0,1.0,0.0,4.0,69.0,2.0,18.0,0.0,49.0
2020,Uttar Pradesh,9,Agra,118,Agra,115.0,223.0,0.0,218.0,203.0,1.0,4.0,323.0,209.0,240.0,75.0,1.0,2.0,0.0,0.0,84.0,0.0,6.0,0.0,0.0,282.0,63.0,0.0,5.0,279.0
2020,Uttar Pradesh,9,Aligarh,119,Aligarh,122.0,210.0,1.0,374.0,471.0,1.0,0.0,525.0,222.0,692.0,52.0,1.0,13.0,0.0,0.0,223.0,0.0,0.0,0.0,0.0,0.0,136.0,0.0,0.0,925.0
2020,Uttar Pradesh,9,Ambedkar Nagar,121,Ambedkar Nagar,32.0,93.0,0.0,142.0,160.0,0.0,0.0,130.0,50.0,129.0,36.0,0.0,0.0,0.0,0.0,78.0,0.0,0.0,0.0,0.0,77.0,9.0,0.0,0.0,16.0
2020,Uttar Pradesh,9,Amethi,640,Amethi,35.0,90.0,2.0,76.0,48.0,0.0,0.0,84.0,61.0,107.0,7.0,0.0,0.0,0.0,0.0,122.0,52.0,0.0,0.0,0.0,102.0,21.0,0.0,0.0,52.0
2020,Uttar Pradesh,9,Amroha,154,Amroha,46.0,101.0,5.0,62.0,42.0,0.0,0.0,60.0,56.0,196.0,17.0,0.0,0.0,0.0,0.0,60.0,19.0,0.0,0.0,34.0,65.0,16.0,0.0,0.0,217.0
2020,Uttar Pradesh,9,Auraiya,122,Auraiya,33.0,93.0,0.0,82.0,147.0,1.0,0.0,126.0,65.0,143.0,40.0,0.0,0.0,0.0,7.0,39.0,0.0,0.0,0.0,12.0,47.0,17.0,0.0,0.0,75.0
2020,Uttar Pradesh,9,Ayodhya,140,Ayodhya,56.0,204.0,14.0,212.0,241.0,0.0,0.0,234.0,84.0,7.0,245.0,0.0,1.0,0.0,2.0,68.0,3.0,2.0,0.0,50.0,11.0,18.0,186.0,0.0,65.0
2020,Uttar Pradesh,9,Azamgarh,123,Azamgarh,67.0,128.0,0.0,191.0,134.0,0.0,0.0,152.0,115.0,130.0,160.0,0.0,0.0,0.0,0.0,114.0,17.0,2.0,0.0,64.0,112.0,31.0,0.0,0.0,666.0
2020,Uttar Pradesh,9,Baghpat,124,Baghpat,65.0,137.0,18.0,72.0,167.0,1.0,0.0,163.0,55.0,81.0,17.0,0.0,0.0,0.0,0.0,70.0,0.0,0.0,0.0,28.0,0.0,30.0,0.0,0.0,897.0
2020,Uttar Pradesh,9,Bahraich,125,Bahraich,55.0,105.0,7.0,156.0,83.0,0.0,0.0,133.0,122.0,19.0,499.0,1.0,0.0,0.0,0.0,142.0,49.0,0.0,0.0,0.0,48.0,14.0,99.0,0.0,264.0
2020,Uttar Pradesh,9,Ballia,126,Ballia,38.0,55.0,0.0,58.0,114.0,0.0,0.0,97.0,76.0,4.0,106.0,0.0,8.0,0.0,0.0,28.0,0.0,0.0,0.0,20.0,104.0,8.0,0.0,0.0,40.0
2020,Uttar Pradesh,9,Balrampur,127,Balrampur,14.0,102.0,0.0,51.0,125.0,0.0,0.0,127.0,48.0,11.0,111.0,0.0,3.0,0.0,0.0,65.0,0.0,0.0,0.0,1.0,36.0,5.0,50.0,0.0,0.0
2020,Uttar Pradesh,9,Banda,128,Banda,44.0,107.0,1.0,83.0,142.0,1.0,0.0,231.0,117.0,114.0,54.0,1.0,7.0,0.0,1.0,65.0,1.0,4.0,0.0,37.0,40.0,17.0,1.0,0.0,105.0
2020,Uttar Pradesh,9,Bara Banki,129,Barabanki,69.0,259.0,1.0,139.0,11.0,2.0,0.0,0.0,0.0,9.0,279.0,0.0,0.0,0.0,104.0,52.0,0.0,0.0,0.0,28.0,77.0,14.0,52.0,0.0,0.0
2020,Uttar Pradesh,9,Barabanki,129,Barabanki,8.0,1.0,0.0,116.0,112.0,1.0,0.0,361.0,121.0,0.0,0.0,0.0,0.0,0.0,0.0,0.0,0.0,0.0,0.0,0.0,0.0,0.0,0.0,0.0,0.0
2020,Uttar Pradesh,9,Bareilly,130,Bareilly,107.0,119.0,0.0,236.0,57.0,0.0,0.0,211.0,187.0,640.0,54.0,0.0,0.0,0.0,0.0,180.0,0.0,0.0,0.0,0.0,350.0,34.0,0.0,0.0,2839.0
2020,Uttar Pradesh,9,Basti,131,Basti,23.0,83.0,19.0,142.0,81.0,1.0,0.0,220.0,72.0,0.0,135.0,0.0,3.0,0.0,0.0,76.0,9.0,4.0,0.0,20.0,58.0,6.0,0.0,0.0,9.0
2020,Uttar Pradesh,9,Bhadohi,179,Bhadohi,23.0,34.0,0.0,54.0,74.0,0.0,0.0,50.0,2.0,5.0,93.0,0.0,1.0,0.0,0.0,32.0,0.0,3.0,0.0,6.0,30.0,14.0,0.0,0.0,33.0
2020,Uttar Pradesh,9,Bijnor,132,Bijnor,74.0,139.0,0.0,124.0,25.0,0.0,0.0,114.0,121.0,234.0,354.0,1.0,0.0,0.0,0.0,90.0,0.0,0.0,0.0,42.0,0.0,16.0,0.0,0.0,34.0
2020,Uttar Pradesh,9,Budaun,133,Badaun,57.0,64.0,5.0,126.0,235.0,0.0,0.0,176.0,75.0,188.0,40.0,1.0,0.0,0.0,30.0,26.0,0.0,0.0,0.0,0.0,37.0,25.0,0.0,0.0,601.0
2020,Uttar Pradesh,9,Bulandshahr,134,Bulandshahar,100.0,196.0,2.0,286.0,124.0,0.0,2.0,341.0,213.0,655.0,56.0,1.0,10.0,0.0,68.0,345.0,69.0,3.0,0.0,128.0,204.0,28.0,37.0,0.0,381.0
2020,Uttar Pradesh,9,Chandauli,135,Chandoli,12.0,62.0,0.0,28.0,27.0,2.0,0.0,63.0,61.0,82.0,14.0,0.0,2.0,0.0,28.0,15.0,0.0,0.0,0.0,13.0,32.0,5.0,28.0,0.0,179.0
2020,Uttar Pradesh,9,Chitrakoot,136,Chitrakoot,27.0,97.0,27.0,89.0,17.0,0.0,0.0,112.0,55.0,31.0,10.0,0.0,4.0,0.0,0.0,35.0,0.0,0.0,0.0,9.0,30.0,2.0,0.0,0.0,146.0
2020,Uttar Pradesh,9,Deoria,137,Deoria,22.0,38.0,0.0,24.0,0.0,0.0,0.0,38.0,26.0,21.0,20.0,0.0,0.0,0.0,0.0,72.0,0.0,0.0,0.0,0.0,0.0,2.0,65.0,0.0,0.0
2020,Uttar Pradesh,9,Etah,138,Etah,26.0,54.0,0.0,126.0,75.0,0.0,0.0,60.0,52.0,106.0,33.0,0.0,0.0,0.0,0.0,36.0,0.0,3.0,0.0,14.0,175.0,7.0,0.0,0.0,42.0
2020,Uttar Pradesh,9,Etawah,139,Etawah,42.0,32.0,0.0,51.0,92.0,2.0,0.0,82.0,53.0,87.0,28.0,0.0,0.0,0.0,0.0,42.0,0.0,2.0,0.0,4.0,79.0,7.0,0.0,0.0,12.0
2020,Uttar Pradesh,9,Farrukhabad,141,Fatehgarh,66.0,120.0,0.0,23.0,104.0,0.0,0.0,178.0,71.0,130.0,39.0,0.0,5.0,0.0,0.0,43.0,0.0,0.0,0.0,0.0,106.0,22.0,0.0,0.0,733.0
2020,Uttar Pradesh,9,Fatehpur,142,Fatehpur,52.0,185.0,0.0,155.0,130.0,0.0,0.0,270.0,96.0,177.0,47.0,0.0,1.0,5.0,88.0,35.0,0.0,0.0,0.0,12.0,22.0,11.0,12.0,0.0,187.0
2020,Uttar Pradesh,9,Firozabad,143,Firozabad,111.0,200.0,5.0,277.0,320.0,0.0,0.0,377.0,88.0,265.0,50.0,1.0,14.0,0.0,37.0,89.0,21.0,5.0,4.0,6.0,7.0,44.0,0.0,0.0,957.0
2020,Uttar Pradesh,9,Gautam Buddha Nagar,144,Gautambudh Nagar,96.0,157.0,0.0,146.0,221.0,3.0,0.0,144.0,94.0,246.0,37.0,0.0,0.0,0.0,6.0,2367.0,374.0,496.0,37.0,0.0,355.0,79.0,699.0,0.0,2146.0
2020,Uttar Pradesh,9,Ghaziabad,145,Ghaziabad,57.0,187.0,3.0,124.0,109.0,0.0,2.0,231.0,120.0,184.0,28.0,1.0,10.0,0.0,0.0,929.0,20.0,14.0,13.0,52.0,164.0,40.0,131.0,1.0,325.0
2020,Uttar Pradesh,9,Ghazipur,146,Ghazipur,41.0,189.0,0.0,218.0,92.0,0.0,0.0,228.0,152.0,170.0,27.0,1.0,8.0,0.0,187.0,103.0,0.0,6.0,0.0,29.0,107.0,22.0,0.0,0.0,575.0
2020,Uttar Pradesh,9,Gonda,147,Gonda,44.0,91.0,2.0,81.0,154.0,2.0,0.0,189.0,106.0,31.0,260.0,1.0,6.0,1.0,0.0,89.0,28.0,3.0,4.0,3.0,154.0,1.0,0.0,0.0,34.0
2020,Uttar Pradesh,9,Gorakhpur,148,Gorakhpur,85.0,178.0,0.0,242.0,223.0,1.0,1.0,16.0,0.0,0.0,338.0,1.0,10.0,0.0,0.0,406.0,88.0,0.0,62.0,0.0,88.0,51.0,279.0,0.0,256.0
2020,Uttar Pradesh,9,Hamirpur,149,Hamirpur,33.0,94.0,1.0,75.0,46.0,0.0,0.0,165.0,89.0,56.0,20.0,0.0,12.0,6.0,13.0,47.0,14.0,0.0,0.0,7.0,53.0,6.0,0.0,0.0,124.0
2020,Uttar Pradesh,9,Hapur,661,Hapur,24.0,42.0,0.0,99.0,129.0,0.0,0.0,82.0,0.0,0.0,10.0,1.0,0.0,0.0,19.0,32.0,0.0,5.0,0.0,13.0,0.0,22.0,63.0,0.0,48.0
2020,Uttar Pradesh,9,Hardoi,150,Hardoi,76.0,140.0,22.0,245.0,137.0,0.0,1.0,154.0,0.0,200.0,64.0,0.0,3.0,0.0,0.0,72.0,11.0,0.0,0.0,50.0,125.0,15.0,8.0,0.0,245.0
2020,Uttar Pradesh,9,Hathras,163,Hathras,37.0,142.0,14.0,167.0,127.0,0.0,0.0,160.0,14.0,129.0,32.0,0.0,6.0,0.0,0.0,23.0,0.0,4.0,0.0,9.0,35.0,12.0,27.0,0.0,925.0
2020,Uttar Pradesh,9,Jalaun,151,Jalaun,23.0,35.0,0.0,75.0,78.0,2.0,0.0,92.0,50.0,147.0,27.0,0.0,10.0,0.0,16.0,71.0,0.0,0.0,0.0,0.0,70.0,5.0,18.0,0.0,827.0
2020,Uttar Pradesh,9,Jaunpur,152,Jaunpur,71.0,189.0,0.0,110.0,113.0,2.0,0.0,273.0,97.0,138.0,39.0,0.0,11.0,0.0,11.0,141.0,15.0,5.0,0.0,84.0,118.0,18.0,0.0,0.0,273.0
2020,Uttar Pradesh,9,Jhansi,153,Jhansi,41.0,186.0,0.0,145.0,84.0,0.0,0.0,148.0,72.0,260.0,31.0,0.0,17.0,0.0,0.0,78.0,0.0,6.0,0.0,28.0,0.0,6.0,27.0,0.0,499.0
2020,Uttar Pradesh,9,Kannauj,155,Kannauj,18.0,53.0,0.0,137.0,198.0,0.0,0.0,187.0,72.0,155.0,25.0,0.0,13.0,0.0,0.0,44.0,0.0,0.0,0.0,0.0,0.0,8.0,0.0,0.0,1000.0
2020,Uttar Pradesh,9,Kanpur Dehat,156,Kanpur Dehat,38.0,151.0,0.0,74.0,169.0,1.0,0.0,197.0,88.0,365.0,32.0,0.0,8.0,1.0,0.0,81.0,0.0,0.0,0.0,0.0,0.0,4.0,0.0,0.0,514.0
2020,Uttar Pradesh,9,Kanpur Nagar,157,Kanpur Nagar,93.0,262.0,6.0,291.0,279.0,2.0,0.0,318.0,208.0,700.0,50.0,0.0,0.0,0.0,25.0,353.0,0.0,89.0,0.0,59.0,223.0,19.0,0.0,9.0,1887.0
2020,Uttar Pradesh,9,Kasganj,633,Kasganj,48.0,262.0,26.0,285.0,159.0,0.0,0.0,259.0,74.0,177.0,20.0,1.0,2.0,0.0,0.0,56.0,16.0,6.0,0.0,8.0,46.0,5.0,49.0,0.0,1213.0
2020,Uttar Pradesh,9,Kaushambi,158,Kaushambi,57.0,155.0,0.0,190.0,121.0,0.0,0.0,289.0,60.0,71.0,22.0,0.0,0.0,0.0,0.0,80.0,0.0,0.0,0.0,0.0,73.0,19.0,0.0,0.0,1410.0
2020,Uttar Pradesh,9,Kheri,159,Khiri,75.0,177.0,12.0,180.0,434.0,0.0,0.0,237.0,145.0,324.0,51.0,1.0,0.0,0.0,0.0,98.0,0.0,0.0,0.0,0.0,89.0,17.0,0.0,0.0,268.0
2020,Uttar Pradesh,9,Kushi Nagar,160,Kushi Nagar,3.0,0.0,0.0,43.0,130.0,0.0,0.0,245.0,69.0,0.0,0.0,0.0,0.0,0.0,0.0,0.0,0.0,0.0,0.0,0.0,0.0,0.0,0.0,0.0,0.0
2020,Uttar Pradesh,9,Kushinagar,160,Kushi Nagar,27.0,101.0,0.0,104.0,183.0,0.0,0.0,0.0,0.0,51.0,19.0,0.0,0.0,0.0,88.0,68.0,0.0,0.0,0.0,20.0,26.0,7.0,19.0,0.0,0.0
2020,Uttar Pradesh,9,Lalitpur,161,Lalitpur,14.0,14.0,8.0,36.0,10.0,0.0,0.0,32.0,30.0,14.0,8.0,0.0,3.0,0.0,0.0,15.0,0.0,0.0,0.0,5.0,0.0,1.0,0.0,0.0,351.0
2020,Uttar Pradesh,9,Lucknow,162,Grp,9.0,3.0,1.0,22.0,12.0,0.0,0.0,15.0,1.0,0.0,1.0,0.0,0.0,0.0,0.0,4.0,1.0,0.0,0.0,0.0,7.0,16.0,1.0,0.0,183.0
2020,Uttar Pradesh,9,Lucknow,162,Lucknow Commissionarate,87.0,315.0,4.0,429.0,892.0,2.0,5.0,604.0,246.0,1060.0,105.0,0.0,62.0,0.0,104.0,1465.0,0.0,74.0,0.0,242.0,1341.0,136.0,334.0,3.0,612.0
2020,Uttar Pradesh,9,Lucknow,162,Lucknow Grameen,23.0,41.0,0.0,65.0,1.0,0.0,0.0,34.0,30.0,96.0,6.0,0.0,0.0,0.0,0.0,23.0,3.0,7.0,0.0,2.0,25.0,12.0,12.0,0.0,3.0
2020,Uttar Pradesh,9,Maharajganj,164,Maharajganj,5.0,0.0,0.0,0.0,15.0,0.0,0.0,260.0,234.0,0.0,0.0,0.0,0.0,0.0,0.0,0.0,0.0,0.0,0.0,0.0,0.0,0.0,0.0,0.0,0.0
2020,Uttar Pradesh,9,Mahoba,165,Mahoba,22.0,80.0,0.0,48.0,69.0,0.0,0.0,102.0,54.0,19.0,14.0,0.0,6.0,0.0,4.0,14.0,0.0,0.0,0.0,12.0,25.0,9.0,0.0,0.0,14.0
2020,Uttar Pradesh,9,Mahrajganj,164,Maharajganj,30.0,75.0,0.0,13.0,22.0,0.0,0.0,0.0,132.0,87.0,19.0,0.0,10.0,0.0,25.0,56.0,0.0,1.0,0.0,52.0,67.0,6.0,0.0,1.0,313.0
2020,Uttar Pradesh,9,Mainpuri,166,Mainpuri,75.0,68.0,4.0,104.0,176.0,0.0,0.0,131.0,94.0,144.0,55.0,0.0,12.0,0.0,266.0,19.0,0.0,0.0,0.0,0.0,82.0,21.0,0.0,0.0,36.0
2020,Uttar Pradesh,9,Mathura,167,Mathura,100.0,185.0,2.0,338.0,129.0,2.0,0.0,182.0,173.0,387.0,29.0,2.0,0.0,0.0,0.0,127.0,0.0,0.0,0.0,0.0,0.0,73.0,0.0,0.0,3230.0
2020,Uttar Pradesh,9,Mau,168,Mau,25.0,108.0,0.0,92.0,84.0,0.0,0.0,189.0,89.0,38.0,199.0,0.0,0.0,51.0,0.0,157.0,15.0,3.0,32.0,28.0,115.0,12.0,5.0,0.0,2292.0
2020,Uttar Pradesh,9,Meerut,169,Meerut,114.0,143.0,98.0,160.0,245.0,0.0,0.0,287.0,74.0,300.0,37.0,1.0,0.0,0.0,0.0,183.0,0.0,0.0,0.0,183.0,0.0,56.0,216.0,0.0,270.0
2020,Uttar Pradesh,9,Mirzapur,170,Mirzapur,27.0,73.0,0.0,47.0,42.0,0.0,0.0,139.0,64.0,100.0,12.0,0.0,12.0,17.0,32.0,65.0,12.0,1.0,0.0,2.0,33.0,2.0,26.0,0.0,280.0
2020,Uttar Pradesh,9,Moradabad,171,Moradabad,69.0,232.0,12.0,221.0,226.0,3.0,0.0,253.0,147.0,480.0,29.0,0.0,3.0,0.0,0.0,165.0,0.0,26.0,0.0,29.0,0.0,34.0,0.0,0.0,867.0
2020,Uttar Pradesh,9,Muzaffarnagar,172,Muzaffarnagar,72.0,135.0,19.0,53.0,61.0,0.0,0.0,134.0,68.0,217.0,27.0,1.0,0.0,0.0,32.0,111.0,0.0,0.0,14.0,24.0,11.0,39.0,51.0,0.0,445.0
2020,Uttar Pradesh,9,Pilibhit,173,Pilibhit,47.0,324.0,1.0,111.0,232.0,0.0,0.0,257.0,88.0,155.0,39.0,0.0,10.0,0.0,0.0,30.0,0.0,1.0,0.0,23.0,128.0,17.0,0.0,0.0,385.0
2020,Uttar Pradesh,9,Pratapgarh,174,Pratapgarh,81.0,80.0,0.0,360.0,382.0,4.0,0.0,590.0,0.0,309.0,64.0,0.0,2.0,143.0,0.0,402.0,134.0,0.0,0.0,268.0,255.0,53.0,75.0,0.0,147.0
2020,Uttar Pradesh,9,Prayagraj,120,Prayagraj,119.0,397.0,9.0,522.0,314.0,1.0,0.0,357.0,80.0,810.0,49.0,0.0,23.0,0.0,28.0,1102.0,0.0,0.0,0.0,15.0,416.0,80.0,0.0,2.0,117.0
2020,Uttar Pradesh,9,Rae Bareli,175,Raibareilly,62.0,371.0,0.0,160.0,293.0,0.0,0.0,426.0,130.0,150.0,26.0,0.0,0.0,0.0,0.0,112.0,0.0,0.0,0.0,0.0,118.0,38.0,0.0,0.0,0.0
2020,Uttar Pradesh,9,Rampur,176,Rampur,45.0,107.0,3.0,50.0,91.0,0.0,0.0,114.0,73.0,0.0,183.0,3.0,3.0,0.0,5.0,86.0,0.0,1.0,22.0,27.0,0.0,13.0,97.0,0.0,88.0
2020,Uttar Pradesh,9,Saharanpur,177,Saharanpur,43.0,146.0,0.0,145.0,96.0,0.0,0.0,132.0,124.0,324.0,27.0,0.0,4.0,0.0,23.0,102.0,2.0,6.0,0.0,65.0,197.0,28.0,42.0,0.0,239.0
2020,Uttar Pradesh,9,Sambhal,659,Sambhal,48.0,120.0,3.0,85.0,109.0,2.0,2.0,149.0,73.0,173.0,31.0,1.0,3.0,0.0,0.0,78.0,10.0,1.0,9.0,13.0,87.0,19.0,0.0,0.0,145.0
2020,Uttar Pradesh,9,Sant Kabeer Nagar,178,Sant Kabirnagar,3.0,12.0,0.0,61.0,66.0,0.0,0.0,186.0,44.0,0.0,0.0,0.0,0.0,0.0,0.0,0.0,0.0,0.0,0.0,0.0,0.0,0.0,0.0,0.0,0.0
2020,Uttar Pradesh,9,Sant Kabir Nagar,178,Sant Kabirnagar,12.0,106.0,12.0,72.0,11.0,0.0,0.0,0.0,0.0,60.0,7.0,0.0,1.0,0.0,0.0,48.0,0.0,0.0,0.0,0.0,33.0,3.0,0.0,0.0,41.0
2020,Uttar Pradesh,9,Shahjahanpur,180,Shahjahanpur,48.0,141.0,2.0,169.0,158.0,0.0,0.0,163.0,110.0,333.0,62.0,0.0,4.0,0.0,0.0,33.0,0.0,0.0,0.0,0.0,165.0,6.0,63.0,0.0,658.0
2020,Uttar Pradesh,9,Shamli,660,Shamli,26.0,54.0,0.0,93.0,47.0,0.0,0.0,67.0,64.0,55.0,8.0,0.0,0.0,0.0,13.0,37.0,0.0,3.0,0.0,25.0,0.0,18.0,25.0,0.0,259.0
2020,Uttar Pradesh,9,Shravasti,181,Shrawasti,2.0,0.0,0.0,4.0,33.0,0.0,0.0,84.0,32.0,0.0,0.0,0.0,0.0,0.0,0.0,0.0,0.0,0.0,0.0,0.0,0.0,0.0,0.0,0.0,0.0
2020,Uttar Pradesh,9,Shrawasti,181,Shrawasti,23.0,44.0,0.0,51.0,64.0,0.0,0.0,0.0,0.0,12.0,92.0,0.0,3.0,0.0,2.0,11.0,0.0,1.0,0.0,2.0,31.0,6.0,33.0,0.0,11.0
2020,Uttar Pradesh,9,Siddharth Nagar,182,Sidharthnagar,1.0,19.0,0.0,0.0,76.0,0.0,0.0,161.0,65.0,0.0,0.0,0.0,0.0,0.0,0.0,0.0,0.0,0.0,0.0,0.0,0.0,0.0,0.0,0.0,0.0
2020,Uttar Pradesh,9,Siddharthnagar,182,Sidharthnagar,14.0,127.0,19.0,81.0,11.0,0.0,0.0,0.0,1.0,6.0,81.0,1.0,5.0,0.0,0.0,28.0,0.0,0.0,0.0,0.0,27.0,0.0,0.0,0.0,270.0
2020,Uttar Pradesh,9,Sitapur,183,Sitapur,72.0,511.0,0.0,195.0,242.0,0.0,0.0,478.0,233.0,373.0,61.0,1.0,0.0,1.0,0.0,52.0,0.0,0.0,0.0,0.0,135.0,27.0,0.0,0.0,0.0
2020,Uttar Pradesh,9,Sonbhadra,184,Sonbhadra,49.0,151.0,0.0,28.0,38.0,0.0,0.0,142.0,102.0,66.0,15.0,0.0,0.0,0.0,0.0,49.0,0.0,0.0,0.0,0.0,35.0,3.0,25.0,0.0,174.0
2020,Uttar Pradesh,9,Sultanpur,185,Sultanpur,71.0,197.0,2.0,144.0,168.0,0.0,0.0,199.0,74.0,40.0,159.0,0.0,11.0,0.0,33.0,78.0,0.0,6.0,1.0,25.0,53.0,12.0,43.0,0.0,21.0
2020,Uttar Pradesh,9,Unnao,186,Unnao,53.0,220.0,0.0,186.0,275.0,0.0,0.0,330.0,158.0,247.0,29.0,0.0,11.0,0.0,28.0,77.0,0.0,1.0,0.0,39.0,53.0,18.0,67.0,0.0,0.0
2020,Uttar Pradesh,9,Varanasi,187,Varanasi,62.0,280.0,0.0,269.0,191.0,0.0,0.0,422.0,126.0,492.0,28.0,0.0,7.0,29.0,78.0,844.0,276.0,8.0,4.0,84.0,542.0,17.0,119.0,5.0,946.0
2020,Uttarakhand,5,Almora,45,Almora,0.0,10.0,0.0,4.0,8.0,0.0,0.0,14.0,7.0,4.0,0.0,0.0,3.0,0.0,0.0,8.0,1.0,0.0,0.0,5.0,0.0,0.0,0.0,0.0,50.0
2020,Uttarakhand,5,Bageshwar,46,Bageshwar,5.0,31.0,0.0,22.0,14.0,0.0,0.0,23.0,13.0,3.0,1.0,0.0,0.0,0.0,0.0,1.0,0.0,0.0,0.0,2.0,15.0,1.0,0.0,0.0,121.0
2020,Uttarakhand,5,Chamoli,47,Chamoli,2.0,14.0,5.0,6.0,3.0,0.0,0.0,12.0,2.0,1.0,0.0,0.0,0.0,0.0,0.0,4.0,0.0,0.0,0.0,5.0,0.0,0.0,0.0,0.0,7.0
2020,Uttarakhand,5,Champawat,48,Champawat,2.0,16.0,0.0,6.0,10.0,0.0,3.0,24.0,8.0,2.0,1.0,0.0,0.0,0.0,0.0,10.0,0.0,5.0,0.0,3.0,0.0,2.0,0.0,0.0,5.0
2020,Uttarakhand,5,Dehradun,49,Dehradun,22.0,219.0,0.0,117.0,62.0,1.0,6.0,232.0,121.0,162.0,137.0,0.0,0.0,0.0,50.0,43.0,0.0,8.0,0.0,19.0,0.0,19.0,312.0,5.0,33.0
2020,Uttarakhand,5,Dehradun,49,Grp,0.0,0.0,0.0,0.0,0.0,0.0,0.0,0.0,0.0,0.0,0.0,0.0,0.0,0.0,0.0,0.0,0.0,0.0,0.0,0.0,0.0,1.0,0.0,0.0,6.0
2020,Uttarakhand,5,Haridwar,50,Haridwar,60.0,410.0,0.0,147.0,189.0,0.0,2.0,244.0,147.0,98.0,21.0,1.0,0.0,0.0,0.0,12.0,0.0,0.0,0.0,0.0,5.0,39.0,5.0,1.0,1403.0
2020,Uttarakhand,5,Nainital,51,Nainital,12.0,162.0,11.0,53.0,123.0,1.0,0.0,135.0,63.0,96.0,17.0,0.0,7.0,0.0,9.0,21.0,1.0,1.0,1.0,24.0,90.0,19.0,4.0,0.0,666.0
2020,Uttarakhand,5,Pauri Garhwal,52,Pauri Garhwal,2.0,33.0,0.0,13.0,24.0,0.0,0.0,24.0,16.0,17.0,1.0,0.0,0.0,0.0,2.0,6.0,0.0,1.0,0.0,1.0,19.0,4.0,0.0,0.0,84.0
2020,Uttarakhand,5,Pithoragarh,53,Pithoragarh,4.0,28.0,0.0,32.0,11.0,0.0,1.0,27.0,14.0,2.0,1.0,0.0,0.0,0.0,3.0,4.0,1.0,0.0,0.0,4.0,1.0,1.0,0.0,0.0,123.0
2020,Uttarakhand,5,Rudra Prayag,54,Rudra Prayag,1.0,11.0,0.0,3.0,4.0,0.0,0.0,5.0,5.0,2.0,2.0,0.0,0.0,0.0,0.0,10.0,0.0,0.0,0.0,0.0,0.0,0.0,0.0,0.0,21.0
2020,Uttarakhand,5,Tehri Garhwal,55,Tehri Garhwal,4.0,23.0,1.0,0.0,11.0,0.0,3.0,19.0,13.0,5.0,3.0,0.0,0.0,0.0,7.0,10.0,0.0,3.0,0.0,6.0,15.0,1.0,0.0,0.0,79.0
2020,Uttarakhand,5,Udam Singh Nagar,56,Udham Singh Nagar,0.0,0.0,0.0,0.0,0.0,0.0,0.0,0.0,0.0,0.0,0.0,0.0,0.0,0.0,0.0,115.0,0.0,0.0,0.0,0.0,0.0,0.0,0.0,0.0,0.0
2020,Uttarakhand,5,Udam Singh Nagar,56,Udhamsingh Nagar,52.0,420.0,0.0,132.0,185.0,1.0,2.0,290.0,154.0,272.0,20.0,0.0,0.0,0.0,0.0,0.0,0.0,0.0,0.0,0.0,40.0,46.0,0.0,2.0,1543.0
2020,Uttarakhand,5,Uttar Kashi,57,Uttarkashi,2.0,40.0,0.0,8.0,8.0,0.0,0.0,17.0,10.0,4.0,1.0,0.0,0.0,0.0,0.0,3.0,0.0,0.0,0.0,0.0,0.0,1.0,0.0,0.0,202.0
2020,West Bengal,19,24 Paraganas North,303,Bangaon,1.0,0.0,0.0,1.0,20.0,0.0,1.0,90.0,54.0,0.0,0.0,0.0,4.0,0.0,0.0,0.0,0.0,0.0,0.0,0.0,0.0,0.0,0.0,0.0,0.0
2020,West Bengal,19,24 Paraganas North,303,Barasat,0.0,0.0,0.0,0.0,288.0,0.0,0.0,378.0,69.0,0.0,0.0,0.0,17.0,0.0,0.0,0.0,0.0,0.0,0.0,0.0,0.0,0.0,0.0,0.0,0.0
2020,West Bengal,19,24 Paraganas North,303,Barrackpur Pc,2.0,0.0,0.0,0.0,319.0,0.0,0.0,425.0,91.0,0.0,0.0,0.0,0.0,0.0,0.0,0.0,0.0,0.0,0.0,0.0,0.0,0.0,0.0,0.0,0.0
2020,West Bengal,19,24 Paraganas North,303,Basirhat,0.0,0.0,0.0,0.0,344.0,1.0,0.0,394.0,44.0,0.0,0.0,0.0,0.0,0.0,0.0,0.0,0.0,0.0,0.0,0.0,0.0,0.0,0.0,0.0,0.0
2020,West Bengal,19,24 Paraganas North,303,Bidhannagar Pc,1.0,0.0,0.0,0.0,62.0,0.0,0.0,108.0,44.0,0.0,0.0,0.0,0.0,0.0,0.0,0.0,0.0,0.0,0.0,0.0,0.0,0.0,0.0,0.0,0.0
2020,West Bengal,19,24 Paraganas South,304,Baruipur Police,1.0,0.0,0.0,0.0,369.0,0.0,3.0,553.0,154.0,0.0,0.0,0.0,0.0,0.0,0.0,0.0,0.0,0.0,0.0,0.0,0.0,0.0,0.0,2.0,0.0
2020,West Bengal,19,24 Paraganas South,304,Diamond Harbour Police,1.0,0.0,0.0,0.0,114.0,0.0,1.0,171.0,49.0,0.0,0.0,0.0,0.0,0.0,0.0,0.0,0.0,0.0,0.0,0.0,0.0,0.0,0.0,0.0,0.0
2020,West Bengal,19,24 Paraganas South,304,Sundarban Police,0.0,0.0,0.0,0.0,140.0,0.0,0.0,223.0,50.0,0.0,0.0,0.0,0.0,0.0,0.0,0.0,0.0,0.0,0.0,0.0,0.0,0.0,0.0,0.0,0.0
2020,West Bengal,19,Alipurduar,664,Alipurduar,45.0,93.0,9.0,46.0,232.0,1.0,0.0,209.0,82.0,259.0,13.0,1.0,13.0,0.0,10.0,3.0,0.0,0.0,0.0,0.0,22.0,7.0,7.0,1.0,119.0
2020,West Bengal,19,Bankura,305,Bankura,68.0,84.0,6.0,79.0,182.0,0.0,0.0,140.0,40.0,223.0,25.0,0.0,24.0,0.0,28.0,40.0,5.0,0.0,12.0,0.0,52.0,13.0,23.0,0.0,108.0
2020,West Bengal,19,Birbhum,307,Birbhum,84.0,125.0,16.0,39.0,291.0,3.0,0.0,279.0,86.0,259.0,11.0,4.0,22.0,5.0,13.0,57.0,4.0,1.0,20.0,0.0,118.0,15.0,4.0,0.0,118.0
2020,West Bengal,19,Cooch Behar,308,Coochbehar,71.0,186.0,32.0,37.0,375.0,3.0,0.0,0.0,0.0,424.0,23.0,0.0,24.0,0.0,0.0,10.0,0.0,0.0,0.0,0.0,65.0,10.0,0.0,2.0,1469.0
2020,West Bengal,19,Coochbehar,308,Coochbehar,0.0,0.0,0.0,0.0,307.0,0.0,0.0,435.0,128.0,0.0,0.0,0.0,0.0,0.0,0.0,0.0,0.0,0.0,0.0,0.0,0.0,0.0,0.0,0.0,0.0
2020,West Bengal,19,Dakshin Dinajpur,310,Dakshin Dinajpur,42.0,46.0,25.0,31.0,216.0,3.0,0.0,0.0,0.0,98.0,11.0,0.0,8.0,0.0,0.0,27.0,0.0,1.0,0.0,0.0,62.0,1.0,1.0,2.0,366.0
2020,West Bengal,19,Darjeeling,309,Darjeeling,19.0,61.0,6.0,60.0,115.0,0.0,2.0,126.0,42.0,116.0,1.0,0.0,4.0,0.0,0.0,18.0,0.0,0.0,0.0,0.0,46.0,13.0,3.0,0.0,350.0
2020,West Bengal,19,Darjeeling,309,Siliguri Grp,1.0,0.0,0.0,1.0,0.0,0.0,0.0,1.0,1.0,0.0,1.0,0.0,0.0,0.0,0.0,0.0,0.0,0.0,0.0,0.0,2.0,0.0,0.0,0.0,8.0
2020,West Bengal,19,Darjeeling,309,Siliguri Pc,38.0,73.0,9.0,57.0,394.0,0.0,5.0,275.0,83.0,570.0,11.0,0.0,10.0,0.0,0.0,331.0,126.0,1.0,13.0,0.0,263.0,11.0,73.0,7.0,1677.0
2020,West Bengal,19,Dinajpur Dakshin,310,Dakshin Dinajpur,3.0,0.0,0.0,0.0,224.0,1.0,0.0,350.0,28.0,0.0,0.0,0.0,0.0,12.0,0.0,0.0,0.0,0.0,0.0,0.0,0.0,0.0,0.0,0.0,0.0
2020,West Bengal,19,Dinajpur Uttar,311,Islampur,4.0,0.0,0.0,0.0,98.0,0.0,0.0,140.0,24.0,0.0,0.0,0.0,1.0,0.0,0.0,0.0,0.0,0.0,0.0,0.0,0.0,0.0,0.0,1.0,0.0
2020,West Bengal,19,Dinajpur Uttar,311,Raiganj,1.0,0.0,0.0,0.0,156.0,0.0,1.0,220.0,59.0,0.0,0.0,0.0,3.0,0.0,0.0,0.0,0.0,0.0,0.0,0.0,0.0,0.0,0.0,0.0,0.0
2020,West Bengal,19,Hooghly,312,Chandannagar Pc,19.0,45.0,2.0,11.0,135.0,2.0,0.0,111.0,35.0,368.0,5.0,0.0,15.0,0.0,0.0,8.0,0.0,0.0,0.0,0.0,215.0,2.0,5.0,1.0,796.0
2020,West Bengal,19,Hooghly,312,Hooghly Rural Police,51.0,99.0,8.0,23.0,316.0,0.0,0.0,235.0,86.0,654.0,17.0,1.0,23.0,0.0,0.0,2.0,0.0,0.0,1.0,0.0,164.0,14.0,5.0,0.0,1756.0
2020,West Bengal,19,Howrah,313,Howrah Grp,2.0,3.0,0.0,3.0,1.0,0.0,0.0,1.0,1.0,0.0,1.0,0.0,2.0,0.0,0.0,0.0,0.0,0.0,0.0,0.0,3.0,0.0,1.0,0.0,8.0
2020,West Bengal,19,Howrah,313,Howrah Pc,36.0,54.0,10.0,65.0,365.0,1.0,0.0,237.0,59.0,554.0,10.0,1.0,7.0,0.0,29.0,42.0,0.0,0.0,0.0,0.0,237.0,13.0,18.0,2.0,2517.0
2020,West Bengal,19,Howrah,313,Howrah Rural,73.0,81.0,5.0,9.0,367.0,1.0,0.0,261.0,77.0,462.0,5.0,2.0,7.0,0.0,0.0,0.0,0.0,0.0,0.0,0.0,61.0,11.0,17.0,0.0,316.0
2020,West Bengal,19,Jalpaiguri,314,Jalpaiguri,54.0,134.0,40.0,34.0,327.0,2.0,2.0,251.0,103.0,183.0,15.0,0.0,6.0,0.0,6.0,10.0,0.0,0.0,3.0,0.0,61.0,5.0,22.0,0.0,1166.0
2020,West Bengal,19,Jhargram,703,Jhargram,37.0,44.0,12.0,27.0,176.0,1.0,0.0,122.0,28.0,88.0,3.0,0.0,4.0,0.0,4.0,38.0,3.0,1.0,7.0,0.0,20.0,3.0,3.0,0.0,366.0
2020,West Bengal,19,Kalimpong,702,Kalimpong,8.0,23.0,1.0,6.0,34.0,0.0,0.0,41.0,23.0,18.0,0.0,0.0,1.0,0.0,0.0,65.0,15.0,0.0,0.0,0.0,8.0,2.0,0.0,0.0,140.0
2020,West Bengal,19,Kolkata,315,Kolkata,56.0,121.0,0.0,586.0,457.0,4.0,3.0,486.0,198.0,931.0,9.0,1.0,19.0,0.0,137.0,341.0,16.0,0.0,11.0,6.0,1593.0,24.0,87.0,20.0,2094.0
2020,West Bengal,19,Kolkata,315,Sealdah Grp,9.0,1.0,0.0,2.0,8.0,0.0,0.0,5.0,1.0,0.0,2.0,0.0,0.0,0.0,0.0,0.0,0.0,0.0,0.0,0.0,1.0,4.0,0.0,0.0,3.0
2020,West Bengal,19,Malda,316,Malda,95.0,359.0,87.0,51.0,510.0,5.0,0.0,0.0,1.0,475.0,19.0,1.0,33.0,0.0,0.0,29.0,2.0,1.0,1.0,2.0,142.0,32.0,8.0,0.0,494.0
2020,West Bengal,19,Maldah,316,Malda,6.0,0.0,0.0,0.0,433.0,0.0,0.0,609.0,164.0,0.0,0.0,0.0,3.0,0.0,0.0,0.0,0.0,0.0,0.0,0.0,0.0,0.0,0.0,0.0,0.0
2020,West Bengal,19,Medinipur East,317,Purab Medinipur,3.0,0.0,0.0,0.0,583.0,0.0,0.0,680.0,83.0,0.0,0.0,0.0,0.0,0.0,0.0,0.0,0.0,0.0,0.0,0.0,0.0,0.0,0.0,0.0,0.0
2020,West Bengal,19,Medinipur West,318,Kharagpur Grp,0.0,0.0,0.0,0.0,1.0,0.0,0.0,1.0,0.0,0.0,0.0,0.0,0.0,0.0,0.0,0.0,0.0,0.0,0.0,0.0,0.0,0.0,0.0,0.0,0.0
2020,West Bengal,19,Medinipur West,318,Paschim Medinipur,4.0,0.0,0.0,0.0,397.0,0.0,0.0,495.0,85.0,0.0,0.0,0.0,0.0,0.0,0.0,0.0,0.0,0.0,0.0,0.0,0.0,0.0,0.0,0.0,0.0
2020,West Bengal,19,Murshidabad,319,Jangipur Police District,48.0,180.0,39.0,41.0,240.0,1.0,0.0,176.0,46.0,582.0,14.0,0.0,2.0,0.0,18.0,3.0,0.0,0.0,0.0,0.0,38.0,4.0,6.0,0.0,60.0
2020,West Bengal,19,Murshidabad,319,Murshidabad Police District,160.0,438.0,135.0,91.0,928.0,3.0,6.0,655.0,204.0,1510.0,36.0,3.0,25.0,0.0,183.0,10.0,0.0,0.0,1.0,0.0,171.0,13.0,61.0,1.0,276.0
2020,West Bengal,19,Nadia,320,Krishnagar,79.0,348.0,88.0,50.0,589.0,2.0,4.0,367.0,92.0,609.0,21.0,5.0,19.0,0.0,30.0,50.0,0.0,0.0,0.0,0.0,270.0,4.0,6.0,2.0,1990.0
2020,West Bengal,19,Nadia,320,Ranaghat,30.0,138.0,24.0,7.0,522.0,0.0,0.0,355.0,70.0,770.0,37.0,2.0,12.0,1.0,0.0,1.0,0.0,0.0,0.0,0.0,45.0,4.0,1.0,1.0,1517.0
2020,West Bengal,19,North 24 Parganas,303,Bangaon,28.0,90.0,37.0,39.0,203.0,1.0,2.0,0.0,0.0,576.0,11.0,2.0,18.0,0.0,0.0,25.0,0.0,0.0,0.0,7.0,101.0,1.0,23.0,0.0,838.0
2020,West Bengal,19,North 24 Parganas,303,Barasat,39.0,132.0,18.0,63.0,242.0,1.0,4.0,0.0,1.0,693.0,23.0,0.0,16.0,0.0,0.0,21.0,0.0,1.0,6.0,4.0,151.0,13.0,41.0,2.0,1747.0
2020,West Bengal,19,North 24 Parganas,303,Barrackpur Pc,61.0,110.0,11.0,570.0,324.0,2.0,0.0,0.0,0.0,1482.0,16.0,5.0,22.0,0.0,22.0,44.0,7.0,1.0,3.0,0.0,681.0,10.0,88.0,1.0,1575.0
2020,West Bengal,19,North 24 Parganas,303,Basirhat,43.0,77.0,45.0,103.0,362.0,1.0,4.0,0.0,0.0,753.0,18.0,0.0,16.0,0.0,0.0,4.0,0.0,0.0,0.0,0.0,97.0,2.0,19.0,1.0,1018.0
2020,West Bengal,19,North 24 Parganas,303,Bidhannagar Pc,14.0,41.0,4.0,67.0,51.0,0.0,0.0,0.0,0.0,253.0,2.0,0.0,5.0,0.0,34.0,10.0,0.0,0.0,1.0,0.0,435.0,3.0,47.0,2.0,1123.0
2020,West Bengal,19,Paschim Bardhaman,704,Asansol-Durgapur Pc,54.0,93.0,13.0,29.0,149.0,6.0,0.0,144.0,54.0,552.0,16.0,0.0,19.0,0.0,0.0,48.0,7.0,2.0,12.0,0.0,185.0,11.0,93.0,1.0,162.0
2020,West Bengal,19,Paschim Medinipur,318,Kharagpur Grp,3.0,0.0,0.0,2.0,1.0,0.0,0.0,0.0,0.0,0.0,0.0,0.0,2.0,0.0,0.0,0.0,0.0,0.0,0.0,0.0,1.0,0.0,0.0,0.0,1.0
2020,West Bengal,19,Paschim Medinipur,318,Paschim Medinipur,107.0,101.0,14.0,314.0,57.0,0.0,1.0,0.0,0.0,927.0,13.0,0.0,22.0,0.0,0.0,2.0,0.0,0.0,0.0,0.0,49.0,36.0,29.0,0.0,1327.0
2020,West Bengal,19,Purba Bardhaman,306,Purba Bardhaman,104.0,94.0,40.0,140.0,613.0,0.0,0.0,391.0,84.0,1171.0,21.0,2.0,36.0,0.0,2.0,25.0,0.0,1.0,0.0,7.0,346.0,13.0,0.0,0.0,2486.0
2020,West Bengal,19,Purba Medinipur,317,Purab Medinipur,85.0,405.0,26.0,82.0,456.0,3.0,2.0,0.0,0.0,900.0,51.0,0.0,17.0,0.0,9.0,31.0,1.0,0.0,0.0,2.0,33.0,12.0,25.0,0.0,2787.0
2020,West Bengal,19,Purulia,321,Purulia,60.0,56.0,13.0,50.0,112.0,0.0,3.0,108.0,49.0,192.0,6.0,0.0,8.0,0.0,8.0,0.0,0.0,0.0,0.0,0.0,18.0,10.0,0.0,1.0,868.0
2020,West Bengal,19,South 24 Parganas,304,Baruipur Police,112.0,214.0,50.0,42.0,415.0,1.0,12.0,0.0,0.0,1634.0,12.0,1.0,12.0,0.0,53.0,11.0,0.0,0.0,0.0,0.0,411.0,9.0,3.0,3.0,4602.0
2020,West Bengal,19,South 24 Parganas,304,Diamond Harbour Police,35.0,60.0,12.0,27.0,127.0,1.0,2.0,0.0,0.0,701.0,15.0,3.0,9.0,0.0,0.0,3.0,0.0,0.0,0.0,0.0,45.0,4.0,28.0,0.0,1160.0
2020,West Bengal,19,South 24 Parganas,304,Sundarban Police,44.0,73.0,12.0,18.0,128.0,1.0,0.0,0.0,0.0,575.0,14.0,0.0,11.0,0.0,0.0,2.0,0.0,0.0,0.0,0.0,77.0,8.0,3.0,0.0,491.0
2020,West Bengal,19,Uttar Dinajpur,311,Islampur,37.0,52.0,7.0,6.0,36.0,0.0,2.0,0.0,0.0,203.0,9.0,0.0,2.0,0.0,0.0,14.0,0.0,1.0,0.0,0.0,27.0,22.0,4.0,2.0,67.0
2020,West Bengal,19,Uttar Dinajpur,311,Raiganj,45.0,91.0,16.0,25.0,186.0,1.0,2.0,0.0,9.0,198.0,5.0,0.0,12.0,0.0,57.0,22.0,4.0,5.0,0.0,0.0,60.0,11.0,2.0,0.0,484.0
2021,Andaman And Nicobar Islands,35,Nicobars,603,Nicobar,0.0,22.0,0.0,3.0,0.0,0.0,0.0,22.0,22.0,0.0,0.0,0.0,0.0,0.0,0.0,0.0,0.0,0.0,0.0,0.0,1.0,0.0,0.0,0.0,0.0
2021,Andaman And Nicobar Islands,35,North And Middle Andaman,632,North & Middle Andaman,4.0,3.0,0.0,0.0,0.0,0.0,0.0,0.0,0.0,0.0,0.0,0.0,0.0,0.0,0.0,0.0,0.0,0.0,0.0,0.0,3.0,0.0,0.0,0.0,1.0
2021,Andaman And Nicobar Islands,35,North And Middle Andaman,632,North And Middle Andaman,0.0,0.0,0.0,0.0,1.0,0.0,0.0,31.0,29.0,0.0,0.0,0.0,0.0,0.0,2.0,6.0,3.0,0.0,0.0,0.0,3.0,0.0,0.0,0.0,3.0
2021,Andaman And Nicobar Islands,35,North And Middle Andaman,632,North Andmiddle Andaman,0.0,31.0,0.0,13.0,0.0,0.0,0.0,0.0,0.0,0.0,0.0,0.0,1.0,0.0,0.0,0.0,0.0,0.0,0.0,0.0,0.0,0.0,0.0,0.0,0.0
2021,Andaman And Nicobar Islands,35,South Andamans,602,South Andaman,13.0,64.0,2.0,20.0,5.0,0.0,0.0,71.0,58.0,4.0,1.0,0.0,2.0,1.0,2.0,8.0,3.0,1.0,0.0,2.0,17.0,2.0,1.0,0.0,10.0
2021,Andhra Pradesh,28,Anantapur,502,Anantapur,4.0,83.0,0.0,51.0,14.0,0.0,0.0,301.0,1.0,0.0,0.0,0.0,0.0,17.0,0.0,0.0,0.0,0.0,0.0,0.0,0.0,0.0,0.0,0.0,0.0
2021,Andhra Pradesh,28,Anantapur,502,Guntakal Railway,1.0,0.0,0.0,1.0,0.0,0.0,0.0,2.0,0.0,0.0,0.0,0.0,0.0,0.0,0.0,0.0,0.0,0.0,0.0,0.0,0.0,0.0,0.0,0.0,0.0
2021,Andhra Pradesh,28,Ananthapuramu,502,Anantapur,107.0,137.0,112.0,490.0,10.0,1.0,3.0,0.0,0.0,375.0,9.0,0.0,37.0,0.0,142.0,107.0,27.0,1.0,11.0,4.0,616.0,17.0,4.0,0.0,775.0
2021,Andhra Pradesh,28,Ananthapuramu,502,Guntakal Railway,2.0,0.0,0.0,5.0,0.0,0.0,0.0,0.0,0.0,2.0,1.0,0.0,1.0,0.0,3.0,0.0,0.0,0.0,0.0,0.0,1.0,5.0,0.0,0.0,19.0
2021,Andhra Pradesh,28,Chittoor,503,Chittoor,70.0,88.0,5.0,155.0,19.0,3.0,4.0,107.0,77.0,321.0,18.0,0.0,26.0,0.0,31.0,96.0,33.0,2.0,6.0,8.0,150.0,14.0,19.0,4.0,6580.0
2021,Andhra Pradesh,28,East Godavari,505,East Godavari,65.0,261.0,60.0,557.0,84.0,0.0,3.0,206.0,32.0,443.0,15.0,0.0,27.0,1.0,128.0,200.0,88.0,0.0,3.0,6.0,387.0,22.0,8.0,5.0,267.0
2021,Andhra Pradesh,28,East Godavari,505,Rajahmundry,28.0,123.0,41.0,250.0,47.0,1.0,0.0,127.0,2.0,261.0,4.0,0.0,9.0,7.0,88.0,169.0,65.0,2.0,5.0,6.0,250.0,33.0,2.0,4.0,427.0
2021,Andhra Pradesh,28,Guntur,506,Guntur,69.0,138.0,64.0,705.0,107.0,1.0,0.0,217.0,0.0,614.0,3.0,1.0,45.0,6.0,80.0,196.0,58.0,0.0,12.0,4.0,720.0,14.0,1.0,9.0,678.0
2021,Andhra Pradesh,28,Guntur,506,Guntur Urban,40.0,119.0,39.0,622.0,82.0,0.0,36.0,149.0,3.0,257.0,7.0,0.0,21.0,1.0,60.0,404.0,144.0,8.0,14.0,0.0,677.0,25.0,1.0,20.0,406.0
2021,Andhra Pradesh,28,Krishna,510,Krishna,45.0,137.0,46.0,630.0,112.0,0.0,4.0,166.0,0.0,372.0,7.0,1.0,24.0,1.0,127.0,92.0,22.0,0.0,21.0,0.0,396.0,9.0,2.0,4.0,1764.0
2021,Andhra Pradesh,28,Kurnool,511,Kurnool,91.0,130.0,49.0,823.0,62.0,0.0,0.0,114.0,24.0,334.0,7.0,1.0,49.0,0.0,34.0,160.0,0.0,0.0,0.0,0.0,635.0,29.0,0.0,6.0,1127.0
2021,Andhra Pradesh,28,Ntr,749,Vijayawada City,49.0,172.0,49.0,593.0,81.0,0.0,10.0,260.0,6.0,773.0,2.0,1.0,29.0,8.0,86.0,255.0,97.0,5.0,14.0,8.0,504.0,38.0,52.0,0.0,712.0
2021,Andhra Pradesh,28,Ntr,749,Vijayawada Railway,1.0,0.0,0.0,3.0,2.0,0.0,0.0,2.0,0.0,0.0,0.0,0.0,2.0,0.0,3.0,2.0,1.0,0.0,0.0,0.0,2.0,1.0,0.0,0.0,2.0
2021,Andhra Pradesh,28,Prakasam,517,Prakasham,67.0,123.0,15.0,609.0,3.0,0.0,1.0,91.0,86.0,394.0,6.0,0.0,26.0,0.0,0.0,134.0,46.0,2.0,11.0,2.0,432.0,23.0,55.0,4.0,1319.0
2021,Andhra Pradesh,28,Spsr Nellore,515,Nellore,2.0,42.0,0.0,13.0,5.0,0.0,1.0,113.0,2.0,0.0,0.0,0.0,0.0,12.0,0.0,0.0,0.0,0.0,0.0,0.0,0.0,0.0,0.0,0.0,0.0
2021,Andhra Pradesh,28,Sri Potti Sriramulu Nellore,515,Nellore,76.0,90.0,52.0,378.0,11.0,0.0,2.0,0.0,0.0,361.0,3.0,1.0,26.0,0.0,39.0,123.0,41.0,1.0,8.0,4.0,275.0,16.0,5.0,0.0,2417.0
2021,Andhra Pradesh,28,Srikakulam,519,Srikakulam,25.0,118.0,28.0,197.0,12.0,0.0,3.0,74.0,0.0,211.0,6.0,0.0,19.0,1.0,38.0,120.0,38.0,3.0,3.0,2.0,100.0,3.0,1.0,0.0,534.0
2021,Andhra Pradesh,28,Tirupati,752,Tirupathi Urban,20.0,77.0,18.0,102.0,9.0,2.0,15.0,65.0,40.0,140.0,4.0,0.0,13.0,0.0,24.0,415.0,174.0,1.0,25.0,12.0,285.0,18.0,69.0,0.0,2222.0
2021,Andhra Pradesh,28,Visakhapatanam,520,Visakha Rural,0.0,29.0,0.0,16.0,25.0,0.0,0.0,81.0,0.0,0.0,0.0,0.0,1.0,0.0,0.0,0.0,0.0,0.0,0.0,0.0,0.0,0.0,0.0,0.0,0.0
2021,Andhra Pradesh,28,Visakhapatanam,520,Visakhapatnam,3.0,61.0,0.0,41.0,34.0,0.0,0.0,185.0,20.0,0.0,0.0,0.0,0.0,3.0,0.0,0.0,0.0,0.0,0.0,0.0,0.0,0.0,0.0,0.0,0.0
2021,Andhra Pradesh,28,Visakhapatnam,520,Visakha Rural,36.0,89.0,29.0,196.0,26.0,0.0,0.0,0.0,0.0,174.0,3.0,1.0,13.0,0.0,10.0,65.0,26.0,3.0,4.0,2.0,154.0,11.0,13.0,2.0,999.0
2021,Andhra Pradesh,28,Visakhapatnam,520,Visakhapatnam,41.0,291.0,61.0,552.0,18.0,0.0,0.0,0.0,3.0,1105.0,6.0,0.0,9.0,0.0,75.0,632.0,283.0,10.0,15.0,20.0,501.0,17.0,10.0,0.0,1237.0
2021,Andhra Pradesh,28,Vizianagaram,521,Vizianagaram,28.0,183.0,39.0,373.0,111.0,0.0,0.0,169.0,35.0,219.0,3.0,1.0,8.0,3.0,37.0,205.0,85.0,4.0,0.0,0.0,163.0,11.0,4.0,0.0,1163.0
2021,Andhra Pradesh,28,West Godavari,523,West Godavari,55.0,171.0,14.0,317.0,14.0,0.0,26.0,150.0,134.0,407.0,8.0,0.0,20.0,5.0,75.0,174.0,56.0,4.0,12.0,8.0,667.0,16.0,4.0,12.0,5663.0
2021,Andhra Pradesh,28,Y.S.R.,504,Cuddapah,66.0,65.0,20.0,327.0,17.0,1.0,4.0,90.0,7.0,330.0,7.0,0.0,7.0,3.0,26.0,20.0,0.0,2.0,0.0,3.0,184.0,11.0,43.0,0.0,1218.0
2021,Arunachal Pradesh,12,Anjaw,628,Anjaw,0.0,2.0,1.0,2.0,0.0,0.0,0.0,3.0,1.0,0.0,0.0,0.0,0.0,0.0,0.0,0.0,0.0,0.0,0.0,0.0,1.0,0.0,0.0,0.0,5.0
2021,Arunachal Pradesh,12,Changlang,229,Changlang,6.0,10.0,4.0,2.0,7.0,0.0,0.0,7.0,0.0,0.0,0.0,0.0,0.0,0.0,0.0,0.0,0.0,0.0,0.0,0.0,3.0,2.0,2.0,0.0,11.0
2021,Arunachal Pradesh,12,Dibang Valley,230,Dibang Valley,0.0,0.0,0.0,1.0,0.0,0.0,0.0,0.0,0.0,0.0,0.0,0.0,0.0,0.0,0.0,0.0,0.0,0.0,0.0,0.0,0.0,0.0,0.0,0.0,4.0
2021,Arunachal Pradesh,12,East Kameng,231,Kameng East,0.0,8.0,3.0,0.0,1.0,0.0,0.0,3.0,0.0,4.0,0.0,0.0,1.0,0.0,0.0,1.0,0.0,0.0,0.0,0.0,7.0,3.0,2.0,0.0,13.0
2021,Arunachal Pradesh,12,East Kameng,231,Kameng West,0.0,0.0,0.0,0.0,2.0,0.0,0.0,5.0,0.0,0.0,0.0,0.0,0.0,0.0,0.0,0.0,0.0,0.0,0.0,0.0,0.0,0.0,0.0,0.0,0.0
2021,Arunachal Pradesh,12,East Siang,232,Siang East,1.0,14.0,7.0,6.0,12.0,0.0,0.0,16.0,2.0,3.0,0.0,0.0,0.0,0.0,0.0,0.0,0.0,0.0,0.0,0.0,12.0,4.0,1.0,0.0,43.0
2021,Arunachal Pradesh,12,Kamle,718,Kamle,0.0,4.0,2.0,1.0,0.0,0.0,0.0,2.0,0.0,0.0,0.0,0.0,0.0,0.0,0.0,1.0,0.0,0.0,0.0,2.0,1.0,1.0,0.0,0.0,6.0
2021,Arunachal Pradesh,12,Kra Daadi,677,Kra Dadi,0.0,0.0,0.0,1.0,1.0,0.0,0.0,0.0,0.0,0.0,0.0,0.0,0.0,0.0,0.0,0.0,0.0,0.0,0.0,0.0,0.0,1.0,0.0,0.0,4.0
2021,Arunachal Pradesh,12,Kurung Kumey,233,Kurung Kumey,2.0,6.0,0.0,3.0,0.0,0.0,0.0,4.0,2.0,4.0,0.0,0.0,0.0,1.0,0.0,0.0,0.0,0.0,0.0,0.0,4.0,0.0,1.0,0.0,6.0
2021,Arunachal Pradesh,12,Leparada,724,Leparada,0.0,0.0,0.0,4.0,1.0,0.0,0.0,2.0,0.0,0.0,0.0,0.0,0.0,0.0,0.0,1.0,0.0,0.0,0.0,0.0,2.0,0.0,0.0,0.0,2.0
2021,Arunachal Pradesh,12,Lohit,234,Lohit,1.0,6.0,1.0,11.0,5.0,0.0,0.0,12.0,0.0,4.0,0.0,0.0,0.0,0.0,5.0,0.0,0.0,0.0,0.0,0.0,5.0,0.0,0.0,0.0,15.0
2021,Arunachal Pradesh,12,Longding,666,Longding,3.0,6.0,3.0,0.0,1.0,0.0,0.0,4.0,0.0,0.0,0.0,0.0,0.0,0.0,0.0,0.0,0.0,0.0,0.0,0.0,0.0,3.0,0.0,0.0,4.0
2021,Arunachal Pradesh,12,Lower Dibang Valley,235,Lower Dibang Valley,2.0,12.0,5.0,0.0,6.0,0.0,0.0,9.0,0.0,2.0,0.0,0.0,0.0,0.0,0.0,3.0,0.0,0.0,0.0,3.0,1.0,4.0,0.0,0.0,5.0
2021,Arunachal Pradesh,12,Lower Siang,719,Lower Siang,3.0,3.0,0.0,1.0,3.0,0.0,0.0,2.0,0.0,2.0,0.0,0.0,0.0,0.0,0.0,0.0,0.0,0.0,0.0,0.0,2.0,1.0,1.0,0.0,13.0
2021,Arunachal Pradesh,12,Lower Subansiri,236,Subansiri Lower,0.0,7.0,0.0,1.0,2.0,0.0,0.0,8.0,5.0,0.0,0.0,0.0,0.0,2.0,0.0,0.0,0.0,0.0,0.0,0.0,0.0,0.0,1.0,0.0,10.0
2021,Arunachal Pradesh,12,Namsai,678,Namsai,5.0,7.0,1.0,0.0,2.0,0.0,0.0,8.0,3.0,2.0,0.0,0.0,0.0,0.0,0.0,2.0,0.0,0.0,0.0,0.0,0.0,3.0,0.0,0.0,6.0
2021,Arunachal Pradesh,12,Pakke Kessang,723,Pakkessang,0.0,1.0,0.0,5.0,0.0,0.0,2.0,3.0,1.0,2.0,0.0,0.0,0.0,0.0,0.0,0.0,0.0,0.0,0.0,0.0,0.0,0.0,0.0,0.0,2.0
2021,Arunachal Pradesh,12,Papum Pare,237,Crime Branch,0.0,0.0,0.0,0.0,0.0,0.0,0.0,0.0,0.0,0.0,0.0,0.0,0.0,0.0,0.0,2.0,0.0,0.0,0.0,4.0,4.0,0.0,0.0,0.0,0.0
2021,Arunachal Pradesh,12,Papum Pare,237,Papum Pare City,9.0,72.0,26.0,33.0,52.0,0.0,0.0,55.0,0.0,81.0,0.0,0.0,0.0,0.0,0.0,32.0,0.0,31.0,0.0,1.0,27.0,30.0,8.0,0.0,31.0
2021,Arunachal Pradesh,12,Papum Pare,237,Papum Pare Rural,2.0,0.0,0.0,1.0,0.0,0.0,0.0,0.0,0.0,0.0,0.0,0.0,0.0,0.0,0.0,0.0,0.0,0.0,0.0,0.0,8.0,3.0,3.0,0.0,37.0
2021,Arunachal Pradesh,12,Shi Yomi,725,Shiyomi,0.0,0.0,0.0,0.0,0.0,0.0,0.0,1.0,1.0,0.0,0.0,0.0,0.0,0.0,0.0,0.0,0.0,0.0,0.0,0.0,1.0,0.0,0.0,0.0,2.0
2021,Arunachal Pradesh,12,Siang,679,Siang,3.0,2.0,1.0,4.0,0.0,0.0,0.0,5.0,0.0,0.0,0.0,0.0,0.0,1.0,0.0,4.0,2.0,0.0,0.0,0.0,4.0,0.0,1.0,0.0,3.0
2021,Arunachal Pradesh,12,Tawang,238,Tawang,2.0,2.0,1.0,2.0,0.0,0.0,0.0,1.0,0.0,0.0,0.0,0.0,0.0,0.0,0.0,0.0,0.0,0.0,0.0,0.0,2.0,0.0,0.0,0.0,3.0
2021,Arunachal Pradesh,12,Tirap,239,Tirap,1.0,1.0,1.0,3.0,0.0,0.0,0.0,1.0,1.0,2.0,0.0,0.0,0.0,0.0,0.0,0.0,0.0,0.0,0.0,0.0,2.0,1.0,2.0,0.0,11.0
2021,Arunachal Pradesh,12,Upper Siang,240,Siang Upper,2.0,5.0,0.0,2.0,0.0,0.0,0.0,3.0,3.0,0.0,0.0,0.0,0.0,0.0,0.0,0.0,0.0,0.0,0.0,0.0,1.0,0.0,0.0,0.0,12.0
2021,Arunachal Pradesh,12,Upper Subansiri,241,Subansiri Upper,2.0,7.0,0.0,1.0,2.0,0.0,0.0,6.0,4.0,5.0,0.0,0.0,0.0,0.0,0.0,3.0,0.0,0.0,0.0,4.0,4.0,0.0,1.0,0.0,6.0
2021,Arunachal Pradesh,12,West Kameng,242,Kameng West,4.0,2.0,0.0,6.0,1.0,0.0,0.0,0.0,0.0,2.0,0.0,0.0,0.0,0.0,0.0,0.0,0.0,0.0,0.0,0.0,14.0,1.0,1.0,0.0,30.0
2021,Arunachal Pradesh,12,West Siang,243,Siang West,2.0,7.0,1.0,8.0,1.0,0.0,0.0,2.0,0.0,0.0,0.0,0.0,0.0,0.0,0.0,2.0,0.0,0.0,1.0,0.0,4.0,0.0,1.0,0.0,2.0
2021,Assam,18,Baksa,616,Baksa,32.0,85.0,9.0,61.0,63.0,0.0,17.0,127.0,41.0,151.0,29.0,0.0,0.0,0.0,6.0,52.0,0.0,6.0,0.0,32.0,68.0,16.0,21.0,2.0,11.0
2021,Assam,18,Barpeta,280,Barpeta,48.0,326.0,66.0,707.0,542.0,7.0,26.0,383.0,136.0,817.0,13.0,0.0,0.0,0.0,0.0,109.0,0.0,0.0,0.0,0.0,373.0,72.0,26.0,0.0,1056.0
2021,Assam,18,Biswanath,705,Biswanath,36.0,60.0,16.0,76.0,84.0,0.0,26.0,129.0,21.0,173.0,1.0,0.0,3.0,0.0,0.0,26.0,5.0,0.0,5.0,7.0,41.0,15.0,13.0,0.0,52.0
2021,Assam,18,Bongaigaon,281,Bongaigaon,28.0,156.0,19.0,117.0,163.0,0.0,7.0,147.0,83.0,322.0,2.0,0.0,0.0,0.0,0.0,115.0,0.0,31.0,0.0,0.0,179.0,65.0,0.0,0.0,613.0
2021,Assam,18,Cachar,282,Cachar,52.0,172.0,0.0,137.0,250.0,0.0,0.0,309.0,70.0,594.0,8.0,0.0,0.0,0.0,40.0,208.0,0.0,0.0,0.0,0.0,124.0,111.0,0.0,1.0,1298.0
2021,Assam,18,Charaideo,708,Charaideo,32.0,70.0,4.0,28.0,76.0,0.0,0.0,78.0,37.0,38.0,6.0,0.0,3.0,0.0,0.0,30.0,0.0,5.0,0.0,14.0,49.0,9.0,0.0,0.0,21.0
2021,Assam,18,Chirang,612,Chirang,13.0,86.0,3.0,18.0,106.0,0.0,5.0,99.0,48.0,148.0,4.0,0.0,0.0,0.0,0.0,29.0,0.0,2.0,0.0,23.0,75.0,17.0,0.0,0.0,296.0
2021,Assam,18,Darrang,283,Darrang,22.0,224.0,15.0,249.0,217.0,0.0,3.0,94.0,52.0,495.0,6.0,0.0,0.0,0.0,49.0,33.0,0.0,0.0,0.0,66.0,198.0,19.0,15.0,0.0,394.0
2021,Assam,18,Dhemaji,284,Dhemaji,23.0,132.0,14.0,95.0,119.0,0.0,1.0,113.0,32.0,181.0,9.0,0.0,3.0,0.0,0.0,51.0,0.0,2.0,0.0,31.0,111.0,26.0,2.0,1.0,19.0
2021,Assam,18,Dhubri,285,Dhubri,36.0,409.0,98.0,567.0,264.0,5.0,2.0,313.0,125.0,1078.0,90.0,0.0,0.0,20.0,0.0,1752.0,509.0,12.0,319.0,32.0,866.0,54.0,28.0,1.0,911.0
2021,Assam,18,Dibrugarh,286,Dibrugarh,74.0,108.0,0.0,65.0,224.0,0.0,6.0,116.0,67.0,397.0,79.0,1.0,0.0,0.0,0.0,155.0,0.0,22.0,0.0,27.0,332.0,40.0,36.0,2.0,1241.0
2021,Assam,18,Dima Hasao,299,Dima Hasao,7.0,11.0,0.0,1.0,13.0,2.0,0.0,9.0,7.0,3.0,0.0,0.0,2.0,0.0,0.0,9.0,0.0,4.0,0.0,2.0,31.0,6.0,4.0,0.0,16.0
2021,Assam,18,Goalpara,287,Goalpara,40.0,242.0,21.0,46.0,163.0,0.0,0.0,205.0,41.0,170.0,0.0,0.0,0.0,0.0,0.0,51.0,0.0,0.0,0.0,90.0,138.0,25.0,85.0,0.0,0.0
2021,Assam,18,Golaghat,288,Golaghat,41.0,122.0,7.0,72.0,280.0,0.0,2.0,95.0,48.0,362.0,16.0,0.0,1.0,0.0,0.0,146.0,0.0,39.0,0.0,72.0,114.0,8.0,7.0,0.0,927.0
2021,Assam,18,Hailakandi,289,Hailakandi,15.0,277.0,17.0,172.0,102.0,5.0,0.0,114.0,54.0,409.0,4.0,0.0,0.0,0.0,0.0,36.0,0.0,6.0,0.0,16.0,78.0,32.0,48.0,0.0,86.0
2021,Assam,18,Hojai,709,Hojai,30.0,169.0,27.0,159.0,201.0,2.0,6.0,183.0,58.0,595.0,16.0,0.0,0.0,0.0,2.0,80.0,0.0,1.0,1.0,63.0,0.0,25.0,10.0,0.0,85.0
2021,Assam,18,Jorhat,290,Jorhat,38.0,92.0,19.0,202.0,147.0,0.0,0.0,99.0,51.0,541.0,1.0,0.0,0.0,0.0,0.0,196.0,0.0,55.0,0.0,75.0,224.0,77.0,159.0,0.0,595.0
2021,Assam,18,Kamrup,291,Kamrup,101.0,317.0,67.0,319.0,374.0,0.0,22.0,269.0,113.0,493.0,83.0,1.0,11.0,0.0,45.0,226.0,0.0,59.0,9.0,90.0,23.0,129.0,368.0,1.0,1850.0
2021,Assam,18,Kamrup Metro,618,Bieo,0.0,0.0,0.0,0.0,0.0,0.0,0.0,0.0,0.0,0.0,0.0,0.0,0.0,0.0,0.0,0.0,0.0,0.0,0.0,0.0,2.0,0.0,3.0,0.0,0.0
2021,Assam,18,Kamrup Metro,618,Cid,1.0,2.0,0.0,0.0,0.0,0.0,0.0,0.0,0.0,0.0,0.0,0.0,0.0,0.0,0.0,3.0,0.0,3.0,0.0,0.0,9.0,0.0,0.0,0.0,0.0
2021,Assam,18,Kamrup Metro,618,Grp,10.0,0.0,0.0,5.0,0.0,0.0,17.0,3.0,0.0,0.0,0.0,0.0,0.0,0.0,0.0,0.0,0.0,0.0,0.0,0.0,21.0,1.0,0.0,0.0,49.0
2021,Assam,18,Kamrup Metro,618,Guwahati City,65.0,163.0,10.0,241.0,614.0,5.0,10.0,445.0,81.0,936.0,31.0,1.0,21.0,0.0,0.0,1283.0,0.0,186.0,0.0,316.0,1251.0,850.0,140.0,7.0,1495.0
2021,Assam,18,Kamrup Metro,618,Rpo,2.0,12.0,0.0,2.0,1.0,0.0,0.0,7.0,6.0,5.0,0.0,0.0,0.0,0.0,0.0,0.0,0.0,0.0,0.0,0.0,4.0,0.0,0.0,0.0,38.0
2021,Assam,18,Kamrup Metro,618,Sou,0.0,0.0,0.0,0.0,0.0,0.0,0.0,0.0,0.0,0.0,0.0,0.0,0.0,0.0,0.0,0.0,0.0,0.0,0.0,0.0,0.0,0.0,0.0,0.0,0.0
2021,Assam,18,Kamrup Metro,618,Stf,0.0,0.0,0.0,0.0,0.0,0.0,0.0,0.0,0.0,0.0,0.0,0.0,0.0,0.0,0.0,0.0,0.0,0.0,0.0,0.0,1.0,0.0,0.0,0.0,0.0
2021,Assam,18,Karbi Anglong,292,Karbi Anglong,36.0,74.0,2.0,19.0,101.0,2.0,0.0,124.0,22.0,82.0,4.0,0.0,0.0,0.0,10.0,25.0,0.0,0.0,0.0,7.0,45.0,10.0,3.0,0.0,73.0
2021,Assam,18,Karimganj,293,Karimganj,45.0,132.0,18.0,81.0,90.0,4.0,3.0,74.0,44.0,471.0,16.0,4.0,0.0,0.0,15.0,43.0,0.0,11.0,0.0,30.0,93.0,33.0,20.0,0.0,831.0
2021,Assam,18,Kokrajhar,294,Kokrajhar,30.0,163.0,5.0,94.0,81.0,0.0,8.0,97.0,68.0,226.0,17.0,0.0,0.0,0.0,0.0,117.0,1.0,0.0,0.0,0.0,116.0,10.0,0.0,0.0,627.0
2021,Assam,18,Lakhimpur,295,Lakhimpur,51.0,160.0,15.0,157.0,125.0,0.0,19.0,154.0,86.0,434.0,92.0,1.0,0.0,0.0,0.0,53.0,0.0,0.0,0.0,23.0,234.0,27.0,7.0,2.0,24.0
2021,Assam,18,Majuli,706,Majuli,3.0,12.0,1.0,15.0,21.0,0.0,1.0,27.0,11.0,30.0,4.0,0.0,0.0,0.0,0.0,10.0,0.0,0.0,0.0,0.0,13.0,1.0,0.0,0.0,50.0
2021,Assam,18,Marigaon,296,Morigaon,33.0,329.0,15.0,118.0,490.0,0.0,45.0,482.0,134.0,827.0,87.0,1.0,22.0,0.0,41.0,122.0,0.0,0.0,31.0,24.0,237.0,58.0,0.0,0.0,317.0
2021,Assam,18,Nagaon,297,Nagaon,81.0,294.0,39.0,114.0,462.0,2.0,8.0,254.0,89.0,945.0,93.0,0.0,6.0,0.0,0.0,177.0,0.0,21.0,0.0,85.0,344.0,98.0,66.0,5.0,2012.0
2021,Assam,18,Nalbari,298,Nalbari,27.0,68.0,13.0,136.0,103.0,0.0,2.0,97.0,31.0,277.0,53.0,0.0,1.0,0.0,11.0,83.0,0.0,10.0,0.0,52.0,148.0,42.0,19.0,0.0,6.0
2021,Assam,18,Sivasagar,300,Sibsagar,27.0,151.0,6.0,119.0,195.0,0.0,6.0,152.0,39.0,354.0,0.0,0.0,0.0,0.0,14.0,85.0,0.0,23.0,0.0,84.0,161.0,18.0,15.0,2.0,137.0
2021,Assam,18,Sonitpur,301,Sonitpur,58.0,168.0,0.0,250.0,166.0,0.0,0.0,86.0,80.0,555.0,0.0,0.0,0.0,0.0,0.0,294.0,0.0,0.0,30.0,0.0,412.0,57.0,0.0,0.0,77.0
2021,Assam,18,South Salmara Mancachar,707,South Salmara,17.0,141.0,13.0,38.0,54.0,1.0,3.0,107.0,44.0,337.0,10.0,1.0,1.0,0.0,0.0,19.0,0.0,0.0,0.0,12.0,69.0,9.0,15.0,0.0,377.0
2021,Assam,18,Tinsukia,302,Sadia,14.0,41.0,0.0,0.0,10.0,0.0,0.0,33.0,9.0,37.0,0.0,0.0,0.0,0.0,0.0,8.0,0.0,0.0,0.0,16.0,0.0,1.0,0.0,0.0,102.0
2021,Assam,18,Tinsukia,302,Tinsukia,62.0,171.0,22.0,96.0,198.0,0.0,0.0,197.0,63.0,300.0,5.0,0.0,0.0,0.0,0.0,180.0,0.0,58.0,0.0,15.0,260.0,92.0,13.0,0.0,100.0
2021,Assam,18,Udalguri,617,Udalguri,36.0,79.0,3.0,108.0,138.0,0.0,26.0,52.0,41.0,149.0,1.0,0.0,9.0,0.0,0.0,46.0,0.0,0.0,0.0,0.0,44.0,19.0,3.0,0.0,0.0
2021,Assam,18,West Karbi Anglong,710,Hamren,10.0,21.0,0.0,4.0,0.0,0.0,1.0,9.0,9.0,19.0,0.0,0.0,0.0,0.0,0.0,0.0,0.0,0.0,0.0,0.0,7.0,1.0,0.0,0.0,104.0
2021,Bihar,10,Araria,188,Araria,76.0,192.0,0.0,7.0,207.0,4.0,4.0,502.0,36.0,51.0,97.0,0.0,0.0,288.0,0.0,42.0,21.0,0.0,0.0,0.0,46.0,67.0,51.0,2.0,21.0
2021,Bihar,10,Arwal,611,Arwal,12.0,31.0,0.0,4.0,29.0,0.0,0.0,56.0,17.0,11.0,25.0,0.0,1.0,10.0,21.0,55.0,27.0,0.0,0.0,2.0,32.0,18.0,4.0,4.0,27.0
2021,Bihar,10,Aurangabad,189,Aurangabad,60.0,145.0,0.0,9.0,129.0,0.0,2.0,131.0,42.0,42.0,74.0,0.0,0.0,0.0,35.0,58.0,29.0,0.0,0.0,0.0,126.0,46.0,0.0,0.0,31.0
2021,Bihar,10,Banka,190,Banka,52.0,78.0,0.0,6.0,126.0,2.0,0.0,81.0,24.0,10.0,73.0,0.0,0.0,0.0,5.0,36.0,16.0,1.0,1.0,0.0,34.0,40.0,21.0,0.0,17.0
2021,Bihar,10,Begusarai,191,Begusarai,102.0,78.0,0.0,4.0,145.0,0.0,0.0,47.0,17.0,28.0,59.0,0.0,0.0,0.0,0.0,66.0,33.0,0.0,0.0,0.0,91.0,109.0,31.0,3.0,33.0
2021,Bihar,10,Bhagalpur,192,Bhagalpur,91.0,195.0,0.0,10.0,321.0,0.0,0.0,209.0,55.0,70.0,154.0,0.0,0.0,0.0,0.0,78.0,39.0,0.0,0.0,0.0,193.0,100.0,25.0,6.0,39.0
2021,Bihar,10,Bhagalpur,192,Naugachia,35.0,16.0,0.0,5.0,115.0,1.0,0.0,11.0,9.0,8.0,34.0,1.0,0.0,0.0,0.0,48.0,24.0,0.0,0.0,0.0,45.0,54.0,0.0,0.0,28.0
2021,Bihar,10,Bhojpur,193,Bhojpur,97.0,161.0,4.0,4.0,278.0,0.0,0.0,200.0,43.0,80.0,202.0,0.0,0.0,0.0,7.0,46.0,23.0,0.0,0.0,0.0,48.0,79.0,52.0,1.0,23.0
2021,Bihar,10,Buxar,194,Buxar,41.0,144.0,0.0,5.0,138.0,0.0,0.0,130.0,13.0,35.0,79.0,0.0,0.0,0.0,20.0,18.0,9.0,0.0,0.0,0.0,30.0,28.0,17.0,0.0,9.0
2021,Bihar,10,Darbhanga,195,Darbhanga,57.0,116.0,0.0,50.0,293.0,0.0,0.0,227.0,32.0,37.0,136.0,0.0,0.0,0.0,0.0,60.0,30.0,0.0,0.0,0.0,65.0,39.0,0.0,0.0,40.0
2021,Bihar,10,Gaya,196,Gaya,129.0,129.0,0.0,22.0,357.0,5.0,9.0,98.0,62.0,105.0,173.0,0.0,0.0,0.0,35.0,98.0,49.0,0.0,0.0,0.0,284.0,99.0,249.0,0.0,49.0
2021,Bihar,10,Gopalganj,197,Gopalganj,82.0,223.0,0.0,0.0,271.0,2.0,0.0,245.0,13.0,51.0,126.0,0.0,0.0,0.0,22.0,34.0,17.0,0.0,0.0,0.0,149.0,63.0,6.0,0.0,17.0
2021,Bihar,10,Jamui,198,Jamui,47.0,59.0,0.0,3.0,135.0,0.0,0.0,47.0,7.0,17.0,60.0,0.0,0.0,0.0,5.0,140.0,70.0,0.0,0.0,0.0,70.0,39.0,0.0,0.0,70.0
2021,Bihar,10,Jehanabad,199,Jehanabad,22.0,26.0,0.0,0.0,81.0,0.0,0.0,62.0,24.0,12.0,51.0,0.0,0.0,12.0,63.0,40.0,20.0,0.0,0.0,0.0,97.0,23.0,26.0,0.0,20.0
2021,Bihar,10,Kaimur (Bhabua),200,Kaimur(Bhabhua),35.0,76.0,0.0,16.0,87.0,0.0,6.0,82.0,23.0,8.0,47.0,0.0,0.0,0.0,0.0,30.0,15.0,0.0,0.0,0.0,48.0,10.0,3.0,1.0,15.0
2021,Bihar,10,Katihar,201,Katihar,77.0,155.0,0.0,6.0,162.0,1.0,5.0,76.0,48.0,42.0,122.0,0.0,0.0,0.0,0.0,30.0,15.0,0.0,0.0,0.0,125.0,49.0,36.0,0.0,15.0
2021,Bihar,10,Katihar,201,Katihar Railway,3.0,0.0,0.0,1.0,7.0,0.0,8.0,8.0,0.0,1.0,0.0,0.0,0.0,0.0,0.0,1.0,0.0,1.0,0.0,0.0,0.0,3.0,0.0,0.0,4.0
2021,Bihar,10,Khagaria,202,Khagaria,59.0,118.0,0.0,3.0,162.0,0.0,0.0,105.0,14.0,17.0,62.0,0.0,0.0,0.0,0.0,8.0,4.0,0.0,0.0,0.0,93.0,32.0,0.0,0.0,4.0
2021,Bihar,10,Kishanganj,203,Kishanganj,25.0,105.0,0.0,3.0,102.0,2.0,5.0,71.0,24.0,33.0,80.0,0.0,0.0,0.0,32.0,24.0,6.0,0.0,0.0,0.0,41.0,30.0,9.0,6.0,19.0
2021,Bihar,10,Lakhisarai,204,Lakhisarai,35.0,57.0,0.0,2.0,136.0,0.0,0.0,89.0,18.0,24.0,37.0,1.0,0.0,0.0,22.0,21.0,1.0,1.0,3.0,8.0,19.0,10.0,0.0,0.0,10.0
2021,Bihar,10,Madhepura,205,Madhepura,102.0,110.0,1.0,2.0,135.0,4.0,4.0,317.0,21.0,23.0,56.0,0.0,0.0,145.0,0.0,20.0,5.0,3.0,2.0,0.0,66.0,133.0,0.0,0.0,10.0
2021,Bihar,10,Madhubani,206,Madhubani,61.0,128.0,0.0,5.0,174.0,2.0,0.0,143.0,64.0,151.0,63.0,0.0,0.0,0.0,8.0,24.0,12.0,0.0,0.0,0.0,50.0,34.0,14.0,0.0,13.0
2021,Bihar,10,Munger,207,Jamalpur Railway,6.0,2.0,0.0,1.0,2.0,0.0,0.0,2.0,0.0,0.0,0.0,0.0,0.0,0.0,4.0,6.0,2.0,0.0,1.0,0.0,5.0,4.0,0.0,0.0,5.0
2021,Bihar,10,Munger,207,Munger,42.0,95.0,8.0,12.0,215.0,0.0,0.0,159.0,17.0,27.0,68.0,0.0,4.0,0.0,27.0,20.0,10.0,0.0,0.0,0.0,110.0,21.0,14.0,0.0,10.0
2021,Bihar,10,Muzaffarpur,208,Muzaffarpur,115.0,430.0,0.0,31.0,654.0,0.0,0.0,381.0,68.0,105.0,199.0,0.0,0.0,0.0,0.0,54.0,27.0,0.0,0.0,0.0,278.0,85.0,68.0,3.0,27.0
2021,Bihar,10,Muzaffarpur,208,Muzaffarpur Railway,6.0,0.0,0.0,3.0,4.0,0.0,48.0,27.0,1.0,0.0,0.0,0.0,0.0,0.0,0.0,0.0,0.0,0.0,0.0,0.0,4.0,2.0,0.0,0.0,18.0
2021,Bihar,10,Nalanda,209,Nalanda,117.0,40.0,0.0,1.0,457.0,3.0,0.0,184.0,56.0,102.0,186.0,0.0,0.0,0.0,0.0,74.0,37.0,0.0,0.0,0.0,379.0,100.0,26.0,2.0,37.0
2021,Bihar,10,Nawada,210,Nawadah,78.0,130.0,0.0,3.0,244.0,2.0,2.0,233.0,42.0,39.0,62.0,0.0,0.0,12.0,70.0,38.0,19.0,0.0,0.0,0.0,116.0,27.0,54.0,2.0,19.0
2021,Bihar,10,Pashchim Champaran,211,Bagaha,33.0,84.0,4.0,16.0,121.0,0.0,5.0,113.0,21.0,31.0,39.0,0.0,0.0,0.0,0.0,28.0,14.0,0.0,0.0,0.0,32.0,11.0,17.0,0.0,14.0
2021,Bihar,10,Pashchim Champaran,211,Bettiah,52.0,117.0,0.0,0.0,181.0,4.0,0.0,209.0,116.0,73.0,189.0,0.0,0.0,4.0,0.0,76.0,38.0,0.0,0.0,0.0,119.0,22.0,82.0,3.0,38.0
2021,Bihar,10,Patna,212,Anti Terrorist Squad,0.0,0.0,0.0,0.0,0.0,0.0,0.0,0.0,0.0,0.0,0.0,0.0,0.0,0.0,0.0,0.0,0.0,0.0,0.0,0.0,0.0,0.0,0.0,0.0,0.0
2021,Bihar,10,Patna,212,Economic Offences Unit,0.0,0.0,0.0,0.0,0.0,0.0,0.0,0.0,0.0,0.0,0.0,0.0,0.0,0.0,0.0,22.0,11.0,0.0,0.0,0.0,0.0,0.0,0.0,0.0,11.0
2021,Bihar,10,Patna,212,Patna,207.0,252.0,0.0,32.0,944.0,5.0,2.0,339.0,104.0,206.0,395.0,0.0,0.0,0.0,25.0,860.0,430.0,0.0,0.0,0.0,2066.0,190.0,0.0,1.0,430.0
2021,Bihar,10,Patna,212,Patna Railway,6.0,0.0,0.0,0.0,2.0,0.0,8.0,4.0,0.0,0.0,1.0,0.0,0.0,0.0,9.0,0.0,0.0,0.0,0.0,0.0,4.0,16.0,0.0,0.0,10.0
2021,Bihar,10,Purbi Champaran,213,Motihari,165.0,155.0,0.0,0.0,403.0,4.0,2.0,624.0,120.0,152.0,178.0,0.0,0.0,142.0,0.0,100.0,50.0,0.0,0.0,0.0,97.0,134.0,182.0,0.0,50.0
2021,Bihar,10,Purnia,214,Purnea,102.0,252.0,0.0,4.0,365.0,1.0,0.0,233.0,65.0,86.0,76.0,0.0,0.0,0.0,0.0,18.0,9.0,0.0,0.0,0.0,113.0,100.0,42.0,0.0,31.0
2021,Bihar,10,Rohtas,215,Rohtas,73.0,151.0,0.0,6.0,220.0,0.0,0.0,158.0,40.0,42.0,121.0,0.0,0.0,0.0,7.0,56.0,28.0,0.0,0.0,0.0,188.0,86.0,0.0,1.0,34.0
2021,Bihar,10,Saharsa,216,Saharsa,45.0,24.0,0.0,2.0,118.0,0.0,0.0,11.0,5.0,14.0,62.0,0.0,0.0,0.0,0.0,28.0,14.0,0.0,0.0,0.0,86.0,60.0,0.0,0.0,14.0
2021,Bihar,10,Samastipur,217,Samastipur,103.0,268.0,0.0,62.0,313.0,4.0,0.0,255.0,47.0,31.0,118.0,0.0,0.0,0.0,0.0,46.0,23.0,0.0,0.0,0.0,146.0,105.0,14.0,2.0,103.0
2021,Bihar,10,Saran,218,Saran,118.0,131.0,25.0,18.0,509.0,0.0,3.0,188.0,36.0,115.0,271.0,0.0,0.0,0.0,93.0,102.0,51.0,0.0,0.0,0.0,315.0,183.0,30.0,1.0,52.0
2021,Bihar,10,Sheikhpura,219,Sheikhpura,10.0,9.0,0.0,6.0,40.0,0.0,0.0,66.0,26.0,14.0,47.0,0.0,0.0,21.0,0.0,4.0,2.0,0.0,0.0,0.0,73.0,16.0,18.0,0.0,2.0
2021,Bihar,10,Sheohar,220,Sheohar,14.0,47.0,0.0,1.0,54.0,0.0,0.0,40.0,9.0,11.0,34.0,0.0,0.0,0.0,0.0,14.0,7.0,0.0,0.0,0.0,22.0,9.0,9.0,0.0,10.0
2021,Bihar,10,Sitamarhi,221,Sitamarhi,62.0,85.0,0.0,9.0,375.0,0.0,8.0,175.0,77.0,68.0,166.0,0.0,0.0,0.0,0.0,62.0,31.0,0.0,0.0,0.0,31.0,87.0,97.0,6.0,54.0
2021,Bihar,10,Siwan,222,Siwan,101.0,187.0,0.0,2.0,251.0,2.0,0.0,180.0,28.0,27.0,109.0,0.0,0.0,0.0,0.0,40.0,20.0,0.0,0.0,0.0,149.0,104.0,20.0,0.0,28.0
2021,Bihar,10,Supaul,223,Supaul,33.0,101.0,0.0,0.0,162.0,2.0,0.0,136.0,47.0,20.0,77.0,0.0,0.0,0.0,0.0,24.0,12.0,0.0,0.0,0.0,29.0,96.0,44.0,0.0,12.0
2021,Bihar,10,Vaishali,224,Vaishali,113.0,229.0,15.0,20.0,418.0,1.0,0.0,240.0,40.0,50.0,154.0,0.0,0.0,0.0,388.0,166.0,83.0,0.0,0.0,0.0,61.0,125.0,87.0,2.0,87.0
2021,Chandigarh,4,Chandigarh,44,Chandigarh,19.0,156.0,46.0,55.0,260.0,2.0,3.0,234.0,1.0,95.0,5.0,0.0,1.0,3.0,67.0,26.0,2.0,0.0,1.0,5.0,136.0,23.0,0.0,0.0,197.0
2021,Chhattisgarh,22,Balod,646,Balod,10.0,104.0,1.0,36.0,41.0,0.0,4.0,156.0,86.0,17.0,4.0,0.0,6.0,1.0,91.0,17.0,7.0,1.0,0.0,3.0,41.0,12.0,3.0,0.0,670.0
2021,Chhattisgarh,22,Baloda Bazar,644,Balodbazar,6.0,101.0,2.0,80.0,238.0,0.0,0.0,294.0,147.0,24.0,3.0,0.0,6.0,18.0,0.0,0.0,0.0,0.0,0.0,0.0,0.0,0.0,0.0,0.0,0.0
2021,Chhattisgarh,22,Balodabazar-Bhatapara,644,Balodbazar,27.0,33.0,0.0,0.0,0.0,0.0,0.0,0.0,0.0,0.0,0.0,0.0,0.0,0.0,167.0,14.0,0.0,0.0,0.0,2.0,19.0,32.0,2.0,0.0,18.0
2021,Chhattisgarh,22,Balrampur,649,Balrampur,1.0,0.0,0.0,0.0,45.0,0.0,2.0,178.0,128.0,0.0,0.0,0.0,2.0,0.0,0.0,0.0,0.0,0.0,0.0,0.0,0.0,0.0,0.0,0.0,0.0
2021,Chhattisgarh,22,Balrampur Ramanujganj,649,Balrampur,52.0,261.0,0.0,48.0,44.0,0.0,2.0,0.0,0.0,26.0,1.0,0.0,8.0,0.0,101.0,6.0,2.0,0.0,1.0,0.0,0.0,9.0,0.0,0.0,643.0
2021,Chhattisgarh,22,Bastar,374,Jagdalpur,32.0,184.0,0.0,29.0,36.0,0.0,2.0,164.0,107.0,14.0,2.0,0.0,1.0,2.0,65.0,41.0,17.0,0.0,0.0,0.0,36.0,5.0,0.0,0.0,364.0
2021,Chhattisgarh,22,Bemetara,650,Bemetra,23.0,115.0,0.0,46.0,95.0,0.0,0.0,165.0,57.0,25.0,5.0,0.0,5.0,1.0,49.0,32.0,3.0,0.0,0.0,12.0,30.0,10.0,0.0,0.0,992.0
2021,Chhattisgarh,22,Bijapur,636,Bizapur,36.0,38.0,0.0,5.0,20.0,0.0,0.0,30.0,20.0,0.0,0.0,0.0,0.0,0.0,0.0,1.0,0.0,0.0,0.0,0.0,0.0,7.0,0.0,0.0,72.0
2021,Chhattisgarh,22,Bilaspur,375,Bilaspur,56.0,238.0,0.0,111.0,302.0,0.0,0.0,414.0,60.0,126.0,7.0,0.0,13.0,47.0,262.0,24.0,0.0,0.0,0.0,22.0,233.0,83.0,0.0,0.0,0.0
2021,Chhattisgarh,22,Dakshin Bastar Dantewada,376,Dantewara,27.0,34.0,0.0,4.0,12.0,0.0,2.0,0.0,0.0,4.0,0.0,0.0,0.0,0.0,27.0,13.0,0.0,0.0,0.0,2.0,19.0,11.0,0.0,0.0,3.0
2021,Chhattisgarh,22,Dantewada,376,Dantewara,0.0,0.0,0.0,0.0,14.0,0.0,1.0,35.0,19.0,0.0,0.0,0.0,0.0,0.0,0.0,0.0,0.0,0.0,0.0,0.0,0.0,0.0,0.0,0.0,0.0
2021,Chhattisgarh,22,Dhamtari,377,Dhamtari,18.0,101.0,0.0,39.0,82.0,0.0,0.0,146.0,74.0,12.0,3.0,0.0,4.0,1.0,51.0,35.0,2.0,0.0,1.0,11.0,25.0,11.0,0.0,0.0,820.0
2021,Chhattisgarh,22,Durg,378,Durg,43.0,212.0,1.0,122.0,420.0,0.0,3.0,489.0,131.0,138.0,5.0,0.0,5.0,108.0,290.0,16.0,0.0,0.0,0.0,18.0,112.0,94.0,0.0,1.0,0.0
2021,Chhattisgarh,22,Gariyaband,645,Gariyaband,20.0,87.0,0.0,31.0,42.0,0.0,0.0,120.0,56.0,4.0,1.0,0.0,1.0,18.0,63.0,47.0,19.0,0.0,1.0,0.0,41.0,3.0,4.0,0.0,36.0
2021,Chhattisgarh,22,Gaurela Pendra Marwahi,734,Gaurela-Pendra-Marwari,13.0,41.0,0.0,16.0,24.0,0.0,2.0,0.0,0.0,7.0,0.0,0.0,2.0,0.0,29.0,1.0,0.0,0.0,0.0,0.0,12.0,10.0,1.0,0.0,30.0
2021,Chhattisgarh,22,Gaurella Pendra Marwahi,734,Gaurela-Pendra-Marwari,2.0,0.0,0.0,0.0,29.0,0.0,0.0,83.0,33.0,0.0,0.0,0.0,0.0,5.0,0.0,0.0,0.0,0.0,0.0,0.0,0.0,0.0,0.0,0.0,0.0
2021,Chhattisgarh,22,Janjgir-Champa,379,Janjgir,67.0,203.0,0.0,109.0,331.0,2.0,0.0,458.0,136.0,56.0,1.0,0.0,3.0,63.0,348.0,5.0,0.0,0.0,0.0,10.0,75.0,35.0,0.0,0.0,14.0
2021,Chhattisgarh,22,Jashpur,380,Jashpur,57.0,244.0,0.0,32.0,89.0,0.0,16.0,212.0,120.0,9.0,2.0,0.0,5.0,5.0,54.0,0.0,0.0,0.0,0.0,0.0,32.0,26.0,0.0,0.0,75.0
2021,Chhattisgarh,22,Kabeerdham,382,Kabirdham,19.0,98.0,0.0,78.0,71.0,0.0,0.0,0.0,0.0,25.0,0.0,0.0,3.0,0.0,61.0,16.0,0.0,0.0,0.0,4.0,20.0,12.0,2.0,0.0,146.0
2021,Chhattisgarh,22,Kabirdham,382,Kabirdham,0.0,0.0,0.0,0.0,89.0,0.0,0.0,169.0,61.0,0.0,0.0,0.0,0.0,8.0,0.0,0.0,0.0,0.0,0.0,0.0,0.0,0.0,0.0,0.0,0.0
2021,Chhattisgarh,22,Kanker,381,Kanker,2.0,0.0,0.0,0.0,39.0,0.0,1.0,148.0,71.0,0.0,0.0,0.0,1.0,0.0,0.0,0.0,0.0,0.0,0.0,0.0,0.0,0.0,0.0,0.0,0.0
2021,Chhattisgarh,22,Kondagaon,643,Kondagaon,20.0,69.0,0.0,28.0,94.0,2.0,3.0,114.0,57.0,2.0,2.0,0.0,5.0,0.0,0.0,22.0,2.0,2.0,2.0,16.0,17.0,4.0,2.0,0.0,198.0
2021,Chhattisgarh,22,Korba,383,Korba,49.0,173.0,0.0,64.0,177.0,1.0,0.0,237.0,95.0,30.0,4.0,0.0,11.0,15.0,70.0,12.0,0.0,0.0,0.0,14.0,53.0,31.0,0.0,0.0,417.0
2021,Chhattisgarh,22,Korea,384,Koriya,40.0,170.0,0.0,90.0,129.0,0.0,0.0,181.0,102.0,38.0,1.0,0.0,8.0,8.0,20.0,11.0,2.0,1.0,2.0,2.0,36.0,7.0,0.0,0.0,51.0
2021,Chhattisgarh,22,Mahasamund,385,Mahasamund,25.0,106.0,0.0,21.0,88.0,0.0,0.0,150.0,46.0,12.0,1.0,0.0,0.0,0.0,67.0,0.0,0.0,0.0,0.0,0.0,19.0,14.0,0.0,0.0,91.0
2021,Chhattisgarh,22,Mungeli,647,Mungali,16.0,72.0,0.0,33.0,109.0,0.0,0.0,118.0,49.0,28.0,2.0,0.0,7.0,1.0,96.0,0.0,0.0,0.0,0.0,0.0,28.0,3.0,0.0,0.0,29.0
2021,Chhattisgarh,22,Narayanpur,637,Narayanpur,24.0,41.0,0.0,3.0,9.0,0.0,0.0,35.0,23.0,0.0,0.0,0.0,0.0,0.0,7.0,3.0,1.0,0.0,0.0,2.0,8.0,3.0,0.0,0.0,3.0
2021,Chhattisgarh,22,Raigarh,386,Raigarh,78.0,190.0,0.0,96.0,160.0,2.0,0.0,323.0,127.0,46.0,7.0,0.0,0.0,14.0,107.0,5.0,0.0,0.0,0.0,4.0,78.0,34.0,0.0,2.0,832.0
2021,Chhattisgarh,22,Raipur,387,Grp Raipur,2.0,4.0,0.0,0.0,11.0,0.0,3.0,13.0,4.0,0.0,0.0,0.0,0.0,1.0,9.0,0.0,0.0,0.0,0.0,0.0,1.0,3.0,0.0,0.0,0.0
2021,Chhattisgarh,22,Raipur,387,Raipur,74.0,346.0,0.0,160.0,430.0,0.0,0.0,787.0,219.0,149.0,9.0,0.0,9.0,35.0,417.0,91.0,14.0,2.0,0.0,77.0,0.0,83.0,0.0,0.0,386.0
2021,Chhattisgarh,22,Rajnandgaon,388,Rajnandgaon,54.0,172.0,1.0,79.0,170.0,0.0,0.0,267.0,90.0,52.0,9.0,0.0,7.0,1.0,37.0,12.0,6.0,0.0,0.0,0.0,61.0,26.0,3.0,0.0,30.0
2021,Chhattisgarh,22,Sukma,642,Sukma,30.0,28.0,0.0,0.0,15.0,0.0,0.0,31.0,10.0,1.0,0.0,0.0,2.0,0.0,0.0,2.0,0.0,0.0,0.0,0.0,9.0,6.0,1.0,0.0,52.0
2021,Chhattisgarh,22,Surajpur,648,Surajpur,48.0,216.0,0.0,40.0,71.0,0.0,3.0,222.0,101.0,51.0,0.0,0.0,12.0,18.0,123.0,45.0,8.0,1.0,3.0,2.0,20.0,9.0,6.0,0.0,49.0
2021,Chhattisgarh,22,Surguja,389,Sarguja,69.0,244.0,1.0,61.0,179.0,0.0,10.0,262.0,126.0,60.0,4.0,0.0,8.0,10.0,69.0,16.0,0.0,0.0,0.0,32.0,105.0,34.0,0.0,0.0,54.0
2021,Chhattisgarh,22,Uttar Bastar Kanker,381,Kanker,28.0,131.0,0.0,26.0,0.0,0.0,1.0,0.0,0.0,8.0,0.0,0.0,3.0,0.0,56.0,11.0,1.0,0.0,1.0,14.0,17.0,8.0,0.0,0.0,388.0
2021,Delhi,7,Central,77,Central,21.0,231.0,0.0,223.0,377.0,6.0,2.0,284.0,57.0,87.0,5.0,1.0,2.0,0.0,251.0,14.0,0.0,0.0,0.0,12.0,169.0,142.0,2.0,0.0,205.0
2021,Delhi,7,East,78,East,22.0,206.0,0.0,156.0,512.0,4.0,7.0,439.0,67.0,258.0,9.0,1.0,2.0,11.0,111.0,21.0,1.0,0.0,4.0,11.0,174.0,186.0,5.0,0.0,65.0
2021,Delhi,7,New Delhi,79,Economic Offences Wing,0.0,0.0,0.0,0.0,0.0,0.0,0.0,0.0,0.0,0.0,0.0,0.0,0.0,0.0,0.0,1.0,0.0,0.0,0.0,0.0,120.0,0.0,49.0,0.0,0.0
2021,Delhi,7,New Delhi,79,Eow,0.0,0.0,0.0,0.0,0.0,0.0,0.0,0.0,0.0,0.0,0.0,0.0,0.0,0.0,0.0,0.0,0.0,0.0,0.0,0.0,0.0,0.0,0.0,0.0,0.0
2021,Delhi,7,New Delhi,79,Igi Airport,1.0,2.0,0.0,9.0,0.0,0.0,0.0,0.0,0.0,0.0,0.0,0.0,0.0,0.0,2.0,0.0,0.0,0.0,0.0,0.0,56.0,0.0,65.0,1.0,6.0
2021,Delhi,7,New Delhi,79,New Delhi,2.0,31.0,0.0,38.0,45.0,0.0,0.0,46.0,13.0,10.0,0.0,0.0,1.0,0.0,27.0,15.0,1.0,0.0,0.0,0.0,137.0,10.0,39.0,0.0,55.0
2021,Delhi,7,New Delhi,79,Outer North,56.0,192.0,0.0,105.0,1130.0,1.0,46.0,815.0,122.0,253.0,9.0,1.0,7.0,0.0,226.0,18.0,0.0,1.0,2.0,15.0,126.0,206.0,4.0,0.0,113.0
2021,Delhi,7,New Delhi,79,Railway,3.0,2.0,0.0,2.0,14.0,0.0,2.0,16.0,3.0,0.0,0.0,0.0,0.0,0.0,2.0,0.0,0.0,0.0,0.0,0.0,6.0,2.0,0.0,0.0,12.0
2021,Delhi,7,New Delhi,79,Spuwac,0.0,0.0,0.0,0.0,0.0,0.0,0.0,0.0,0.0,62.0,0.0,0.0,0.0,0.0,0.0,0.0,0.0,0.0,0.0,0.0,0.0,0.0,0.0,0.0,0.0
2021,Delhi,7,New Delhi,79,Vigilance,0.0,0.0,0.0,0.0,0.0,0.0,0.0,0.0,0.0,0.0,0.0,0.0,0.0,0.0,0.0,0.0,0.0,0.0,0.0,0.0,0.0,0.0,0.0,0.0,0.0
2021,Delhi,7,North,80,North,24.0,118.0,0.0,134.0,489.0,0.0,6.0,280.0,35.0,251.0,4.0,0.0,1.0,1.0,263.0,59.0,20.0,2.0,1.0,15.0,110.0,170.0,1.0,0.0,205.0
2021,Delhi,7,North East,81,North-East,45.0,247.0,2.0,119.0,875.0,0.0,15.0,674.0,135.0,458.0,26.0,1.0,3.0,0.0,247.0,35.0,3.0,1.0,6.0,14.0,138.0,253.0,0.0,1.0,101.0
2021,Delhi,7,North West,82,Crime Branch,0.0,0.0,0.0,2.0,0.0,0.0,3.0,1.0,0.0,0.0,0.0,0.0,0.0,0.0,0.0,16.0,6.0,0.0,0.0,0.0,0.0,2.0,28.0,0.0,8.0
2021,Delhi,7,North West,82,Metro,0.0,0.0,0.0,9.0,0.0,0.0,0.0,0.0,0.0,1.0,0.0,0.0,0.0,0.0,13.0,0.0,0.0,0.0,0.0,0.0,15.0,0.0,0.0,0.0,4.0
2021,Delhi,7,North West,82,North-West,35.0,274.0,0.0,138.0,569.0,0.0,10.0,472.0,124.0,288.0,3.0,0.0,1.0,0.0,340.0,14.0,0.0,2.0,0.0,14.0,162.0,187.0,6.0,0.0,142.0
2021,Delhi,7,North West,82,Outer,48.0,226.0,0.0,145.0,914.0,3.0,21.0,663.0,121.0,222.0,13.0,0.0,1.0,0.0,274.0,14.0,1.0,2.0,0.0,13.0,198.0,219.0,3.0,1.0,65.0
2021,Delhi,7,North West,82,Rohini,51.0,225.0,0.0,152.0,611.0,0.0,6.0,532.0,123.0,390.0,15.0,1.0,5.0,0.0,181.0,16.0,0.0,0.0,0.0,26.0,132.0,120.0,0.0,0.0,120.0
2021,Delhi,7,North West,82,Spl Cell,0.0,0.0,0.0,8.0,0.0,0.0,0.0,2.0,3.0,0.0,0.0,0.0,0.0,0.0,2.0,25.0,0.0,0.0,0.0,0.0,0.0,0.0,5.0,0.0,4.0
2021,Delhi,7,Shahdara,671,Shahdara,13.0,147.0,0.0,135.0,351.0,4.0,7.0,326.0,71.0,424.0,9.0,3.0,2.0,13.0,196.0,28.0,2.0,1.0,0.0,21.0,157.0,138.0,1.0,0.0,29.0
2021,Delhi,7,South,83,South,38.0,259.0,2.0,156.0,549.0,0.0,6.0,436.0,98.0,356.0,14.0,2.0,0.0,1.0,182.0,19.0,0.0,5.0,0.0,23.0,285.0,198.0,3.0,0.0,120.0
2021,Delhi,7,South East,670,South-East,35.0,362.0,0.0,294.0,806.0,3.0,4.0,656.0,177.0,239.0,18.0,0.0,3.0,0.0,263.0,37.0,0.0,5.0,0.0,40.0,463.0,160.0,4.0,0.0,219.0
2021,Delhi,7,South West,84,Dwarka,44.0,340.0,0.0,338.0,802.0,1.0,4.0,639.0,128.0,793.0,12.0,0.0,7.0,4.0,209.0,55.0,7.0,0.0,2.0,50.0,305.0,150.0,12.0,0.0,76.0
2021,Delhi,7,South West,84,South-West,20.0,249.0,0.0,147.0,545.0,0.0,0.0,413.0,81.0,179.0,9.0,0.0,2.0,0.0,193.0,26.0,0.0,3.0,0.0,27.0,122.0,72.0,10.0,1.0,68.0
2021,Delhi,7,West,85,West,30.0,231.0,0.0,177.0,537.0,0.0,19.0,424.0,100.0,464.0,11.0,0.0,5.0,3.0,125.0,14.0,0.0,3.0,0.0,13.0,319.0,144.0,3.0,0.0,191.0
2021,Goa,30,North Goa,551,Cid,0.0,6.0,2.0,3.0,0.0,0.0,15.0,6.0,0.0,0.0,0.0,0.0,0.0,0.0,0.0,35.0,13.0,1.0,0.0,8.0,30.0,0.0,1.0,0.0,15.0
2021,Goa,30,North Goa,551,North Goa,10.0,78.0,24.0,68.0,58.0,0.0,7.0,98.0,1.0,1.0,0.0,0.0,1.0,10.0,6.0,11.0,4.0,0.0,0.0,2.0,40.0,18.0,3.0,1.0,9.0
2021,Goa,30,South Goa,552,South Goa,17.0,60.0,21.0,42.0,25.0,0.0,3.0,47.0,1.0,0.0,0.0,0.0,0.0,4.0,7.0,16.0,4.0,0.0,2.0,0.0,22.0,10.0,1.0,0.0,11.0
2021,Gujarat,24,Ahmadabad,438,Ahmedabad City,108.0,461.0,0.0,141.0,209.0,5.0,3.0,691.0,397.0,801.0,0.0,5.0,50.0,13.0,460.0,817.0,327.0,30.0,13.0,49.0,760.0,138.0,118.0,7.0,1318.0
2021,Gujarat,24,Ahmadabad,438,Ahmedabad Rural,26.0,93.0,6.0,15.0,22.0,2.0,0.0,84.0,56.0,15.0,0.0,0.0,12.0,0.0,14.0,2.0,0.0,0.0,0.0,0.0,40.0,29.0,35.0,0.0,3955.0
2021,Gujarat,24,Ahmadabad,438,Cyber Ahmedabad Range,0.0,0.0,0.0,5.0,0.0,0.0,0.0,1.0,1.0,0.0,0.0,0.0,0.0,0.0,0.0,113.0,21.0,23.0,5.0,2.0,21.0,0.0,12.0,0.0,64.0
2021,Gujarat,24,Ahmadabad,438,W.Rly Ahmedabad,3.0,1.0,0.0,2.0,2.0,0.0,0.0,10.0,2.0,1.0,0.0,0.0,0.0,0.0,0.0,0.0,0.0,0.0,0.0,0.0,0.0,0.0,0.0,0.0,0.0
2021,Gujarat,24,Ahmadabad,438,Western Railway Ahmedabad,4.0,0.0,0.0,0.0,0.0,0.0,0.0,0.0,0.0,0.0,0.0,0.0,0.0,0.0,6.0,0.0,0.0,0.0,0.0,0.0,4.0,4.0,1.0,0.0,148.0
2021,Gujarat,24,Amreli,439,Amreli,21.0,109.0,0.0,19.0,33.0,0.0,0.0,118.0,47.0,56.0,0.0,0.0,17.0,0.0,52.0,29.0,5.0,5.0,0.0,1.0,25.0,9.0,8.0,0.0,1826.0
2021,Gujarat,24,Anand,440,Anand,32.0,124.0,0.0,21.0,37.0,1.0,0.0,147.0,73.0,41.0,1.0,1.0,9.0,1.0,67.0,61.0,18.0,1.0,2.0,6.0,80.0,16.0,20.0,2.0,1559.0
2021,Gujarat,24,Arvalli,672,Arvalli,19.0,42.0,0.0,9.0,52.0,0.0,0.0,46.0,22.0,11.0,0.0,0.0,7.0,0.0,0.0,2.0,0.0,2.0,0.0,0.0,37.0,15.0,7.0,0.0,664.0
2021,Gujarat,24,Banas Kantha,441,Banaskantha,34.0,125.0,0.0,23.0,83.0,1.0,2.0,125.0,73.0,53.0,0.0,0.0,1.0,0.0,22.0,64.0,11.0,8.0,0.0,0.0,84.0,30.0,41.0,4.0,1195.0
2021,Gujarat,24,Bharuch,442,Bharuch,46.0,84.0,0.0,12.0,63.0,0.0,2.0,127.0,63.0,42.0,0.0,1.0,12.0,3.0,35.0,64.0,19.0,1.0,0.0,2.0,59.0,22.0,27.0,0.0,1306.0
2021,Gujarat,24,Bhavnagar,443,Bhavnagar,36.0,126.0,0.0,17.0,37.0,2.0,0.0,124.0,89.0,75.0,1.0,0.0,19.0,1.0,42.0,34.0,13.0,0.0,0.0,4.0,47.0,13.0,11.0,0.0,5996.0
2021,Gujarat,24,Bhavnagar,443,Cyber Bhavnagar Range,0.0,0.0,0.0,0.0,0.0,0.0,0.0,0.0,0.0,0.0,0.0,0.0,0.0,0.0,1.0,17.0,6.0,2.0,1.0,1.0,0.0,0.0,0.0,0.0,7.0
2021,Gujarat,24,Botad,676,Botad,12.0,40.0,0.0,4.0,15.0,0.0,0.0,51.0,33.0,3.0,0.0,0.0,7.0,0.0,20.0,5.0,0.0,0.0,0.0,7.0,9.0,1.0,7.0,0.0,86.0
2021,Gujarat,24,Chhotaudepur,668,Chhotaudepur,25.0,129.0,0.0,10.0,16.0,0.0,0.0,118.0,89.0,4.0,0.0,0.0,6.0,2.0,32.0,20.0,2.0,1.0,0.0,0.0,16.0,2.0,5.0,0.0,171.0
2021,Gujarat,24,Dang,444,Dang,2.0,6.0,0.0,0.0,0.0,0.0,0.0,4.0,4.0,0.0,0.0,0.0,0.0,0.0,2.0,0.0,0.0,0.0,0.0,0.0,2.0,1.0,3.0,0.0,0.0
2021,Gujarat,24,Devbhumi Dwarka,674,Devbhumi Dwarka,12.0,37.0,0.0,5.0,21.0,0.0,0.0,46.0,15.0,38.0,0.0,0.0,6.0,0.0,28.0,12.0,1.0,1.0,1.0,8.0,3.0,3.0,9.0,0.0,344.0
2021,Gujarat,24,Dohad,445,Dahod,23.0,171.0,1.0,11.0,67.0,3.0,0.0,158.0,90.0,3.0,1.0,0.0,11.0,0.0,44.0,44.0,18.0,0.0,2.0,7.0,44.0,35.0,10.0,0.0,238.0
2021,Gujarat,24,Gandhinagar,446,Cid Crime,1.0,0.0,0.0,0.0,0.0,0.0,0.0,0.0,0.0,0.0,0.0,0.0,0.0,0.0,0.0,33.0,10.0,0.0,1.0,0.0,37.0,0.0,4.0,0.0,16.0
2021,Gujarat,24,Gandhinagar,446,Cyber Gandhinagar Range,0.0,0.0,0.0,1.0,0.0,0.0,0.0,2.0,0.0,0.0,0.0,0.0,0.0,0.0,0.0,20.0,5.0,2.0,1.0,2.0,10.0,0.0,1.0,0.0,8.0
2021,Gujarat,24,Gandhinagar,446,Gandhinagar,24.0,110.0,0.0,14.0,51.0,0.0,0.0,136.0,77.0,36.0,0.0,0.0,8.0,0.0,36.0,73.0,27.0,4.0,4.0,1.0,109.0,31.0,5.0,0.0,1040.0
2021,Gujarat,24,Gir Somnath,675,Gir Somnath,14.0,50.0,0.0,7.0,18.0,0.0,0.0,43.0,12.0,19.0,0.0,2.0,5.0,0.0,27.0,2.0,1.0,0.0,0.0,0.0,20.0,3.0,5.0,0.0,892.0
2021,Gujarat,24,Jamnagar,447,Jamnagar,26.0,86.0,0.0,11.0,38.0,0.0,0.0,104.0,32.0,29.0,0.0,0.0,9.0,0.0,11.0,10.0,2.0,2.0,0.0,0.0,20.0,11.0,7.0,1.0,4956.0
2021,Gujarat,24,Junagadh,448,Cyber Junagadh Range,0.0,0.0,0.0,0.0,0.0,0.0,0.0,1.0,2.0,0.0,0.0,0.0,0.0,0.0,0.0,177.0,61.0,5.0,0.0,9.0,118.0,0.0,12.0,0.0,76.0
2021,Gujarat,24,Junagadh,448,Junagadh,14.0,78.0,0.0,11.0,27.0,0.0,0.0,81.0,45.0,85.0,1.0,1.0,9.0,0.0,39.0,7.0,2.0,0.0,0.0,1.0,43.0,6.0,4.0,0.0,442.0
2021,Gujarat,24,Kachchh,449,Cyber Border Range,0.0,0.0,0.0,0.0,0.0,0.0,0.0,0.0,0.0,0.0,0.0,0.0,0.0,0.0,0.0,4.0,2.0,0.0,0.0,0.0,4.0,0.0,0.0,0.0,2.0
2021,Gujarat,24,Kachchh,449,Kachchh East(G),32.0,76.0,0.0,21.0,52.0,0.0,2.0,83.0,24.0,63.0,0.0,0.0,6.0,0.0,0.0,6.0,0.0,0.0,0.0,4.0,84.0,30.0,0.0,0.0,78.0
2021,Gujarat,24,Kachchh,449,Kachchh West(B),18.0,79.0,0.0,31.0,36.0,1.0,0.0,103.0,43.0,63.0,0.0,0.0,11.0,1.0,8.0,8.0,0.0,5.0,0.0,3.0,79.0,21.0,15.0,0.0,3279.0
2021,Gujarat,24,Kheda,450,Kheda,26.0,74.0,0.0,15.0,57.0,0.0,2.0,89.0,68.0,30.0,0.0,0.0,12.0,0.0,17.0,8.0,0.0,0.0,0.0,8.0,32.0,8.0,10.0,0.0,272.0
2021,Gujarat,24,Mahesana,451,Mehsana,28.0,107.0,0.0,13.0,34.0,0.0,0.0,133.0,92.0,64.0,0.0,0.0,14.0,0.0,28.0,8.0,0.0,3.0,0.0,0.0,62.0,23.0,10.0,0.0,3722.0
2021,Gujarat,24,Mahisagar,669,Mahisagar,13.0,53.0,0.0,17.0,14.0,0.0,0.0,74.0,33.0,12.0,0.0,0.0,14.0,0.0,8.0,2.0,0.0,1.0,0.0,1.0,15.0,1.0,7.0,0.0,1845.0
2021,Gujarat,24,Morbi,673,Morbi,41.0,60.0,0.0,3.0,25.0,0.0,0.0,71.0,45.0,8.0,1.0,0.0,3.0,0.0,41.0,0.0,0.0,0.0,0.0,0.0,12.0,13.0,5.0,2.0,1255.0
2021,Gujarat,24,Narmada,452,Narmada,16.0,63.0,0.0,9.0,3.0,0.0,0.0,55.0,48.0,3.0,0.0,0.0,5.0,0.0,36.0,12.0,5.0,0.0,0.0,1.0,17.0,5.0,12.0,0.0,495.0
2021,Gujarat,24,Navsari,453,Navsari,10.0,21.0,0.0,5.0,7.0,0.0,1.0,36.0,20.0,9.0,0.0,0.0,3.0,2.0,24.0,11.0,3.0,2.0,0.0,0.0,18.0,3.0,13.0,0.0,65.0
2021,Gujarat,24,Panch Mahals,454,Cyber Panchmahal Range,0.0,0.0,0.0,0.0,0.0,0.0,0.0,0.0,0.0,0.0,0.0,0.0,0.0,0.0,0.0,26.0,5.0,0.0,0.0,0.0,10.0,0.0,16.0,0.0,13.0
2021,Gujarat,24,Panch Mahals,454,Panchmahal,26.0,86.0,0.0,11.0,34.0,0.0,0.0,76.0,62.0,40.0,0.0,0.0,26.0,0.0,30.0,5.0,0.0,0.0,0.0,7.0,17.0,7.0,15.0,0.0,1524.0
2021,Gujarat,24,Patan,455,Patan,15.0,88.0,1.0,21.0,20.0,1.0,0.0,83.0,60.0,34.0,0.0,0.0,10.0,0.0,37.0,38.0,12.0,0.0,1.0,6.0,37.0,26.0,20.0,1.0,2358.0
2021,Gujarat,24,Porbandar,456,Porbandar,9.0,27.0,0.0,4.0,5.0,0.0,0.0,31.0,18.0,5.0,0.0,0.0,3.0,0.0,13.0,1.0,0.0,1.0,0.0,0.0,4.0,0.0,2.0,0.0,4.0
2021,Gujarat,24,Rajkot,457,Cyber Rajkot Range,0.0,0.0,0.0,0.0,0.0,0.0,0.0,0.0,0.0,0.0,0.0,0.0,0.0,0.0,0.0,1.0,0.0,0.0,0.0,1.0,0.0,0.0,0.0,0.0,0.0
2021,Gujarat,24,Rajkot,457,Rajkot City,36.0,87.0,0.0,14.0,36.0,1.0,0.0,128.0,60.0,110.0,0.0,0.0,17.0,4.0,54.0,45.0,4.0,8.0,6.0,3.0,51.0,18.0,23.0,11.0,5734.0
2021,Gujarat,24,Rajkot,457,Rajkot Rural,34.0,129.0,0.0,20.0,15.0,0.0,0.0,125.0,92.0,65.0,0.0,0.0,7.0,0.0,21.0,17.0,7.0,1.0,0.0,1.0,37.0,9.0,9.0,0.0,7375.0
2021,Gujarat,24,Sabar Kantha,458,Sabarkantha,23.0,121.0,0.0,25.0,45.0,2.0,0.0,126.0,70.0,64.0,0.0,0.0,9.0,0.0,46.0,90.0,36.0,0.0,1.0,2.0,136.0,12.0,36.0,0.0,537.0
2021,Gujarat,24,Surat,459,Cyber Surat Range,0.0,0.0,0.0,0.0,0.0,0.0,0.0,5.0,0.0,0.0,0.0,0.0,0.0,0.0,0.0,10.0,1.0,0.0,0.0,6.0,2.0,0.0,0.0,0.0,3.0
2021,Gujarat,24,Surat,459,Surat City,131.0,266.0,0.0,44.0,245.0,6.0,8.0,479.0,189.0,274.0,4.0,0.0,18.0,0.0,426.0,483.0,137.0,109.0,32.0,0.0,595.0,49.0,100.0,0.0,21930.0
2021,Gujarat,24,Surat,459,Surat Rural,37.0,68.0,0.0,9.0,29.0,0.0,0.0,82.0,54.0,10.0,1.0,1.0,7.0,0.0,53.0,7.0,0.0,1.0,0.0,7.0,28.0,18.0,34.0,4.0,4766.0
2021,Gujarat,24,Surendranagar,460,Surendranagar,33.0,105.0,0.0,15.0,23.0,0.0,0.0,88.0,55.0,10.0,0.0,0.0,8.0,0.0,27.0,44.0,16.0,2.0,0.0,3.0,30.0,24.0,13.0,0.0,89.0
2021,Gujarat,24,Tapi,641,Tapi,10.0,19.0,0.0,2.0,5.0,0.0,0.0,32.0,20.0,2.0,1.0,0.0,0.0,1.0,16.0,10.0,0.0,1.0,1.0,2.0,4.0,6.0,7.0,0.0,2574.0
2021,Gujarat,24,Vadodara,461,Cyber Vadodara Range,0.0,0.0,0.0,0.0,0.0,0.0,0.0,0.0,0.0,0.0,0.0,0.0,0.0,0.0,0.0,4.0,2.0,0.0,0.0,0.0,4.0,0.0,0.0,0.0,2.0
2021,Gujarat,24,Vadodara,461,Vadodara City,16.0,132.0,0.0,33.0,45.0,1.0,0.0,112.0,70.0,62.0,1.0,0.0,11.0,0.0,84.0,94.0,37.0,7.0,0.0,9.0,146.0,19.0,26.0,4.0,2746.0
2021,Gujarat,24,Vadodara,461,Vadodara Rural,27.0,132.0,0.0,41.0,26.0,0.0,0.0,168.0,101.0,16.0,0.0,0.0,9.0,1.0,49.0,34.0,13.0,0.0,0.0,2.0,66.0,10.0,43.0,0.0,186.0
2021,Gujarat,24,Vadodara,461,W.Rly Vadodara,2.0,2.0,0.0,2.0,1.0,0.0,0.0,5.0,1.0,1.0,0.0,0.0,1.0,0.0,0.0,0.0,0.0,0.0,0.0,0.0,0.0,0.0,0.0,0.0,0.0
2021,Gujarat,24,Vadodara,461,Western Railway Vadodara,9.0,1.0,0.0,0.0,0.0,0.0,0.0,0.0,0.0,0.0,0.0,0.0,0.0,0.0,12.0,0.0,0.0,0.0,0.0,0.0,2.0,5.0,4.0,0.0,465.0
2021,Gujarat,24,Valsad,462,Valsad,21.0,53.0,0.0,13.0,52.0,3.0,4.0,114.0,34.0,14.0,2.0,1.0,10.0,0.0,36.0,40.0,7.0,1.0,2.0,13.0,25.0,5.0,82.0,2.0,1831.0
2021,Haryana,6,Ambala,58,Ambala,30.0,168.0,1.0,94.0,150.0,4.0,6.0,214.0,96.0,258.0,4.0,0.0,7.0,0.0,34.0,12.0,0.0,7.0,0.0,2.0,93.0,26.0,47.0,0.0,343.0
2021,Haryana,6,Ambala,58,Grp,14.0,0.0,0.0,4.0,3.0,0.0,0.0,13.0,2.0,0.0,3.0,0.0,4.0,0.0,14.0,0.0,0.0,0.0,0.0,0.0,0.0,2.0,0.0,0.0,95.0
2021,Haryana,6,Bhiwani,59,Bhiwani,37.0,148.0,13.0,129.0,36.0,0.0,0.0,181.0,84.0,400.0,15.0,0.0,10.0,0.0,47.0,15.0,0.0,4.0,0.0,9.0,32.0,25.0,13.0,2.0,187.0
2021,Haryana,6,Charki Dadri,701,Charkhi Dadri,22.0,47.0,2.0,36.0,17.0,0.0,0.0,74.0,38.0,83.0,10.0,0.0,3.0,0.0,19.0,0.0,0.0,0.0,0.0,0.0,4.0,3.0,4.0,1.0,41.0
2021,Haryana,6,Faridabad,60,Faridabad,78.0,408.0,10.0,139.0,308.0,4.0,17.0,746.0,191.0,452.0,38.0,0.0,18.0,3.0,177.0,78.0,8.0,0.0,1.0,9.0,182.0,23.0,106.0,0.0,1059.0
2021,Haryana,6,Fatehabad,61,Fatehabad,24.0,117.0,0.0,51.0,23.0,0.0,0.0,192.0,59.0,120.0,5.0,0.0,8.0,0.0,77.0,10.0,0.0,1.0,0.0,6.0,58.0,17.0,0.0,1.0,196.0
2021,Haryana,6,Gurugram,62,Gurugram,92.0,597.0,8.0,296.0,123.0,3.0,0.0,584.0,196.0,346.0,18.0,2.0,22.0,1.0,62.0,119.0,0.0,10.0,0.0,56.0,279.0,80.0,6.0,4.0,917.0
2021,Haryana,6,Gurugram,62,Irrigation And Power,0.0,0.0,0.0,0.0,0.0,0.0,0.0,0.0,0.0,0.0,0.0,0.0,0.0,0.0,0.0,0.0,0.0,0.0,0.0,0.0,0.0,0.0,0.0,0.0,828.0
2021,Haryana,6,Gurugram,62,Irrigation Andpower,0.0,0.0,0.0,0.0,0.0,0.0,0.0,0.0,0.0,0.0,0.0,0.0,0.0,0.0,0.0,0.0,0.0,0.0,0.0,0.0,0.0,0.0,0.0,0.0,0.0
2021,Haryana,6,Hisar,63,Hansi,18.0,69.0,3.0,58.0,15.0,0.0,1.0,119.0,58.0,98.0,7.0,0.0,3.0,0.0,46.0,20.0,1.0,1.0,4.0,0.0,67.0,13.0,0.0,0.0,135.0
2021,Haryana,6,Hisar,63,Hissar,57.0,269.0,2.0,335.0,31.0,5.0,0.0,305.0,147.0,308.0,8.0,0.0,10.0,1.0,59.0,88.0,4.0,3.0,2.0,0.0,50.0,52.0,2.0,0.0,643.0
2021,Haryana,6,Jhajjar,64,Jhajjar,85.0,116.0,9.0,222.0,107.0,4.0,0.0,151.0,92.0,338.0,24.0,0.0,11.0,0.0,48.0,16.0,0.0,0.0,0.0,23.0,60.0,122.0,30.0,3.0,218.0
2021,Haryana,6,Jind,65,Jind,61.0,129.0,7.0,90.0,59.0,1.0,0.0,190.0,95.0,168.0,15.0,2.0,11.0,3.0,54.0,49.0,10.0,0.0,2.0,16.0,76.0,64.0,20.0,3.0,216.0
2021,Haryana,6,Kaithal,66,Kaithal,50.0,123.0,4.0,77.0,155.0,0.0,0.0,153.0,58.0,165.0,4.0,0.0,13.0,3.0,41.0,58.0,7.0,1.0,0.0,2.0,61.0,32.0,35.0,5.0,54.0
2021,Haryana,6,Karnal,67,Karnal,69.0,343.0,44.0,248.0,84.0,0.0,5.0,424.0,161.0,369.0,6.0,0.0,17.0,7.0,54.0,29.0,0.0,10.0,0.0,25.0,296.0,20.0,59.0,1.0,620.0
2021,Haryana,6,Kurukshetra,68,Kurukshetra,15.0,259.0,15.0,210.0,177.0,1.0,0.0,181.0,85.0,266.0,6.0,0.0,5.0,0.0,58.0,12.0,0.0,0.0,0.0,0.0,0.0,16.0,16.0,0.0,637.0
2021,Haryana,6,Mahendragarh,69,Mahendergarh,25.0,94.0,3.0,98.0,38.0,1.0,0.0,75.0,51.0,116.0,9.0,0.0,5.0,0.0,14.0,14.0,0.0,2.0,0.0,11.0,66.0,15.0,29.0,1.0,636.0
2021,Haryana,6,Nuh,604,Nuh,32.0,187.0,6.0,43.0,34.0,3.0,2.0,121.0,78.0,107.0,21.0,0.0,1.0,0.0,30.0,8.0,0.0,3.0,0.0,2.0,49.0,15.0,24.0,3.0,425.0
2021,Haryana,6,Palwal,619,Palwal,67.0,155.0,7.0,92.0,36.0,0.0,0.0,179.0,80.0,267.0,25.0,0.0,0.0,0.0,28.0,133.0,42.0,36.0,0.0,10.0,2.0,11.0,42.0,0.0,551.0
2021,Haryana,6,Panchkula,70,Panchkula,17.0,127.0,6.0,60.0,111.0,0.0,0.0,195.0,55.0,149.0,4.0,0.0,1.0,0.0,10.0,14.0,0.0,4.0,0.0,4.0,152.0,20.0,0.0,0.0,151.0
2021,Haryana,6,Panipat,71,Panipat,72.0,418.0,23.0,193.0,595.0,2.0,1.0,601.0,153.0,390.0,14.0,0.0,10.0,16.0,101.0,52.0,7.0,1.0,4.0,10.0,91.0,2.0,22.0,0.0,1485.0
2021,Haryana,6,Rewari,72,Rewari,46.0,183.0,5.0,110.0,28.0,0.0,0.0,127.0,96.0,126.0,11.0,0.0,7.0,0.0,28.0,15.0,2.0,1.0,3.0,4.0,15.0,23.0,13.0,1.0,389.0
2021,Haryana,6,Rohtak,73,Rohtak,72.0,182.0,14.0,186.0,213.0,0.0,8.0,290.0,109.0,256.0,13.0,0.0,10.0,0.0,75.0,23.0,0.0,6.0,0.0,8.0,118.0,118.0,0.0,1.0,229.0
2021,Haryana,6,Sirsa,74,Sirsa,33.0,150.0,3.0,65.0,53.0,0.0,0.0,153.0,87.0,244.0,7.0,1.0,8.0,0.0,47.0,1.0,0.0,0.0,0.0,0.0,74.0,35.0,18.0,0.0,272.0
2021,Haryana,6,Sonipat,75,Sonipat,115.0,240.0,23.0,176.0,138.0,0.0,2.0,154.0,85.0,437.0,16.0,1.0,20.0,0.0,69.0,13.0,1.0,4.0,0.0,4.0,60.0,110.0,1.0,0.0,483.0
2021,Haryana,6,Yamunanagar,76,Yamunanagar,35.0,363.0,27.0,160.0,256.0,2.0,0.0,278.0,125.0,295.0,10.0,0.0,8.0,1.0,35.0,34.0,0.0,2.0,0.0,35.0,215.0,3.0,0.0,2.0,191.0
2021,Himachal Pradesh,2,Bilaspur,15,Bilaspur,3.0,34.0,12.0,54.0,41.0,0.0,0.0,40.0,0.0,13.0,0.0,0.0,7.0,0.0,15.0,2.0,1.0,0.0,0.0,0.0,26.0,0.0,0.0,0.0,50.0
2021,Himachal Pradesh,2,Chamba,16,Chamba,6.0,65.0,11.0,54.0,19.0,0.0,0.0,38.0,0.0,16.0,1.0,0.0,3.0,0.0,4.0,1.0,0.0,1.0,0.0,0.0,19.0,0.0,0.0,0.0,10.0
2021,Himachal Pradesh,2,Hamirpur,17,Hamirpur,0.0,37.0,3.0,62.0,30.0,0.0,0.0,36.0,0.0,18.0,0.0,0.0,5.0,0.0,3.0,2.0,0.0,0.0,0.0,4.0,4.0,0.0,3.0,0.0,0.0
2021,Himachal Pradesh,2,Kangra,18,Kangra,14.0,169.0,25.0,111.0,64.0,0.0,0.0,101.0,0.0,32.0,0.0,0.0,13.0,0.0,12.0,5.0,0.0,0.0,0.0,8.0,35.0,6.0,10.0,0.0,12.0
2021,Himachal Pradesh,2,Kinnaur,19,Kinnaur,2.0,14.0,6.0,4.0,8.0,0.0,0.0,18.0,0.0,1.0,0.0,0.0,0.0,0.0,5.0,0.0,0.0,0.0,0.0,0.0,3.0,0.0,1.0,0.0,6.0
2021,Himachal Pradesh,2,Kullu,20,Kullu,6.0,36.0,12.0,33.0,31.0,0.0,0.0,40.0,4.0,10.0,0.0,0.0,2.0,0.0,22.0,33.0,6.0,0.0,9.0,5.0,17.0,0.0,1.0,1.0,31.0
2021,Himachal Pradesh,2,Lahul And Spiti,21,Lahaul And Spiti,0.0,2.0,0.0,0.0,1.0,0.0,0.0,4.0,1.0,0.0,0.0,0.0,0.0,0.0,2.0,0.0,0.0,0.0,0.0,0.0,0.0,0.0,0.0,0.0,0.0
2021,Himachal Pradesh,2,Lahul And Spiti,21,Lahaul Andspiti,0.0,0.0,1.0,1.0,0.0,0.0,0.0,0.0,0.0,1.0,0.0,0.0,0.0,0.0,0.0,0.0,0.0,0.0,0.0,0.0,0.0,0.0,0.0,0.0,0.0
2021,Himachal Pradesh,2,Mandi,22,Mandi,14.0,163.0,30.0,109.0,58.0,0.0,0.0,105.0,3.0,37.0,1.0,0.0,6.0,1.0,55.0,7.0,0.0,3.0,0.0,5.0,0.0,0.0,2.0,1.0,16.0
2021,Himachal Pradesh,2,Shimla,23,Cid,0.0,0.0,0.0,0.0,0.0,0.0,0.0,0.0,0.0,0.0,0.0,0.0,0.0,0.0,0.0,0.0,0.0,0.0,0.0,0.0,1.0,0.0,0.0,0.0,0.0
2021,Himachal Pradesh,2,Shimla,23,Cyber,0.0,0.0,0.0,0.0,0.0,0.0,0.0,0.0,0.0,0.0,0.0,0.0,0.0,0.0,0.0,4.0,0.0,1.0,0.0,1.0,0.0,0.0,0.0,0.0,0.0
2021,Himachal Pradesh,2,Shimla,23,Grp,1.0,0.0,0.0,0.0,0.0,0.0,0.0,0.0,0.0,0.0,0.0,0.0,0.0,0.0,0.0,0.0,0.0,0.0,0.0,0.0,0.0,0.0,0.0,0.0,0.0
2021,Himachal Pradesh,2,Shimla,23,Shimla,9.0,161.0,38.0,65.0,66.0,0.0,0.0,111.0,0.0,19.0,0.0,0.0,2.0,0.0,32.0,4.0,0.0,2.0,0.0,0.0,45.0,0.0,2.0,0.0,60.0
2021,Himachal Pradesh,2,Sirmaur,24,Sirmaur,3.0,104.0,37.0,68.0,55.0,0.0,0.0,87.0,3.0,30.0,0.0,0.0,2.0,0.0,32.0,15.0,0.0,0.0,0.0,8.0,29.0,0.0,0.0,4.0,1.0
2021,Himachal Pradesh,2,Solan,25,Baddi,13.0,63.0,21.0,31.0,50.0,0.0,2.0,62.0,0.0,16.0,0.0,0.0,7.0,0.0,28.0,5.0,0.0,0.0,0.0,6.0,21.0,2.0,3.0,1.0,20.0
2021,Himachal Pradesh,2,Solan,25,Solan,8.0,32.0,7.0,33.0,69.0,0.0,0.0,49.0,0.0,9.0,0.0,0.0,1.0,0.0,16.0,4.0,0.0,2.0,0.0,0.0,28.0,1.0,6.0,1.0,19.0
2021,Himachal Pradesh,2,Una,26,Una,12.0,32.0,13.0,26.0,35.0,0.0,0.0,49.0,2.0,20.0,0.0,0.0,4.0,0.0,16.0,4.0,0.0,0.0,0.0,7.0,28.0,2.0,0.0,0.0,3.0
2021,Jammu And Kashmir,1,Anantnag,1,Anantnag,8.0,35.0,0.0,113.0,75.0,0.0,0.0,54.0,27.0,12.0,2.0,0.0,2.0,0.0,0.0,3.0,0.0,0.0,0.0,0.0,30.0,4.0,0.0,0.0,8.0
2021,Jammu And Kashmir,1,Bandipora,623,Bandipora,4.0,29.0,0.0,43.0,28.0,0.0,2.0,12.0,12.0,6.0,0.0,1.0,1.0,0.0,0.0,0.0,0.0,0.0,0.0,0.0,8.0,1.0,0.0,0.0,0.0
2021,Jammu And Kashmir,1,Baramulla,3,Baramulla,5.0,36.0,0.0,124.0,84.0,0.0,3.0,40.0,10.0,35.0,0.0,0.0,0.0,0.0,0.0,5.0,0.0,0.0,0.0,0.0,36.0,8.0,1.0,0.0,6.0
2021,Jammu And Kashmir,1,Baramulla,3,Sopore,4.0,17.0,2.0,118.0,74.0,0.0,0.0,35.0,4.0,9.0,0.0,0.0,1.0,0.0,41.0,2.0,0.0,0.0,0.0,4.0,10.0,4.0,0.0,0.0,9.0
2021,Jammu And Kashmir,1,Budgam,2,Budgam,5.0,64.0,0.0,217.0,70.0,0.0,0.0,31.0,30.0,17.0,0.0,0.0,2.0,0.0,35.0,3.0,0.0,0.0,0.0,0.0,22.0,14.0,12.0,0.0,0.0
2021,Jammu And Kashmir,1,Doda,4,Doda,6.0,26.0,0.0,28.0,35.0,0.0,0.0,11.0,11.0,36.0,0.0,0.0,0.0,0.0,0.0,2.0,0.0,0.0,1.0,0.0,7.0,0.0,0.0,0.0,15.0
2021,Jammu And Kashmir,1,Ganderbal,626,Ganderbal,2.0,21.0,0.0,73.0,28.0,0.0,0.0,33.0,12.0,17.0,2.0,0.0,0.0,0.0,59.0,7.0,0.0,0.0,3.0,1.0,17.0,0.0,0.0,0.0,4.0
2021,Jammu And Kashmir,1,Jammu,5,Anti Narcotic Task Force Jammu,0.0,0.0,0.0,0.0,0.0,0.0,0.0,0.0,0.0,0.0,0.0,0.0,0.0,0.0,0.0,0.0,0.0,0.0,0.0,0.0,0.0,0.0,0.0,0.0,0.0
2021,Jammu And Kashmir,1,Jammu,5,Crime Jammu,0.0,0.0,0.0,0.0,0.0,0.0,0.0,0.0,0.0,0.0,0.0,0.0,0.0,0.0,0.0,20.0,8.0,0.0,0.0,0.0,30.0,0.0,0.0,0.0,12.0
2021,Jammu And Kashmir,1,Jammu,5,Crime Srinagar,0.0,0.0,0.0,0.0,0.0,0.0,0.0,0.0,0.0,0.0,0.0,0.0,0.0,0.0,0.0,0.0,0.0,0.0,0.0,0.0,0.0,0.0,0.0,0.0,0.0
2021,Jammu And Kashmir,1,Jammu,5,Cyber Crime Jammu,0.0,0.0,0.0,0.0,0.0,0.0,0.0,2.0,0.0,0.0,0.0,0.0,0.0,0.0,0.0,39.0,0.0,1.0,0.0,6.0,0.0,0.0,0.0,0.0,0.0
2021,Jammu And Kashmir,1,Jammu,5,Cyber Crime Kashmir,0.0,0.0,0.0,0.0,0.0,0.0,0.0,1.0,0.0,0.0,0.0,0.0,0.0,0.0,0.0,27.0,0.0,3.0,0.0,5.0,0.0,0.0,0.0,0.0,0.0
2021,Jammu And Kashmir,1,Jammu,5,Jammu,18.0,123.0,0.0,109.0,216.0,0.0,0.0,138.0,34.0,109.0,7.0,0.0,10.0,0.0,16.0,8.0,0.0,0.0,0.0,0.0,0.0,3.0,111.0,0.0,688.0
2021,Jammu And Kashmir,1,Jammu,5,Railways Jammu,0.0,0.0,0.0,0.0,0.0,0.0,0.0,0.0,0.0,0.0,0.0,0.0,0.0,0.0,0.0,0.0,0.0,0.0,0.0,0.0,0.0,0.0,0.0,0.0,0.0
2021,Jammu And Kashmir,1,Jammu,5,Railways Kashmir,0.0,0.0,0.0,0.0,0.0,0.0,0.0,0.0,0.0,0.0,0.0,0.0,0.0,0.0,0.0,0.0,0.0,0.0,0.0,0.0,0.0,0.0,0.0,0.0,2.0
2021,Jammu And Kashmir,1,Kathua,7,Kathua,6.0,30.0,0.0,22.0,66.0,0.0,0.0,49.0,17.0,23.0,3.0,0.0,0.0,0.0,33.0,7.0,0.0,0.0,1.0,1.0,0.0,0.0,1.0,0.0,198.0
2021,Jammu And Kashmir,1,Kishtwar,620,Kishtwar,4.0,12.0,0.0,16.0,30.0,0.0,0.0,16.0,5.0,5.0,0.0,0.0,1.0,0.0,26.0,9.0,0.0,0.0,0.0,1.0,10.0,0.0,0.0,0.0,46.0
2021,Jammu And Kashmir,1,Kulgam,622,Kulgam,5.0,56.0,0.0,191.0,39.0,0.0,0.0,10.0,10.0,15.0,0.0,0.0,0.0,0.0,0.0,0.0,0.0,0.0,0.0,0.0,18.0,15.0,0.0,0.0,165.0
2021,Jammu And Kashmir,1,Kupwara,8,Handwara,1.0,3.0,4.0,30.0,44.0,0.0,0.0,30.0,4.0,7.0,0.0,0.0,0.0,0.0,4.0,1.0,0.0,0.0,0.0,0.0,12.0,1.0,0.0,0.0,27.0
2021,Jammu And Kashmir,1,Kupwara,8,Kupwara,2.0,50.0,0.0,152.0,50.0,0.0,0.0,15.0,14.0,31.0,0.0,0.0,1.0,0.0,0.0,0.0,0.0,0.0,0.0,0.0,13.0,0.0,0.0,0.0,37.0
2021,Jammu And Kashmir,1,Poonch,10,Poonch,10.0,53.0,2.0,76.0,51.0,0.0,0.0,55.0,7.0,12.0,0.0,1.0,1.0,0.0,26.0,7.0,0.0,2.0,0.0,3.0,10.0,1.0,7.0,0.0,4.0
2021,Jammu And Kashmir,1,Pulwama,11,Awantipora,0.0,10.0,0.0,42.0,22.0,0.0,1.0,11.0,8.0,9.0,0.0,0.0,0.0,0.0,5.0,0.0,0.0,0.0,0.0,0.0,12.0,3.0,0.0,0.0,70.0
2021,Jammu And Kashmir,1,Pulwama,11,Pulwama,3.0,26.0,0.0,54.0,32.0,0.0,0.0,21.0,11.0,4.0,0.0,0.0,0.0,0.0,0.0,0.0,0.0,0.0,0.0,0.0,14.0,6.0,0.0,0.0,1.0
2021,Jammu And Kashmir,1,Rajouri,12,Rajouri,15.0,70.0,1.0,64.0,93.0,0.0,0.0,52.0,9.0,54.0,2.0,0.0,4.0,0.0,41.0,9.0,0.0,1.0,0.0,5.0,22.0,0.0,8.0,0.0,37.0
2021,Jammu And Kashmir,1,Ramban,621,Ramban,1.0,27.0,0.0,29.0,24.0,0.0,0.0,19.0,12.0,19.0,0.0,0.0,0.0,0.0,13.0,14.0,2.0,0.0,0.0,0.0,5.0,0.0,0.0,0.0,119.0
2021,Jammu And Kashmir,1,Reasi,627,Railways Katra,0.0,0.0,0.0,0.0,0.0,0.0,0.0,0.0,0.0,0.0,0.0,0.0,0.0,0.0,0.0,0.0,0.0,0.0,0.0,0.0,0.0,0.0,0.0,0.0,1.0
2021,Jammu And Kashmir,1,Reasi,627,Reasi,8.0,30.0,0.0,23.0,48.0,0.0,0.0,35.0,6.0,0.0,0.0,0.0,0.0,0.0,1.0,4.0,0.0,0.0,2.0,0.0,9.0,0.0,0.0,0.0,33.0
2021,Jammu And Kashmir,1,Samba,624,Samba,2.0,26.0,0.0,11.0,26.0,0.0,0.0,29.0,7.0,14.0,4.0,0.0,3.0,0.0,15.0,0.0,0.0,0.0,0.0,0.0,12.0,0.0,12.0,0.0,18.0
2021,Jammu And Kashmir,1,Shopian,625,Shopian,1.0,12.0,0.0,69.0,46.0,0.0,0.0,21.0,6.0,4.0,0.0,1.0,0.0,0.0,0.0,0.0,0.0,0.0,0.0,0.0,9.0,7.0,0.0,0.0,53.0
2021,Jammu And Kashmir,1,Srinagar,13,Crime Srinagar,0.0,0.0,0.0,0.0,0.0,0.0,0.0,0.0,0.0,0.0,0.0,0.0,0.0,0.0,0.0,9.0,0.0,0.0,0.0,0.0,0.0,0.0,0.0,0.0,0.0
2021,Jammu And Kashmir,1,Srinagar,13,Srinagar,23.0,48.0,4.0,204.0,134.0,0.0,0.0,81.0,18.0,41.0,0.0,0.0,3.0,0.0,78.0,4.0,0.0,0.0,0.0,0.0,2.0,39.0,53.0,1.0,101.0
2021,Jammu And Kashmir,1,Udhampur,14,Udhampur,10.0,45.0,3.0,53.0,53.0,0.0,0.0,44.0,20.0,23.0,0.0,0.0,0.0,0.0,61.0,0.0,0.0,0.0,0.0,0.0,7.0,1.0,0.0,0.0,23.0
2021,Jharkhand,20,Bokaro,322,Bokaro,57.0,269.0,49.0,54.0,107.0,0.0,0.0,108.0,49.0,91.0,144.0,0.0,0.0,0.0,0.0,0.0,0.0,0.0,0.0,0.0,144.0,20.0,0.0,0.0,214.0
2021,Jharkhand,20,Chatra,323,Chatra,46.0,99.0,20.0,26.0,28.0,3.0,4.0,59.0,54.0,14.0,48.0,0.0,0.0,0.0,0.0,17.0,0.0,0.0,0.0,0.0,39.0,33.0,10.0,0.0,205.0
2021,Jharkhand,20,Deoghar,324,Deoghar,72.0,124.0,26.0,109.0,27.0,1.0,0.0,114.0,25.0,27.0,96.0,0.0,0.0,0.0,0.0,119.0,0.0,0.0,0.0,6.0,59.0,51.0,24.0,0.0,420.0
2021,Jharkhand,20,Dhanbad,325,Dhanbad,71.0,262.0,86.0,85.0,84.0,4.0,4.0,168.0,109.0,47.0,166.0,0.0,0.0,0.0,2.0,70.0,0.0,66.0,0.0,0.0,12.0,68.0,58.0,0.0,732.0
2021,Jharkhand,20,Dhanbad,325,Dhanbad Railway,3.0,0.0,1.0,0.0,1.0,0.0,0.0,2.0,0.0,0.0,0.0,0.0,0.0,0.0,0.0,2.0,1.0,0.0,0.0,0.0,1.0,1.0,0.0,0.0,1.0
2021,Jharkhand,20,Dumka,326,Dumka,57.0,134.0,1.0,63.0,44.0,6.0,8.0,75.0,38.0,16.0,45.0,0.0,0.0,0.0,0.0,35.0,0.0,29.0,1.0,0.0,20.0,26.0,4.0,0.0,89.0
2021,Jharkhand,20,East Singhbum,327,Jamshedpur,89.0,232.0,6.0,66.0,154.0,0.0,0.0,46.0,46.0,94.0,193.0,0.0,18.0,0.0,0.0,76.0,0.0,47.0,0.0,0.0,375.0,144.0,80.0,3.0,53.0
2021,Jharkhand,20,East Singhbum,327,Jamshedpur Railway,2.0,0.0,0.0,2.0,2.0,0.0,4.0,3.0,0.0,0.0,0.0,0.0,0.0,0.0,6.0,0.0,0.0,0.0,0.0,0.0,0.0,3.0,0.0,0.0,0.0
2021,Jharkhand,20,Garhwa,328,Garhwa,102.0,157.0,14.0,146.0,26.0,3.0,3.0,162.0,69.0,53.0,98.0,0.0,9.0,0.0,0.0,17.0,0.0,5.0,0.0,0.0,70.0,29.0,17.0,0.0,106.0
2021,Jharkhand,20,Giridih,329,Giridih,78.0,145.0,0.0,162.0,38.0,1.0,18.0,66.0,5.0,64.0,132.0,0.0,0.0,0.0,0.0,33.0,0.0,18.0,0.0,0.0,93.0,30.0,15.0,0.0,488.0
2021,Jharkhand,20,Godda,330,Godda,56.0,162.0,39.0,92.0,76.0,0.0,3.0,41.0,0.0,39.0,221.0,0.0,0.0,0.0,0.0,15.0,0.0,8.0,0.0,2.0,90.0,13.0,0.0,0.0,801.0
2021,Jharkhand,20,Gumla,331,Gumla,135.0,188.0,31.0,9.0,57.0,3.0,42.0,156.0,31.0,13.0,16.0,0.0,0.0,21.0,49.0,42.0,19.0,0.0,0.0,6.0,17.0,10.0,33.0,0.0,79.0
2021,Jharkhand,20,Hazaribagh,332,Hazaribagh,92.0,290.0,56.0,45.0,79.0,4.0,2.0,154.0,55.0,71.0,226.0,0.0,1.0,0.0,1.0,173.0,60.0,5.0,18.0,0.0,259.0,34.0,101.0,0.0,80.0
2021,Jharkhand,20,Jamtara,333,Jamtara,28.0,50.0,4.0,28.0,11.0,2.0,0.0,29.0,20.0,18.0,39.0,0.0,2.0,0.0,0.0,76.0,0.0,66.0,0.0,0.0,11.0,11.0,5.0,0.0,26.0
2021,Jharkhand,20,Khunti,606,Khunti,61.0,62.0,0.0,4.0,0.0,0.0,20.0,20.0,20.0,5.0,10.0,0.0,0.0,0.0,0.0,12.0,0.0,4.0,0.0,0.0,0.0,12.0,0.0,0.0,92.0
2021,Jharkhand,20,Koderma,334,Koderma,25.0,34.0,4.0,43.0,28.0,12.0,0.0,54.0,22.0,38.0,28.0,0.0,0.0,0.0,0.0,31.0,12.0,2.0,0.0,0.0,42.0,6.0,18.0,0.0,33.0
2021,Jharkhand,20,Latehar,335,Latehar,44.0,103.0,3.0,50.0,8.0,2.0,13.0,70.0,41.0,16.0,39.0,0.0,4.0,0.0,0.0,40.0,0.0,1.0,1.0,5.0,49.0,12.0,9.0,0.0,25.0
2021,Jharkhand,20,Lohardaga,336,Lohardagga,22.0,80.0,0.0,5.0,0.0,0.0,6.0,20.0,20.0,16.0,16.0,0.0,0.0,0.0,0.0,0.0,0.0,0.0,0.0,0.0,30.0,6.0,0.0,0.0,21.0
2021,Jharkhand,20,Pakur,337,Pakur,36.0,110.0,55.0,16.0,27.0,0.0,0.0,62.0,0.0,24.0,67.0,0.0,0.0,0.0,0.0,12.0,0.0,0.0,0.0,0.0,24.0,3.0,4.0,0.0,419.0
2021,Jharkhand,20,Palamu,338,Palamu,87.0,130.0,8.0,142.0,54.0,7.0,0.0,140.0,50.0,102.0,109.0,0.0,0.0,0.0,0.0,34.0,0.0,6.0,0.0,6.0,66.0,48.0,38.0,0.0,0.0
2021,Jharkhand,20,Ramgarh,607,Ramgarh,28.0,60.0,2.0,14.0,13.0,1.0,0.0,24.0,16.0,7.0,53.0,0.0,0.0,0.0,17.0,54.0,0.0,32.0,4.0,6.0,82.0,21.0,18.0,0.0,34.0
2021,Jharkhand,20,Ranchi,339,Ranchi,163.0,447.0,3.0,63.0,15.0,1.0,7.0,38.0,30.0,138.0,148.0,0.0,0.0,0.0,0.0,160.0,0.0,71.0,0.0,0.0,133.0,174.0,0.0,0.0,467.0
2021,Jharkhand,20,Sahebganj,340,Sahebganj,48.0,104.0,0.0,133.0,12.0,2.0,11.0,78.0,46.0,83.0,101.0,0.0,0.0,0.0,0.0,17.0,0.0,0.0,0.0,0.0,69.0,12.0,0.0,0.0,350.0
2021,Jharkhand,20,Saraikela Kharsawan,341,Saraikela,54.0,57.0,0.0,17.0,34.0,2.0,0.0,68.0,32.0,12.0,61.0,0.0,0.0,0.0,0.0,32.0,0.0,17.0,0.0,3.0,80.0,22.0,6.0,0.0,7.0
2021,Jharkhand,20,Simdega,342,Simdega,38.0,62.0,1.0,3.0,14.0,0.0,33.0,12.0,0.0,16.0,1.0,0.0,0.0,0.0,0.0,6.0,0.0,0.0,0.0,0.0,12.0,8.0,0.0,0.0,0.0
2021,Jharkhand,20,West Singhbhum,343,Chaibasa,109.0,205.0,45.0,15.0,10.0,0.0,6.0,98.0,45.0,9.0,29.0,0.0,6.0,0.0,0.0,0.0,0.0,0.0,0.0,0.0,20.0,20.0,10.0,0.0,82.0
2021,Karnataka,29,Bagalkote,524,Bagalkot,40.0,51.0,0.0,153.0,33.0,3.0,0.0,124.0,42.0,38.0,31.0,0.0,4.0,0.0,0.0,20.0,0.0,1.0,0.0,8.0,82.0,15.0,8.0,0.0,80.0
2021,Karnataka,29,Ballari,528,Ballari,42.0,103.0,0.0,144.0,73.0,1.0,0.0,230.0,99.0,99.0,73.0,0.0,8.0,1.0,18.0,59.0,0.0,0.0,0.0,13.0,133.0,25.0,9.0,4.0,553.0
2021,Karnataka,29,Belagavi,527,Belagavi City,23.0,42.0,0.0,31.0,39.0,0.0,0.0,107.0,32.0,84.0,8.0,0.0,8.0,4.0,14.0,25.0,0.0,1.0,0.0,3.0,99.0,26.0,5.0,2.0,8.0
2021,Karnataka,29,Belagavi,527,Belagavi District,103.0,143.0,0.0,319.0,51.0,3.0,0.0,209.0,108.0,115.0,23.0,0.0,20.0,1.0,19.0,25.0,0.0,1.0,0.0,18.0,82.0,36.0,46.0,1.0,273.0
2021,Karnataka,29,Belagavi,527,K.G.F.,16.0,27.0,0.0,19.0,13.0,0.0,2.0,34.0,18.0,11.0,12.0,0.0,2.0,0.0,7.0,53.0,0.0,1.0,0.0,2.0,9.0,12.0,6.0,0.0,8.0
2021,Karnataka,29,Bengaluru Urban,525,Bengaluru City,170.0,546.0,0.0,604.0,1324.0,27.0,9.0,1342.0,397.0,429.0,762.0,1.0,57.0,2.0,188.0,6423.0,0.0,1235.0,0.0,202.0,2050.0,541.0,120.0,131.0,730.0
2021,Karnataka,29,Bengaluru Urban,525,Bengaluru District,56.0,84.0,0.0,124.0,161.0,7.0,0.0,298.0,88.0,94.0,40.0,0.0,9.0,20.0,17.0,85.0,0.0,3.0,0.0,15.0,322.0,121.0,19.0,0.0,38.0
2021,Karnataka,29,Bengaluru Urban,525,K.Railways,19.0,3.0,0.0,4.0,1.0,0.0,0.0,5.0,2.0,0.0,0.0,0.0,0.0,0.0,0.0,0.0,0.0,0.0,0.0,0.0,5.0,43.0,2.0,0.0,8.0
2021,Karnataka,29,Bidar,529,Bidar,44.0,42.0,0.0,39.0,35.0,0.0,1.0,129.0,41.0,68.0,29.0,0.0,7.0,2.0,16.0,6.0,0.0,3.0,0.0,1.0,41.0,39.0,5.0,0.0,76.0
2021,Karnataka,29,Chamarajanagara,531,Chamarajnagar,22.0,49.0,0.0,161.0,18.0,0.0,0.0,94.0,48.0,22.0,27.0,0.0,5.0,0.0,14.0,10.0,0.0,1.0,0.0,4.0,23.0,7.0,9.0,0.0,19.0
2021,Karnataka,29,Chikkaballapura,630,Chikkaballapura,52.0,163.0,0.0,98.0,38.0,3.0,0.0,310.0,159.0,54.0,26.0,1.0,8.0,7.0,16.0,47.0,0.0,1.0,0.0,2.0,80.0,31.0,7.0,2.0,44.0
2021,Karnataka,29,Chikkamagaluru,532,Chikkamagaluru,27.0,126.0,0.0,165.0,112.0,0.0,0.0,219.0,120.0,62.0,11.0,0.0,9.0,1.0,2.0,68.0,0.0,36.0,0.0,4.0,53.0,28.0,13.0,1.0,115.0
2021,Karnataka,29,Chitradurga,533,Chitradurga,27.0,62.0,0.0,294.0,103.0,0.0,2.0,201.0,78.0,59.0,27.0,0.0,0.0,0.0,0.0,22.0,0.0,3.0,0.0,2.0,68.0,37.0,8.0,1.0,72.0
2021,Karnataka,29,Dakshina Kannada,534,Dakshina Kannada,10.0,62.0,0.0,56.0,25.0,0.0,0.0,164.0,59.0,20.0,12.0,0.0,4.0,0.0,0.0,58.0,0.0,24.0,0.0,42.0,36.0,8.0,2.0,2.0,83.0
2021,Karnataka,29,Dakshina Kannada,534,Mangaluru City,16.0,54.0,0.0,63.0,22.0,0.0,7.0,142.0,62.0,17.0,15.0,0.0,8.0,0.0,5.0,112.0,0.0,78.0,5.0,32.0,89.0,53.0,13.0,10.0,543.0
2021,Karnataka,29,Davangere,535,Davanagere,38.0,97.0,0.0,155.0,102.0,4.0,0.0,203.0,86.0,69.0,94.0,0.0,5.0,0.0,0.0,71.0,0.0,70.0,0.0,1.0,98.0,44.0,12.0,0.0,40.0
2021,Karnataka,29,Dharwad,536,Dharwad,20.0,29.0,0.0,35.0,17.0,1.0,2.0,57.0,26.0,24.0,4.0,0.0,0.0,0.0,0.0,3.0,0.0,0.0,0.0,3.0,27.0,16.0,0.0,0.0,22.0
2021,Karnataka,29,Dharwad,536,Hubballi Dharwad City,16.0,54.0,0.0,56.0,33.0,1.0,2.0,72.0,39.0,62.0,0.0,0.0,4.0,0.0,29.0,169.0,0.0,27.0,0.0,17.0,79.0,53.0,17.0,5.0,226.0
2021,Karnataka,29,Gadag,537,Gadag,11.0,49.0,0.0,49.0,37.0,1.0,0.0,58.0,18.0,19.0,6.0,0.0,5.0,0.0,0.0,15.0,0.0,0.0,0.0,0.0,25.0,6.0,2.0,0.0,18.0
2021,Karnataka,29,Hassan,539,Hassan,54.0,138.0,0.0,222.0,124.0,0.0,0.0,252.0,138.0,49.0,84.0,0.0,3.0,0.0,8.0,46.0,0.0,3.0,0.0,2.0,107.0,74.0,7.0,6.0,526.0
2021,Karnataka,29,Haveri,540,Haveri,26.0,88.0,0.0,63.0,23.0,0.0,0.0,209.0,78.0,37.0,22.0,0.0,4.0,0.0,13.0,65.0,0.0,0.0,0.0,0.0,68.0,19.0,4.0,2.0,151.0
2021,Karnataka,29,Kalaburagi,538,Kalaburgi,46.0,76.0,0.0,125.0,39.0,2.0,0.0,119.0,55.0,74.0,18.0,0.0,5.0,0.0,27.0,6.0,0.0,3.0,0.0,2.0,17.0,8.0,2.0,0.0,68.0
2021,Karnataka,29,Kalaburagi,538,Kalaburgi City,41.0,61.0,1.0,49.0,34.0,1.0,0.0,74.0,32.0,89.0,97.0,0.0,1.0,1.0,0.0,12.0,0.0,0.0,0.0,0.0,58.0,35.0,8.0,2.0,405.0
2021,Karnataka,29,Kodagu,541,Kodagu,19.0,51.0,0.0,44.0,38.0,0.0,0.0,106.0,65.0,31.0,4.0,0.0,2.0,0.0,0.0,41.0,0.0,0.0,0.0,2.0,34.0,13.0,9.0,1.0,142.0
2021,Karnataka,29,Kolar,542,Kolar,28.0,67.0,0.0,81.0,44.0,0.0,0.0,123.0,61.0,15.0,40.0,0.0,9.0,2.0,13.0,36.0,0.0,29.0,0.0,6.0,66.0,34.0,13.0,0.0,73.0
2021,Karnataka,29,Koppal,543,Koppal,14.0,57.0,0.0,82.0,30.0,0.0,0.0,79.0,40.0,52.0,4.0,0.0,13.0,0.0,0.0,15.0,0.0,1.0,0.0,6.0,35.0,16.0,2.0,0.0,218.0
2021,Karnataka,29,Mandya,544,Mandya,55.0,81.0,0.0,320.0,122.0,1.0,0.0,293.0,94.0,75.0,57.0,0.0,7.0,0.0,29.0,31.0,0.0,0.0,0.0,13.0,105.0,52.0,11.0,4.0,427.0
2021,Karnataka,29,Mysuru,545,Mysuru City,25.0,50.0,0.0,56.0,60.0,2.0,2.0,146.0,42.0,33.0,88.0,0.0,12.0,0.0,8.0,110.0,0.0,90.0,0.0,6.0,151.0,77.0,13.0,0.0,11.0
2021,Karnataka,29,Mysuru,545,Mysuru District,61.0,98.0,0.0,232.0,80.0,0.0,0.0,289.0,104.0,93.0,11.0,0.0,5.0,15.0,11.0,48.0,0.0,5.0,0.0,15.0,113.0,55.0,6.0,4.0,247.0
2021,Karnataka,29,Raichur,546,Raichur,42.0,101.0,0.0,228.0,45.0,0.0,0.0,123.0,50.0,88.0,71.0,0.0,9.0,0.0,0.0,21.0,0.0,1.0,0.0,6.0,104.0,8.0,4.0,2.0,169.0
2021,Karnataka,29,Ramanagara,631,Ramanagara,58.0,93.0,1.0,166.0,79.0,2.0,0.0,256.0,95.0,56.0,53.0,0.0,11.0,1.0,0.0,82.0,0.0,71.0,0.0,16.0,166.0,54.0,9.0,0.0,70.0
2021,Karnataka,29,Shivamogga,547,Shimoga,39.0,148.0,0.0,296.0,156.0,1.0,0.0,256.0,143.0,67.0,89.0,0.0,19.0,1.0,17.0,90.0,0.0,49.0,0.0,17.0,162.0,77.0,7.0,3.0,12.0
2021,Karnataka,29,Tumakuru,548,Tumakuru,78.0,99.0,0.0,158.0,119.0,0.0,0.0,499.0,107.0,50.0,103.0,0.0,20.0,57.0,49.0,154.0,6.0,0.0,0.0,4.0,137.0,96.0,36.0,4.0,32.0
2021,Karnataka,29,Udupi,549,Udupi,11.0,51.0,0.0,61.0,27.0,0.0,0.0,96.0,58.0,28.0,15.0,0.0,2.0,0.0,3.0,44.0,0.0,28.0,0.0,19.0,88.0,11.0,10.0,2.0,373.0
2021,Karnataka,29,Uttara Kannada,550,Uttara Kannada,20.0,50.0,0.0,142.0,36.0,0.0,0.0,118.0,50.0,19.0,18.0,0.0,6.0,2.0,11.0,44.0,0.0,23.0,0.0,20.0,14.0,15.0,17.0,1.0,122.0
2021,Karnataka,29,Vijayapura,530,Vijayapura,83.0,60.0,1.0,142.0,54.0,0.0,0.0,136.0,50.0,93.0,12.0,0.0,13.0,0.0,31.0,24.0,0.0,10.0,0.0,10.0,40.0,17.0,8.0,1.0,371.0
2021,Karnataka,29,Yadgir,635,Yadgiri,22.0,78.0,0.0,143.0,27.0,0.0,0.0,89.0,46.0,41.0,17.0,0.0,4.0,0.0,19.0,7.0,0.0,5.0,0.0,2.0,32.0,3.0,1.0,1.0,39.0
2021,Kerala,32,Alappuzha,554,Alapuzha,25.0,164.0,3.0,321.0,21.0,0.0,0.0,236.0,151.0,266.0,2.0,0.0,2.0,8.0,14.0,15.0,2.0,1.0,0.0,10.0,261.0,71.0,11.0,0.0,111.0
2021,Kerala,32,Ernakulam,555,Ernakulam Commissionerate,10.0,195.0,3.0,210.0,10.0,0.0,0.0,0.0,0.0,177.0,2.0,1.0,0.0,0.0,12.0,112.0,13.0,2.0,10.0,5.0,398.0,46.0,32.0,0.0,207.0
2021,Kerala,32,Ernakulam,555,Ernakulam Commr.,1.0,0.0,0.0,32.0,9.0,0.0,0.0,138.0,57.0,0.0,0.0,0.0,0.0,17.0,0.0,0.0,0.0,0.0,0.0,0.0,0.0,0.0,0.0,0.0,0.0
2021,Kerala,32,Ernakulam,555,Ernakulam Rural,23.0,157.0,3.0,413.0,38.0,2.0,91.0,229.0,82.0,318.0,1.0,0.0,0.0,3.0,8.0,18.0,0.0,0.0,0.0,8.0,294.0,65.0,43.0,1.0,114.0
2021,Kerala,32,Idukki,556,Idukki,21.0,200.0,0.0,246.0,15.0,4.0,0.0,286.0,184.0,114.0,0.0,0.0,0.0,3.0,7.0,12.0,0.0,3.0,0.0,11.0,151.0,14.0,17.0,0.0,97.0
2021,Kerala,32,Kannur,557,Kannur City,15.0,63.0,0.0,114.0,9.0,0.0,5.0,115.0,87.0,197.0,1.0,0.0,0.0,2.0,13.0,25.0,0.0,2.0,0.0,15.0,119.0,19.0,9.0,0.0,200.0
2021,Kerala,32,Kannur,557,Kannur Rural,15.0,57.0,0.0,91.0,2.0,0.0,9.0,122.0,90.0,150.0,0.0,0.0,4.0,5.0,1.0,3.0,0.0,0.0,0.0,4.0,95.0,10.0,24.0,0.0,88.0
2021,Kerala,32,Kasaragod,558,Kasargod,13.0,131.0,0.0,205.0,17.0,0.0,3.0,216.0,114.0,212.0,0.0,0.0,4.0,19.0,12.0,57.0,24.0,0.0,1.0,0.0,111.0,27.0,12.0,0.0,154.0
2021,Kerala,32,Kollam,559,Kollam Commissionerate,13.0,100.0,0.0,197.0,3.0,0.0,38.0,0.0,0.0,281.0,2.0,0.0,2.0,0.0,33.0,29.0,0.0,5.0,0.0,15.0,159.0,31.0,15.0,0.0,75.0
2021,Kerala,32,Kollam,559,Kollam Commr.,2.0,0.0,0.0,0.0,4.0,0.0,19.0,151.0,108.0,0.0,0.0,0.0,0.0,0.0,0.0,0.0,0.0,0.0,0.0,0.0,0.0,0.0,0.0,0.0,0.0
2021,Kerala,32,Kollam,559,Kollam Rural,31.0,167.0,2.0,317.0,8.0,0.0,1.0,261.0,207.0,236.0,1.0,1.0,2.0,4.0,4.0,47.0,10.0,4.0,1.0,8.0,175.0,34.0,13.0,0.0,288.0
2021,Kerala,32,Kottayam,560,Kottayam,25.0,163.0,3.0,271.0,27.0,0.0,0.0,214.0,119.0,175.0,2.0,0.0,0.0,8.0,18.0,7.0,0.0,1.0,0.0,9.0,231.0,54.0,19.0,0.0,271.0
2021,Kerala,32,Kozhikode,561,Kozhikode Commissionerate,5.0,115.0,1.0,194.0,22.0,0.0,4.0,0.0,0.0,323.0,0.0,0.0,0.0,0.0,19.0,64.0,10.0,2.0,7.0,5.0,241.0,66.0,19.0,2.0,218.0
2021,Kerala,32,Kozhikode,561,Kozhikode Commr.,1.0,0.0,0.0,26.0,19.0,0.0,1.0,162.0,62.0,0.0,0.0,0.0,0.0,23.0,0.0,0.0,0.0,0.0,0.0,0.0,0.0,0.0,0.0,0.0,0.0
2021,Kerala,32,Kozhikode,561,Kozhikode Rural,16.0,127.0,1.0,330.0,46.0,1.0,0.0,208.0,87.0,396.0,0.0,0.0,0.0,5.0,8.0,13.0,0.0,1.0,0.0,17.0,148.0,30.0,15.0,0.0,86.0
2021,Kerala,32,Malappuram,562,Malappuram,16.0,301.0,0.0,527.0,51.0,0.0,0.0,559.0,252.0,664.0,0.0,0.0,4.0,24.0,34.0,77.0,1.0,1.0,3.0,87.0,243.0,50.0,22.0,0.0,381.0
2021,Kerala,32,Palakkad,563,Palakkad,26.0,233.0,0.0,323.0,44.0,0.0,6.0,309.0,151.0,365.0,2.0,1.0,5.0,0.0,14.0,42.0,6.0,0.0,0.0,58.0,221.0,62.0,24.0,0.0,104.0
2021,Kerala,32,Pathanamthitta,564,Pathanamthitta,15.0,124.0,7.0,178.0,9.0,0.0,0.0,171.0,132.0,130.0,33.0,0.0,0.0,2.0,22.0,6.0,0.0,1.0,0.0,8.0,520.0,30.0,9.0,0.0,55.0
2021,Kerala,32,Thiruvananthapuram,565,Crime Branch,0.0,5.0,0.0,0.0,0.0,0.0,0.0,1.0,1.0,0.0,0.0,0.0,0.0,0.0,0.0,3.0,0.0,1.0,0.0,1.0,23.0,0.0,3.0,0.0,4.0
2021,Kerala,32,Thiruvananthapuram,565,Railways,0.0,8.0,0.0,43.0,0.0,0.0,8.0,7.0,4.0,0.0,0.0,0.0,0.0,0.0,4.0,2.0,0.0,0.0,0.0,0.0,1.0,11.0,0.0,0.0,3.0
2021,Kerala,32,Thiruvananthapuram,565,Trivandrum Commissionerate,15.0,111.0,5.0,193.0,0.0,0.0,0.0,0.0,1.0,160.0,0.0,0.0,2.0,0.0,3.0,91.0,0.0,10.0,0.0,52.0,192.0,58.0,35.0,2.0,116.0
2021,Kerala,32,Thiruvananthapuram,565,Trivandrum Commr.,1.0,0.0,0.0,2.0,11.0,0.0,0.0,144.0,101.0,0.0,0.0,0.0,0.0,1.0,0.0,0.0,0.0,0.0,0.0,0.0,0.0,0.0,0.0,0.0,0.0
2021,Kerala,32,Thiruvananthapuram,565,Trivandrum Rural,41.0,307.0,10.0,392.0,23.0,0.0,0.0,418.0,290.0,306.0,2.0,0.0,3.0,10.0,23.0,71.0,1.0,4.0,0.0,47.0,250.0,86.0,11.0,0.0,468.0
2021,Kerala,32,Thrissur,566,Thrissur Commissionerate,17.0,126.0,1.0,189.0,1.0,0.0,0.0,0.0,0.0,331.0,0.0,1.0,1.0,0.0,34.0,68.0,10.0,4.0,7.0,16.0,442.0,40.0,13.0,0.0,70.0
2021,Kerala,32,Thrissur,566,Thrissur Commr.,3.0,0.0,0.0,3.0,6.0,0.0,0.0,193.0,135.0,0.0,0.0,0.0,0.0,22.0,0.0,0.0,0.0,0.0,0.0,0.0,0.0,0.0,0.0,0.0,0.0
2021,Kerala,32,Thrissur,566,Thrissur Rural,17.0,141.0,1.0,279.0,26.0,0.0,0.0,211.0,102.0,293.0,0.0,0.0,1.0,17.0,27.0,19.0,0.0,1.0,0.0,28.0,300.0,31.0,14.0,0.0,227.0
2021,Kerala,32,Wayanad,567,Wayanadu,13.0,141.0,1.0,113.0,14.0,0.0,0.0,185.0,141.0,173.0,0.0,0.0,0.0,3.0,10.0,6.0,0.0,0.0,0.0,6.0,108.0,8.0,11.0,0.0,143.0
2021,Ladakh,37,Kargil,6,Kargil,4.0,2.0,1.0,2.0,1.0,0.0,0.0,1.0,0.0,1.0,0.0,0.0,0.0,0.0,0.0,10.0,5.0,0.0,0.0,0.0,8.0,0.0,0.0,0.0,47.0
2021,Ladakh,37,Leh Ladakh,9,Leh,1.0,2.0,0.0,4.0,0.0,0.0,0.0,0.0,0.0,8.0,0.0,0.0,0.0,0.0,0.0,0.0,0.0,0.0,0.0,0.0,13.0,0.0,0.0,0.0,11.0
2021,Lakshadweep,31,Lakshadweep District,553,Lakshadweep,2.0,2.0,0.0,2.0,0.0,0.0,0.0,17.0,14.0,3.0,0.0,0.0,0.0,1.0,0.0,1.0,0.0,0.0,0.0,0.0,0.0,0.0,1.0,0.0,33.0
2021,Madhya Pradesh,23,Agar Malwa,667,Agar,1.0,0.0,0.0,0.0,26.0,0.0,0.0,91.0,34.0,0.0,0.0,0.0,0.0,17.0,0.0,0.0,0.0,0.0,0.0,0.0,0.0,0.0,0.0,0.0,0.0
2021,Madhya Pradesh,23,Agar-Malwa,667,Agar,12.0,47.0,0.0,52.0,20.0,0.0,2.0,0.0,0.0,75.0,1.0,0.0,1.0,0.0,0.0,0.0,0.0,0.0,0.0,0.0,12.0,2.0,0.0,0.0,72.0
2021,Madhya Pradesh,23,Alirajpur,639,Alirajpur,53.0,193.0,0.0,33.0,58.0,0.0,0.0,195.0,118.0,18.0,0.0,0.0,14.0,16.0,127.0,0.0,0.0,0.0,0.0,0.0,19.0,10.0,0.0,0.0,25.0
2021,Madhya Pradesh,23,Anuppur,390,Anuppur,44.0,131.0,1.0,53.0,194.0,0.0,3.0,230.0,62.0,95.0,4.0,0.0,6.0,16.0,10.0,14.0,1.0,0.0,3.0,0.0,65.0,5.0,2.0,0.0,62.0
2021,Madhya Pradesh,23,Ashoknagar,391,Ashok Nagar,37.0,131.0,0.0,87.0,121.0,2.0,2.0,244.0,115.0,104.0,4.0,0.0,11.0,47.0,63.0,0.0,0.0,0.0,0.0,0.0,22.0,9.0,0.0,0.0,23.0
2021,Madhya Pradesh,23,Balaghat,392,Balaghat,53.0,261.0,1.0,135.0,340.0,0.0,4.0,363.0,121.0,302.0,13.0,0.0,10.0,35.0,40.0,0.0,0.0,0.0,0.0,0.0,28.0,16.0,0.0,0.0,35.0
2021,Madhya Pradesh,23,Barwani,393,Barwani,42.0,161.0,0.0,75.0,81.0,0.0,4.0,234.0,129.0,67.0,1.0,0.0,35.0,17.0,156.0,0.0,0.0,0.0,0.0,0.0,45.0,12.0,0.0,0.0,96.0
2021,Madhya Pradesh,23,Betul,394,Betul,62.0,206.0,0.0,37.0,128.0,0.0,0.0,207.0,67.0,27.0,13.0,0.0,13.0,0.0,42.0,26.0,7.0,0.0,5.0,0.0,39.0,10.0,8.0,0.0,12.0
2021,Madhya Pradesh,23,Bhind,395,Bhind,32.0,97.0,0.0,114.0,114.0,0.0,0.0,183.0,69.0,217.0,26.0,0.0,0.0,0.0,0.0,24.0,6.0,0.0,1.0,0.0,82.0,43.0,0.0,0.0,312.0
2021,Madhya Pradesh,23,Bhopal,396,Bhopal,69.0,609.0,3.0,375.0,925.0,1.0,0.0,872.0,251.0,633.0,32.0,0.0,19.0,34.0,1031.0,12.0,0.0,0.0,0.0,0.0,472.0,46.0,27.0,0.0,892.0
2021,Madhya Pradesh,23,Bhopal,396,Bhopal Railway,2.0,3.0,0.0,9.0,7.0,0.0,0.0,9.0,1.0,0.0,1.0,0.0,1.0,0.0,0.0,0.0,0.0,0.0,0.0,0.0,4.0,79.0,0.0,0.0,27.0
2021,Madhya Pradesh,23,Bhopal,396,Cyber Crime Cell,0.0,0.0,0.0,0.0,0.0,0.0,0.0,0.0,0.0,0.0,0.0,0.0,0.0,0.0,0.0,0.0,0.0,0.0,0.0,0.0,0.0,0.0,0.0,0.0,0.0
2021,Madhya Pradesh,23,Burhanpur,397,Burhanpur,9.0,74.0,0.0,84.0,91.0,0.0,1.0,166.0,62.0,93.0,0.0,0.0,7.0,27.0,23.0,26.0,3.0,1.0,2.0,2.0,1.0,6.0,0.0,0.0,31.0
2021,Madhya Pradesh,23,Chhatarpur,398,Chhatarpur,53.0,195.0,0.0,126.0,212.0,0.0,2.0,375.0,144.0,158.0,23.0,0.0,23.0,6.0,365.0,12.0,0.0,2.0,1.0,15.0,30.0,19.0,0.0,0.0,341.0
2021,Madhya Pradesh,23,Chhindwara,399,Chhindwara,80.0,183.0,0.0,46.0,281.0,0.0,6.0,262.0,68.0,58.0,10.0,0.0,14.0,27.0,46.0,0.0,0.0,0.0,0.0,0.0,26.0,14.0,0.0,0.0,483.0
2021,Madhya Pradesh,23,Cyber Crime,9999,Cyber Crime Cell,0.0,0.0,0.0,0.0,0.0,0.0,0.0,0.0,0.0,0.0,0.0,0.0,0.0,0.0,0.0,0.0,0.0,0.0,0.0,0.0,0.0,0.0,0.0,0.0,0.0
2021,Madhya Pradesh,23,Cyber Crime Cell,9999,Cyber Crime Cell,0.0,0.0,0.0,0.0,0.0,0.0,0.0,5.0,0.0,0.0,0.0,0.0,0.0,0.0,0.0,165.0,0.0,19.0,0.0,35.0,0.0,0.0,0.0,0.0,0.0
2021,Madhya Pradesh,23,Damoh,400,Damoh,34.0,93.0,0.0,106.0,302.0,0.0,0.0,273.0,92.0,170.0,14.0,0.0,23.0,0.0,43.0,8.0,3.0,0.0,1.0,0.0,3.0,10.0,1.0,0.0,4.0
2021,Madhya Pradesh,23,Datia,401,Datia,31.0,56.0,0.0,55.0,51.0,0.0,0.0,105.0,31.0,72.0,12.0,0.0,7.0,18.0,0.0,8.0,3.0,0.0,0.0,2.0,42.0,16.0,0.0,0.0,30.0
2021,Madhya Pradesh,23,Dewas,402,Dewas,50.0,242.0,1.0,156.0,284.0,0.0,0.0,431.0,177.0,231.0,10.0,0.0,11.0,90.0,504.0,0.0,0.0,0.0,0.0,0.0,12.0,10.0,59.0,0.0,52.0
2021,Madhya Pradesh,23,Dhar,403,Dhar,66.0,470.0,3.0,196.0,676.0,0.0,3.0,737.0,305.0,148.0,6.0,1.0,42.0,73.0,520.0,13.0,1.0,0.0,1.0,0.0,61.0,28.0,0.0,0.0,75.0
2021,Madhya Pradesh,23,Dindori,404,Dindori,23.0,92.0,0.0,59.0,114.0,0.0,4.0,183.0,53.0,79.0,1.0,0.0,11.0,9.0,4.0,8.0,1.0,0.0,0.0,0.0,21.0,2.0,0.0,0.0,71.0
2021,Madhya Pradesh,23,Guna,406,Guna,43.0,299.0,0.0,166.0,202.0,2.0,2.0,260.0,74.0,71.0,7.0,0.0,3.0,38.0,45.0,8.0,0.0,0.0,0.0,0.0,32.0,33.0,10.0,0.0,350.0
2021,Madhya Pradesh,23,Gwalior,407,Gwalior,97.0,479.0,1.0,289.0,499.0,0.0,3.0,756.0,202.0,638.0,31.0,0.0,40.0,43.0,70.0,98.0,23.0,3.0,7.0,46.0,242.0,100.0,33.0,4.0,71.0
2021,Madhya Pradesh,23,Harda,408,Harda,21.0,120.0,0.0,72.0,93.0,0.0,0.0,227.0,94.0,84.0,4.0,0.0,7.0,19.0,157.0,7.0,0.0,1.0,0.0,0.0,26.0,1.0,0.0,0.0,50.0
2021,Madhya Pradesh,23,Indore,410,Cyber Crime Cell,0.0,0.0,0.0,0.0,0.0,0.0,0.0,0.0,0.0,0.0,0.0,0.0,0.0,0.0,0.0,0.0,0.0,0.0,0.0,7.0,0.0,0.0,0.0,0.0,0.0
2021,Madhya Pradesh,23,Indore,410,Indore,84.0,631.0,1.0,351.0,1418.0,1.0,4.0,1386.0,349.0,683.0,27.0,0.0,49.0,170.0,382.0,81.0,14.0,2.0,9.0,2.0,206.0,99.0,3.0,7.0,212.0
2021,Madhya Pradesh,23,Indore,410,Indore Railway,0.0,7.0,0.0,10.0,14.0,0.0,0.0,13.0,5.0,1.0,0.0,0.0,1.0,0.0,12.0,1.0,0.0,0.0,0.0,0.0,3.0,6.0,0.0,0.0,6.0
2021,Madhya Pradesh,23,Indore,410,Khandwa,0.0,0.0,0.0,0.0,172.0,0.0,0.0,322.0,98.0,0.0,0.0,0.0,0.0,0.0,0.0,0.0,0.0,0.0,0.0,0.0,0.0,0.0,0.0,0.0,0.0
2021,Madhya Pradesh,23,Jabalpur,411,Jabalpur,80.0,326.0,0.0,295.0,660.0,0.0,6.0,575.0,238.0,390.0,17.0,0.0,11.0,0.0,865.0,0.0,0.0,0.0,0.0,0.0,115.0,50.0,0.0,0.0,401.0
2021,Madhya Pradesh,23,Jabalpur,411,Jabalpur Railway,1.0,0.0,0.0,5.0,2.0,0.0,0.0,2.0,0.0,0.0,1.0,0.0,0.0,0.0,0.0,0.0,0.0,0.0,0.0,0.0,2.0,14.0,0.0,0.0,8.0
2021,Madhya Pradesh,23,Jhabua,412,Jhabua,26.0,105.0,0.0,29.0,104.0,0.0,0.0,143.0,36.0,6.0,0.0,0.0,18.0,0.0,187.0,0.0,0.0,0.0,0.0,0.0,16.0,12.0,2.0,0.0,23.0
2021,Madhya Pradesh,23,Katni,413,Katni,38.0,279.0,0.0,86.0,226.0,0.0,9.0,293.0,56.0,57.0,12.0,0.0,19.0,0.0,44.0,4.0,0.0,0.0,0.0,5.0,86.0,16.0,6.0,0.0,0.0
2021,Madhya Pradesh,23,Khandwa (East Nimar),405,Khandwa,39.0,130.0,0.0,137.0,172.0,4.0,0.0,0.0,0.0,72.0,10.0,0.0,6.0,0.0,0.0,0.0,0.0,0.0,0.0,0.0,0.0,17.0,0.0,0.0,1786.0
2021,Madhya Pradesh,23,Khargone,414,Khargone,3.0,0.0,0.0,0.0,202.0,0.0,1.0,524.0,234.0,0.0,0.0,0.0,1.0,28.0,0.0,0.0,0.0,0.0,0.0,0.0,0.0,0.0,0.0,0.0,0.0
2021,Madhya Pradesh,23,Khargone (West Nimar),414,Khargone,35.0,258.0,1.0,147.0,30.0,0.0,1.0,0.0,0.0,64.0,7.0,0.0,14.0,0.0,82.0,10.0,0.0,0.0,2.0,6.0,36.0,25.0,4.0,0.0,110.0
2021,Madhya Pradesh,23,Mandla,415,Mandla,36.0,90.0,0.0,44.0,273.0,0.0,2.0,285.0,35.0,51.0,2.0,0.0,4.0,0.0,23.0,0.0,0.0,0.0,0.0,0.0,15.0,3.0,0.0,0.0,27.0
2021,Madhya Pradesh,23,Mandsaur,416,Mandsaur,28.0,156.0,0.0,138.0,209.0,0.0,16.0,262.0,118.0,128.0,6.0,0.0,14.0,21.0,73.0,35.0,4.0,0.0,8.0,0.0,55.0,13.0,4.0,0.0,44.0
2021,Madhya Pradesh,23,Morena,417,Morena,49.0,177.0,3.0,128.0,188.0,2.0,2.0,261.0,96.0,276.0,23.0,0.0,19.0,44.0,35.0,0.0,0.0,0.0,0.0,0.0,65.0,47.0,17.0,0.0,48.0
2021,Madhya Pradesh,23,Narmadapuram,409,Hoshangabad,54.0,207.0,0.0,129.0,173.0,0.0,1.0,390.0,137.0,213.0,12.0,0.0,11.0,65.0,20.0,0.0,0.0,0.0,0.0,0.0,30.0,23.0,0.0,0.0,18.0
2021,Madhya Pradesh,23,Narsimhapur,418,Narsinghpur,33.0,159.0,0.0,83.0,119.0,0.0,0.0,0.0,0.0,89.0,12.0,1.0,9.0,0.0,176.0,4.0,0.0,0.0,0.0,2.0,20.0,14.0,0.0,0.0,0.0
2021,Madhya Pradesh,23,Narsinghpur,418,Narsinghpur,1.0,0.0,0.0,0.0,153.0,0.0,0.0,311.0,124.0,0.0,0.0,0.0,2.0,10.0,0.0,0.0,0.0,0.0,0.0,0.0,0.0,0.0,0.0,0.0,0.0
2021,Madhya Pradesh,23,Neemuch,419,Neemuch,19.0,62.0,0.0,43.0,119.0,0.0,2.0,126.0,48.0,95.0,2.0,0.0,9.0,5.0,64.0,10.0,2.0,0.0,3.0,0.0,34.0,18.0,0.0,1.0,19.0
2021,Madhya Pradesh,23,Niwari,722,Niwari,12.0,57.0,0.0,45.0,63.0,0.0,4.0,117.0,46.0,45.0,5.0,0.0,3.0,15.0,71.0,12.0,3.0,0.0,0.0,0.0,24.0,6.0,0.0,0.0,200.0
2021,Madhya Pradesh,23,Panna,420,Panna,28.0,118.0,0.0,88.0,325.0,2.0,6.0,376.0,78.0,96.0,9.0,0.0,30.0,65.0,49.0,19.0,9.0,0.0,0.0,0.0,5.0,8.0,0.0,0.0,33.0
2021,Madhya Pradesh,23,Raisen,421,Raisen,42.0,212.0,0.0,87.0,413.0,1.0,0.0,510.0,199.0,150.0,9.0,0.0,8.0,50.0,0.0,2.0,0.0,0.0,0.0,0.0,0.0,15.0,0.0,0.0,618.0
2021,Madhya Pradesh,23,Rajgarh,422,Rajgarh,25.0,177.0,2.0,179.0,158.0,0.0,0.0,280.0,104.0,268.0,1.0,0.0,26.0,0.0,277.0,23.0,6.0,1.0,1.0,5.0,43.0,29.0,2.0,0.0,641.0
2021,Madhya Pradesh,23,Ratlam,423,Ratlam,38.0,232.0,0.0,109.0,385.0,0.0,0.0,529.0,173.0,108.0,3.0,0.0,27.0,10.0,115.0,24.0,0.0,0.0,5.0,0.0,61.0,15.0,13.0,0.0,82.0
2021,Madhya Pradesh,23,Rewa,424,Rewa,59.0,212.0,0.0,106.0,422.0,2.0,2.0,948.0,139.0,164.0,25.0,1.0,15.0,22.0,120.0,41.0,4.0,1.0,0.0,36.0,70.0,91.0,23.0,0.0,2516.0
2021,Madhya Pradesh,23,Sagar,425,Sagar,76.0,498.0,0.0,191.0,295.0,0.0,12.0,902.0,324.0,238.0,39.0,0.0,41.0,178.0,154.0,40.0,3.0,0.0,8.0,0.0,85.0,26.0,6.0,1.0,72.0
2021,Madhya Pradesh,23,Satna,426,Satna,60.0,419.0,0.0,90.0,365.0,0.0,2.0,584.0,126.0,106.0,23.0,0.0,25.0,23.0,50.0,14.0,3.0,0.0,4.0,0.0,61.0,25.0,0.0,0.0,7.0
2021,Madhya Pradesh,23,Sehore,427,Sehore,34.0,307.0,0.0,129.0,110.0,0.0,5.0,333.0,150.0,157.0,11.0,0.0,13.0,61.0,64.0,1.0,0.0,0.0,0.0,2.0,85.0,24.0,1.0,0.0,19.0
2021,Madhya Pradesh,23,Seoni,428,Seoni,36.0,254.0,0.0,87.0,180.0,0.0,0.0,274.0,71.0,135.0,9.0,0.0,18.0,2.0,90.0,1.0,0.0,0.0,0.0,0.0,17.0,8.0,7.0,0.0,781.0
2021,Madhya Pradesh,23,Shahdol,429,Shahdol,42.0,158.0,1.0,79.0,342.0,0.0,7.0,401.0,103.0,184.0,5.0,0.0,16.0,54.0,47.0,8.0,3.0,0.0,0.0,0.0,43.0,14.0,8.0,0.0,4.0
2021,Madhya Pradesh,23,Shajapur,430,Shajapur,14.0,123.0,0.0,100.0,86.0,1.0,0.0,214.0,112.0,106.0,6.0,1.0,7.0,45.0,148.0,12.0,2.0,0.0,2.0,0.0,17.0,7.0,6.0,0.0,43.0
2021,Madhya Pradesh,23,Sheopur,431,Sheopur,10.0,50.0,0.0,33.0,41.0,1.0,0.0,64.0,23.0,31.0,3.0,0.0,2.0,12.0,31.0,4.0,0.0,0.0,0.0,4.0,9.0,9.0,0.0,0.0,51.0
2021,Madhya Pradesh,23,Shivpuri,432,Shivpuri,64.0,251.0,2.0,196.0,339.0,4.0,2.0,703.0,113.0,158.0,20.0,0.0,12.0,32.0,54.0,0.0,0.0,0.0,0.0,0.0,69.0,56.0,0.0,1.0,2793.0
2021,Madhya Pradesh,23,Sidhi,433,Sidhi,31.0,102.0,0.0,35.0,191.0,0.0,5.0,173.0,36.0,78.0,9.0,0.0,23.0,10.0,374.0,3.0,0.0,0.0,0.0,3.0,18.0,6.0,11.0,0.0,0.0
2021,Madhya Pradesh,23,Singrauli,638,Singrauli,49.0,116.0,1.0,50.0,198.0,0.0,2.0,232.0,75.0,111.0,11.0,1.0,26.0,5.0,53.0,26.0,7.0,0.0,1.0,0.0,31.0,8.0,25.0,0.0,42.0
2021,Madhya Pradesh,23,Tikamgarh,434,Tikamgarh,25.0,118.0,0.0,46.0,170.0,0.0,2.0,215.0,67.0,87.0,17.0,0.0,16.0,19.0,48.0,20.0,6.0,0.0,3.0,0.0,30.0,7.0,0.0,0.0,44.0
2021,Madhya Pradesh,23,Ujjain,435,Ujjain,39.0,177.0,1.0,206.0,371.0,0.0,0.0,490.0,113.0,191.0,6.0,0.0,15.0,42.0,73.0,43.0,5.0,1.0,8.0,0.0,112.0,47.0,2.0,1.0,2259.0
2021,Madhya Pradesh,23,Umaria,436,Umaria,15.0,130.0,1.0,40.0,65.0,0.0,4.0,120.0,32.0,28.0,3.0,0.0,11.0,12.0,34.0,0.0,0.0,0.0,0.0,0.0,18.0,6.0,0.0,0.0,99.0
2021,Madhya Pradesh,23,Vidisha,437,Vidisha,49.0,228.0,1.0,168.0,276.0,2.0,8.0,407.0,159.0,154.0,8.0,0.0,23.0,49.0,55.0,0.0,0.0,0.0,0.0,0.0,27.0,11.0,16.0,0.0,70.0
2021,Maharashtra,27,Ahmednagar,466,Ahmednagar,103.0,277.0,0.0,688.0,405.0,0.0,3.0,313.0,156.0,567.0,15.0,0.0,121.0,0.0,260.0,27.0,8.0,4.0,0.0,12.0,322.0,341.0,0.0,8.0,391.0
2021,Maharashtra,27,Akola,467,Akola,39.0,132.0,1.0,204.0,165.0,0.0,2.0,217.0,108.0,268.0,7.0,0.0,15.0,9.0,102.0,63.0,15.0,2.0,4.0,4.0,77.0,42.0,0.0,0.0,115.0
2021,Maharashtra,27,Amravati,468,Amravati Commissionerate,21.0,164.0,0.0,216.0,80.0,3.0,4.0,0.0,0.0,100.0,6.0,0.0,5.0,0.0,38.0,131.0,51.0,0.0,7.0,2.0,129.0,50.0,30.0,0.0,209.0
2021,Maharashtra,27,Amravati,468,Amravati Commr.,1.0,0.0,0.0,0.0,108.0,1.0,0.0,232.0,112.0,0.0,0.0,0.0,1.0,0.0,0.0,0.0,0.0,0.0,0.0,0.0,0.0,0.0,0.0,0.0,0.0
2021,Maharashtra,27,Amravati,468,Amravati Rural,53.0,126.0,2.0,192.0,292.0,0.0,0.0,261.0,103.0,230.0,5.0,0.0,22.0,0.0,45.0,117.0,52.0,6.0,2.0,2.0,41.0,25.0,14.0,0.0,91.0
2021,Maharashtra,27,Aurangabad,469,Aurangabad Commr.,1.0,0.0,0.0,0.0,151.0,1.0,1.0,288.0,103.0,0.0,0.0,0.0,0.0,4.0,0.0,0.0,0.0,0.0,0.0,0.0,0.0,0.0,0.0,0.0,0.0
2021,Maharashtra,27,Aurangabad,469,Aurangabad Railway,0.0,0.0,0.0,0.0,5.0,0.0,0.0,9.0,2.0,0.0,0.0,0.0,0.0,0.0,0.0,0.0,0.0,0.0,0.0,0.0,0.0,0.0,0.0,0.0,0.0
2021,Maharashtra,27,Aurangabad,469,Aurangabad Rural,2.0,0.0,0.0,0.0,99.0,0.0,0.0,192.0,86.0,0.0,0.0,0.0,0.0,0.0,0.0,0.0,0.0,0.0,0.0,0.0,0.0,0.0,0.0,0.0,0.0
2021,Maharashtra,27,Beed,470,Beed,65.0,204.0,0.0,351.0,179.0,1.0,0.0,271.0,127.0,473.0,9.0,0.0,45.0,9.0,142.0,232.0,97.0,5.0,8.0,0.0,160.0,82.0,25.0,7.0,135.0
2021,Maharashtra,27,Bhandara,471,Bhandara,31.0,77.0,12.0,93.0,139.0,0.0,0.0,138.0,41.0,35.0,3.0,0.0,5.0,6.0,58.0,89.0,23.0,1.0,3.0,5.0,48.0,12.0,0.0,0.0,87.0
2021,Maharashtra,27,Buldhana,472,Buldhana,53.0,157.0,0.0,340.0,220.0,0.0,0.0,325.0,155.0,217.0,12.0,0.0,28.0,6.0,254.0,98.0,24.0,13.0,5.0,2.0,75.0,99.0,15.0,2.0,47.0
2021,Maharashtra,27,Chandrapur,473,Chandrapur,51.0,162.0,0.0,237.0,393.0,0.0,4.0,362.0,126.0,136.0,5.0,0.0,19.0,3.0,62.0,134.0,50.0,5.0,5.0,3.0,96.0,53.0,0.0,0.0,392.0
2021,Maharashtra,27,Chhatrapati Sambhajinagar,469,Aurangabad Commissionerate,35.0,149.0,0.0,178.0,110.0,3.0,0.0,0.0,0.0,288.0,5.0,0.0,11.0,0.0,183.0,148.0,43.0,3.0,20.0,12.0,188.0,118.0,0.0,2.0,98.0
2021,Maharashtra,27,Chhatrapati Sambhajinagar,469,Aurangabad Railway,2.0,4.0,0.0,9.0,4.0,0.0,0.0,0.0,0.0,0.0,0.0,0.0,0.0,0.0,1.0,0.0,0.0,0.0,0.0,0.0,0.0,38.0,0.0,0.0,10.0
2021,Maharashtra,27,Chhatrapati Sambhajinagar,469,Aurangabad Rural,41.0,112.0,0.0,196.0,88.0,0.0,0.0,0.0,0.0,226.0,11.0,0.0,11.0,0.0,79.0,25.0,2.0,7.0,6.0,1.0,57.0,56.0,6.0,0.0,55.0
2021,Maharashtra,27,Dharashiv,488,Osmanabad,34.0,131.0,0.0,150.0,57.0,1.0,0.0,0.0,0.0,138.0,5.0,0.0,15.0,0.0,182.0,78.0,33.0,1.0,1.0,4.0,78.0,46.0,2.0,4.0,201.0
2021,Maharashtra,27,Dhule,474,Dhule,41.0,56.0,0.0,75.0,236.0,0.0,0.0,176.0,48.0,360.0,1.0,0.0,6.0,0.0,20.0,21.0,7.0,1.0,0.0,5.0,101.0,68.0,0.0,0.0,91.0
2021,Maharashtra,27,Gadchiroli,475,Gadchiroli,40.0,80.0,0.0,43.0,96.0,0.0,0.0,121.0,68.0,32.0,0.0,0.0,7.0,0.0,4.0,36.0,13.0,1.0,2.0,2.0,47.0,7.0,1.0,0.0,34.0
2021,Maharashtra,27,Gondia,476,Gondia,31.0,105.0,0.0,96.0,130.0,1.0,0.0,143.0,66.0,37.0,7.0,0.0,8.0,0.0,35.0,47.0,11.0,6.0,6.0,0.0,14.0,24.0,35.0,1.0,34.0
2021,Maharashtra,27,Hingoli,477,Hingoli,24.0,48.0,0.0,88.0,67.0,1.0,0.0,84.0,39.0,132.0,2.0,0.0,9.0,0.0,23.0,23.0,3.0,0.0,2.0,1.0,27.0,20.0,11.0,1.0,25.0
2021,Maharashtra,27,Jalgaon,478,Jalgaon,67.0,285.0,0.0,284.0,280.0,0.0,0.0,379.0,136.0,478.0,3.0,0.0,39.0,3.0,57.0,196.0,56.0,8.0,6.0,5.0,214.0,182.0,31.0,6.0,187.0
2021,Maharashtra,27,Jalna,479,Jalna,57.0,166.0,0.0,315.0,29.0,0.0,0.0,169.0,67.0,443.0,4.0,0.0,50.0,59.0,75.0,90.0,26.0,2.0,13.0,12.0,38.0,100.0,22.0,1.0,494.0
2021,Maharashtra,27,Kolhapur,480,Kolhapur,58.0,257.0,0.0,286.0,303.0,1.0,35.0,419.0,190.0,249.0,6.0,0.0,30.0,0.0,225.0,106.0,22.0,3.0,15.0,1.0,170.0,137.0,6.0,0.0,101.0
2021,Maharashtra,27,Latur,481,Latur,59.0,95.0,0.0,137.0,241.0,0.0,10.0,212.0,73.0,289.0,3.0,0.0,31.0,0.0,42.0,68.0,20.0,5.0,6.0,5.0,62.0,122.0,15.0,1.0,50.0
2021,Maharashtra,27,Mumbai,482,Mumbai Commissionerate,166.0,1252.0,0.0,2106.0,1095.0,4.0,83.0,0.0,4.0,827.0,20.0,1.0,36.0,0.0,399.0,5746.0,2354.0,29.0,193.0,9.0,5397.0,877.0,451.0,5.0,5438.0
2021,Maharashtra,27,Mumbai,482,Mumbai Commr.,8.0,0.0,0.0,0.0,1557.0,1.0,11.0,2762.0,1048.0,0.0,0.0,0.0,0.0,31.0,0.0,0.0,0.0,0.0,0.0,0.0,0.0,0.0,0.0,1.0,0.0
2021,Maharashtra,27,Mumbai,482,Mumbai Railway,12.0,16.0,0.0,40.0,10.0,0.0,0.0,88.0,8.0,0.0,0.0,0.0,3.0,0.0,145.0,64.0,10.0,0.0,0.0,0.0,55.0,613.0,10.0,0.0,40.0
2021,Maharashtra,27,Mumbai Suburban,483,Navi Mumbai,48.0,305.0,0.0,198.0,545.0,4.0,18.0,510.0,167.0,191.0,0.0,1.0,17.0,1.0,97.0,319.0,116.0,9.0,21.0,13.0,533.0,223.0,4.0,12.0,220.0
2021,Maharashtra,27,Nagpur,484,Nagpur Commissionerate,95.0,349.0,1.0,268.0,333.0,1.0,24.0,0.0,0.0,177.0,0.0,1.0,11.0,0.0,461.0,365.0,120.0,3.0,29.0,15.0,480.0,202.0,9.0,12.0,1047.0
2021,Maharashtra,27,Nagpur,484,Nagpur Commr.,5.0,0.0,0.0,1.0,398.0,0.0,3.0,936.0,225.0,0.0,0.0,0.0,0.0,14.0,0.0,0.0,0.0,0.0,0.0,0.0,0.0,0.0,0.0,0.0,0.0
2021,Maharashtra,27,Nagpur,484,Nagpur Railway,0.0,1.0,0.0,7.0,3.0,0.0,0.0,5.0,2.0,0.0,1.0,0.0,0.0,0.0,19.0,2.0,0.0,0.0,0.0,0.0,2.0,13.0,0.0,0.0,2.0
2021,Maharashtra,27,Nagpur,484,Nagpur Rural,63.0,124.0,0.0,114.0,194.0,0.0,0.0,219.0,103.0,30.0,1.0,0.0,5.0,0.0,28.0,87.0,24.0,6.0,6.0,2.0,64.0,36.0,2.0,0.0,78.0
2021,Maharashtra,27,Nanded,485,Nanded,80.0,206.0,0.0,210.0,187.0,3.0,0.0,254.0,111.0,282.0,6.0,0.0,16.0,0.0,87.0,26.0,5.0,2.0,1.0,2.0,102.0,185.0,1.0,0.0,62.0
2021,Maharashtra,27,Nandurbar,486,Nandurbar,33.0,38.0,0.0,40.0,141.0,0.0,2.0,120.0,39.0,99.0,2.0,0.0,3.0,0.0,73.0,15.0,3.0,0.0,1.0,3.0,28.0,20.0,2.0,0.0,1696.0
2021,Maharashtra,27,Nashik,487,Nasik Commissionerate,29.0,101.0,0.0,73.0,171.0,0.0,0.0,0.0,0.0,51.0,3.0,0.0,12.0,0.0,56.0,79.0,31.0,5.0,2.0,0.0,85.0,191.0,36.0,0.0,69.0
2021,Maharashtra,27,Nashik,487,Nasik Commr.,4.0,0.0,0.0,0.0,214.0,0.0,0.0,290.0,62.0,0.0,0.0,0.0,0.0,0.0,0.0,0.0,0.0,0.0,0.0,0.0,0.0,0.0,0.0,0.0,0.0
2021,Maharashtra,27,Nashik,487,Nasik Rural,70.0,151.0,1.0,228.0,541.0,1.0,2.0,540.0,134.0,539.0,2.0,0.0,53.0,0.0,125.0,28.0,0.0,12.0,4.0,9.0,130.0,94.0,12.0,2.0,20.0
2021,Maharashtra,27,Osmanabad,488,Osmanabad,2.0,0.0,0.0,0.0,89.0,0.0,0.0,160.0,62.0,0.0,0.0,0.0,1.0,0.0,0.0,0.0,0.0,0.0,0.0,0.0,0.0,0.0,0.0,0.0,0.0
2021,Maharashtra,27,Palghar,665,Palghar,35.0,85.0,0.0,68.0,161.0,0.0,0.0,151.0,46.0,27.0,0.0,0.0,8.0,1.0,44.0,25.0,1.0,1.0,2.0,6.0,37.0,40.0,18.0,0.0,79.0
2021,Maharashtra,27,Parbhani,489,Parbhani,30.0,76.0,0.0,126.0,126.0,1.0,0.0,167.0,72.0,226.0,9.0,0.0,12.0,3.0,189.0,61.0,15.0,0.0,6.0,5.0,55.0,58.0,1.0,0.0,46.0
2021,Maharashtra,27,Pune,490,Pimpri Chinchwad City,90.0,232.0,0.0,281.0,546.0,5.0,87.0,640.0,181.0,249.0,7.0,1.0,34.0,2.0,303.0,104.0,6.0,39.0,7.0,8.0,301.0,413.0,33.0,1.0,91.0
2021,Maharashtra,27,Pune,490,Pune Commissionerate,100.0,372.0,0.0,392.0,516.0,5.0,28.0,0.0,0.0,311.0,4.0,0.0,39.0,0.0,466.0,399.0,144.0,30.0,16.0,8.0,471.0,356.0,34.0,7.0,415.0
2021,Maharashtra,27,Pune,490,Pune Commr.,8.0,0.0,0.0,0.0,557.0,1.0,1.0,835.0,228.0,0.0,0.0,0.0,0.0,11.0,0.0,0.0,0.0,0.0,0.0,0.0,0.0,0.0,0.0,0.0,0.0
2021,Maharashtra,27,Pune,490,Pune Railway,1.0,1.0,0.0,4.0,2.0,0.0,0.0,5.0,2.0,0.0,0.0,0.0,0.0,0.0,6.0,0.0,0.0,0.0,0.0,0.0,3.0,16.0,0.0,0.0,2.0
2021,Maharashtra,27,Pune,490,Pune Rural,111.0,341.0,0.0,495.0,676.0,4.0,8.0,680.0,234.0,291.0,11.0,1.0,60.0,9.0,192.0,74.0,16.0,2.0,9.0,3.0,336.0,189.0,32.0,17.0,111.0
2021,Maharashtra,27,Raigad,491,Raigad,45.0,81.0,0.0,80.0,224.0,0.0,3.0,196.0,55.0,49.0,1.0,0.0,8.0,0.0,37.0,93.0,31.0,6.0,5.0,0.0,130.0,24.0,32.0,0.0,104.0
2021,Maharashtra,27,Ratnagiri,492,Ratnagiri,13.0,70.0,0.0,70.0,145.0,0.0,4.0,137.0,46.0,13.0,0.0,0.0,2.0,0.0,24.0,83.0,30.0,2.0,4.0,10.0,80.0,23.0,28.0,0.0,1431.0
2021,Maharashtra,27,Sangli,493,Sangli,70.0,193.0,10.0,250.0,352.0,1.0,2.0,259.0,68.0,138.0,8.0,0.0,21.0,4.0,250.0,103.0,32.0,2.0,2.0,9.0,254.0,164.0,11.0,0.0,541.0
2021,Maharashtra,27,Satara,494,Satara,62.0,198.0,0.0,309.0,364.0,4.0,6.0,405.0,194.0,173.0,2.0,0.0,20.0,3.0,178.0,94.0,29.0,2.0,5.0,1.0,106.0,137.0,5.0,0.0,115.0
2021,Maharashtra,27,Sindhudurg,495,Sindhudurg,9.0,36.0,0.0,61.0,45.0,0.0,0.0,60.0,36.0,5.0,0.0,0.0,3.0,0.0,23.0,43.0,11.0,1.0,8.0,0.0,19.0,9.0,9.0,0.0,34.0
2021,Maharashtra,27,Solapur,496,Solapur Commissionerate,18.0,115.0,0.0,109.0,60.0,1.0,7.0,0.0,0.0,123.0,0.0,0.0,2.0,0.0,64.0,57.0,21.0,0.0,5.0,3.0,176.0,47.0,2.0,2.0,194.0
2021,Maharashtra,27,Solapur,496,Solapur Commr.,1.0,0.0,0.0,0.0,75.0,0.0,0.0,189.0,90.0,0.0,0.0,0.0,0.0,0.0,0.0,0.0,0.0,0.0,0.0,0.0,0.0,0.0,0.0,0.0,0.0
2021,Maharashtra,27,Solapur,496,Solapur Rural,78.0,300.0,2.0,445.0,357.0,1.0,9.0,427.0,195.0,188.0,2.0,0.0,47.0,0.0,185.0,95.0,9.0,2.0,11.0,0.0,85.0,126.0,8.0,5.0,122.0
2021,Maharashtra,27,Thane,497,Mira Bhayandar Vasai Virar Commissionerate,52.0,430.0,0.0,375.0,373.0,1.0,139.0,0.0,3.0,284.0,3.0,0.0,3.0,0.0,165.0,293.0,88.0,6.0,19.0,7.0,681.0,325.0,77.0,0.0,623.0
2021,Maharashtra,27,Thane,497,Mira Bhayandar Vasai Virar Commr.,3.0,0.0,0.0,0.0,483.0,1.0,4.0,804.0,258.0,0.0,0.0,0.0,0.0,19.0,0.0,0.0,0.0,0.0,0.0,0.0,0.0,0.0,0.0,0.0,0.0
2021,Maharashtra,27,Thane,497,Thane Commissionerate,89.0,482.0,0.0,412.0,614.0,1.0,58.0,0.0,0.0,529.0,4.0,1.0,29.0,0.0,349.0,423.0,100.0,19.0,44.0,21.0,450.0,489.0,27.0,0.0,492.0
2021,Maharashtra,27,Thane,497,Thane Commr.,6.0,0.0,0.0,0.0,826.0,1.0,3.0,1223.0,359.0,0.0,0.0,0.0,2.0,3.0,0.0,0.0,0.0,0.0,0.0,0.0,0.0,0.0,0.0,0.0,0.0
2021,Maharashtra,27,Thane,497,Thane Rural,22.0,115.0,0.0,88.0,268.0,2.0,0.0,231.0,73.0,46.0,2.0,0.0,8.0,0.0,66.0,21.0,2.0,0.0,4.0,2.0,67.0,45.0,7.0,0.0,35.0
2021,Maharashtra,27,Wardha,498,Wardha,36.0,79.0,0.0,156.0,209.0,0.0,1.0,216.0,99.0,35.0,5.0,0.0,6.0,0.0,93.0,76.0,23.0,5.0,6.0,1.0,24.0,33.0,20.0,0.0,261.0
2021,Maharashtra,27,Washim,499,Washim,25.0,61.0,0.0,147.0,66.0,0.0,0.0,114.0,46.0,227.0,4.0,0.0,11.0,0.0,8.0,28.0,4.0,0.0,1.0,0.0,36.0,38.0,0.0,0.0,22.0
2021,Maharashtra,27,Yavatmal,500,Yavatmal,71.0,206.0,0.0,275.0,254.0,0.0,3.0,327.0,160.0,292.0,6.0,0.0,25.0,1.0,67.0,45.0,6.0,3.0,7.0,2.0,67.0,75.0,2.0,0.0,360.0
2021,Manipur,14,Bishnupur,252,Bishnupur,5.0,22.0,0.0,0.0,6.0,0.0,0.0,16.0,14.0,4.0,0.0,0.0,0.0,0.0,0.0,0.0,0.0,0.0,0.0,0.0,3.0,0.0,0.0,0.0,21.0
2021,Manipur,14,Chandel,253,Chandel,0.0,0.0,0.0,0.0,1.0,0.0,0.0,2.0,1.0,1.0,0.0,0.0,0.0,0.0,0.0,0.0,0.0,0.0,0.0,0.0,1.0,0.0,0.0,0.0,5.0
2021,Manipur,14,Churachandpur,254,Churachandpur,2.0,4.0,0.0,4.0,1.0,2.0,0.0,5.0,4.0,0.0,0.0,0.0,0.0,0.0,0.0,0.0,0.0,0.0,0.0,0.0,1.0,0.0,2.0,0.0,9.0
2021,Manipur,14,Imphal East,255,Imphal East,8.0,25.0,0.0,13.0,5.0,1.0,0.0,23.0,21.0,3.0,0.0,0.0,0.0,0.0,0.0,0.0,0.0,0.0,0.0,0.0,16.0,0.0,4.0,0.0,36.0
2021,Manipur,14,Imphal West,256,Cid,0.0,0.0,0.0,29.0,0.0,0.0,0.0,1.0,0.0,0.0,0.0,0.0,0.0,0.0,0.0,105.0,12.0,11.0,20.0,2.0,24.0,0.0,2.0,0.0,60.0
2021,Manipur,14,Imphal West,256,Imphal West,5.0,30.0,0.0,40.0,16.0,0.0,3.0,27.0,12.0,1.0,1.0,0.0,0.0,0.0,9.0,9.0,0.0,0.0,2.0,2.0,14.0,4.0,7.0,0.0,23.0
2021,Manipur,14,Imphal West,256,Narcotic,0.0,0.0,0.0,0.0,0.0,0.0,0.0,0.0,0.0,0.0,0.0,0.0,0.0,0.0,0.0,0.0,0.0,0.0,0.0,0.0,0.0,0.0,0.0,0.0,0.0
2021,Manipur,14,Jiribam,713,Jiribam,3.0,2.0,0.0,0.0,0.0,0.0,0.0,2.0,2.0,0.0,1.0,0.0,0.0,0.0,0.0,0.0,0.0,0.0,0.0,0.0,2.0,0.0,0.0,0.0,3.0
2021,Manipur,14,Kakching,711,Kakching,2.0,17.0,0.0,3.0,10.0,0.0,0.0,22.0,11.0,0.0,0.0,0.0,0.0,0.0,0.0,1.0,0.0,0.0,0.0,0.0,4.0,1.0,0.0,0.0,4.0
2021,Manipur,14,Kamjong,717,Kamjong,0.0,0.0,0.0,0.0,0.0,0.0,0.0,0.0,0.0,0.0,0.0,0.0,0.0,0.0,0.0,0.0,0.0,0.0,0.0,0.0,0.0,0.0,0.0,0.0,1.0
2021,Manipur,14,Kangpokpi,712,Kangpokpi,6.0,0.0,0.0,0.0,0.0,4.0,0.0,0.0,0.0,0.0,0.0,0.0,0.0,0.0,0.0,2.0,0.0,1.0,0.0,0.0,2.0,1.0,1.0,0.0,6.0
2021,Manipur,14,Noney,714,Noney,3.0,0.0,0.0,0.0,0.0,1.0,0.0,0.0,0.0,0.0,0.0,0.0,0.0,0.0,0.0,0.0,0.0,0.0,0.0,0.0,0.0,1.0,0.0,0.0,4.0
2021,Manipur,14,Pherzawl,715,Pherzawl,1.0,2.0,0.0,0.0,1.0,0.0,0.0,2.0,2.0,0.0,0.0,0.0,0.0,0.0,0.0,0.0,0.0,0.0,0.0,0.0,0.0,0.0,0.0,0.0,1.0
2021,Manipur,14,Senapati,257,Senapati,1.0,2.0,0.0,0.0,0.0,0.0,0.0,3.0,3.0,0.0,0.0,0.0,0.0,0.0,0.0,0.0,0.0,0.0,0.0,0.0,1.0,0.0,0.0,0.0,3.0
2021,Manipur,14,Tamenglong,258,Tamenglong,2.0,0.0,0.0,0.0,0.0,0.0,0.0,0.0,0.0,0.0,0.0,0.0,0.0,0.0,0.0,0.0,0.0,0.0,0.0,0.0,1.0,0.0,0.0,0.0,1.0
2021,Manipur,14,Tengnoupal,716,Tengnoupal,1.0,7.0,0.0,0.0,1.0,0.0,0.0,7.0,7.0,0.0,0.0,0.0,0.0,0.0,0.0,0.0,0.0,0.0,0.0,0.0,0.0,0.0,5.0,0.0,5.0
2021,Manipur,14,Thoubal,259,Thoubal,7.0,17.0,0.0,20.0,1.0,2.0,0.0,28.0,19.0,8.0,0.0,0.0,1.0,1.0,2.0,6.0,0.0,0.0,0.0,0.0,10.0,1.0,6.0,0.0,36.0
2021,Manipur,14,Ukhrul,260,Ukhrul,1.0,2.0,0.0,0.0,0.0,0.0,0.0,5.0,5.0,3.0,0.0,0.0,0.0,0.0,0.0,2.0,0.0,0.0,0.0,0.0,2.0,0.0,0.0,0.0,4.0
2021,Meghalaya,17,East Garo Hills,273,East Garo Hills,3.0,12.0,0.0,3.0,0.0,0.0,0.0,0.0,0.0,3.0,0.0,0.0,0.0,0.0,0.0,14.0,0.0,0.0,0.0,8.0,4.0,7.0,3.0,0.0,3.0
2021,Meghalaya,17,East Garo Hills,273,Garo Hills East,0.0,0.0,0.0,0.0,0.0,0.0,0.0,14.0,9.0,0.0,0.0,0.0,0.0,0.0,0.0,0.0,0.0,0.0,0.0,0.0,0.0,0.0,0.0,0.0,0.0
2021,Meghalaya,17,East Jaintia Hills,657,East Jaintia Hills,9.0,42.0,0.0,6.0,12.0,1.0,0.0,0.0,1.0,3.0,0.0,0.0,0.0,0.0,0.0,10.0,0.0,3.0,0.0,4.0,16.0,6.0,0.0,0.0,0.0
2021,Meghalaya,17,East Jaintia Hills,657,Jaintia Hills East,0.0,0.0,0.0,0.0,12.0,1.0,0.0,38.0,21.0,0.0,0.0,0.0,0.0,3.0,0.0,0.0,0.0,0.0,0.0,0.0,0.0,0.0,0.0,0.0,0.0
2021,Meghalaya,17,East Khasi Hills,274,Cyber Cell,0.0,0.0,0.0,0.0,0.0,0.0,0.0,0.0,0.0,0.0,0.0,0.0,0.0,0.0,0.0,2.0,0.0,1.0,0.0,0.0,0.0,0.0,0.0,0.0,0.0
2021,Meghalaya,17,East Khasi Hills,274,East Khasi Hills,17.0,138.0,5.0,55.0,1.0,1.0,0.0,0.0,3.0,3.0,0.0,0.0,0.0,0.0,28.0,59.0,0.0,18.0,0.0,7.0,190.0,41.0,12.0,3.0,33.0
2021,Meghalaya,17,East Khasi Hills,274,Khasi Hills East,0.0,0.0,0.0,0.0,28.0,1.0,0.0,168.0,131.0,0.0,0.0,0.0,0.0,0.0,0.0,0.0,0.0,0.0,0.0,0.0,0.0,0.0,0.0,0.0,0.0
2021,Meghalaya,17,North Garo Hills,656,Garo Hills North,4.0,9.0,0.0,1.0,1.0,2.0,0.0,9.0,8.0,3.0,0.0,0.0,0.0,0.0,0.0,7.0,0.0,0.0,0.0,4.0,3.0,3.0,6.0,0.0,18.0
2021,Meghalaya,17,Ri Bhoi,276,Ri-Bhoi,9.0,48.0,6.0,12.0,4.0,0.0,0.0,57.0,54.0,1.0,0.0,0.0,0.0,0.0,3.0,6.0,0.0,2.0,0.0,0.0,18.0,11.0,0.0,0.0,9.0
2021,Meghalaya,17,South Garo Hills,277,Garo Hills South,1.0,0.0,0.0,0.0,0.0,0.0,0.0,19.0,16.0,0.0,0.0,0.0,0.0,0.0,0.0,0.0,0.0,0.0,0.0,0.0,0.0,0.0,0.0,0.0,0.0
2021,Meghalaya,17,South Garo Hills,277,South Garo Hills,3.0,19.0,0.0,2.0,0.0,2.0,0.0,0.0,0.0,1.0,0.0,0.0,0.0,0.0,0.0,4.0,0.0,0.0,1.0,2.0,4.0,1.0,0.0,0.0,4.0
2021,Meghalaya,17,South West Garo Hills,663,Garo Hills South West,0.0,0.0,0.0,0.0,0.0,0.0,1.0,17.0,16.0,0.0,0.0,0.0,0.0,0.0,0.0,0.0,0.0,0.0,0.0,0.0,0.0,0.0,0.0,0.0,0.0
2021,Meghalaya,17,South West Garo Hills,663,South West Garo Hills,2.0,12.0,0.0,2.0,0.0,1.0,2.0,0.0,0.0,0.0,0.0,0.0,0.0,0.0,2.0,0.0,0.0,0.0,0.0,0.0,2.0,3.0,0.0,0.0,2.0
2021,Meghalaya,17,South West Khasi Hills,658,Khasi Hills South West,1.0,0.0,0.0,0.0,0.0,0.0,0.0,20.0,19.0,0.0,0.0,0.0,0.0,0.0,0.0,0.0,0.0,0.0,0.0,0.0,0.0,0.0,0.0,0.0,0.0
2021,Meghalaya,17,South West Khasi Hills,658,South West Khasi Hills,4.0,14.0,0.0,2.0,0.0,0.0,0.0,0.0,0.0,0.0,0.0,0.0,0.0,0.0,0.0,2.0,0.0,2.0,0.0,0.0,0.0,4.0,0.0,0.0,1.0
2021,Meghalaya,17,West Garo Hills,278,Garo Hills West,0.0,1.0,0.0,0.0,0.0,0.0,0.0,38.0,22.0,0.0,0.0,0.0,1.0,1.0,0.0,0.0,0.0,0.0,0.0,0.0,0.0,0.0,0.0,0.0,0.0
2021,Meghalaya,17,West Garo Hills,278,West Garo Hills,15.0,40.0,7.0,23.0,7.0,3.0,0.0,0.0,0.0,7.0,0.0,0.0,1.0,0.0,0.0,0.0,0.0,0.0,0.0,0.0,18.0,12.0,5.0,0.0,9.0
2021,Meghalaya,17,West Jaintia Hills,275,Jaintia Hills West,1.0,0.0,0.0,0.0,2.0,0.0,0.0,39.0,28.0,0.0,0.0,0.0,0.0,0.0,0.0,0.0,0.0,0.0,0.0,0.0,0.0,0.0,0.0,0.0,0.0
2021,Meghalaya,17,West Jaintia Hills,275,West Jaintia Hills,13.0,34.0,5.0,7.0,0.0,2.0,0.0,0.0,0.0,0.0,0.0,0.0,0.0,0.0,0.0,3.0,0.0,1.0,0.0,2.0,8.0,2.0,2.0,0.0,5.0
2021,Meghalaya,17,West Khasi Hills,279,Khasi Hills West,0.0,0.0,0.0,0.0,0.0,0.0,0.0,62.0,61.0,0.0,0.0,0.0,0.0,0.0,0.0,0.0,0.0,0.0,0.0,0.0,0.0,0.0,0.0,0.0,0.0
2021,Meghalaya,17,West Khasi Hills,279,West Khasi Hills,5.0,71.0,1.0,6.0,0.0,0.0,0.0,0.0,0.0,0.0,0.0,0.0,0.0,0.0,4.0,2.0,0.0,0.0,0.0,1.0,5.0,5.0,1.0,0.0,22.0
2021,Mizoram,15,Aizawl,261,Aizawl,10.0,41.0,0.0,19.0,0.0,0.0,0.0,48.0,40.0,10.0,0.0,0.0,0.0,1.0,19.0,8.0,0.0,0.0,4.0,0.0,147.0,17.0,9.0,0.0,25.0
2021,Mizoram,15,Aizawl,261,Cyber,0.0,0.0,0.0,0.0,0.0,0.0,0.0,0.0,0.0,0.0,0.0,0.0,0.0,0.0,0.0,37.0,0.0,11.0,3.0,0.0,0.0,0.0,0.0,0.0,23.0
2021,Mizoram,15,Aizawl,261,Spl Narcotic,0.0,0.0,0.0,0.0,0.0,0.0,0.0,0.0,0.0,0.0,0.0,0.0,0.0,0.0,0.0,0.0,0.0,0.0,0.0,0.0,0.0,0.0,0.0,0.0,0.0
2021,Mizoram,15,Champhai,262,Champhai,5.0,8.0,0.0,0.0,0.0,0.0,0.0,7.0,7.0,0.0,0.0,0.0,0.0,0.0,0.0,0.0,0.0,0.0,0.0,0.0,4.0,0.0,0.0,0.0,2.0
2021,Mizoram,15,Hnahthial,726,Hnahthial,0.0,0.0,0.0,0.0,0.0,0.0,0.0,0.0,0.0,0.0,0.0,0.0,0.0,0.0,0.0,0.0,0.0,0.0,0.0,0.0,1.0,0.0,0.0,0.0,0.0
2021,Mizoram,15,Khawzawl,728,Khawzawl,0.0,7.0,1.0,0.0,0.0,0.0,0.0,6.0,3.0,1.0,0.0,0.0,0.0,1.0,0.0,2.0,0.0,0.0,0.0,4.0,0.0,1.0,0.0,0.0,0.0
2021,Mizoram,15,Kolasib,263,Kolasib,1.0,20.0,1.0,2.0,0.0,0.0,0.0,15.0,13.0,1.0,0.0,0.0,0.0,0.0,0.0,1.0,0.0,1.0,0.0,0.0,0.0,3.0,1.0,0.0,3.0
2021,Mizoram,15,Lawngtlai,264,Lawngtlai,0.0,9.0,0.0,2.0,0.0,0.0,0.0,9.0,9.0,0.0,0.0,0.0,0.0,0.0,0.0,0.0,0.0,0.0,0.0,0.0,0.0,0.0,0.0,0.0,1.0
2021,Mizoram,15,Lunglei,265,Lunglei,5.0,12.0,0.0,1.0,1.0,0.0,0.0,10.0,10.0,0.0,0.0,0.0,0.0,0.0,2.0,0.0,0.0,0.0,0.0,0.0,5.0,0.0,1.0,0.0,9.0
2021,Mizoram,15,Mamit,266,Mamit,2.0,15.0,0.0,4.0,1.0,0.0,0.0,18.0,16.0,0.0,0.0,0.0,0.0,1.0,0.0,0.0,0.0,0.0,0.0,0.0,4.0,2.0,0.0,0.0,2.0
2021,Mizoram,15,Saiha,267,Saiha,1.0,0.0,0.0,0.0,0.0,0.0,0.0,1.0,0.0,0.0,0.0,0.0,0.0,0.0,0.0,0.0,0.0,0.0,0.0,0.0,0.0,0.0,0.0,0.0,0.0
2021,Mizoram,15,Saitual,727,Saitual,0.0,0.0,0.0,0.0,0.0,0.0,0.0,1.0,0.0,0.0,0.0,0.0,0.0,1.0,0.0,0.0,0.0,0.0,0.0,0.0,0.0,0.0,0.0,0.0,0.0
2021,Mizoram,15,Serchhip,268,Serchhip,0.0,5.0,0.0,1.0,0.0,0.0,0.0,7.0,7.0,0.0,0.0,0.0,0.0,0.0,5.0,0.0,0.0,0.0,0.0,0.0,1.0,0.0,0.0,0.0,4.0
2021,Mizoram,15,Siaha,267,Saiha,1.0,0.0,0.0,2.0,0.0,0.0,0.0,0.0,0.0,0.0,0.0,0.0,0.0,0.0,0.0,0.0,0.0,0.0,0.0,0.0,2.0,0.0,0.0,0.0,2.0
2021,Nagaland,24,Ahmadabad,438,Western Railway Ahmedabad,0.0,0.0,0.0,0.0,0.0,0.0,0.0,0.0,0.0,0.0,0.0,0.0,0.0,0.0,0.0,4.0,2.0,0.0,0.0,0.0,2.0,0.0,0.0,0.0,2.0
2021,Nagaland,13,Dimapur,244,Dimapur,12.0,13.0,0.0,3.0,10.0,19.0,0.0,28.0,15.0,2.0,0.0,0.0,0.0,2.0,5.0,0.0,0.0,0.0,0.0,0.0,16.0,11.0,5.0,0.0,6.0
2021,Nagaland,13,Kiphire,614,Kiphire,0.0,0.0,0.0,0.0,0.0,0.0,0.0,0.0,0.0,0.0,0.0,0.0,0.0,0.0,0.0,0.0,0.0,0.0,0.0,0.0,0.0,0.0,0.0,0.0,0.0
2021,Nagaland,13,Kohima,245,Kohima,1.0,3.0,0.0,2.0,1.0,0.0,0.0,4.0,2.0,0.0,0.0,0.0,0.0,0.0,0.0,0.0,0.0,0.0,0.0,0.0,6.0,2.0,3.0,0.0,2.0
2021,Nagaland,13,Longleng,615,Longleng,0.0,0.0,0.0,1.0,0.0,0.0,0.0,0.0,0.0,0.0,0.0,0.0,0.0,0.0,0.0,0.0,0.0,0.0,0.0,0.0,0.0,0.0,0.0,0.0,1.0
2021,Nagaland,13,Mokokchung,246,Mokokchung,2.0,1.0,0.0,2.0,0.0,0.0,0.0,2.0,1.0,0.0,0.0,0.0,0.0,1.0,0.0,2.0,0.0,0.0,0.0,1.0,2.0,0.0,0.0,0.0,3.0
2021,Nagaland,13,Mon,247,Mon,6.0,7.0,0.0,1.0,1.0,0.0,0.0,4.0,4.0,0.0,0.0,0.0,0.0,0.0,0.0,5.0,0.0,0.0,0.0,2.0,3.0,1.0,0.0,0.0,3.0
2021,Nagaland,13,Peren,613,Peren,1.0,0.0,0.0,0.0,0.0,0.0,0.0,0.0,0.0,0.0,0.0,0.0,0.0,0.0,0.0,0.0,0.0,0.0,0.0,0.0,0.0,0.0,0.0,0.0,4.0
2021,Nagaland,13,Phek,248,Phek,2.0,2.0,0.0,0.0,0.0,2.0,0.0,2.0,2.0,0.0,0.0,0.0,0.0,0.0,0.0,0.0,0.0,0.0,0.0,0.0,1.0,0.0,0.0,0.0,5.0
2021,Nagaland,13,Tuensang,249,Tuensang,0.0,4.0,0.0,3.0,0.0,0.0,0.0,6.0,4.0,0.0,0.0,0.0,0.0,0.0,0.0,1.0,0.0,0.0,0.0,0.0,0.0,0.0,0.0,0.0,2.0
2021,Nagaland,24,Vadodara,461,Western Railway Vadodara,0.0,0.0,0.0,0.0,0.0,0.0,0.0,0.0,0.0,0.0,0.0,0.0,0.0,0.0,0.0,0.0,0.0,0.0,0.0,0.0,0.0,0.0,0.0,0.0,0.0
2021,Nagaland,13,Wokha,250,Wokha,3.0,2.0,0.0,0.0,0.0,0.0,0.0,2.0,2.0,0.0,0.0,0.0,0.0,0.0,0.0,0.0,0.0,0.0,0.0,0.0,1.0,0.0,0.0,0.0,9.0
2021,Nagaland,13,Zunheboto,251,Zunheboto,1.0,1.0,0.0,0.0,2.0,0.0,0.0,3.0,1.0,0.0,0.0,0.0,0.0,0.0,0.0,0.0,0.0,0.0,0.0,0.0,0.0,4.0,0.0,0.0,0.0
2021,Odisha,21,Anugul,344,Angul,50.0,142.0,8.0,565.0,316.0,0.0,4.0,250.0,73.0,455.0,293.0,0.0,4.0,0.0,113.0,247.0,111.0,5.0,0.0,20.0,327.0,128.0,0.0,1.0,114.0
2021,Odisha,21,Balangir,345,Bolangir,51.0,93.0,3.0,514.0,301.0,0.0,85.0,217.0,59.0,135.0,7.0,0.0,0.0,0.0,71.0,137.0,55.0,19.0,0.0,0.0,452.0,148.0,0.0,1.0,63.0
2021,Odisha,21,Baleshwar,346,Balasore,76.0,289.0,12.0,542.0,656.0,2.0,2.0,507.0,133.0,131.0,19.0,0.0,7.0,0.0,12.0,51.0,8.0,1.0,0.0,53.0,150.0,150.0,1.0,0.0,274.0
2021,Odisha,21,Baleshwar,346,Berhampur,32.0,118.0,0.0,432.0,226.0,0.0,1.0,212.0,85.0,135.0,4.0,0.0,0.0,0.0,28.0,58.0,20.0,0.0,0.0,23.0,115.0,35.0,0.0,0.0,22.0
2021,Odisha,21,Bargarh,347,Baragarh,39.0,93.0,4.0,396.0,271.0,0.0,0.0,183.0,42.0,77.0,8.0,0.0,0.0,0.0,81.0,63.0,20.0,3.0,0.0,33.0,85.0,103.0,0.0,1.0,20.0
2021,Odisha,21,Bhadrak,348,Bhadrak,41.0,152.0,1.0,462.0,529.0,0.0,3.0,359.0,87.0,119.0,19.0,0.0,0.0,0.0,14.0,92.0,22.0,9.0,0.0,74.0,168.0,80.0,0.0,1.0,24.0
2021,Odisha,21,Boudh,349,Boudh,23.0,23.0,0.0,105.0,65.0,0.0,2.0,49.0,12.0,42.0,1.0,0.0,0.0,0.0,9.0,12.0,2.0,2.0,0.0,0.0,14.0,12.0,0.0,1.0,8.0
2021,Odisha,21,Cuttack,350,Cid Cb,0.0,0.0,0.0,0.0,0.0,0.0,0.0,1.0,1.0,0.0,0.0,0.0,0.0,0.0,0.0,0.0,0.0,0.0,0.0,0.0,0.0,0.0,0.0,0.0,0.0
2021,Odisha,21,Cuttack,350,Cid Crime Branch,1.0,0.0,0.0,0.0,0.0,0.0,0.0,0.0,0.0,0.0,0.0,0.0,0.0,0.0,0.0,0.0,0.0,0.0,0.0,0.0,85.0,0.0,0.0,0.0,6.0
2021,Odisha,21,Cuttack,350,Cid Cyber Crime,0.0,0.0,0.0,6.0,0.0,0.0,0.0,0.0,0.0,0.0,0.0,0.0,0.0,0.0,0.0,132.0,55.0,2.0,0.0,22.0,55.0,0.0,0.0,0.0,55.0
2021,Odisha,21,Cuttack,350,Cuttack,42.0,206.0,4.0,324.0,291.0,0.0,0.0,206.0,65.0,71.0,19.0,0.0,0.0,0.0,5.0,61.0,13.0,6.0,0.0,39.0,139.0,105.0,0.0,0.0,13.0
2021,Odisha,21,Cuttack,350,Dcp Ctc,0.0,0.0,0.0,0.0,162.0,0.0,0.0,212.0,42.0,0.0,0.0,0.0,0.0,0.0,0.0,0.0,0.0,0.0,0.0,0.0,0.0,0.0,0.0,0.0,0.0
2021,Odisha,21,Cuttack,350,Dcp Cuttack,26.0,117.0,0.0,287.0,146.0,0.0,2.0,0.0,0.0,128.0,8.0,0.0,0.0,0.0,43.0,240.0,101.0,10.0,0.0,38.0,478.0,132.0,0.0,3.0,106.0
2021,Odisha,21,Cuttack,350,Srp(Cuttack),2.0,0.0,0.0,4.0,0.0,0.0,0.0,1.0,0.0,0.0,0.0,0.0,0.0,0.0,0.0,0.0,0.0,0.0,0.0,0.0,2.0,11.0,5.0,0.0,4.0
2021,Odisha,21,Deogarh,351,Deogarh,15.0,68.0,0.0,138.0,34.0,0.0,2.0,44.0,24.0,68.0,0.0,0.0,0.0,0.0,2.0,18.0,9.0,0.0,0.0,0.0,48.0,22.0,0.0,0.0,91.0
2021,Odisha,21,Dhenkanal,352,Dhenkanal,36.0,128.0,8.0,611.0,276.0,0.0,2.0,176.0,59.0,138.0,183.0,0.0,3.0,0.0,78.0,58.0,10.0,11.0,0.0,27.0,118.0,66.0,3.0,0.0,236.0
2021,Odisha,21,Gajapati,353,Gajapati,11.0,108.0,0.0,142.0,75.0,0.0,2.0,82.0,41.0,19.0,2.0,0.0,0.0,0.0,33.0,41.0,18.0,5.0,0.0,0.0,60.0,4.0,0.0,0.0,18.0
2021,Odisha,21,Ganjam,354,Ganjam,79.0,264.0,12.0,1439.0,409.0,0.0,2.0,319.0,121.0,633.0,17.0,0.0,0.0,0.0,39.0,122.0,46.0,0.0,0.0,60.0,233.0,63.0,0.0,0.0,46.0
2021,Odisha,21,Jagatsinghapur,355,Jagatsinghpur,40.0,124.0,6.0,811.0,321.0,0.0,0.0,226.0,58.0,107.0,14.0,0.0,0.0,0.0,11.0,61.0,25.0,0.0,0.0,13.0,182.0,66.0,0.0,0.0,29.0
2021,Odisha,21,Jajapur,356,Jajpur,81.0,240.0,7.0,995.0,775.0,0.0,6.0,539.0,144.0,219.0,27.0,0.0,0.0,0.0,13.0,141.0,50.0,2.0,0.0,60.0,221.0,73.0,0.0,1.0,50.0
2021,Odisha,21,Jharsuguda,357,Jharsuguda,19.0,74.0,4.0,134.0,118.0,0.0,1.0,97.0,34.0,83.0,3.0,0.0,0.0,0.0,68.0,87.0,39.0,3.0,0.0,10.0,135.0,47.0,0.0,1.0,39.0
2021,Odisha,21,Kalahandi,358,Kalahandi,40.0,252.0,5.0,471.0,357.0,0.0,7.0,286.0,101.0,163.0,12.0,0.0,0.0,0.0,47.0,150.0,57.0,6.0,0.0,32.0,273.0,66.0,0.0,0.0,65.0
2021,Odisha,21,Kandhamal,359,Kandhamal,18.0,134.0,3.0,225.0,166.0,0.0,6.0,166.0,78.0,100.0,5.0,0.0,0.0,0.0,0.0,40.0,16.0,1.0,0.0,13.0,63.0,45.0,0.0,0.0,116.0
2021,Odisha,21,Kendrapara,360,Kendrapara,44.0,180.0,25.0,1152.0,385.0,0.0,2.0,298.0,116.0,143.0,29.0,0.0,7.0,0.0,77.0,77.0,15.0,8.0,0.0,46.0,144.0,76.0,0.0,0.0,309.0
2021,Odisha,21,Kendujhar,361,Keonjhar,77.0,172.0,0.0,557.0,480.0,2.0,3.0,381.0,121.0,161.0,7.0,0.0,0.0,0.0,60.0,44.0,17.0,4.0,0.0,6.0,111.0,81.0,0.0,0.0,17.0
2021,Odisha,21,Khordha,362,Dcp Bbsr,0.0,0.0,0.0,0.0,307.0,0.0,0.0,385.0,68.0,0.0,0.0,0.0,0.0,0.0,0.0,0.0,0.0,0.0,0.0,0.0,0.0,0.0,0.0,0.0,0.0
2021,Odisha,21,Khordha,362,Dcp Bhubaneswar,47.0,163.0,0.0,363.0,269.0,0.0,2.0,0.0,0.0,148.0,15.0,1.0,0.0,0.0,13.0,250.0,104.0,6.0,0.0,42.0,983.0,599.0,0.0,7.0,117.0
2021,Odisha,21,Khordha,362,Khurda,35.0,74.0,2.0,459.0,188.0,0.0,0.0,164.0,64.0,93.0,20.0,0.0,0.0,0.0,15.0,10.0,1.0,0.0,0.0,9.0,55.0,71.0,0.0,0.0,59.0
2021,Odisha,21,Koraput,363,Koraput,44.0,167.0,4.0,434.0,348.0,1.0,0.0,267.0,92.0,145.0,0.0,1.0,0.0,0.0,54.0,110.0,36.0,2.0,0.0,15.0,129.0,63.0,0.0,0.0,55.0
2021,Odisha,21,Malkangiri,364,Malkangiri,30.0,85.0,3.0,210.0,250.0,0.0,30.0,174.0,43.0,136.0,1.0,0.0,0.0,0.0,17.0,103.0,43.0,2.0,0.0,27.0,161.0,16.0,0.0,1.0,43.0
2021,Odisha,21,Mayurbhanj,365,Mayurbhanj,100.0,401.0,10.0,704.0,777.0,0.0,5.0,578.0,150.0,368.0,2.0,1.0,0.0,0.0,103.0,209.0,74.0,12.0,0.0,58.0,295.0,91.0,0.0,0.0,80.0
2021,Odisha,21,Nabarangpur,366,Nabarangpur,29.0,179.0,3.0,303.0,187.0,0.0,8.0,151.0,130.0,146.0,2.0,0.0,3.0,0.0,28.0,81.0,30.0,0.0,0.0,27.0,77.0,28.0,0.0,0.0,102.0
2021,Odisha,21,Nayagarh,367,Nayagarh,50.0,63.0,5.0,265.0,172.0,0.0,0.0,137.0,43.0,63.0,6.0,0.0,0.0,0.0,24.0,24.0,8.0,1.0,0.0,12.0,63.0,56.0,0.0,2.0,8.0
2021,Odisha,21,Nuapada,368,Nuapada,10.0,37.0,1.0,174.0,172.0,0.0,5.0,111.0,19.0,42.0,0.0,0.0,0.0,0.0,18.0,31.0,13.0,3.0,0.0,3.0,59.0,20.0,0.0,0.0,15.0
2021,Odisha,21,Puri,369,Puri,57.0,137.0,10.0,1330.0,461.0,0.0,4.0,321.0,81.0,146.0,17.0,0.0,0.0,0.0,27.0,125.0,39.0,9.0,0.0,43.0,210.0,186.0,0.0,2.0,51.0
2021,Odisha,21,Rayagada,370,Rayagada,35.0,126.0,1.0,128.0,165.0,0.0,2.0,188.0,82.0,88.0,6.0,0.0,2.0,6.0,42.0,85.0,40.0,3.0,0.0,4.0,55.0,16.0,2.0,0.0,107.0
2021,Odisha,21,Sambalpur,371,Sambalpur,37.0,110.0,5.0,459.0,185.0,0.0,18.0,192.0,88.0,193.0,4.0,0.0,0.0,0.0,142.0,173.0,76.0,5.0,0.0,25.0,246.0,183.0,0.0,5.0,76.0
2021,Odisha,21,Sonepur,372,Sonepur,22.0,36.0,1.0,134.0,69.0,0.0,4.0,57.0,16.0,35.0,4.0,0.0,0.0,0.0,5.0,17.0,6.0,1.0,0.0,4.0,41.0,52.0,0.0,2.0,8.0
2021,Odisha,21,Sundargarh,373,Rourkela,34.0,134.0,1.0,242.0,244.0,0.0,10.0,203.0,68.0,94.0,3.0,0.0,0.0,0.0,60.0,101.0,38.0,2.0,0.0,20.0,155.0,155.0,0.0,2.0,48.0
2021,Odisha,21,Sundargarh,373,Srp(Rourkela),2.0,4.0,0.0,4.0,5.0,0.0,3.0,4.0,0.0,0.0,0.0,0.0,1.0,0.0,2.0,0.0,0.0,0.0,0.0,0.0,2.0,12.0,0.0,0.0,16.0
2021,Odisha,21,Sundargarh,373,Sundargarh,40.0,140.0,3.0,170.0,140.0,1.0,7.0,156.0,63.0,65.0,1.0,0.0,0.0,3.0,60.0,55.0,21.0,2.0,0.0,8.0,52.0,108.0,1.0,0.0,106.0
2021,Puducherry,34,Karaikal,598,Karaikal,0.0,0.0,0.0,0.0,0.0,0.0,0.0,0.0,0.0,0.0,0.0,0.0,0.0,0.0,0.0,0.0,0.0,0.0,0.0,0.0,0.0,0.0,0.0,0.0,0.0
2021,Puducherry,34,Pondicherry,600,Puducherry,19.0,59.0,0.0,34.0,34.0,2.0,0.0,122.0,88.0,12.0,15.0,0.0,6.0,0.0,96.0,0.0,0.0,0.0,0.0,0.0,62.0,16.0,1.0,0.0,1130.0
2021,Punjab,3,Amritsar,27,Amritsar Rural,61.0,149.0,4.0,28.0,88.0,0.0,0.0,129.0,34.0,41.0,1.0,0.0,0.0,0.0,22.0,28.0,2.0,0.0,0.0,31.0,95.0,4.0,0.0,0.0,90.0
2021,Punjab,3,Amritsar,27,Cp Amritsar,35.0,131.0,1.0,41.0,97.0,0.0,0.0,112.0,28.0,96.0,4.0,0.0,11.0,0.0,0.0,166.0,64.0,1.0,1.0,0.0,232.0,11.0,0.0,0.0,411.0
2021,Punjab,3,Amritsar,27,Special Task Force,0.0,0.0,0.0,0.0,0.0,0.0,0.0,0.0,0.0,0.0,0.0,0.0,0.0,0.0,0.0,0.0,0.0,0.0,0.0,0.0,0.0,0.0,0.0,0.0,0.0
2021,Punjab,3,Barnala,605,Barnala,16.0,70.0,9.0,18.0,67.0,1.0,0.0,62.0,0.0,18.0,1.0,0.0,0.0,0.0,43.0,13.0,0.0,5.0,0.0,7.0,34.0,5.0,1.0,0.0,21.0
2021,Punjab,3,Bathinda,28,Bathinda,43.0,156.0,0.0,45.0,62.0,0.0,2.0,119.0,33.0,52.0,3.0,0.0,12.0,0.0,0.0,9.0,0.0,0.0,0.0,2.0,86.0,10.0,3.0,0.0,118.0
2021,Punjab,3,Faridkot,29,Faridkot,18.0,46.0,1.0,29.0,24.0,0.0,0.0,41.0,10.0,33.0,2.0,0.0,5.0,0.0,0.0,10.0,0.0,0.0,1.0,2.0,56.0,6.0,0.0,0.0,40.0
2021,Punjab,3,Fatehgarh Sahib,30,Fatehgarh Sahib,16.0,71.0,0.0,20.0,49.0,0.0,0.0,69.0,17.0,29.0,2.0,0.0,7.0,0.0,0.0,10.0,0.0,3.0,1.0,0.0,0.0,2.0,0.0,3.0,150.0
2021,Punjab,3,Fazilka,651,Fazilka,29.0,213.0,4.0,26.0,58.0,0.0,0.0,114.0,58.0,34.0,2.0,0.0,10.0,0.0,46.0,12.0,1.0,0.0,0.0,1.0,77.0,4.0,1.0,0.0,107.0
2021,Punjab,3,Ferozepur,31,Ferozepur,35.0,88.0,0.0,22.0,44.0,0.0,0.0,53.0,18.0,39.0,2.0,0.0,0.0,0.0,0.0,15.0,0.0,0.0,0.0,0.0,76.0,11.0,0.0,0.0,61.0
2021,Punjab,3,Gurdaspur,32,Batala,27.0,62.0,3.0,22.0,46.0,0.0,0.0,53.0,17.0,60.0,2.0,1.0,11.0,0.0,10.0,7.0,0.0,1.0,0.0,12.0,75.0,5.0,0.0,0.0,24.0
2021,Punjab,3,Gurdaspur,32,Gurdaspur,14.0,58.0,1.0,10.0,30.0,0.0,0.0,42.0,17.0,63.0,4.0,0.0,6.0,0.0,12.0,20.0,2.0,2.0,2.0,5.0,129.0,3.0,0.0,0.0,27.0
2021,Punjab,3,Hoshiarpur,33,Hoshiarpur,24.0,103.0,3.0,32.0,68.0,1.0,0.0,89.0,22.0,98.0,5.0,0.0,15.0,0.0,19.0,1.0,0.0,0.0,0.0,0.0,100.0,3.0,1.0,0.0,152.0
2021,Punjab,3,Jalandhar,34,Cp Jalandhar,20.0,88.0,1.0,51.0,94.0,0.0,1.0,116.0,10.0,146.0,4.0,1.0,6.0,2.0,29.0,66.0,18.0,3.0,4.0,5.0,182.0,6.0,2.0,0.0,138.0
2021,Punjab,3,Jalandhar,34,Jalandhar Rural,40.0,98.0,1.0,51.0,53.0,0.0,0.0,125.0,35.0,55.0,4.0,0.0,11.0,7.0,22.0,89.0,33.0,0.0,4.0,2.0,171.0,9.0,1.0,1.0,130.0
2021,Punjab,3,Kapurthala,35,Kapurthala,29.0,64.0,1.0,33.0,40.0,0.0,0.0,45.0,16.0,51.0,1.0,0.0,8.0,0.0,0.0,13.0,0.0,0.0,2.0,3.0,34.0,5.0,1.0,0.0,142.0
2021,Punjab,3,Ludhiana,36,Cp Ludhiana,49.0,287.0,5.0,48.0,149.0,0.0,0.0,283.0,113.0,161.0,6.0,0.0,14.0,0.0,39.0,51.0,4.0,0.0,4.0,2.0,195.0,6.0,2.0,0.0,864.0
2021,Punjab,3,Ludhiana,36,Khanna,19.0,57.0,1.0,15.0,38.0,0.0,0.0,55.0,13.0,42.0,0.0,1.0,5.0,0.0,0.0,22.0,7.0,0.0,2.0,6.0,113.0,0.0,0.0,0.0,92.0
2021,Punjab,3,Ludhiana,36,Ludhiana Rural,20.0,50.0,0.0,7.0,46.0,0.0,0.0,35.0,19.0,31.0,1.0,0.0,0.0,0.0,0.0,6.0,0.0,1.0,1.0,0.0,89.0,1.0,0.0,0.0,62.0
2021,Punjab,3,Malerkotla,737,Malerkotla,9.0,30.0,0.0,10.0,15.0,0.0,0.0,24.0,9.0,33.0,0.0,0.0,2.0,0.0,0.0,7.0,0.0,0.0,0.0,0.0,23.0,0.0,0.0,0.0,54.0
2021,Punjab,3,Mansa,37,Mansa,17.0,83.0,1.0,33.0,34.0,1.0,0.0,73.0,24.0,19.0,6.0,1.0,5.0,0.0,26.0,19.0,0.0,0.0,1.0,0.0,81.0,5.0,1.0,1.0,75.0
2021,Punjab,3,Moga,38,Moga,27.0,43.0,0.0,4.0,23.0,0.0,5.0,51.0,21.0,16.0,2.0,0.0,6.0,0.0,23.0,13.0,3.0,2.0,2.0,0.0,27.0,2.0,0.0,0.0,84.0
2021,Punjab,3,Pathankot,662,Pathankot,7.0,53.0,1.0,11.0,27.0,0.0,0.0,47.0,15.0,40.0,0.0,0.0,5.0,0.0,3.0,17.0,0.0,0.0,0.0,5.0,0.0,0.0,0.0,0.0,48.0
2021,Punjab,3,Patiala,41,Grp,12.0,4.0,0.0,3.0,0.0,0.0,0.0,3.0,0.0,0.0,0.0,0.0,0.0,0.0,4.0,0.0,0.0,0.0,0.0,0.0,0.0,1.0,0.0,0.0,59.0
2021,Punjab,3,Patiala,41,Patiala,46.0,184.0,1.0,69.0,111.0,0.0,0.0,185.0,57.0,133.0,7.0,0.0,22.0,0.0,70.0,24.0,4.0,1.0,1.0,0.0,313.0,9.0,1.0,7.0,223.0
2021,Punjab,3,Rupnagar,42,Ropar,10.0,71.0,1.0,33.0,34.0,0.0,0.0,58.0,19.0,41.0,1.0,0.0,3.0,0.0,0.0,32.0,3.0,0.0,2.0,14.0,82.0,6.0,2.0,0.0,119.0
2021,Punjab,3,S.A.S Nagar,608,Bureau Of Investigation,0.0,0.0,0.0,15.0,0.0,0.0,0.0,16.0,0.0,0.0,0.0,0.0,0.0,0.0,0.0,0.0,0.0,0.0,0.0,18.0,0.0,0.0,3.0,0.0,0.0
2021,Punjab,3,S.A.S Nagar,608,Intelligence Wing,0.0,0.0,0.0,0.0,0.0,0.0,0.0,0.0,0.0,0.0,0.0,0.0,0.0,0.0,0.0,0.0,0.0,0.0,0.0,0.0,0.0,0.0,0.0,0.0,4.0
2021,Punjab,3,S.A.S Nagar,608,Nri Wing,0.0,2.0,0.0,0.0,0.0,0.0,1.0,0.0,0.0,99.0,10.0,0.0,0.0,0.0,0.0,0.0,0.0,0.0,0.0,0.0,106.0,0.0,11.0,0.0,13.0
2021,Punjab,3,S.A.S Nagar,608,S.A.S Nagar,32.0,33.0,0.0,0.0,0.0,0.0,0.0,0.0,0.0,0.0,0.0,0.0,0.0,0.0,0.0,0.0,0.0,0.0,0.0,0.0,0.0,13.0,0.0,0.0,623.0
2021,Punjab,3,S.A.S Nagar,608,Sas Nagar,0.0,278.0,2.0,23.0,211.0,0.0,0.0,252.0,50.0,118.0,5.0,0.0,0.0,0.0,7.0,0.0,0.0,0.0,0.0,0.0,0.0,0.0,0.0,0.0,0.0
2021,Punjab,3,Sangrur,43,Sangrur,21.0,90.0,1.0,26.0,44.0,0.0,0.0,75.0,30.0,45.0,0.0,0.0,14.0,0.0,29.0,15.0,0.0,0.0,0.0,0.0,120.0,4.0,0.0,0.0,140.0
2021,Punjab,3,Sas Nagar,608,Bureau Of Investigation,0.0,0.0,0.0,0.0,0.0,0.0,0.0,0.0,0.0,0.0,0.0,0.0,0.0,0.0,0.0,81.0,13.0,1.0,8.0,19.0,0.0,0.0,1.0,0.0,39.0
2021,Punjab,3,Sas Nagar,608,Sas Nagar,0.0,0.0,0.0,0.0,0.0,0.0,0.0,0.0,0.0,0.0,0.0,0.0,0.0,0.0,0.0,33.0,0.0,9.0,0.0,1.0,0.0,0.0,0.0,0.0,0.0
2021,Punjab,3,Shahid Bhagat Singh Nagar,40,Sbs Nagar,19.0,40.0,0.0,15.0,15.0,0.0,0.0,41.0,9.0,78.0,2.0,0.0,6.0,0.0,0.0,22.0,4.0,0.0,4.0,0.0,4.0,6.0,0.0,0.0,70.0
2021,Punjab,3,Sri Muktsar Sahib,39,Muktsar,16.0,94.0,2.0,24.0,45.0,2.0,0.0,83.0,25.0,14.0,2.0,0.0,8.0,0.0,0.0,33.0,4.0,0.0,1.0,10.0,0.0,2.0,2.0,0.0,68.0
2021,Punjab,3,Tarn Taran,609,Tarn Taran,51.0,98.0,2.0,23.0,60.0,0.0,1.0,106.0,32.0,29.0,4.0,0.0,8.0,0.0,0.0,9.0,0.0,0.0,0.0,10.0,69.0,11.0,0.0,0.0,126.0
2021,Rajasthan,8,Ajmer,86,Ajmer,58.0,459.0,89.0,726.0,542.0,0.0,0.0,430.0,4.0,1001.0,15.0,0.0,12.0,4.0,97.0,181.0,29.0,5.0,5.0,3.0,1036.0,59.0,436.0,2.0,197.0
2021,Rajasthan,8,Ajmer,86,Grp Ajmer,2.0,4.0,0.0,11.0,3.0,0.0,4.0,7.0,0.0,0.0,1.0,0.0,2.0,0.0,9.0,4.0,0.0,0.0,0.0,0.0,1.0,2.0,0.0,0.0,10.0
2021,Rajasthan,8,Alwar,87,Alwar,84.0,577.0,166.0,367.0,182.0,0.0,0.0,176.0,130.0,687.0,35.0,0.0,3.0,0.0,0.0,170.0,64.0,3.0,0.0,0.0,755.0,48.0,123.0,1.0,64.0
2021,Rajasthan,8,Banswara,88,Banswara,42.0,309.0,48.0,161.0,410.0,0.0,0.0,225.0,6.0,241.0,0.0,0.0,10.0,0.0,171.0,18.0,2.0,0.0,0.0,0.0,118.0,51.0,0.0,0.0,229.0
2021,Rajasthan,8,Baran,89,Baran,37.0,271.0,58.0,358.0,298.0,0.0,2.0,257.0,0.0,347.0,5.0,0.0,6.0,0.0,22.0,38.0,2.0,2.0,12.0,4.0,0.0,17.0,34.0,0.0,82.0
2021,Rajasthan,8,Barmer,90,Barmer,54.0,536.0,105.0,435.0,122.0,3.0,0.0,240.0,0.0,439.0,33.0,0.0,8.0,0.0,166.0,135.0,9.0,0.0,5.0,3.0,200.0,26.0,112.0,5.0,125.0
2021,Rajasthan,8,Bharatpur,91,Bharatpur,101.0,608.0,178.0,179.0,174.0,9.0,0.0,206.0,176.0,914.0,29.0,1.0,2.0,0.0,72.0,102.0,16.0,14.0,0.0,18.0,787.0,83.0,0.0,0.0,5265.0
2021,Rajasthan,8,Bhilwara,92,Bhilwara,43.0,486.0,49.0,478.0,396.0,0.0,2.0,250.0,76.0,792.0,11.0,0.0,10.0,0.0,148.0,78.0,16.0,0.0,13.0,0.0,824.0,112.0,11.0,4.0,42.0
2021,Rajasthan,8,Bikaner,93,Bikaner,48.0,354.0,64.0,253.0,121.0,0.0,0.0,137.0,26.0,493.0,15.0,0.0,10.0,0.0,0.0,13.0,0.0,0.0,0.0,0.0,316.0,27.0,190.0,0.0,1637.0
2021,Rajasthan,8,Bundi,94,Bundi,25.0,232.0,23.0,259.0,198.0,0.0,0.0,102.0,30.0,298.0,1.0,0.0,2.0,0.0,0.0,8.0,4.0,0.0,0.0,0.0,0.0,12.0,18.0,2.0,455.0
2021,Rajasthan,8,Chittorgarh,95,Chittorgarh,32.0,235.0,34.0,209.0,283.0,0.0,0.0,185.0,82.0,512.0,4.0,0.0,8.0,0.0,118.0,9.0,4.0,0.0,0.0,0.0,319.0,51.0,27.0,1.0,630.0
2021,Rajasthan,8,Churu,96,Churu,46.0,326.0,48.0,106.0,137.0,0.0,0.0,110.0,49.0,468.0,9.0,0.0,5.0,0.0,0.0,3.0,0.0,0.0,0.0,0.0,0.0,13.0,369.0,1.0,1302.0
2021,Rajasthan,8,Dausa,97,Dausa,41.0,282.0,39.0,69.0,133.0,1.0,0.0,47.0,9.0,338.0,10.0,0.0,5.0,0.0,84.0,99.0,20.0,0.0,0.0,28.0,577.0,34.0,0.0,0.0,1635.0
2021,Rajasthan,8,Dholpur,98,Dholpur,48.0,209.0,66.0,190.0,160.0,0.0,0.0,159.0,7.0,319.0,25.0,0.0,2.0,0.0,93.0,8.0,2.0,0.0,1.0,0.0,241.0,18.0,0.0,0.0,1083.0
2021,Rajasthan,8,Dungarpur,99,Dungarpur,38.0,202.0,44.0,128.0,462.0,0.0,0.0,281.0,0.0,119.0,4.0,0.0,4.0,0.0,236.0,1.0,0.0,0.0,0.0,0.0,131.0,36.0,0.0,2.0,48.0
2021,Rajasthan,8,Ganganagar,100,Ganganagar,68.0,401.0,62.0,304.0,347.0,1.0,0.0,297.0,14.0,702.0,8.0,0.0,7.0,0.0,156.0,51.0,4.0,3.0,0.0,6.0,401.0,45.0,345.0,0.0,615.0
2021,Rajasthan,8,Hanumangarh,101,Hanumangarh,62.0,397.0,85.0,253.0,158.0,2.0,0.0,211.0,0.0,621.0,8.0,0.0,7.0,0.0,95.0,6.0,0.0,0.0,0.0,5.0,0.0,13.0,220.0,0.0,753.0
2021,Rajasthan,8,Jaipur,102,Jaipur Crime,0.0,0.0,0.0,0.0,0.0,0.0,0.0,0.0,0.0,0.0,0.0,0.0,0.0,0.0,0.0,44.0,12.0,0.0,0.0,0.0,12.0,0.0,0.0,0.0,12.0
2021,Rajasthan,8,Jaipur,102,Jaipur East,34.0,251.0,34.0,230.0,239.0,5.0,2.0,203.0,0.0,246.0,8.0,1.0,2.0,0.0,123.0,97.0,21.0,20.0,2.0,13.0,522.0,43.0,12.0,0.0,107.0
2021,Rajasthan,8,Jaipur,102,Jaipur Metro,0.0,0.0,0.0,0.0,0.0,0.0,0.0,0.0,0.0,0.0,0.0,0.0,0.0,0.0,0.0,0.0,0.0,0.0,0.0,0.0,0.0,0.0,0.0,0.0,0.0
2021,Rajasthan,8,Jaipur,102,Jaipur North,15.0,174.0,23.0,115.0,87.0,0.0,0.0,148.0,24.0,299.0,12.0,0.0,1.0,0.0,0.0,55.0,12.0,12.0,6.0,0.0,12.0,50.0,0.0,0.0,623.0
2021,Rajasthan,8,Jaipur,102,Jaipur Rural,52.0,279.0,52.0,178.0,122.0,0.0,0.0,0.0,13.0,413.0,18.0,0.0,7.0,0.0,75.0,88.0,29.0,7.0,3.0,4.0,619.0,54.0,155.0,0.0,1863.0
2021,Rajasthan,8,Jaipur,102,Jaipur South,30.0,256.0,28.0,166.0,187.0,0.0,0.0,169.0,27.0,265.0,5.0,0.0,5.0,0.0,58.0,56.0,0.0,11.0,0.0,10.0,510.0,19.0,288.0,1.0,951.0
2021,Rajasthan,8,Jaipur,102,Jaipur West,42.0,324.0,46.0,149.0,282.0,0.0,0.0,208.0,32.0,390.0,10.0,1.0,3.0,0.0,106.0,59.0,0.0,4.0,0.0,0.0,1365.0,29.0,0.0,2.0,804.0
2021,Rajasthan,8,Jaipur,102,Scrb,0.0,0.0,0.0,0.0,0.0,0.0,0.0,1.0,0.0,0.0,0.0,0.0,0.0,0.0,0.0,18.0,0.0,0.0,0.0,2.0,0.0,0.0,0.0,0.0,0.0
2021,Rajasthan,8,Jaipur,102,Sog,0.0,0.0,0.0,0.0,0.0,0.0,0.0,1.0,1.0,0.0,0.0,0.0,0.0,0.0,0.0,0.0,0.0,0.0,0.0,0.0,15.0,0.0,14.0,0.0,0.0
2021,Rajasthan,8,Jaipur,102,Ssb,0.0,0.0,0.0,0.0,0.0,0.0,0.0,0.0,0.0,0.0,0.0,0.0,0.0,0.0,0.0,0.0,0.0,0.0,0.0,0.0,0.0,0.0,0.0,0.0,0.0
2021,Rajasthan,8,Jaipur (Gramin),783,Jaipur Rural,1.0,39.0,0.0,16.0,61.0,0.0,0.0,141.0,15.0,0.0,0.0,0.0,0.0,0.0,0.0,0.0,0.0,0.0,0.0,0.0,0.0,0.0,0.0,0.0,0.0
2021,Rajasthan,8,Jaisalmer,103,Jaisalmer,16.0,54.0,14.0,131.0,30.0,0.0,0.0,49.0,1.0,75.0,7.0,0.0,3.0,0.0,63.0,13.0,1.0,0.0,1.0,0.0,106.0,11.0,33.0,1.0,133.0
2021,Rajasthan,8,Jalore,104,Jalore,38.0,187.0,23.0,293.0,103.0,2.0,0.0,41.0,0.0,210.0,9.0,0.0,4.0,0.0,70.0,7.0,1.0,0.0,0.0,5.0,1.0,24.0,233.0,1.0,3.0
2021,Rajasthan,8,Jhalawar,105,Jhalawar,48.0,325.0,52.0,307.0,375.0,0.0,0.0,293.0,1.0,434.0,6.0,0.0,9.0,0.0,177.0,24.0,3.0,0.0,0.0,0.0,159.0,16.0,0.0,1.0,39.0
2021,Rajasthan,8,Jhunjhunu,106,Jhunjhunu,53.0,270.0,44.0,147.0,146.0,0.0,0.0,83.0,42.0,592.0,14.0,0.0,2.0,0.0,155.0,42.0,6.0,1.0,0.0,9.0,705.0,32.0,115.0,0.0,1433.0
2021,Rajasthan,8,Jodhpur,107,Grp Jodhpur,0.0,2.0,0.0,1.0,1.0,0.0,0.0,2.0,0.0,0.0,1.0,0.0,0.0,0.0,5.0,0.0,0.0,0.0,0.0,0.0,0.0,1.0,0.0,0.0,3.0
2021,Rajasthan,8,Jodhpur,107,Jodhpur East,20.0,146.0,7.0,214.0,57.0,1.0,0.0,36.0,14.0,175.0,6.0,0.0,1.0,0.0,91.0,153.0,49.0,0.0,4.0,2.0,16.0,24.0,165.0,3.0,565.0
2021,Rajasthan,8,Jodhpur,107,Jodhpur Rural,38.0,228.0,52.0,215.0,99.0,0.0,2.0,119.0,23.0,243.0,17.0,0.0,2.0,0.0,126.0,16.0,2.0,0.0,0.0,0.0,109.0,46.0,201.0,0.0,402.0
2021,Rajasthan,8,Jodhpur,107,Jodhpur West,24.0,176.0,40.0,223.0,143.0,0.0,0.0,143.0,1.0,176.0,6.0,0.0,0.0,0.0,105.0,133.0,40.0,2.0,6.0,3.0,357.0,22.0,115.0,2.0,376.0
2021,Rajasthan,8,Karauli,108,Karauli,53.0,276.0,100.0,172.0,153.0,1.0,0.0,92.0,15.0,313.0,21.0,0.0,1.0,0.0,0.0,34.0,0.0,0.0,0.0,20.0,360.0,35.0,13.0,1.0,2809.0
2021,Rajasthan,8,Khairthal-Tijara,770,Bhiwadi,58.0,420.0,58.0,200.0,206.0,0.0,2.0,100.0,42.0,462.0,12.0,0.0,1.0,0.0,0.0,41.0,13.0,0.0,0.0,0.0,202.0,62.0,112.0,2.0,168.0
2021,Rajasthan,8,Kota,109,Kota City,27.0,336.0,36.0,295.0,270.0,1.0,0.0,248.0,8.0,379.0,6.0,1.0,5.0,1.0,307.0,64.0,13.0,1.0,7.0,4.0,805.0,21.0,14.0,0.0,53.0
2021,Rajasthan,8,Kota,109,Kota Rural,29.0,197.0,22.0,251.0,183.0,1.0,0.0,161.0,62.0,206.0,7.0,0.0,1.0,0.0,0.0,2.0,0.0,0.0,0.0,2.0,169.0,13.0,10.0,0.0,761.0
2021,Rajasthan,8,Nagaur,110,Nagaur,58.0,367.0,96.0,323.0,182.0,0.0,0.0,233.0,0.0,672.0,10.0,0.0,7.0,0.0,129.0,26.0,0.0,0.0,0.0,10.0,481.0,33.0,160.0,3.0,990.0
2021,Rajasthan,8,Pali,111,Pali,43.0,351.0,41.0,344.0,262.0,2.0,0.0,137.0,58.0,676.0,12.0,0.0,5.0,0.0,0.0,8.0,3.0,0.0,0.0,4.0,629.0,72.0,40.0,3.0,2100.0
2021,Rajasthan,8,Pratapgarh,629,Pratapgarh,35.0,434.0,61.0,241.0,274.0,2.0,0.0,188.0,10.0,239.0,8.0,0.0,6.0,0.0,79.0,12.0,0.0,0.0,0.0,0.0,103.0,20.0,15.0,0.0,247.0
2021,Rajasthan,8,Rajsamand,112,Rajsamand,28.0,203.0,42.0,191.0,293.0,0.0,0.0,227.0,2.0,281.0,8.0,0.0,1.0,1.0,53.0,17.0,4.0,1.0,0.0,0.0,257.0,55.0,30.0,0.0,22.0
2021,Rajasthan,8,Sawai Madhopur,113,Sawai Madhopur,39.0,239.0,56.0,273.0,84.0,4.0,0.0,127.0,51.0,282.0,6.0,0.0,2.0,0.0,132.0,63.0,10.0,0.0,0.0,2.0,162.0,27.0,235.0,2.0,1766.0
2021,Rajasthan,8,Sikar,114,Sikar,53.0,396.0,79.0,263.0,306.0,0.0,0.0,250.0,18.0,597.0,12.0,0.0,3.0,0.0,77.0,325.0,115.0,8.0,42.0,0.0,701.0,28.0,461.0,0.0,3272.0
2021,Rajasthan,8,Sirohi,115,Sirohi,41.0,235.0,59.0,187.0,107.0,2.0,0.0,139.0,17.0,235.0,6.0,0.0,5.0,0.0,68.0,45.0,6.0,0.0,4.0,2.0,224.0,26.0,0.0,0.0,364.0
2021,Rajasthan,8,Tonk,116,Tonk,26.0,180.0,45.0,146.0,173.0,0.0,0.0,116.0,25.0,257.0,8.0,0.0,7.0,0.0,89.0,23.0,4.0,0.0,0.0,0.0,316.0,13.0,15.0,0.0,639.0
2021,Rajasthan,8,Udaipur,117,Udaipur,93.0,667.0,122.0,468.0,768.0,3.0,0.0,678.0,0.0,542.0,8.0,0.0,12.0,0.0,421.0,9.0,0.0,1.0,0.0,0.0,677.0,139.0,25.0,1.0,508.0
2021,Sikkim,11,Gangtok,225,Cid,0.0,0.0,0.0,1.0,0.0,0.0,0.0,0.0,0.0,0.0,0.0,0.0,0.0,0.0,0.0,0.0,0.0,0.0,0.0,0.0,11.0,0.0,0.0,0.0,0.0
2021,Sikkim,11,Gangtok,225,East,9.0,34.0,0.0,11.0,28.0,0.0,0.0,63.0,33.0,3.0,0.0,0.0,2.0,0.0,1.0,0.0,0.0,0.0,0.0,0.0,19.0,6.0,5.0,0.0,10.0
2021,Sikkim,11,Gyalshing,228,West,3.0,19.0,0.0,1.0,4.0,0.0,0.0,24.0,17.0,0.0,0.0,0.0,0.0,0.0,0.0,0.0,0.0,0.0,0.0,0.0,6.0,0.0,0.0,0.0,0.0
2021,Sikkim,11,Mangan,226,North,1.0,10.0,0.0,0.0,2.0,0.0,0.0,16.0,14.0,0.0,0.0,0.0,0.0,0.0,0.0,0.0,0.0,0.0,0.0,0.0,0.0,0.0,0.0,0.0,0.0
2021,Sikkim,11,Namchi,227,South,2.0,29.0,0.0,4.0,4.0,0.0,0.0,46.0,36.0,0.0,0.0,0.0,0.0,1.0,0.0,0.0,0.0,0.0,0.0,0.0,3.0,0.0,1.0,0.0,1.0
2021,Tamil Nadu,33,Ariyalur,610,Ariyalur,19.0,99.0,0.0,8.0,5.0,0.0,0.0,121.0,100.0,4.0,2.0,0.0,6.0,3.0,36.0,18.0,0.0,1.0,1.0,8.0,23.0,19.0,0.0,0.0,2557.0
2021,Tamil Nadu,33,Chengalpattu,730,Chengalpattu,29.0,44.0,0.0,17.0,7.0,0.0,0.0,72.0,41.0,5.0,7.0,0.0,2.0,0.0,5.0,2.0,1.0,0.0,0.0,0.0,3.0,57.0,0.0,4.0,2351.0
2021,Tamil Nadu,33,Chennai,568,Chennai,165.0,380.0,1.0,156.0,31.0,19.0,0.0,546.0,435.0,95.0,17.0,2.0,19.0,33.0,532.0,76.0,0.0,4.0,0.0,62.0,565.0,629.0,173.0,66.0,28417.0
2021,Tamil Nadu,33,Chennai,568,Cyber Cell,0.0,0.0,0.0,0.0,0.0,0.0,0.0,0.0,0.0,0.0,0.0,0.0,0.0,0.0,0.0,20.0,4.0,2.0,1.0,3.0,0.0,0.0,0.0,0.0,9.0
2021,Tamil Nadu,33,Chennai,568,Other Units,0.0,0.0,0.0,0.0,0.0,0.0,0.0,0.0,0.0,0.0,0.0,0.0,0.0,0.0,0.0,0.0,0.0,0.0,0.0,0.0,0.0,0.0,0.0,0.0,0.0
2021,Tamil Nadu,33,Chennai,568,Railway Chennai,4.0,2.0,0.0,4.0,1.0,0.0,2.0,16.0,1.0,0.0,0.0,0.0,0.0,0.0,30.0,0.0,0.0,0.0,0.0,0.0,4.0,45.0,1.0,0.0,18.0
2021,Tamil Nadu,33,Coimbatore,569,Coimbatore,59.0,139.0,0.0,9.0,1.0,0.0,0.0,158.0,151.0,16.0,0.0,0.0,6.0,0.0,10.0,25.0,0.0,1.0,0.0,0.0,40.0,61.0,21.0,0.0,5848.0
2021,Tamil Nadu,33,Coimbatore,569,Coimbatore City,31.0,78.0,1.0,13.0,10.0,1.0,0.0,106.0,81.0,23.0,0.0,0.0,0.0,5.0,23.0,87.0,39.0,1.0,1.0,0.0,170.0,96.0,4.0,55.0,407.0
2021,Tamil Nadu,33,Coimbatore,569,Cyber Cell,0.0,0.0,0.0,0.0,0.0,0.0,0.0,0.0,0.0,0.0,0.0,0.0,0.0,0.0,0.0,0.0,0.0,0.0,0.0,0.0,0.0,0.0,0.0,0.0,0.0
2021,Tamil Nadu,33,Cuddalore,570,Cuddalore,46.0,190.0,0.0,23.0,81.0,1.0,0.0,420.0,177.0,36.0,5.0,0.0,11.0,0.0,17.0,49.0,1.0,0.0,0.0,0.0,78.0,37.0,0.0,5.0,7404.0
2021,Tamil Nadu,33,Dharmapuri,571,Dharmapuri,29.0,87.0,1.0,20.0,25.0,0.0,0.0,100.0,82.0,14.0,2.0,0.0,11.0,0.0,12.0,27.0,0.0,2.0,0.0,11.0,27.0,14.0,0.0,6.0,3210.0
2021,Tamil Nadu,33,Dindigul,572,Dindigul,49.0,109.0,1.0,40.0,5.0,0.0,0.0,186.0,132.0,34.0,2.0,0.0,5.0,3.0,99.0,51.0,0.0,1.0,12.0,6.0,68.0,40.0,0.0,13.0,7767.0
2021,Tamil Nadu,33,Erode,573,Erode,45.0,119.0,0.0,12.0,7.0,1.0,0.0,133.0,119.0,7.0,2.0,0.0,2.0,0.0,7.0,18.0,0.0,0.0,0.0,5.0,37.0,32.0,0.0,12.0,461.0
2021,Tamil Nadu,33,Kallakurichi,729,Kallakurichi,29.0,91.0,0.0,7.0,46.0,0.0,0.0,75.0,60.0,8.0,21.0,0.0,0.0,0.0,0.0,0.0,0.0,0.0,0.0,0.0,23.0,33.0,0.0,0.0,155.0
2021,Tamil Nadu,33,Kanchipuram,574,Kanchipuram,30.0,40.0,0.0,4.0,0.0,0.0,0.0,34.0,33.0,2.0,0.0,0.0,13.0,0.0,0.0,23.0,0.0,23.0,0.0,0.0,29.0,68.0,5.0,4.0,1625.0
2021,Tamil Nadu,33,Kanniyakumari,575,Kanyakumari,29.0,86.0,0.0,33.0,33.0,1.0,0.0,268.0,94.0,4.0,88.0,0.0,5.0,0.0,6.0,23.0,4.0,0.0,0.0,14.0,110.0,41.0,0.0,0.0,26.0
2021,Tamil Nadu,33,Karur,576,Karur,22.0,52.0,0.0,7.0,3.0,0.0,0.0,149.0,55.0,16.0,0.0,0.0,3.0,0.0,0.0,20.0,0.0,1.0,0.0,5.0,22.0,31.0,8.0,1.0,4505.0
2021,Tamil Nadu,33,Krishnagiri,577,Krishnagiri,70.0,101.0,0.0,11.0,13.0,8.0,0.0,104.0,88.0,5.0,0.0,0.0,5.0,0.0,20.0,48.0,13.0,0.0,10.0,0.0,37.0,37.0,0.0,3.0,1175.0
2021,Tamil Nadu,33,Madurai,578,Madurai,68.0,115.0,2.0,30.0,6.0,0.0,0.0,156.0,118.0,52.0,14.0,0.0,7.0,2.0,92.0,38.0,0.0,2.0,0.0,10.0,100.0,139.0,0.0,6.0,2316.0
2021,Tamil Nadu,33,Madurai,578,Madurai City,36.0,118.0,0.0,23.0,4.0,2.0,0.0,130.0,120.0,89.0,1.0,0.0,1.0,0.0,118.0,26.0,0.0,0.0,1.0,6.0,216.0,125.0,0.0,28.0,2883.0
2021,Tamil Nadu,33,Nagapattinam,579,Nagapattinam,48.0,122.0,0.0,54.0,16.0,0.0,0.0,119.0,107.0,7.0,0.0,0.0,1.0,0.0,50.0,28.0,14.0,0.0,0.0,0.0,26.0,29.0,0.0,0.0,6199.0
2021,Tamil Nadu,33,Namakkal,580,Namakkal,42.0,140.0,0.0,31.0,12.0,0.0,0.0,160.0,147.0,13.0,0.0,0.0,9.0,0.0,23.0,19.0,0.0,1.0,0.0,8.0,45.0,30.0,0.0,17.0,3247.0
2021,Tamil Nadu,33,Perambalur,581,Perambalur,22.0,40.0,1.0,19.0,2.0,1.0,0.0,81.0,54.0,7.0,3.0,0.0,1.0,0.0,20.0,2.0,0.0,0.0,0.0,0.0,5.0,34.0,0.0,0.0,1818.0
2021,Tamil Nadu,33,Pudukkottai,582,Pudukottai,30.0,68.0,2.0,59.0,7.0,0.0,0.0,74.0,70.0,21.0,7.0,0.0,10.0,0.0,54.0,37.0,0.0,3.0,0.0,1.0,19.0,40.0,0.0,0.0,5406.0
2021,Tamil Nadu,33,Ramanathapuram,583,Ramnathapuram,56.0,88.0,0.0,23.0,29.0,0.0,0.0,132.0,107.0,7.0,21.0,0.0,0.0,0.0,14.0,27.0,0.0,0.0,0.0,4.0,75.0,56.0,5.0,0.0,540.0
2021,Tamil Nadu,33,Ranipet,731,Ranipet,24.0,33.0,0.0,13.0,2.0,0.0,0.0,42.0,42.0,4.0,6.0,0.0,5.0,0.0,0.0,0.0,0.0,0.0,0.0,0.0,37.0,34.0,0.0,0.0,2397.0
2021,Tamil Nadu,33,Salem,584,Salem,53.0,161.0,0.0,71.0,39.0,0.0,0.0,171.0,159.0,13.0,5.0,0.0,9.0,0.0,65.0,38.0,0.0,0.0,0.0,0.0,40.0,42.0,0.0,0.0,1343.0
2021,Tamil Nadu,33,Salem,584,Salem City,25.0,115.0,0.0,17.0,76.0,3.0,0.0,155.0,113.0,10.0,6.0,0.0,2.0,0.0,38.0,45.0,0.0,0.0,2.0,2.0,38.0,65.0,0.0,55.0,789.0
2021,Tamil Nadu,33,Sivaganga,585,Sivagangai,42.0,99.0,1.0,21.0,3.0,0.0,0.0,114.0,89.0,25.0,3.0,0.0,4.0,4.0,78.0,29.0,0.0,0.0,0.0,6.0,76.0,63.0,10.0,0.0,2067.0
2021,Tamil Nadu,33,Tenkasi,733,Tenkasi,52.0,80.0,0.0,23.0,5.0,0.0,0.0,150.0,107.0,11.0,5.0,0.0,2.0,7.0,97.0,8.0,0.0,0.0,0.0,0.0,31.0,14.0,20.0,0.0,968.0
2021,Tamil Nadu,33,Thanjavur,586,Thanjavur,60.0,135.0,0.0,88.0,14.0,0.0,0.0,210.0,131.0,30.0,10.0,0.0,11.0,0.0,2.0,97.0,38.0,2.0,0.0,8.0,146.0,105.0,0.0,0.0,16801.0
2021,Tamil Nadu,33,The Nilgiris,587,Nilgiris,16.0,72.0,0.0,10.0,2.0,0.0,0.0,85.0,96.0,2.0,0.0,0.0,3.0,0.0,7.0,36.0,0.0,0.0,0.0,5.0,13.0,4.0,0.0,0.0,665.0
2021,Tamil Nadu,33,Theni,588,Theni,38.0,136.0,0.0,27.0,4.0,1.0,0.0,180.0,163.0,55.0,2.0,0.0,2.0,0.0,33.0,47.0,16.0,3.0,6.0,0.0,76.0,19.0,0.0,4.0,5718.0
2021,Tamil Nadu,33,Thiruvallur,589,Thiruvallur,39.0,104.0,0.0,13.0,2.0,0.0,0.0,115.0,104.0,33.0,2.0,0.0,10.0,6.0,84.0,36.0,0.0,1.0,0.0,8.0,120.0,60.0,3.0,0.0,82.0
2021,Tamil Nadu,33,Thiruvarur,590,Thiruvarur,29.0,66.0,3.0,24.0,20.0,0.0,0.0,71.0,60.0,12.0,0.0,0.0,3.0,0.0,74.0,16.0,0.0,1.0,0.0,7.0,13.0,33.0,1.0,0.0,708.0
2021,Tamil Nadu,33,Tiruchirappalli,591,Railway Trichy,0.0,0.0,0.0,0.0,0.0,0.0,2.0,3.0,2.0,0.0,0.0,0.0,0.0,0.0,4.0,0.0,0.0,0.0,0.0,0.0,0.0,7.0,0.0,0.0,1.0
2021,Tamil Nadu,33,Tiruchirappalli,591,Trichy,46.0,119.0,1.0,36.0,25.0,0.0,0.0,126.0,103.0,65.0,0.0,0.0,12.0,0.0,171.0,38.0,0.0,17.0,1.0,15.0,54.0,59.0,7.0,1.0,6030.0
2021,Tamil Nadu,33,Tiruchirappalli,591,Trichy City,17.0,45.0,1.0,12.0,6.0,1.0,0.0,78.0,43.0,24.0,3.0,0.0,0.0,0.0,59.0,20.0,0.0,3.0,0.0,2.0,43.0,40.0,9.0,14.0,697.0
2021,Tamil Nadu,33,Tirunelveli,592,Thirunelveli,56.0,75.0,0.0,25.0,6.0,0.0,3.0,135.0,89.0,8.0,5.0,0.0,1.0,5.0,103.0,80.0,30.0,1.0,4.0,8.0,58.0,26.0,2.0,3.0,2380.0
2021,Tamil Nadu,33,Tirunelveli,592,Thirunelveli City,9.0,19.0,0.0,14.0,1.0,0.0,0.0,28.0,28.0,7.0,7.0,0.0,0.0,0.0,6.0,12.0,0.0,0.0,2.0,0.0,32.0,25.0,6.0,10.0,796.0
2021,Tamil Nadu,33,Tirupathur,732,Tiruppattur,24.0,100.0,1.0,12.0,39.0,0.0,0.0,139.0,69.0,4.0,10.0,0.0,6.0,6.0,47.0,11.0,0.0,0.0,5.0,0.0,21.0,26.0,10.0,1.0,1699.0
2021,Tamil Nadu,33,Tiruppur,634,Tiruppur,43.0,71.0,0.0,8.0,1.0,0.0,0.0,79.0,76.0,6.0,1.0,0.0,7.0,0.0,10.0,10.0,0.0,0.0,0.0,20.0,24.0,61.0,7.0,16.0,8842.0
2021,Tamil Nadu,33,Tiruppur,634,Tiruppur City,20.0,42.0,0.0,3.0,0.0,2.0,0.0,64.0,59.0,5.0,0.0,0.0,0.0,0.0,22.0,52.0,20.0,1.0,5.0,0.0,41.0,43.0,0.0,26.0,6384.0
2021,Tamil Nadu,33,Tiruvannamalai,593,Thiruvannamalai,38.0,142.0,3.0,12.0,7.0,0.0,4.0,245.0,122.0,13.0,10.0,0.0,13.0,5.0,42.0,0.0,0.0,0.0,0.0,0.0,52.0,56.0,3.0,8.0,9774.0
2021,Tamil Nadu,33,Tuticorin,594,Thoothukudi,53.0,147.0,0.0,36.0,7.0,4.0,0.0,194.0,168.0,31.0,7.0,0.0,13.0,8.0,180.0,17.0,0.0,2.0,0.0,12.0,70.0,51.0,5.0,4.0,1604.0
2021,Tamil Nadu,33,Vellore,595,Vellore,27.0,53.0,0.0,9.0,6.0,1.0,0.0,73.0,51.0,19.0,2.0,0.0,8.0,1.0,0.0,3.0,0.0,0.0,0.0,6.0,5.0,39.0,5.0,0.0,70.0
2021,Tamil Nadu,33,Villupuram,596,Villupuram,26.0,134.0,0.0,17.0,41.0,0.0,0.0,137.0,124.0,19.0,9.0,0.0,21.0,0.0,3.0,42.0,0.0,1.0,0.0,0.0,124.0,61.0,14.0,17.0,14.0
2021,Tamil Nadu,33,Virudhunagar,597,Virudhunagar,52.0,130.0,1.0,15.0,3.0,1.0,0.0,130.0,120.0,15.0,23.0,1.0,3.0,0.0,89.0,15.0,0.0,0.0,0.0,9.0,53.0,43.0,25.0,2.0,773.0
2021,Telangana,36,Adilabad,501,Adilabad,14.0,41.0,3.0,59.0,40.0,0.0,2.0,56.0,30.0,121.0,5.0,0.0,17.0,0.0,45.0,26.0,9.0,0.0,0.0,0.0,96.0,5.0,0.0,1.0,42.0
2021,Telangana,36,Bhadradri Kothagudem,690,Bhadradri Kothagudem,18.0,132.0,0.0,159.0,149.0,0.0,0.0,250.0,128.0,371.0,3.0,0.0,10.0,0.0,40.0,113.0,46.0,0.0,4.0,0.0,181.0,8.0,20.0,1.0,377.0
2021,Telangana,36,Hyderabad,507,Cyberabad Commissionerate,149.0,572.0,3.0,682.0,874.0,5.0,207.0,1263.0,356.0,1237.0,21.0,1.0,69.0,34.0,255.0,0.0,0.0,0.0,0.0,5.0,2095.0,154.0,328.0,0.0,425.0
2021,Telangana,36,Hyderabad,507,Hyderabad Commissionerate,102.0,495.0,0.0,616.0,290.0,0.0,10.0,621.0,404.0,1678.0,15.0,0.0,13.0,3.0,220.0,6399.0,2793.0,64.0,135.0,43.0,3940.0,92.0,100.0,0.0,3415.0
2021,Telangana,36,Hyderabad,507,Railway Police Secunderabad,1.0,0.0,1.0,9.0,0.0,0.0,0.0,12.0,1.0,1.0,0.0,0.0,0.0,0.0,2.0,0.0,0.0,0.0,0.0,0.0,5.0,6.0,0.0,0.0,19.0
2021,Telangana,36,Jagitial,681,Jagitial,29.0,24.0,0.0,0.0,0.0,0.0,2.0,0.0,0.0,0.0,0.0,0.0,0.0,0.0,0.0,0.0,0.0,0.0,0.0,0.0,324.0,11.0,1.0,0.0,1834.0
2021,Telangana,36,Jagitial,681,Jagityal,0.0,61.0,0.0,175.0,63.0,0.0,2.0,96.0,49.0,317.0,6.0,0.0,4.0,1.0,12.0,0.0,0.0,0.0,0.0,3.0,0.0,0.0,0.0,0.0,0.0
2021,Telangana,36,Jagityal,681,Jagityal,0.0,0.0,0.0,0.0,0.0,0.0,0.0,0.0,0.0,0.0,0.0,0.0,0.0,0.0,0.0,30.0,0.0,0.0,3.0,8.0,0.0,0.0,0.0,0.0,3.0
2021,Telangana,36,Jayashankar Bhupalapally,687,Jayashankar Bhupalpalli,14.0,12.0,0.0,90.0,41.0,0.0,0.0,40.0,12.0,65.0,4.0,0.0,5.0,0.0,0.0,7.0,0.0,0.0,0.0,1.0,87.0,3.0,6.0,0.0,618.0
2021,Telangana,36,Jogulamba Gadwal,695,Jogulamba Gadwal,21.0,47.0,0.0,49.0,43.0,0.0,0.0,84.0,35.0,41.0,1.0,0.0,4.0,0.0,24.0,58.0,27.0,0.0,2.0,0.0,210.0,3.0,0.0,0.0,88.0
2021,Telangana,36,Kamareddy,685,Kamareddy,42.0,87.0,0.0,93.0,5.0,0.0,0.0,56.0,46.0,239.0,3.0,0.0,4.0,1.0,63.0,228.0,110.0,0.0,4.0,0.0,205.0,12.0,5.0,0.0,281.0
2021,Telangana,36,Karimnagar,508,Karimnagar Commissionerate,12.0,91.0,1.0,170.0,35.0,0.0,0.0,79.0,20.0,253.0,5.0,0.0,4.0,0.0,12.0,66.0,14.0,1.0,17.0,4.0,375.0,5.0,0.0,0.0,740.0
2021,Telangana,36,Khammam,509,Khammam Commissionerate,21.0,131.0,2.0,169.0,236.0,0.0,0.0,423.0,123.0,310.0,5.0,0.0,33.0,0.0,36.0,191.0,79.0,2.0,2.0,0.0,214.0,11.0,27.0,8.0,806.0
2021,Telangana,36,Kumuram Bheem Asifabad,699,Kumaram Bheem Asifabad,19.0,27.0,0.0,50.0,72.0,0.0,3.0,59.0,12.0,78.0,2.0,0.0,11.0,3.0,21.0,58.0,20.0,1.0,2.0,0.0,284.0,0.0,1.0,0.0,106.0
2021,Telangana,36,Mahabubabad,688,Mahabubabad,25.0,38.0,2.0,201.0,112.0,0.0,0.0,163.0,35.0,125.0,8.0,0.0,11.0,0.0,19.0,22.0,7.0,0.0,4.0,0.0,174.0,1.0,8.0,0.0,40.0
2021,Telangana,36,Mahabubnagar,512,Mahabubnagar,29.0,191.0,0.0,105.0,93.0,0.0,2.0,228.0,97.0,115.0,5.0,0.0,24.0,0.0,19.0,79.0,27.0,0.0,8.0,9.0,175.0,0.0,0.0,0.0,394.0
2021,Telangana,36,Medak,513,Medak,40.0,55.0,0.0,86.0,56.0,0.0,0.0,95.0,64.0,139.0,4.0,0.0,8.0,0.0,19.0,50.0,21.0,0.0,4.0,0.0,152.0,3.0,4.0,1.0,411.0
2021,Telangana,36,Mulugu,720,Mulug,6.0,48.0,1.0,19.0,59.0,0.0,0.0,57.0,29.0,70.0,0.0,0.0,4.0,0.0,2.0,22.0,8.0,0.0,0.0,0.0,59.0,1.0,5.0,0.0,188.0
2021,Telangana,36,Nagarkurnool,694,Nagarkurnool,27.0,60.0,3.0,105.0,64.0,0.0,0.0,102.0,55.0,59.0,1.0,0.0,8.0,0.0,45.0,41.0,18.0,0.0,2.0,0.0,121.0,2.0,8.0,0.0,499.0
2021,Telangana,36,Nalgonda,514,Nalgonda,57.0,121.0,0.0,231.0,65.0,0.0,8.0,124.0,102.0,282.0,11.0,0.0,22.0,0.0,58.0,68.0,30.0,0.0,3.0,0.0,419.0,9.0,86.0,0.0,3420.0
2021,Telangana,36,Narayanpet,721,Narayanpet,15.0,108.0,0.0,19.0,36.0,0.0,0.0,91.0,52.0,35.0,1.0,0.0,2.0,0.0,10.0,12.0,2.0,0.0,1.0,0.0,98.0,1.0,1.0,0.0,281.0
2021,Telangana,36,Nirmal,680,Nirmal,15.0,24.0,0.0,51.0,36.0,0.0,0.0,24.0,21.0,67.0,2.0,0.0,15.0,0.0,29.0,26.0,12.0,0.0,1.0,0.0,83.0,1.0,0.0,0.0,164.0
2021,Telangana,36,Nizamabad,516,Nizamabad Commissionerate,53.0,49.0,3.0,104.0,38.0,1.0,0.0,80.0,52.0,263.0,4.0,0.0,13.0,0.0,19.0,26.0,7.0,0.0,4.0,0.0,269.0,4.0,1.0,0.0,158.0
2021,Telangana,36,Peddapalli,682,Ramagundam Commissionerate,33.0,147.0,4.0,269.0,119.0,1.0,3.0,203.0,103.0,567.0,10.0,1.0,29.0,5.0,125.0,207.0,78.0,1.0,20.0,0.0,680.0,7.0,3.0,2.0,194.0
2021,Telangana,36,Rajanna Sircilla,683,Rajanna Siricilla,16.0,43.0,2.0,99.0,16.0,0.0,2.0,47.0,23.0,185.0,4.0,0.0,2.0,0.0,31.0,38.0,13.0,0.0,3.0,0.0,186.0,12.0,1.0,0.0,1533.0
2021,Telangana,36,Ranga Reddy,518,Cyberabad Commissionerate,0.0,0.0,0.0,0.0,0.0,0.0,0.0,0.0,0.0,0.0,0.0,0.0,0.0,0.0,0.0,8791.0,4278.0,41.0,58.0,16.0,2346.0,0.0,5.0,0.0,4379.0
2021,Telangana,36,Sangareddy,691,Sangareddy,75.0,77.0,0.0,67.0,6.0,0.0,0.0,66.0,56.0,129.0,7.0,0.0,13.0,0.0,74.0,70.0,33.0,0.0,1.0,0.0,131.0,8.0,11.0,0.0,612.0
2021,Telangana,36,Siddipet,692,Siddipet Commissionerate,19.0,98.0,0.0,161.0,22.0,0.0,0.0,109.0,83.0,337.0,7.0,0.0,10.0,0.0,0.0,90.0,0.0,46.0,1.0,5.0,231.0,6.0,0.0,0.0,486.0
2021,Telangana,36,Suryapet,696,Suryapet,33.0,121.0,3.0,226.0,42.0,1.0,0.0,106.0,86.0,263.0,10.0,0.0,12.0,0.0,52.0,40.0,0.0,0.0,2.0,0.0,348.0,5.0,6.0,0.0,1204.0
2021,Telangana,36,Vikarabad,698,Vikarabad,35.0,103.0,0.0,113.0,48.0,0.0,0.0,225.0,82.0,95.0,4.0,0.0,22.0,0.0,32.0,36.0,0.0,0.0,0.0,0.0,102.0,10.0,0.0,0.0,885.0
2021,Telangana,36,Wanaparthy,693,Wanaparthy,9.0,56.0,0.0,27.0,17.0,0.0,0.0,69.0,47.0,41.0,0.0,0.0,0.0,0.0,21.0,46.0,23.0,0.0,0.0,0.0,82.0,0.0,8.0,0.0,195.0
2021,Telangana,36,Warangal,522,Warangal Commissionerate,55.0,139.0,1.0,253.0,331.0,0.0,2.0,274.0,92.0,516.0,11.0,0.0,37.0,0.0,44.0,294.0,0.0,3.0,0.0,1.0,741.0,30.0,0.0,0.0,2586.0
2021,Telangana,36,Yadadri Bhuvanagiri,697,Rachakonda Commissionerate,90.0,565.0,2.0,790.0,259.0,0.0,0.0,565.0,404.0,1469.0,21.0,0.0,21.0,0.0,47.0,2813.0,1176.0,0.0,0.0,0.0,3167.0,96.0,0.0,0.0,4164.0
2021,The Dadra And Nagar Haveli And Daman And Diu,38,Dadra And Nagar Haveli,465,Dadra And Nagar Haveli,15.0,43.0,0.0,4.0,19.0,0.0,0.0,63.0,42.0,3.0,0.0,0.0,0.0,0.0,10.0,0.0,0.0,0.0,0.0,0.0,8.0,6.0,4.0,0.0,11.0
2021,The Dadra And Nagar Haveli And Daman And Diu,38,Daman,463,Daman,3.0,10.0,0.0,2.0,48.0,0.0,0.0,38.0,10.0,2.0,0.0,0.0,0.0,0.0,3.0,5.0,0.0,0.0,0.0,8.0,13.0,7.0,1.0,0.0,11.0
2021,The Dadra And Nagar Haveli And Daman And Diu,38,Diu,464,Diu,0.0,0.0,0.0,1.0,2.0,0.0,0.0,3.0,1.0,1.0,0.0,0.0,0.0,0.0,2.0,0.0,0.0,0.0,0.0,0.0,0.0,1.0,0.0,0.0,1.0
2021,Tripura,16,Dhalai,269,Dhalai,18.0,18.0,0.0,7.0,14.0,2.0,2.0,23.0,13.0,17.0,3.0,0.0,1.0,0.0,0.0,1.0,0.0,0.0,0.0,0.0,11.0,1.0,1.0,0.0,0.0
2021,Tripura,16,Gomati,654,Gomati,14.0,39.0,0.0,13.0,13.0,0.0,0.0,28.0,18.0,65.0,1.0,0.0,1.0,0.0,0.0,1.0,0.0,0.0,0.0,2.0,7.0,5.0,2.0,0.0,94.0
2021,Tripura,16,Khowai,652,Kowai,13.0,36.0,0.0,3.0,19.0,0.0,0.0,26.0,10.0,11.0,1.0,0.0,3.0,0.0,0.0,6.0,0.0,3.0,0.0,0.0,14.0,0.0,1.0,0.0,26.0
2021,Tripura,16,North Tripura,270,North,15.0,23.0,6.0,9.0,15.0,0.0,0.0,31.0,19.0,30.0,2.0,0.0,1.0,0.0,0.0,0.0,0.0,0.0,0.0,0.0,16.0,3.0,0.0,0.0,71.0
2021,Tripura,16,Sepahijala,653,Sipahijala,0.0,0.0,0.0,0.0,10.0,0.0,0.0,16.0,5.0,0.0,0.0,0.0,0.0,0.0,0.0,0.0,0.0,0.0,0.0,0.0,0.0,0.0,0.0,0.0,0.0
2021,Tripura,16,South Tripura,271,South,10.0,14.0,1.0,9.0,13.0,0.0,0.0,19.0,12.0,29.0,5.0,0.0,1.0,0.0,2.0,5.0,0.0,0.0,0.0,2.0,7.0,3.0,5.0,0.0,5.0
2021,Tripura,16,Unakoti,655,Sipahijala,16.0,10.0,1.0,4.0,7.0,2.0,0.0,0.0,0.0,57.0,6.0,0.0,3.0,0.0,5.0,4.0,0.0,1.0,0.0,1.0,13.0,3.0,3.0,0.0,28.0
2021,Tripura,16,Unakoti,655,Unakoti,15.0,39.0,5.0,14.0,12.0,0.0,0.0,34.0,17.0,64.0,0.0,0.0,1.0,0.0,4.0,4.0,0.0,2.0,0.0,0.0,20.0,4.0,3.0,0.0,36.0
2021,Tripura,16,West Tripura,272,Grp,1.0,0.0,0.0,1.0,0.0,0.0,0.0,0.0,0.0,0.0,0.0,0.0,0.0,0.0,0.0,0.0,0.0,0.0,0.0,0.0,0.0,0.0,0.0,0.0,0.0
2021,Tripura,16,West Tripura,272,West,25.0,68.0,1.0,35.0,35.0,1.0,0.0,59.0,31.0,82.0,4.0,0.0,6.0,0.0,0.0,3.0,0.0,3.0,0.0,0.0,71.0,5.0,17.0,0.0,66.0
2021,Uttar Pradesh,9,Agra,118,Agra,104.0,262.0,0.0,323.0,239.0,2.0,0.0,79.0,64.0,624.0,68.0,1.0,10.0,0.0,0.0,156.0,29.0,18.0,0.0,39.0,402.0,79.0,146.0,0.0,243.0
2021,Uttar Pradesh,9,Aligarh,119,Aligarh,121.0,169.0,0.0,406.0,732.0,2.0,0.0,642.0,221.0,775.0,59.0,0.0,14.0,0.0,0.0,196.0,0.0,0.0,0.0,30.0,0.0,192.0,0.0,0.0,1414.0
2021,Uttar Pradesh,9,Ambedkar Nagar,121,Ambedkar Nagar,33.0,33.0,0.0,129.0,73.0,0.0,0.0,173.0,37.0,137.0,152.0,0.0,0.0,0.0,0.0,34.0,0.0,0.0,0.0,0.0,50.0,6.0,40.0,0.0,760.0
2021,Uttar Pradesh,9,Amethi,640,Amethi,32.0,85.0,2.0,46.0,36.0,1.0,0.0,87.0,71.0,144.0,12.0,0.0,0.0,0.0,0.0,92.0,39.0,0.0,0.0,0.0,116.0,18.0,0.0,0.0,39.0
2021,Uttar Pradesh,9,Amroha,154,Amroha,40.0,113.0,5.0,66.0,50.0,0.0,0.0,66.0,63.0,241.0,22.0,1.0,0.0,0.0,0.0,53.0,22.0,0.0,0.0,18.0,58.0,24.0,0.0,0.0,415.0
2021,Uttar Pradesh,9,Auraiya,122,Auraiya,34.0,118.0,0.0,96.0,113.0,1.0,0.0,122.0,72.0,219.0,28.0,0.0,7.0,0.0,45.0,34.0,0.0,0.0,0.0,8.0,113.0,2.0,0.0,0.0,0.0
2021,Uttar Pradesh,9,Ayodhya,140,Ayodhya,59.0,351.0,8.0,177.0,272.0,1.0,0.0,326.0,24.0,13.0,213.0,0.0,1.0,0.0,6.0,31.0,0.0,3.0,0.0,18.0,7.0,18.0,190.0,3.0,63.0
2021,Uttar Pradesh,9,Azamgarh,123,Azamgarh,49.0,123.0,0.0,188.0,227.0,1.0,0.0,288.0,88.0,220.0,50.0,0.0,7.0,0.0,0.0,95.0,6.0,0.0,0.0,41.0,71.0,21.0,62.0,0.0,1894.0
2021,Uttar Pradesh,9,Baghpat,124,Baghpat,57.0,162.0,32.0,100.0,222.0,1.0,0.0,242.0,80.0,71.0,10.0,1.0,0.0,1.0,0.0,92.0,0.0,4.0,0.0,42.0,0.0,27.0,0.0,0.0,904.0
2021,Uttar Pradesh,9,Bahraich,125,Bahraich,43.0,116.0,2.0,165.0,445.0,0.0,0.0,271.0,124.0,30.0,717.0,0.0,11.0,0.0,0.0,80.0,23.0,0.0,1.0,0.0,50.0,21.0,173.0,0.0,24.0
2021,Uttar Pradesh,9,Ballia,126,Ballia,42.0,83.0,4.0,73.0,189.0,0.0,0.0,131.0,83.0,108.0,24.0,0.0,4.0,0.0,0.0,50.0,0.0,1.0,0.0,44.0,147.0,8.0,0.0,0.0,24.0
2021,Uttar Pradesh,9,Balrampur,127,Balrampur,19.0,112.0,1.0,57.0,140.0,1.0,0.0,132.0,40.0,1.0,97.0,0.0,3.0,0.0,7.0,14.0,0.0,2.0,1.0,4.0,11.0,3.0,83.0,0.0,18.0
2021,Uttar Pradesh,9,Banda,128,Banda,59.0,99.0,2.0,110.0,131.0,0.0,0.0,239.0,110.0,156.0,46.0,1.0,12.0,0.0,15.0,33.0,0.0,4.0,0.0,3.0,45.0,26.0,1.0,0.0,201.0
2021,Uttar Pradesh,9,Bara Banki,129,Barabanki,67.0,249.0,0.0,106.0,19.0,0.0,2.0,0.0,1.0,13.0,304.0,0.0,14.0,0.0,157.0,31.0,0.0,4.0,0.0,8.0,75.0,12.0,38.0,0.0,0.0
2021,Uttar Pradesh,9,Barabanki,129,Barabanki,7.0,0.0,0.0,10.0,141.0,0.0,0.0,262.0,103.0,0.0,0.0,0.0,1.0,0.0,0.0,0.0,0.0,0.0,0.0,0.0,0.0,0.0,0.0,0.0,0.0
2021,Uttar Pradesh,9,Bareilly,130,Bareilly,78.0,86.0,0.0,238.0,242.0,0.0,0.0,171.0,164.0,891.0,956.0,0.0,0.0,0.0,0.0,147.0,0.0,0.0,0.0,0.0,336.0,33.0,0.0,0.0,3451.0
2021,Uttar Pradesh,9,Basti,131,Basti,30.0,148.0,26.0,121.0,52.0,1.0,0.0,162.0,62.0,0.0,182.0,0.0,5.0,0.0,2.0,48.0,0.0,3.0,0.0,23.0,91.0,22.0,0.0,0.0,0.0
2021,Uttar Pradesh,9,Bhadohi,179,Bhadohi,17.0,99.0,0.0,52.0,105.0,2.0,0.0,134.0,42.0,3.0,85.0,0.0,6.0,0.0,0.0,40.0,0.0,1.0,1.0,26.0,66.0,17.0,0.0,0.0,83.0
2021,Uttar Pradesh,9,Bijnor,132,Bijnor,38.0,98.0,4.0,79.0,12.0,0.0,0.0,103.0,98.0,176.0,433.0,0.0,14.0,0.0,0.0,86.0,0.0,8.0,0.0,46.0,0.0,14.0,0.0,0.0,280.0
2021,Uttar Pradesh,9,Budaun,133,Badaun,71.0,114.0,3.0,105.0,147.0,2.0,0.0,193.0,138.0,310.0,42.0,2.0,0.0,0.0,20.0,36.0,0.0,0.0,0.0,0.0,53.0,11.0,0.0,1.0,838.0
2021,Uttar Pradesh,9,Bulandshahr,134,Bulandshahar,71.0,186.0,12.0,303.0,92.0,1.0,0.0,391.0,240.0,858.0,53.0,0.0,13.0,0.0,83.0,677.0,185.0,0.0,3.0,52.0,491.0,15.0,25.0,0.0,398.0
2021,Uttar Pradesh,9,Chandauli,135,Chandoli,25.0,64.0,0.0,49.0,36.0,1.0,0.0,60.0,59.0,115.0,7.0,0.0,1.0,0.0,33.0,28.0,0.0,3.0,0.0,11.0,16.0,10.0,11.0,0.0,204.0
2021,Uttar Pradesh,9,Chitrakoot,136,Chitrakoot,10.0,72.0,12.0,88.0,25.0,0.0,0.0,81.0,40.0,34.0,15.0,0.0,6.0,0.0,0.0,34.0,0.0,0.0,0.0,0.0,21.0,4.0,0.0,0.0,128.0
2021,Uttar Pradesh,9,Deoria,137,Deoria,20.0,33.0,0.0,20.0,0.0,0.0,0.0,35.0,25.0,19.0,18.0,0.0,0.0,0.0,0.0,54.0,0.0,0.0,0.0,0.0,0.0,1.0,50.0,0.0,0.0
2021,Uttar Pradesh,9,Etah,138,Etah,30.0,42.0,0.0,106.0,72.0,0.0,0.0,71.0,54.0,88.0,31.0,0.0,0.0,0.0,0.0,130.0,0.0,19.0,0.0,43.0,155.0,14.0,0.0,0.0,12.0
2021,Uttar Pradesh,9,Etawah,139,Etawah,61.0,125.0,0.0,66.0,106.0,2.0,0.0,145.0,75.0,95.0,37.0,1.0,7.0,0.0,136.0,29.0,2.0,0.0,0.0,4.0,146.0,9.0,0.0,0.0,19.0
2021,Uttar Pradesh,9,Farrukhabad,141,Fatehgarh,59.0,105.0,9.0,32.0,135.0,1.0,0.0,145.0,63.0,157.0,26.0,0.0,0.0,0.0,0.0,0.0,0.0,0.0,0.0,0.0,115.0,35.0,0.0,0.0,1378.0
2021,Uttar Pradesh,9,Fatehpur,142,Fatehpur,41.0,120.0,0.0,151.0,136.0,0.0,0.0,370.0,130.0,165.0,44.0,0.0,0.0,11.0,57.0,60.0,0.0,0.0,0.0,33.0,18.0,14.0,22.0,0.0,426.0
2021,Uttar Pradesh,9,Firozabad,143,Firozabad,102.0,422.0,43.0,329.0,443.0,8.0,0.0,525.0,130.0,358.0,60.0,0.0,12.0,0.0,82.0,64.0,0.0,8.0,9.0,9.0,0.0,53.0,0.0,0.0,676.0
2021,Uttar Pradesh,9,Gautam Buddha Nagar,144,Gautambudh Nagar,91.0,157.0,3.0,112.0,362.0,0.0,0.0,93.0,58.0,257.0,45.0,0.0,0.0,0.0,4.0,1228.0,459.0,40.0,30.0,2.0,557.0,55.0,227.0,0.0,3943.0
2021,Uttar Pradesh,9,Ghaziabad,145,Ghaziabad,80.0,288.0,14.0,162.0,108.0,1.0,1.0,271.0,166.0,542.0,36.0,2.0,0.0,0.0,0.0,558.0,0.0,15.0,0.0,92.0,23.0,84.0,219.0,3.0,246.0
2021,Uttar Pradesh,9,Ghazipur,146,Ghazipur,50.0,190.0,0.0,331.0,124.0,2.0,0.0,337.0,125.0,229.0,28.0,1.0,19.0,0.0,116.0,73.0,0.0,0.0,0.0,28.0,119.0,19.0,0.0,0.0,608.0
2021,Uttar Pradesh,9,Gonda,147,Gonda,19.0,55.0,11.0,88.0,131.0,2.0,0.0,120.0,69.0,18.0,166.0,0.0,0.0,0.0,0.0,53.0,2.0,3.0,0.0,20.0,88.0,3.0,0.0,0.0,876.0
2021,Uttar Pradesh,9,Gorakhpur,148,Gorakhpur,148.0,285.0,0.0,372.0,663.0,0.0,2.0,501.0,184.0,374.0,423.0,1.0,0.0,0.0,0.0,169.0,0.0,0.0,0.0,0.0,0.0,69.0,346.0,0.0,2784.0
2021,Uttar Pradesh,9,Hamirpur,149,Hamirpur,24.0,101.0,0.0,73.0,47.0,0.0,0.0,166.0,89.0,85.0,19.0,0.0,7.0,10.0,19.0,32.0,9.0,2.0,0.0,7.0,46.0,8.0,0.0,0.0,227.0
2021,Uttar Pradesh,9,Hapur,661,Hapur,59.0,105.0,0.0,229.0,337.0,0.0,0.0,196.0,97.0,231.0,26.0,2.0,0.0,0.0,48.0,67.0,0.0,8.0,0.0,14.0,164.0,22.0,0.0,0.0,17.0
2021,Uttar Pradesh,9,Hardoi,150,Hardoi,70.0,166.0,36.0,252.0,135.0,0.0,0.0,276.0,85.0,173.0,51.0,0.0,0.0,0.0,0.0,65.0,0.0,0.0,0.0,13.0,57.0,67.0,114.0,0.0,0.0
2021,Uttar Pradesh,9,Hathras,163,Hathras,33.0,153.0,17.0,213.0,162.0,2.0,0.0,261.0,74.0,132.0,26.0,0.0,0.0,0.0,0.0,29.0,0.0,3.0,1.0,9.0,23.0,23.0,17.0,0.0,356.0
2021,Uttar Pradesh,9,Jalaun,151,Jalaun,31.0,45.0,0.0,61.0,136.0,0.0,0.0,136.0,44.0,110.0,22.0,1.0,11.0,0.0,11.0,41.0,0.0,0.0,0.0,20.0,69.0,11.0,7.0,0.0,240.0
2021,Uttar Pradesh,9,Jaunpur,152,Jaunpur,60.0,243.0,0.0,85.0,133.0,0.0,0.0,277.0,140.0,176.0,35.0,0.0,14.0,0.0,17.0,86.0,9.0,5.0,0.0,47.0,93.0,21.0,0.0,1.0,446.0
2021,Uttar Pradesh,9,Jhansi,153,Jhansi,37.0,170.0,0.0,93.0,92.0,0.0,0.0,140.0,54.0,253.0,22.0,0.0,12.0,0.0,0.0,64.0,0.0,0.0,0.0,20.0,41.0,7.0,34.0,0.0,516.0
2021,Uttar Pradesh,9,Kannauj,155,Kannauj,49.0,135.0,0.0,160.0,206.0,1.0,0.0,193.0,98.0,424.0,32.0,0.0,7.0,0.0,0.0,0.0,0.0,0.0,0.0,0.0,26.0,15.0,50.0,0.0,1150.0
2021,Uttar Pradesh,9,Kanpur Dehat,156,Kanpur Dehat,41.0,51.0,0.0,88.0,0.0,0.0,0.0,82.0,82.0,460.0,16.0,1.0,0.0,0.0,14.0,81.0,0.0,0.0,0.0,0.0,102.0,5.0,24.0,0.0,369.0
2021,Uttar Pradesh,9,Kanpur Dehat,156,Kanpur Outer,40.0,106.0,2.0,135.0,132.0,0.0,0.0,169.0,104.0,173.0,22.0,0.0,0.0,0.0,3.0,34.0,0.0,8.0,0.0,5.0,38.0,2.0,0.0,0.0,748.0
2021,Uttar Pradesh,9,Kanpur Nagar,157,Kanpur Commissionarate,48.0,149.0,0.0,134.0,145.0,1.0,0.0,196.0,119.0,467.0,32.0,1.0,0.0,0.0,16.0,449.0,0.0,119.0,0.0,71.0,296.0,12.0,0.0,2.0,2977.0
2021,Uttar Pradesh,9,Kasganj,633,Kasganj,55.0,95.0,18.0,255.0,418.0,1.0,0.0,343.0,67.0,130.0,147.0,0.0,0.0,0.0,0.0,33.0,4.0,4.0,3.0,18.0,4.0,7.0,62.0,0.0,1243.0
2021,Uttar Pradesh,9,Kaushambi,158,Kaushambi,35.0,165.0,0.0,58.0,130.0,0.0,0.0,182.0,51.0,97.0,14.0,0.0,0.0,0.0,0.0,39.0,0.0,0.0,0.0,0.0,43.0,8.0,0.0,0.0,1375.0
2021,Uttar Pradesh,9,Kheri,159,Khiri,63.0,114.0,0.0,106.0,161.0,0.0,0.0,146.0,107.0,273.0,61.0,0.0,0.0,0.0,0.0,66.0,0.0,0.0,0.0,28.0,66.0,9.0,79.0,0.0,2750.0
2021,Uttar Pradesh,9,Kushi Nagar,160,Kushi Nagar,8.0,0.0,0.0,17.0,164.0,0.0,0.0,264.0,72.0,0.0,0.0,0.0,0.0,0.0,0.0,0.0,0.0,0.0,0.0,0.0,0.0,0.0,0.0,0.0,0.0
2021,Uttar Pradesh,9,Kushinagar,160,Kushi Nagar,34.0,118.0,0.0,120.0,230.0,1.0,0.0,0.0,0.0,86.0,22.0,0.0,2.0,0.0,125.0,104.0,17.0,0.0,0.0,22.0,40.0,20.0,33.0,0.0,17.0
2021,Uttar Pradesh,9,Lalitpur,161,Lalitpur,21.0,37.0,1.0,47.0,21.0,0.0,0.0,51.0,48.0,28.0,12.0,0.0,10.0,0.0,0.0,20.0,0.0,0.0,0.0,10.0,0.0,5.0,0.0,0.0,263.0
2021,Uttar Pradesh,9,Lucknow,162,Grp,14.0,14.0,3.0,43.0,21.0,0.0,2.0,18.0,4.0,0.0,0.0,1.0,2.0,0.0,8.0,0.0,0.0,0.0,0.0,0.0,7.0,67.0,1.0,0.0,344.0
2021,Uttar Pradesh,9,Lucknow,162,Lucknow Commissionarate,104.0,358.0,5.0,332.0,600.0,5.0,1.0,633.0,246.0,1101.0,62.0,0.0,44.0,0.0,81.0,1067.0,0.0,49.0,0.0,150.0,1572.0,126.0,342.0,0.0,287.0
2021,Uttar Pradesh,9,Lucknow,162,Lucknow Grameen,23.0,38.0,1.0,45.0,53.0,0.0,0.0,39.0,0.0,70.0,4.0,0.0,0.0,0.0,0.0,19.0,2.0,3.0,0.0,5.0,31.0,4.0,0.0,0.0,2.0
2021,Uttar Pradesh,9,Maharajganj,164,Maharajganj,5.0,0.0,0.0,0.0,39.0,0.0,2.0,132.0,80.0,0.0,0.0,0.0,0.0,0.0,0.0,0.0,0.0,0.0,0.0,0.0,0.0,0.0,0.0,0.0,0.0
2021,Uttar Pradesh,9,Mahoba,165,Mahoba,23.0,81.0,0.0,64.0,51.0,0.0,0.0,110.0,59.0,26.0,13.0,0.0,8.0,0.0,15.0,12.0,0.0,1.0,0.0,6.0,32.0,11.0,0.0,0.0,8.0
2021,Uttar Pradesh,9,Mahrajganj,164,Maharajganj,23.0,96.0,0.0,17.0,4.0,0.0,5.0,0.0,0.0,169.0,14.0,0.0,4.0,0.0,11.0,49.0,0.0,1.0,0.0,43.0,43.0,5.0,0.0,1.0,285.0
2021,Uttar Pradesh,9,Mainpuri,166,Mainpuri,61.0,260.0,32.0,96.0,244.0,2.0,0.0,270.0,72.0,134.0,22.0,0.0,2.0,0.0,0.0,24.0,0.0,0.0,0.0,0.0,5.0,22.0,50.0,0.0,33.0
2021,Uttar Pradesh,9,Mathura,167,Mathura,95.0,183.0,0.0,386.0,244.0,2.0,0.0,307.0,307.0,611.0,33.0,0.0,0.0,0.0,0.0,151.0,0.0,0.0,0.0,0.0,0.0,123.0,0.0,0.0,3113.0
2021,Uttar Pradesh,9,Mau,168,Mau,23.0,142.0,0.0,64.0,80.0,1.0,2.0,141.0,126.0,33.0,261.0,0.0,0.0,0.0,0.0,110.0,8.0,8.0,0.0,50.0,109.0,23.0,21.0,0.0,20.0
2021,Uttar Pradesh,9,Meerut,169,Meerut,126.0,235.0,105.0,157.0,364.0,0.0,0.0,399.0,83.0,580.0,39.0,1.0,0.0,0.0,0.0,153.0,0.0,0.0,0.0,153.0,0.0,73.0,277.0,0.0,108.0
2021,Uttar Pradesh,9,Mirzapur,170,Mirzapur,28.0,87.0,0.0,31.0,56.0,0.0,0.0,110.0,57.0,100.0,23.0,0.0,7.0,0.0,18.0,31.0,0.0,1.0,0.0,2.0,13.0,1.0,27.0,0.0,311.0
2021,Uttar Pradesh,9,Moradabad,171,Moradabad,64.0,269.0,0.0,274.0,266.0,0.0,0.0,428.0,186.0,711.0,28.0,0.0,0.0,0.0,40.0,109.0,3.0,10.0,3.0,58.0,2.0,23.0,0.0,0.0,7.0
2021,Uttar Pradesh,9,Muzaffarnagar,172,Muzaffarnagar,68.0,135.0,20.0,34.0,39.0,0.0,0.0,140.0,71.0,319.0,28.0,1.0,0.0,0.0,60.0,85.0,14.0,0.0,7.0,26.0,24.0,32.0,21.0,0.0,792.0
2021,Uttar Pradesh,9,Pilibhit,173,Pilibhit,41.0,308.0,35.0,102.0,325.0,0.0,0.0,331.0,108.0,220.0,50.0,0.0,2.0,0.0,0.0,40.0,0.0,4.0,0.0,15.0,195.0,40.0,1.0,0.0,161.0
2021,Uttar Pradesh,9,Pratapgarh,174,Pratapgarh,80.0,255.0,2.0,242.0,283.0,2.0,0.0,580.0,74.0,342.0,44.0,0.0,2.0,180.0,0.0,122.0,41.0,0.0,0.0,0.0,52.0,38.0,136.0,0.0,70.0
2021,Uttar Pradesh,9,Prayagraj,120,Prayagraj,129.0,334.0,0.0,437.0,257.0,4.0,2.0,272.0,68.0,763.0,56.0,0.0,23.0,0.0,60.0,1073.0,0.0,0.0,0.0,11.0,334.0,50.0,0.0,2.0,95.0
2021,Uttar Pradesh,9,Rae Bareli,175,Raibareilly,43.0,264.0,0.0,91.0,260.0,0.0,0.0,366.0,102.0,149.0,29.0,3.0,0.0,0.0,0.0,91.0,0.0,0.0,0.0,0.0,101.0,16.0,0.0,0.0,0.0
2021,Uttar Pradesh,9,Rampur,176,Rampur,32.0,193.0,5.0,53.0,160.0,0.0,0.0,84.0,59.0,3.0,337.0,0.0,1.0,4.0,26.0,13.0,0.0,0.0,0.0,5.0,0.0,14.0,104.0,0.0,80.0
2021,Uttar Pradesh,9,Saharanpur,177,Saharanpur,40.0,125.0,0.0,131.0,108.0,0.0,0.0,127.0,125.0,380.0,36.0,0.0,0.0,0.0,15.0,59.0,0.0,3.0,0.0,45.0,174.0,15.0,204.0,0.0,484.0
2021,Uttar Pradesh,9,Sambhal,659,Sambhal,51.0,150.0,5.0,90.0,138.0,0.0,2.0,164.0,72.0,210.0,43.0,0.0,3.0,3.0,0.0,61.0,17.0,0.0,3.0,21.0,101.0,25.0,0.0,0.0,93.0
2021,Uttar Pradesh,9,Sant Kabeer Nagar,178,Sant Kabirnagar,0.0,22.0,0.0,33.0,75.0,0.0,0.0,182.0,52.0,0.0,0.0,0.0,0.0,0.0,0.0,0.0,0.0,0.0,0.0,0.0,0.0,0.0,0.0,0.0,0.0
2021,Uttar Pradesh,9,Sant Kabir Nagar,178,Sant Kabirnagar,14.0,149.0,22.0,90.0,19.0,0.0,0.0,0.0,4.0,62.0,6.0,0.0,5.0,0.0,0.0,41.0,0.0,0.0,0.0,26.0,35.0,4.0,0.0,0.0,455.0
2021,Uttar Pradesh,9,Shahjahanpur,180,Shahjahanpur,62.0,160.0,0.0,176.0,141.0,0.0,0.0,257.0,124.0,292.0,53.0,0.0,32.0,0.0,0.0,42.0,0.0,0.0,0.0,0.0,193.0,0.0,66.0,0.0,873.0
2021,Uttar Pradesh,9,Shamli,660,Shamli,37.0,64.0,0.0,116.0,60.0,0.0,0.0,62.0,57.0,200.0,9.0,0.0,0.0,0.0,16.0,77.0,0.0,2.0,0.0,27.0,0.0,18.0,99.0,0.0,238.0
2021,Uttar Pradesh,9,Shravasti,181,Shrawasti,0.0,0.0,0.0,0.0,85.0,0.0,0.0,125.0,30.0,0.0,0.0,0.0,0.0,0.0,0.0,0.0,0.0,0.0,0.0,0.0,0.0,0.0,0.0,0.0,0.0
2021,Uttar Pradesh,9,Shrawasti,181,Shrawasti,22.0,93.0,0.0,73.0,36.0,0.0,0.0,0.0,0.0,9.0,114.0,0.0,6.0,0.0,4.0,15.0,0.0,2.0,0.0,4.0,28.0,5.0,73.0,0.0,14.0
2021,Uttar Pradesh,9,Siddharth Nagar,182,Sidharthnagar,1.0,13.0,0.0,0.0,98.0,0.0,0.0,160.0,48.0,0.0,0.0,0.0,0.0,0.0,0.0,0.0,0.0,0.0,0.0,0.0,0.0,0.0,0.0,0.0,0.0
2021,Uttar Pradesh,9,Siddharthnagar,182,Sidharthnagar,15.0,143.0,13.0,63.0,12.0,0.0,0.0,0.0,1.0,3.0,67.0,0.0,2.0,0.0,0.0,23.0,0.0,0.0,0.0,0.0,61.0,2.0,0.0,0.0,523.0
2021,Uttar Pradesh,9,Sitapur,183,Sitapur,71.0,260.0,0.0,60.0,214.0,0.0,0.0,340.0,126.0,257.0,52.0,0.0,0.0,0.0,0.0,27.0,0.0,0.0,0.0,0.0,155.0,9.0,0.0,0.0,0.0
2021,Uttar Pradesh,9,Sonbhadra,184,Sonbhadra,31.0,112.0,0.0,28.0,0.0,0.0,1.0,81.0,84.0,67.0,83.0,0.0,0.0,0.0,0.0,28.0,0.0,0.0,0.0,0.0,67.0,11.0,0.0,0.0,78.0
2021,Uttar Pradesh,9,Sultanpur,185,Sultanpur,60.0,211.0,2.0,138.0,348.0,0.0,0.0,288.0,84.0,60.0,208.0,0.0,8.0,0.0,28.0,95.0,0.0,2.0,2.0,21.0,113.0,47.0,67.0,0.0,4.0
2021,Uttar Pradesh,9,Unnao,186,Unnao,46.0,187.0,0.0,112.0,288.0,1.0,0.0,270.0,147.0,204.0,32.0,0.0,5.0,0.0,82.0,67.0,0.0,2.0,0.0,32.0,34.0,35.0,0.0,0.0,0.0
2021,Uttar Pradesh,9,Varanasi,187,Varanasi Commissionarate,28.0,165.0,0.0,127.0,84.0,1.0,2.0,235.0,68.0,377.0,10.0,1.0,24.0,15.0,69.0,600.0,0.0,52.0,5.0,82.0,335.0,6.0,208.0,0.0,637.0
2021,Uttar Pradesh,9,Varanasi,187,Vasanasi Dehat,35.0,129.0,0.0,64.0,88.0,2.0,0.0,141.0,37.0,185.0,12.0,0.0,3.0,0.0,51.0,59.0,0.0,0.0,0.0,0.0,0.0,11.0,158.0,0.0,286.0
2021,Uttarakhand,5,Almora,45,Almora,7.0,45.0,0.0,14.0,4.0,0.0,0.0,30.0,19.0,9.0,1.0,0.0,0.0,0.0,0.0,15.0,0.0,0.0,0.0,0.0,0.0,3.0,0.0,0.0,181.0
2021,Uttarakhand,5,Bageshwar,46,Bageshwar,6.0,15.0,0.0,15.0,1.0,0.0,0.0,11.0,11.0,6.0,1.0,0.0,0.0,0.0,0.0,0.0,0.0,0.0,0.0,0.0,0.0,3.0,0.0,0.0,0.0
2021,Uttarakhand,5,Chamoli,47,Chamoli,5.0,9.0,0.0,3.0,0.0,0.0,0.0,10.0,10.0,5.0,0.0,0.0,0.0,0.0,1.0,6.0,0.0,0.0,0.0,3.0,20.0,0.0,1.0,0.0,15.0
2021,Uttarakhand,5,Champawat,48,Champawat,3.0,19.0,0.0,2.0,15.0,0.0,0.0,27.0,13.0,3.0,6.0,0.0,3.0,0.0,0.0,12.0,0.0,1.0,0.0,2.0,13.0,1.0,0.0,0.0,6.0
2021,Uttarakhand,5,Cyber Cell,9999,Cyber Cell,0.0,0.0,0.0,0.0,0.0,0.0,0.0,0.0,0.0,0.0,0.0,0.0,0.0,0.0,0.0,0.0,0.0,0.0,0.0,0.0,0.0,0.0,0.0,0.0,0.0
2021,Uttarakhand,5,Dehradun,49,Cyber Cell,0.0,0.0,0.0,0.0,0.0,0.0,0.0,0.0,0.0,0.0,0.0,0.0,0.0,0.0,0.0,33.0,0.0,2.0,0.0,0.0,0.0,0.0,0.0,0.0,0.0
2021,Uttarakhand,5,Dehradun,49,Dehradun,33.0,215.0,0.0,81.0,112.0,3.0,3.0,225.0,162.0,132.0,212.0,1.0,0.0,0.0,45.0,300.0,0.0,40.0,0.0,39.0,315.0,43.0,119.0,0.0,2.0
2021,Uttarakhand,5,Dehradun,49,Grp,1.0,0.0,0.0,1.0,1.0,0.0,0.0,0.0,0.0,0.0,0.0,0.0,0.0,0.0,0.0,0.0,0.0,0.0,0.0,0.0,2.0,2.0,0.0,0.0,0.0
2021,Uttarakhand,5,Haridwar,50,Haridwar,78.0,346.0,26.0,235.0,216.0,2.0,6.0,330.0,127.0,71.0,143.0,0.0,0.0,6.0,0.0,75.0,0.0,10.0,9.0,19.0,0.0,51.0,0.0,0.0,1312.0
2021,Uttarakhand,5,Nainital,51,Nainital,18.0,210.0,0.0,115.0,40.0,0.0,1.0,124.0,83.0,32.0,75.0,1.0,0.0,0.0,0.0,31.0,0.0,0.0,0.0,4.0,126.0,35.0,0.0,6.0,1110.0
2021,Uttarakhand,5,Pauri Garhwal,52,Pauri Garhwal,6.0,35.0,0.0,16.0,27.0,0.0,0.0,18.0,7.0,33.0,3.0,0.0,0.0,0.0,0.0,16.0,0.0,1.0,0.0,5.0,34.0,0.0,0.0,0.0,96.0
2021,Uttarakhand,5,Pithoragarh,53,Pithoragarh,5.0,34.0,2.0,24.0,1.0,2.0,2.0,27.0,22.0,5.0,2.0,0.0,1.0,0.0,12.0,20.0,8.0,2.0,0.0,2.0,8.0,5.0,0.0,0.0,12.0
2021,Uttarakhand,5,Rudra Prayag,54,Rudra Prayag,1.0,3.0,0.0,1.0,11.0,0.0,0.0,4.0,3.0,0.0,1.0,0.0,0.0,0.0,0.0,3.0,0.0,1.0,0.0,0.0,0.0,0.0,0.0,0.0,16.0
2021,Uttarakhand,5,Tehri Garhwal,55,Tehri Garhwal,9.0,27.0,0.0,20.0,25.0,0.0,0.0,21.0,15.0,1.0,1.0,0.0,0.0,0.0,5.0,16.0,0.0,0.0,0.0,3.0,20.0,3.0,0.0,0.0,43.0
2021,Uttarakhand,5,Udam Singh Nagar,56,Udham Singh Nagar,0.0,0.0,0.0,0.0,0.0,0.0,0.0,0.0,0.0,0.0,0.0,0.0,0.0,0.0,0.0,201.0,0.0,0.0,0.0,9.0,0.0,0.0,0.0,0.0,0.0
2021,Uttarakhand,5,Udam Singh Nagar,56,Udhamsingh Nagar,38.0,661.0,0.0,179.0,163.0,0.0,9.0,388.0,225.0,212.0,41.0,1.0,8.0,0.0,0.0,0.0,0.0,0.0,0.0,6.0,271.0,42.0,0.0,11.0,1292.0
2021,Uttarakhand,5,Uttar Kashi,57,Uttarkashi,3.0,47.0,0.0,16.0,19.0,0.0,0.0,30.0,17.0,10.0,0.0,0.0,0.0,0.0,0.0,7.0,0.0,0.0,0.0,1.0,0.0,0.0,0.0,0.0,77.0
2021,West Bengal,19,24 Paraganas North,303,Bangaon,0.0,0.0,0.0,0.0,97.0,0.0,0.0,218.0,43.0,0.0,0.0,0.0,2.0,2.0,0.0,0.0,0.0,0.0,0.0,0.0,0.0,0.0,0.0,0.0,0.0
2021,West Bengal,19,24 Paraganas North,303,Barasat,0.0,0.0,0.0,0.0,149.0,0.0,0.0,243.0,73.0,0.0,0.0,0.0,14.0,0.0,0.0,0.0,0.0,0.0,0.0,0.0,0.0,0.0,0.0,0.0,0.0
2021,West Bengal,19,24 Paraganas North,303,Barrackpur Pc,0.0,0.0,0.0,0.0,174.0,1.0,0.0,260.0,71.0,0.0,0.0,0.0,1.0,0.0,0.0,0.0,0.0,0.0,0.0,0.0,0.0,0.0,0.0,1.0,0.0
2021,West Bengal,19,24 Paraganas North,303,Basirhat,0.0,0.0,0.0,0.0,344.0,1.0,0.0,452.0,38.0,0.0,0.0,0.0,0.0,0.0,0.0,0.0,0.0,0.0,0.0,0.0,0.0,0.0,0.0,0.0,0.0
2021,West Bengal,19,24 Paraganas North,303,Bidhannagar Pc,0.0,0.0,0.0,0.0,54.0,0.0,1.0,100.0,41.0,0.0,0.0,0.0,0.0,0.0,0.0,0.0,0.0,0.0,0.0,0.0,0.0,0.0,0.0,0.0,0.0
2021,West Bengal,19,24 Paraganas South,304,Baruipur Police,0.0,0.0,0.0,0.0,248.0,0.0,2.0,424.0,166.0,0.0,0.0,0.0,0.0,0.0,0.0,0.0,0.0,0.0,0.0,0.0,0.0,0.0,0.0,0.0,0.0
2021,West Bengal,19,24 Paraganas South,304,Diamond Harbour Police,0.0,0.0,0.0,0.0,115.0,0.0,0.0,171.0,55.0,0.0,0.0,0.0,0.0,0.0,0.0,0.0,0.0,0.0,0.0,0.0,0.0,0.0,0.0,0.0,0.0
2021,West Bengal,19,24 Paraganas South,304,Sundarban Police,0.0,0.0,0.0,0.0,185.0,0.0,0.0,283.0,92.0,0.0,0.0,0.0,0.0,0.0,0.0,0.0,0.0,0.0,0.0,0.0,0.0,0.0,0.0,0.0,0.0
2021,West Bengal,19,Alipurduar,664,Alipurduar,38.0,141.0,23.0,40.0,230.0,0.0,0.0,196.0,84.0,317.0,10.0,0.0,13.0,0.0,18.0,4.0,0.0,0.0,0.0,0.0,55.0,3.0,13.0,1.0,209.0
2021,West Bengal,19,Bankura,305,Bankura,61.0,75.0,7.0,74.0,163.0,0.0,3.0,133.0,45.0,287.0,19.0,1.0,20.0,0.0,36.0,17.0,0.0,0.0,3.0,6.0,53.0,13.0,32.0,1.0,157.0
2021,West Bengal,19,Birbhum,307,Birbhum,82.0,91.0,22.0,37.0,168.0,1.0,0.0,184.0,69.0,357.0,14.0,1.0,33.0,6.0,19.0,22.0,0.0,0.0,10.0,0.0,145.0,19.0,0.0,0.0,89.0
2021,West Bengal,19,Cooch Behar,308,Coochbehar,70.0,219.0,50.0,48.0,390.0,4.0,0.0,0.0,0.0,582.0,29.0,0.0,22.0,0.0,0.0,10.0,0.0,0.0,0.0,0.0,76.0,23.0,0.0,2.0,1593.0
2021,West Bengal,19,Coochbehar,308,Coochbehar,0.0,0.0,0.0,0.0,324.0,0.0,0.0,438.0,113.0,0.0,0.0,0.0,0.0,0.0,0.0,0.0,0.0,0.0,0.0,0.0,0.0,0.0,0.0,1.0,0.0
2021,West Bengal,19,Dakshin Dinajpur,310,Dakshin Dinajpur,40.0,70.0,17.0,22.0,284.0,3.0,0.0,0.0,1.0,164.0,7.0,0.0,17.0,0.0,0.0,2.0,0.0,0.0,0.0,4.0,59.0,0.0,1.0,1.0,73.0
2021,West Bengal,19,Darjeeling,309,Darjeeling,20.0,52.0,4.0,69.0,119.0,0.0,6.0,114.0,48.0,147.0,1.0,0.0,5.0,0.0,0.0,18.0,0.0,0.0,0.0,0.0,22.0,3.0,10.0,0.0,343.0
2021,West Bengal,19,Darjeeling,309,Siliguri Grp,5.0,3.0,0.0,3.0,2.0,0.0,0.0,6.0,3.0,0.0,0.0,0.0,0.0,0.0,0.0,0.0,0.0,0.0,0.0,0.0,0.0,0.0,0.0,0.0,17.0
2021,West Bengal,19,Darjeeling,309,Siliguri Pc,34.0,68.0,15.0,88.0,489.0,2.0,2.0,346.0,67.0,503.0,3.0,1.0,20.0,0.0,0.0,107.0,40.0,0.0,0.0,0.0,441.0,20.0,87.0,5.0,920.0
2021,West Bengal,19,Dinajpur Dakshin,310,Dakshin Dinajpur,2.0,0.0,0.0,0.0,279.0,1.0,0.0,364.0,38.0,0.0,0.0,0.0,1.0,2.0,0.0,0.0,0.0,0.0,0.0,0.0,0.0,0.0,0.0,0.0,0.0
2021,West Bengal,19,Dinajpur Uttar,311,Islampur,2.0,0.0,0.0,0.0,64.0,0.0,0.0,100.0,27.0,0.0,0.0,0.0,0.0,0.0,0.0,0.0,0.0,0.0,0.0,0.0,0.0,0.0,0.0,0.0,0.0
2021,West Bengal,19,Dinajpur Uttar,311,Raiganj,0.0,0.0,0.0,0.0,110.0,0.0,1.0,163.0,50.0,0.0,0.0,0.0,1.0,0.0,0.0,0.0,0.0,0.0,0.0,0.0,0.0,0.0,0.0,0.0,0.0
2021,West Bengal,19,Hooghly,312,Chandannagar Pc,16.0,46.0,3.0,19.0,86.0,1.0,0.0,97.0,48.0,504.0,11.0,1.0,12.0,0.0,7.0,2.0,0.0,0.0,1.0,0.0,215.0,7.0,4.0,3.0,764.0
2021,West Bengal,19,Hooghly,312,Hooghly Rural Police,59.0,109.0,8.0,20.0,252.0,2.0,0.0,206.0,78.0,588.0,17.0,0.0,22.0,3.0,0.0,12.0,2.0,0.0,1.0,0.0,224.0,5.0,7.0,0.0,1823.0
2021,West Bengal,19,Howrah,313,Howrah Grp,6.0,1.0,0.0,3.0,3.0,0.0,3.0,4.0,1.0,0.0,0.0,0.0,2.0,0.0,0.0,0.0,0.0,0.0,0.0,0.0,0.0,0.0,2.0,0.0,12.0
2021,West Bengal,19,Howrah,313,Howrah Pc,46.0,68.0,10.0,43.0,352.0,7.0,0.0,252.0,74.0,544.0,10.0,2.0,14.0,0.0,0.0,29.0,0.0,3.0,2.0,0.0,216.0,10.0,27.0,0.0,2684.0
2021,West Bengal,19,Howrah,313,Howrah Rural,60.0,73.0,9.0,25.0,332.0,1.0,0.0,253.0,80.0,464.0,10.0,0.0,9.0,0.0,3.0,6.0,0.0,0.0,0.0,0.0,103.0,7.0,24.0,0.0,419.0
2021,West Bengal,19,Jalpaiguri,314,Jalpaiguri,52.0,126.0,33.0,23.0,301.0,0.0,6.0,261.0,108.0,291.0,11.0,0.0,6.0,0.0,18.0,51.0,0.0,0.0,15.0,1.0,119.0,8.0,19.0,0.0,1230.0
2021,West Bengal,19,Jhargram,703,Jhargram,29.0,40.0,4.0,25.0,154.0,0.0,0.0,107.0,22.0,94.0,3.0,0.0,2.0,0.0,7.0,12.0,3.0,0.0,0.0,0.0,32.0,4.0,2.0,0.0,343.0
2021,West Bengal,19,Kalimpong,702,Kalimpong,12.0,24.0,0.0,8.0,41.0,0.0,0.0,51.0,25.0,22.0,0.0,0.0,0.0,0.0,0.0,10.0,0.0,0.0,0.0,0.0,13.0,1.0,3.0,0.0,98.0
2021,West Bengal,19,Kolkata,315,Kolkata,47.0,125.0,0.0,472.0,531.0,11.0,4.0,497.0,172.0,841.0,5.0,3.0,21.0,0.0,29.0,420.0,96.0,11.0,28.0,0.0,1935.0,23.0,40.0,7.0,1622.0
2021,West Bengal,19,Kolkata,315,Sealdah Grp,17.0,0.0,0.0,2.0,5.0,0.0,0.0,4.0,0.0,0.0,0.0,0.0,5.0,0.0,0.0,0.0,0.0,0.0,0.0,0.0,3.0,4.0,0.0,0.0,4.0
2021,West Bengal,19,Malda,316,Malda,106.0,381.0,99.0,81.0,443.0,5.0,2.0,0.0,2.0,518.0,15.0,1.0,27.0,0.0,0.0,10.0,2.0,1.0,2.0,0.0,181.0,25.0,16.0,0.0,358.0
2021,West Bengal,19,Maldah,316,Malda,9.0,0.0,0.0,0.0,355.0,0.0,0.0,570.0,200.0,0.0,0.0,0.0,1.0,0.0,0.0,0.0,0.0,0.0,0.0,0.0,0.0,0.0,0.0,0.0,0.0
2021,West Bengal,19,Medinipur East,317,Purab Medinipur,4.0,0.0,0.0,0.0,479.0,0.0,1.0,576.0,73.0,0.0,0.0,0.0,2.0,2.0,0.0,0.0,0.0,0.0,0.0,0.0,0.0,0.0,0.0,1.0,0.0
2021,West Bengal,19,Medinipur West,318,Kharagpur Grp,0.0,0.0,0.0,0.0,1.0,0.0,1.0,2.0,0.0,0.0,0.0,0.0,0.0,0.0,0.0,0.0,0.0,0.0,0.0,0.0,0.0,0.0,0.0,0.0,0.0
2021,West Bengal,19,Medinipur West,318,Paschim Medinipur,1.0,0.0,0.0,0.0,534.0,0.0,0.0,624.0,83.0,0.0,0.0,0.0,1.0,1.0,0.0,0.0,0.0,0.0,0.0,0.0,0.0,0.0,0.0,0.0,0.0
2021,West Bengal,19,Murshidabad,319,Jangipur Police District,46.0,46.0,13.0,27.0,236.0,1.0,2.0,165.0,40.0,526.0,11.0,0.0,0.0,0.0,20.0,0.0,0.0,0.0,0.0,0.0,41.0,7.0,16.0,1.0,158.0
2021,West Bengal,19,Murshidabad,319,Murshidabad Police District,122.0,385.0,104.0,92.0,751.0,0.0,2.0,586.0,191.0,1401.0,19.0,5.0,22.0,0.0,181.0,13.0,0.0,0.0,4.0,0.0,138.0,5.0,71.0,4.0,301.0
2021,West Bengal,19,Nadia,320,Krishnagar,78.0,197.0,82.0,45.0,597.0,0.0,2.0,316.0,42.0,679.0,22.0,2.0,20.0,0.0,0.0,1.0,0.0,0.0,0.0,0.0,231.0,11.0,7.0,4.0,1916.0
2021,West Bengal,19,Nadia,320,Ranaghat,41.0,117.0,46.0,39.0,351.0,0.0,2.0,244.0,73.0,716.0,26.0,1.0,11.0,0.0,0.0,0.0,0.0,0.0,0.0,0.0,120.0,5.0,0.0,3.0,1547.0
2021,West Bengal,19,North 24 Parganas,303,Bangaon,20.0,101.0,36.0,90.0,122.0,2.0,2.0,0.0,0.0,630.0,14.0,1.0,9.0,0.0,0.0,0.0,0.0,0.0,0.0,0.0,167.0,3.0,43.0,0.0,655.0
2021,West Bengal,19,North 24 Parganas,303,Barasat,52.0,85.0,23.0,92.0,114.0,0.0,2.0,0.0,0.0,752.0,3.0,5.0,10.0,0.0,0.0,26.0,0.0,1.0,8.0,7.0,181.0,7.0,56.0,1.0,1478.0
2021,West Bengal,19,North 24 Parganas,303,Barrackpur Pc,77.0,71.0,23.0,656.0,184.0,2.0,2.0,0.0,0.0,1501.0,13.0,4.0,17.0,0.0,15.0,15.0,0.0,0.0,0.0,1.0,1015.0,18.0,70.0,6.0,1563.0
2021,West Bengal,19,North 24 Parganas,303,Basirhat,39.0,75.0,20.0,29.0,398.0,1.0,2.0,0.0,0.0,690.0,19.0,1.0,24.0,0.0,0.0,8.0,0.0,0.0,0.0,0.0,81.0,6.0,0.0,0.0,683.0
2021,West Bengal,19,North 24 Parganas,303,Bidhannagar Pc,17.0,38.0,7.0,77.0,46.0,2.0,7.0,0.0,0.0,327.0,3.0,1.0,8.0,0.0,22.0,8.0,0.0,0.0,0.0,0.0,645.0,3.0,16.0,0.0,1487.0
2021,West Bengal,19,Paschim Bardhaman,704,Asansol-Durgapur Pc,57.0,83.0,22.0,28.0,135.0,2.0,2.0,122.0,59.0,540.0,17.0,1.0,18.0,0.0,0.0,40.0,3.0,0.0,5.0,0.0,289.0,19.0,113.0,0.0,178.0
2021,West Bengal,19,Paschim Medinipur,318,Kharagpur Grp,1.0,0.0,0.0,2.0,1.0,0.0,2.0,0.0,0.0,0.0,0.0,0.0,0.0,0.0,0.0,0.0,0.0,0.0,0.0,0.0,3.0,0.0,0.0,0.0,5.0
2021,West Bengal,19,Paschim Medinipur,318,Paschim Medinipur,110.0,134.0,24.0,294.0,681.0,3.0,2.0,0.0,0.0,892.0,13.0,0.0,0.0,0.0,0.0,3.0,0.0,0.0,0.0,0.0,45.0,34.0,33.0,4.0,1271.0
2021,West Bengal,19,Purba Bardhaman,306,Purba Bardhaman,98.0,147.0,33.0,113.0,455.0,2.0,0.0,309.0,89.0,1005.0,21.0,4.0,27.0,0.0,2.0,25.0,1.0,3.0,0.0,0.0,323.0,19.0,0.0,1.0,2660.0
2021,West Bengal,19,Purba Medinipur,317,Purab Medinipur,72.0,400.0,37.0,52.0,415.0,3.0,2.0,0.0,0.0,833.0,23.0,2.0,20.0,0.0,27.0,24.0,1.0,0.0,1.0,0.0,65.0,15.0,28.0,4.0,2854.0
2021,West Bengal,19,Purulia,321,Purulia,52.0,47.0,7.0,34.0,84.0,0.0,0.0,82.0,42.0,220.0,8.0,0.0,10.0,0.0,7.0,13.0,0.0,0.0,1.0,0.0,26.0,7.0,8.0,0.0,896.0
2021,West Bengal,19,South 24 Parganas,304,Baruipur Police,83.0,244.0,45.0,30.0,331.0,4.0,6.0,0.0,1.0,1269.0,28.0,1.0,11.0,0.0,92.0,4.0,0.0,0.0,0.0,0.0,527.0,8.0,2.0,1.0,3712.0
2021,West Bengal,19,South 24 Parganas,304,Diamond Harbour Police,44.0,76.0,9.0,43.0,133.0,1.0,0.0,0.0,0.0,634.0,16.0,3.0,9.0,0.0,0.0,6.0,0.0,0.0,2.0,0.0,56.0,6.0,7.0,0.0,1188.0
2021,West Bengal,19,South 24 Parganas,304,Sundarban Police,41.0,138.0,11.0,42.0,170.0,2.0,2.0,0.0,0.0,745.0,9.0,0.0,7.0,0.0,0.0,14.0,0.0,0.0,0.0,0.0,128.0,1.0,19.0,1.0,535.0
2021,West Bengal,19,Uttar Dinajpur,311,Islampur,39.0,67.0,5.0,4.0,80.0,0.0,0.0,0.0,1.0,177.0,6.0,0.0,0.0,0.0,6.0,4.0,0.0,1.0,0.0,2.0,16.0,11.0,5.0,2.0,34.0
2021,West Bengal,19,Uttar Dinajpur,311,Raiganj,35.0,77.0,24.0,18.0,135.0,3.0,2.0,0.0,4.0,192.0,18.0,0.0,11.0,0.0,56.0,27.0,3.0,4.0,6.0,0.0,101.0,9.0,0.0,0.0,606.0
2022,Andaman And Nicobar Islands,35,Nicobars,603,Nicobar,1.0,30.0,0.0,3.0,0.0,0.0,0.0,27.0,27.0,0.0,0.0,0.0,0.0,0.0,0.0,2.0,1.0,0.0,0.0,0.0,2.0,0.0,0.0,0.0,1.0
2022,Andaman And Nicobar Islands,35,North And Middle Andaman,632,North & Middle Andaman,2.0,0.0,0.0,0.0,0.0,0.0,0.0,0.0,0.0,0.0,0.0,0.0,0.0,0.0,0.0,0.0,0.0,0.0,0.0,0.0,2.0,0.0,0.0,0.0,0.0
2022,Andaman And Nicobar Islands,35,North And Middle Andaman,632,North And Middle Andaman,0.0,0.0,0.0,0.0,2.0,0.0,0.0,22.0,19.0,0.0,0.0,0.0,1.0,0.0,0.0,3.0,0.0,0.0,0.0,0.0,0.0,0.0,0.0,0.0,3.0
2022,Andaman And Nicobar Islands,35,North And Middle Andaman,632,North Andmiddle Andaman,0.0,12.0,1.0,4.0,1.0,0.0,0.0,0.0,0.0,0.0,0.0,0.0,3.0,0.0,0.0,0.0,0.0,0.0,0.0,0.0,0.0,0.0,0.0,0.0,0.0
2022,Andaman And Nicobar Islands,35,South Andamans,602,South Andaman,6.0,63.0,0.0,30.0,19.0,0.0,0.0,97.0,63.0,5.0,0.0,0.0,1.0,0.0,10.0,42.0,14.0,4.0,1.0,6.0,40.0,4.0,1.0,0.0,24.0
2022,Andhra Pradesh,28,Alluri Sitharama Raju,745,Alluri Sitharama Raju,30.0,81.0,0.0,27.0,3.0,0.0,0.0,17.0,13.0,58.0,2.0,0.0,2.0,0.0,15.0,1.0,0.0,0.0,0.0,2.0,23.0,1.0,2.0,0.0,196.0
2022,Andhra Pradesh,28,Anakapalli,744,Anakapalli,16.0,106.0,6.0,296.0,29.0,1.0,2.0,65.0,58.0,276.0,5.0,0.0,4.0,0.0,23.0,97.0,40.0,4.0,2.0,5.0,131.0,8.0,7.0,1.0,570.0
2022,Andhra Pradesh,28,Anantapur,502,Anantapuramu,4.0,50.0,12.0,224.0,8.0,1.0,2.0,168.0,65.0,343.0,2.0,0.0,19.0,19.0,0.0,0.0,0.0,0.0,0.0,7.0,0.0,0.0,0.0,1.0,0.0
2022,Andhra Pradesh,28,Anantapur,502,Guntakal Railway,0.0,0.0,0.0,0.0,0.0,0.0,0.0,2.0,1.0,0.0,0.0,0.0,1.0,0.0,0.0,0.0,0.0,0.0,0.0,0.0,0.0,0.0,0.0,0.0,0.0
2022,Andhra Pradesh,28,Ananthapuramu,502,Anantapuramu,51.0,12.0,0.0,0.0,0.0,3.0,2.0,0.0,0.0,0.0,0.0,0.0,0.0,0.0,160.0,68.0,26.0,0.0,4.0,7.0,202.0,8.0,0.0,0.0,465.0
2022,Andhra Pradesh,28,Ananthapuramu,502,Guntakal Railway,1.0,0.0,0.0,2.0,0.0,0.0,0.0,0.0,0.0,1.0,0.0,0.0,2.0,0.0,0.0,0.0,0.0,0.0,0.0,0.0,5.0,5.0,0.0,0.0,10.0
2022,Andhra Pradesh,28,Annamayya,753,Annamayya,38.0,49.0,1.0,176.0,5.0,0.0,3.0,49.0,37.0,362.0,15.0,0.0,6.0,2.0,24.0,5.0,0.0,1.0,0.0,2.0,157.0,6.0,7.0,0.0,469.0
2022,Andhra Pradesh,28,Bapatla,750,Bapatla,42.0,78.0,1.0,317.0,10.0,0.0,1.0,68.0,56.0,447.0,4.0,0.0,10.0,1.0,8.0,31.0,11.0,0.0,3.0,0.0,216.0,11.0,1.0,2.0,933.0
2022,Andhra Pradesh,28,Chittoor,503,Chittoor,30.0,51.0,3.0,271.0,6.0,5.0,3.0,85.0,49.0,357.0,2.0,0.0,17.0,2.0,10.0,107.0,33.0,1.0,10.0,10.0,183.0,8.0,4.0,0.0,626.0
2022,Andhra Pradesh,28,Dr. B.R. Ambedkar Konaseema,747,Dr Br Ambedkar Konaseema,17.0,23.0,0.0,0.0,0.0,2.0,0.0,0.0,0.0,0.0,0.0,0.0,0.0,0.0,51.0,56.0,22.0,0.0,4.0,1.0,190.0,16.0,4.0,0.0,283.0
2022,Andhra Pradesh,28,East Godavari,505,East Godavari,27.0,128.0,0.0,367.0,44.0,1.0,1.0,194.0,118.0,672.0,0.0,1.0,13.0,23.0,55.0,139.0,37.0,1.0,12.0,16.0,231.0,32.0,18.0,0.0,470.0
2022,Andhra Pradesh,28,Eluru,748,Eluru,33.0,109.0,14.0,561.0,58.0,1.0,6.0,192.0,163.0,653.0,8.0,0.0,17.0,1.0,23.0,134.0,48.0,1.0,3.0,22.0,467.0,8.0,4.0,0.0,1537.0
2022,Andhra Pradesh,28,Guntur,506,Guntur,39.0,122.0,7.0,909.0,49.0,3.0,21.0,192.0,139.0,1054.0,6.0,0.0,31.0,3.0,93.0,672.0,252.0,9.0,21.0,16.0,852.0,31.0,48.0,27.0,542.0
2022,Andhra Pradesh,28,Kakinada,746,Kakinada,35.0,76.0,3.0,315.0,26.0,0.0,0.0,120.0,48.0,416.0,3.0,0.0,10.0,7.0,78.0,96.0,14.0,0.0,2.0,20.0,179.0,5.0,7.0,0.0,167.0
2022,Andhra Pradesh,28,Konaseema,747,Dr Br Ambedkar Konaseema,0.0,62.0,4.0,379.0,39.0,0.0,0.0,117.0,85.0,386.0,3.0,1.0,4.0,5.0,0.0,0.0,0.0,0.0,0.0,1.0,0.0,0.0,0.0,0.0,0.0
2022,Andhra Pradesh,28,Krishna,510,Krishna,29.0,112.0,13.0,560.0,187.0,0.0,2.0,239.0,106.0,766.0,12.0,0.0,16.0,12.0,20.0,140.0,42.0,0.0,12.0,24.0,187.0,5.0,9.0,0.0,606.0
2022,Andhra Pradesh,28,Kurnool,511,Kurnool,44.0,48.0,8.0,363.0,42.0,0.0,0.0,51.0,23.0,347.0,4.0,0.0,12.0,0.0,8.0,19.0,0.0,0.0,1.0,15.0,454.0,17.0,0.0,3.0,451.0
2022,Andhra Pradesh,28,Nandyal,755,Nandyal,45.0,50.0,5.0,363.0,26.0,0.0,0.0,78.0,63.0,151.0,284.0,1.0,27.0,0.0,15.0,45.0,0.0,3.0,2.0,9.0,617.0,20.0,24.0,1.0,452.0
2022,Andhra Pradesh,28,Ntr,749,Ntr,49.0,254.0,5.0,578.0,75.0,0.0,0.0,554.0,413.0,1204.0,3.0,0.0,22.0,13.0,91.0,300.0,105.0,5.0,25.0,8.0,492.0,28.0,40.0,33.0,179.0
2022,Andhra Pradesh,28,Ntr,749,Viiayawada Railway,5.0,2.0,0.0,4.0,4.0,0.0,2.0,7.0,0.0,0.0,0.0,0.0,0.0,0.0,5.0,1.0,0.0,1.0,0.0,0.0,3.0,1.0,1.0,0.0,3.0
2022,Andhra Pradesh,28,Palnadu,751,Palnadu,43.0,43.0,6.0,337.0,59.0,2.0,0.0,108.0,54.0,398.0,4.0,1.0,17.0,4.0,41.0,59.0,19.0,0.0,4.0,2.0,189.0,5.0,1.0,2.0,264.0
2022,Andhra Pradesh,28,Parvathipuram Manyam,743,Parvathipuram Manyam,6.0,81.0,0.0,107.0,23.0,0.0,0.0,46.0,22.0,98.0,2.0,0.0,4.0,0.0,4.0,30.0,9.0,2.0,1.0,0.0,25.0,3.0,1.0,0.0,313.0
2022,Andhra Pradesh,28,Prakasam,517,Prakasam,50.0,82.0,11.0,465.0,8.0,1.0,3.0,83.0,70.0,539.0,0.0,0.0,17.0,0.0,31.0,170.0,46.0,1.0,22.0,14.0,277.0,6.0,42.0,3.0,743.0
2022,Andhra Pradesh,28,Spsr Nellore,515,Sri Potti Sriramulu Nellore,2.0,62.0,14.0,461.0,9.0,1.0,1.0,111.0,84.0,582.0,2.0,0.0,23.0,4.0,0.0,0.0,0.0,0.0,0.0,0.0,0.0,0.0,0.0,0.0,0.0
2022,Andhra Pradesh,28,Sri Potti Sriramulu Nellore,515,Sri Potti Sriramulu Nellore,54.0,17.0,0.0,0.0,0.0,1.0,0.0,0.0,0.0,0.0,0.0,0.0,0.0,0.0,63.0,10.0,0.0,0.0,0.0,0.0,357.0,27.0,13.0,0.0,1082.0
2022,Andhra Pradesh,28,Sri Sathya Sai,754,Sri Sathya Sai,55.0,41.0,13.0,261.0,2.0,2.0,2.0,76.0,41.0,260.0,7.0,0.0,18.0,4.0,25.0,129.0,53.0,1.0,9.0,8.0,91.0,13.0,7.0,0.0,315.0
2022,Andhra Pradesh,28,Srikakulam,519,Srikakulam,23.0,83.0,2.0,195.0,15.0,0.0,3.0,76.0,35.0,362.0,2.0,0.0,12.0,4.0,21.0,171.0,65.0,20.0,5.0,0.0,164.0,4.0,1.0,0.0,278.0
2022,Andhra Pradesh,28,Tirupati,752,Tirupati,65.0,59.0,9.0,238.0,13.0,0.0,0.0,88.0,50.0,394.0,4.0,2.0,11.0,0.0,73.0,338.0,146.0,5.0,5.0,11.0,338.0,24.0,0.0,0.0,2204.0
2022,Andhra Pradesh,28,Visakhapatanam,520,Visakhapatnam,2.0,0.0,0.0,0.0,19.0,0.0,0.0,178.0,116.0,0.0,0.0,0.0,2.0,8.0,0.0,0.0,0.0,0.0,0.0,0.0,0.0,0.0,0.0,0.0,0.0
2022,Andhra Pradesh,28,Visakhapatnam,520,Visakhapatnam,38.0,197.0,0.0,376.0,20.0,1.0,2.0,0.0,0.0,714.0,6.0,0.0,16.0,0.0,85.0,1204.0,280.0,33.0,48.0,13.0,485.0,29.0,8.0,2.0,1185.0
2022,Andhra Pradesh,28,Vizianagaram,521,Vizianagaram,22.0,81.0,3.0,281.0,70.0,0.0,0.0,126.0,45.0,319.0,3.0,0.0,9.0,1.0,34.0,164.0,39.0,25.0,0.0,4.0,106.0,7.0,4.0,0.0,78.0
2022,Andhra Pradesh,28,West Godavari,523,West Godavari,14.0,126.0,4.0,310.0,18.0,1.0,5.0,115.0,109.0,459.0,8.0,0.0,19.0,1.0,26.0,38.0,10.0,2.0,2.0,7.0,218.0,10.0,11.0,1.0,678.0
2022,Andhra Pradesh,28,Y.S.R.,504,Ysr,54.0,66.0,5.0,317.0,12.0,0.0,2.0,103.0,76.0,346.0,7.0,0.0,15.0,0.0,27.0,39.0,4.0,3.0,0.0,6.0,214.0,4.0,10.0,0.0,973.0
2022,Arunachal Pradesh,12,Anjaw,628,Anjaw,1.0,2.0,0.0,2.0,0.0,0.0,0.0,2.0,2.0,0.0,0.0,0.0,0.0,0.0,0.0,0.0,0.0,0.0,0.0,0.0,2.0,0.0,2.0,0.0,0.0
2022,Arunachal Pradesh,12,Changlang,229,Changlang,9.0,10.0,3.0,10.0,10.0,0.0,0.0,16.0,0.0,0.0,0.0,0.0,0.0,0.0,0.0,4.0,0.0,0.0,0.0,0.0,4.0,0.0,1.0,0.0,18.0
2022,Arunachal Pradesh,12,Dibang Valley,230,Dibang Valley,0.0,0.0,0.0,0.0,0.0,0.0,0.0,0.0,0.0,0.0,0.0,0.0,0.0,0.0,0.0,0.0,0.0,0.0,0.0,0.0,1.0,0.0,0.0,0.0,2.0
2022,Arunachal Pradesh,12,East Kameng,231,Kameng East,4.0,12.0,3.0,4.0,1.0,0.0,0.0,5.0,0.0,5.0,0.0,0.0,0.0,0.0,0.0,2.0,0.0,0.0,1.0,0.0,8.0,0.0,3.0,0.0,21.0
2022,Arunachal Pradesh,12,East Kameng,231,Kameng West,0.0,1.0,0.0,0.0,3.0,0.0,0.0,5.0,1.0,0.0,0.0,0.0,0.0,0.0,0.0,0.0,0.0,0.0,0.0,0.0,0.0,0.0,0.0,0.0,0.0
2022,Arunachal Pradesh,12,East Siang,232,Siang East,4.0,12.0,5.0,9.0,5.0,0.0,0.0,10.0,4.0,0.0,0.0,0.0,0.0,1.0,4.0,0.0,0.0,0.0,0.0,0.0,11.0,6.0,1.0,0.0,13.0
2022,Arunachal Pradesh,12,Kamle,718,Kamle,1.0,2.0,1.0,0.0,0.0,0.0,0.0,1.0,0.0,0.0,0.0,0.0,0.0,0.0,0.0,0.0,0.0,0.0,0.0,0.0,0.0,0.0,0.0,0.0,9.0
2022,Arunachal Pradesh,12,Kra Daadi,677,Kra Dadi,1.0,2.0,1.0,0.0,0.0,0.0,0.0,2.0,0.0,0.0,0.0,0.0,0.0,0.0,0.0,0.0,0.0,0.0,0.0,0.0,0.0,0.0,1.0,0.0,5.0
2022,Arunachal Pradesh,12,Kurung Kumey,233,Kurung Kumey,3.0,0.0,0.0,0.0,0.0,0.0,0.0,1.0,0.0,0.0,0.0,0.0,0.0,0.0,2.0,0.0,0.0,0.0,0.0,0.0,2.0,0.0,2.0,0.0,8.0
2022,Arunachal Pradesh,12,Leparada,724,Leparada,0.0,3.0,0.0,3.0,2.0,0.0,0.0,3.0,2.0,0.0,0.0,0.0,0.0,0.0,0.0,1.0,0.0,0.0,0.0,2.0,6.0,1.0,0.0,0.0,1.0
2022,Arunachal Pradesh,12,Lohit,234,Lohit,3.0,4.0,1.0,8.0,7.0,0.0,0.0,8.0,0.0,1.0,0.0,0.0,0.0,0.0,7.0,0.0,0.0,0.0,0.0,0.0,1.0,3.0,2.0,0.0,7.0
2022,Arunachal Pradesh,12,Longding,666,Longding,2.0,4.0,0.0,1.0,0.0,0.0,0.0,2.0,2.0,0.0,0.0,0.0,0.0,0.0,0.0,0.0,0.0,0.0,0.0,0.0,3.0,2.0,0.0,0.0,2.0
2022,Arunachal Pradesh,12,Lower Dibang Valley,235,Lower Dibang Valley,0.0,14.0,7.0,4.0,2.0,0.0,0.0,9.0,0.0,0.0,0.0,0.0,0.0,0.0,0.0,0.0,0.0,0.0,0.0,0.0,1.0,0.0,1.0,0.0,2.0
2022,Arunachal Pradesh,12,Lower Siang,719,Lower Siang,2.0,6.0,2.0,1.0,0.0,0.0,0.0,3.0,0.0,2.0,0.0,0.0,0.0,0.0,0.0,0.0,0.0,0.0,0.0,0.0,2.0,0.0,1.0,0.0,2.0
2022,Arunachal Pradesh,12,Lower Subansiri,236,Subansiri Lower,1.0,6.0,2.0,2.0,0.0,0.0,0.0,2.0,0.0,2.0,0.0,0.0,0.0,0.0,0.0,0.0,0.0,0.0,0.0,0.0,5.0,2.0,0.0,0.0,4.0
2022,Arunachal Pradesh,12,Namsai,678,Namsai,9.0,3.0,0.0,2.0,5.0,0.0,0.0,4.0,2.0,0.0,0.0,0.0,0.0,0.0,0.0,0.0,0.0,0.0,0.0,0.0,0.0,1.0,0.0,0.0,2.0
2022,Arunachal Pradesh,12,Pakke Kessang,723,Pakkessang,0.0,1.0,0.0,3.0,0.0,0.0,0.0,1.0,1.0,0.0,0.0,0.0,0.0,0.0,0.0,0.0,0.0,0.0,0.0,0.0,0.0,0.0,1.0,0.0,2.0
2022,Arunachal Pradesh,12,Papum Pare,237,Crime Branch,0.0,0.0,0.0,0.0,0.0,0.0,0.0,0.0,0.0,0.0,0.0,0.0,0.0,0.0,0.0,0.0,0.0,0.0,0.0,0.0,0.0,0.0,0.0,0.0,0.0
2022,Arunachal Pradesh,12,Papum Pare,237,Papum Pare City,2.0,55.0,0.0,30.0,36.0,1.0,2.0,46.0,24.0,57.0,0.0,0.0,0.0,1.0,0.0,6.0,0.0,3.0,0.0,0.0,20.0,28.0,12.0,0.0,19.0
2022,Arunachal Pradesh,12,Papum Pare,237,Papum Pare Rural,9.0,0.0,0.0,2.0,5.0,0.0,0.0,3.0,0.0,0.0,0.0,0.0,0.0,0.0,0.0,2.0,0.0,0.0,0.0,0.0,5.0,2.0,2.0,0.0,19.0
2022,Arunachal Pradesh,12,Shi Yomi,725,Shiyomi,0.0,2.0,0.0,0.0,0.0,0.0,0.0,1.0,1.0,0.0,0.0,0.0,0.0,0.0,0.0,0.0,0.0,0.0,0.0,0.0,1.0,0.0,0.0,0.0,1.0
2022,Arunachal Pradesh,12,Siang,679,Siang,1.0,6.0,1.0,0.0,0.0,0.0,0.0,3.0,0.0,0.0,0.0,0.0,0.0,0.0,0.0,0.0,0.0,0.0,0.0,0.0,1.0,0.0,0.0,0.0,7.0
2022,Arunachal Pradesh,12,Tawang,238,Tawang,0.0,5.0,0.0,0.0,0.0,0.0,0.0,1.0,1.0,0.0,0.0,0.0,0.0,0.0,0.0,0.0,0.0,0.0,0.0,0.0,11.0,0.0,0.0,0.0,3.0
2022,Arunachal Pradesh,12,Tirap,239,Tirap,1.0,2.0,0.0,0.0,0.0,0.0,0.0,0.0,0.0,0.0,0.0,0.0,0.0,0.0,0.0,0.0,0.0,0.0,0.0,0.0,2.0,4.0,1.0,0.0,3.0
2022,Arunachal Pradesh,12,Upper Siang,240,Siang Upper,1.0,2.0,0.0,2.0,0.0,0.0,0.0,4.0,4.0,1.0,0.0,0.0,0.0,0.0,0.0,0.0,0.0,0.0,0.0,0.0,3.0,1.0,1.0,0.0,14.0
2022,Arunachal Pradesh,12,Upper Subansiri,241,Subansiri Upper,3.0,2.0,0.0,4.0,1.0,0.0,0.0,4.0,3.0,3.0,0.0,0.0,0.0,0.0,0.0,0.0,0.0,0.0,0.0,0.0,2.0,1.0,2.0,0.0,12.0
2022,Arunachal Pradesh,12,West Kameng,242,Kameng West,1.0,5.0,1.0,1.0,3.0,1.0,0.0,0.0,0.0,0.0,0.0,0.0,0.0,0.0,4.0,0.0,0.0,0.0,0.0,0.0,9.0,1.0,1.0,0.0,14.0
2022,Arunachal Pradesh,12,West Siang,243,Siang West,2.0,16.0,3.0,10.0,4.0,0.0,3.0,7.0,0.0,4.0,0.0,0.0,0.0,0.0,0.0,2.0,0.0,0.0,0.0,1.0,4.0,1.0,3.0,0.0,1.0
2022,Assam,18,Bajali,739,Bajali,3.0,10.0,1.0,19.0,51.0,0.0,2.0,31.0,3.0,29.0,1.0,0.0,2.0,0.0,0.0,15.0,0.0,5.0,0.0,0.0,25.0,5.0,0.0,0.0,9.0
2022,Assam,18,Baksa,616,Baksa,16.0,35.0,0.0,22.0,44.0,0.0,12.0,74.0,28.0,28.0,5.0,0.0,0.0,0.0,13.0,21.0,0.0,2.0,0.0,11.0,17.0,8.0,6.0,0.0,6.0
2022,Assam,18,Barpeta,280,Barpeta,31.0,98.0,4.0,105.0,97.0,0.0,4.0,129.0,68.0,231.0,18.0,0.0,0.0,0.0,0.0,39.0,0.0,0.0,0.0,0.0,96.0,11.0,16.0,1.0,383.0
2022,Assam,18,Biswanath,705,Biswanath,38.0,105.0,4.0,23.0,68.0,0.0,22.0,123.0,46.0,36.0,2.0,0.0,2.0,0.0,0.0,9.0,1.0,0.0,2.0,4.0,30.0,2.0,5.0,0.0,48.0
2022,Assam,18,Bongaigaon,281,Bongaigaon,34.0,91.0,0.0,34.0,64.0,0.0,3.0,133.0,61.0,76.0,2.0,0.0,0.0,0.0,0.0,41.0,0.0,3.0,0.0,20.0,68.0,38.0,0.0,1.0,126.0
2022,Assam,18,Cachar,282,Cachar,63.0,147.0,0.0,158.0,247.0,0.0,0.0,146.0,57.0,453.0,15.0,0.0,0.0,4.0,0.0,87.0,0.0,0.0,0.0,0.0,129.0,41.0,86.0,4.0,783.0
2022,Assam,18,Charaideo,708,Charaideo,33.0,37.0,6.0,23.0,70.0,0.0,2.0,64.0,34.0,29.0,2.0,0.0,5.0,0.0,0.0,9.0,0.0,0.0,0.0,6.0,15.0,2.0,3.0,1.0,14.0
2022,Assam,18,Chirang,612,Chirang,14.0,78.0,0.0,21.0,60.0,0.0,0.0,86.0,36.0,39.0,1.0,0.0,0.0,0.0,0.0,0.0,0.0,0.0,0.0,0.0,56.0,8.0,5.0,1.0,7.0
2022,Assam,18,Darrang,283,Darrang,32.0,186.0,28.0,90.0,202.0,0.0,11.0,82.0,64.0,229.0,32.0,1.0,0.0,0.0,49.0,36.0,0.0,0.0,0.0,72.0,132.0,16.0,10.0,1.0,328.0
2022,Assam,18,Dhemaji,284,Dhemaji,18.0,113.0,6.0,34.0,49.0,0.0,3.0,89.0,40.0,42.0,6.0,0.0,0.0,0.0,0.0,3.0,0.0,2.0,0.0,0.0,24.0,9.0,1.0,0.0,18.0
2022,Assam,18,Dhubri,285,Dhubri,35.0,150.0,13.0,98.0,156.0,1.0,0.0,267.0,88.0,290.0,17.0,0.0,0.0,7.0,0.0,36.0,3.0,1.0,8.0,2.0,6.0,20.0,2.0,0.0,239.0
2022,Assam,18,Dibrugarh,286,Dibrugarh,56.0,106.0,1.0,44.0,150.0,0.0,4.0,146.0,65.0,117.0,34.0,0.0,6.0,0.0,8.0,47.0,0.0,9.0,0.0,11.0,93.0,12.0,21.0,0.0,93.0
2022,Assam,18,Dima Hasao,299,Dima Hasao,5.0,11.0,0.0,7.0,13.0,0.0,0.0,13.0,5.0,8.0,0.0,0.0,0.0,0.0,0.0,6.0,0.0,2.0,0.0,5.0,29.0,7.0,5.0,0.0,13.0
2022,Assam,18,Goalpara,287,Goalpara,23.0,122.0,76.0,202.0,139.0,0.0,0.0,55.0,32.0,198.0,4.0,0.0,0.0,0.0,0.0,39.0,0.0,0.0,0.0,0.0,116.0,13.0,0.0,0.0,0.0
2022,Assam,18,Golaghat,288,Golaghat,23.0,82.0,5.0,4.0,85.0,1.0,2.0,63.0,39.0,37.0,9.0,0.0,1.0,0.0,0.0,16.0,0.0,6.0,0.0,8.0,33.0,1.0,4.0,1.0,161.0
2022,Assam,18,Hailakandi,289,Hailakandi,14.0,116.0,6.0,49.0,79.0,2.0,1.0,95.0,55.0,92.0,6.0,0.0,0.0,0.0,0.0,15.0,0.0,2.0,0.0,8.0,26.0,8.0,18.0,0.0,48.0
2022,Assam,18,Hojai,709,Hojai,32.0,201.0,2.0,52.0,180.0,0.0,9.0,196.0,69.0,224.0,32.0,0.0,1.0,0.0,11.0,77.0,15.0,2.0,0.0,19.0,15.0,15.0,18.0,0.0,49.0
2022,Assam,18,Jorhat,290,Jorhat,37.0,71.0,5.0,75.0,113.0,0.0,1.0,65.0,38.0,103.0,1.0,0.0,0.0,0.0,0.0,43.0,0.0,0.0,0.0,0.0,156.0,26.0,9.0,0.0,101.0
2022,Assam,18,Kamrup,291,Kamrup,51.0,282.0,20.0,332.0,215.0,2.0,20.0,204.0,99.0,405.0,43.0,1.0,20.0,0.0,24.0,111.0,0.0,24.0,1.0,29.0,158.0,67.0,25.0,0.0,518.0
2022,Assam,18,Kamrup Metro,618,Bieo,0.0,0.0,0.0,0.0,0.0,0.0,0.0,0.0,0.0,0.0,0.0,0.0,0.0,0.0,0.0,0.0,0.0,0.0,0.0,0.0,0.0,0.0,4.0,0.0,0.0
2022,Assam,18,Kamrup Metro,618,Cid,0.0,0.0,0.0,0.0,0.0,0.0,0.0,0.0,0.0,0.0,0.0,0.0,0.0,0.0,0.0,4.0,0.0,4.0,0.0,0.0,18.0,0.0,0.0,0.0,0.0
2022,Assam,18,Kamrup Metro,618,Grp,16.0,5.0,0.0,3.0,5.0,1.0,4.0,6.0,0.0,0.0,1.0,0.0,0.0,0.0,0.0,0.0,0.0,0.0,0.0,0.0,30.0,12.0,24.0,0.0,24.0
2022,Assam,18,Kamrup Metro,618,Guwahati City,77.0,261.0,7.0,141.0,435.0,3.0,5.0,422.0,109.0,319.0,37.0,0.0,18.0,0.0,0.0,373.0,0.0,68.0,0.0,83.0,600.0,228.0,149.0,5.0,783.0
2022,Assam,18,Kamrup Metro,618,Rpo,0.0,0.0,0.0,0.0,0.0,0.0,0.0,0.0,0.0,0.0,0.0,0.0,0.0,0.0,0.0,0.0,0.0,0.0,0.0,0.0,0.0,0.0,0.0,0.0,0.0
2022,Assam,18,Kamrup Metro,618,Sou,0.0,0.0,0.0,0.0,0.0,0.0,0.0,0.0,0.0,0.0,0.0,0.0,0.0,0.0,0.0,0.0,0.0,0.0,0.0,0.0,0.0,0.0,0.0,0.0,0.0
2022,Assam,18,Kamrup Metro,618,Stf,0.0,0.0,0.0,0.0,0.0,0.0,0.0,0.0,0.0,0.0,0.0,0.0,0.0,0.0,0.0,0.0,0.0,0.0,0.0,0.0,0.0,0.0,0.0,0.0,0.0
2022,Assam,18,Karbi Anglong,292,Karbi Anglong,25.0,36.0,1.0,4.0,51.0,1.0,6.0,70.0,21.0,8.0,1.0,0.0,1.0,0.0,0.0,5.0,0.0,1.0,0.0,5.0,13.0,6.0,3.0,0.0,35.0
2022,Assam,18,Karimganj,293,Karimganj,32.0,149.0,4.0,16.0,98.0,7.0,0.0,73.0,44.0,240.0,7.0,1.0,0.0,0.0,41.0,22.0,0.0,7.0,0.0,16.0,74.0,7.0,20.0,2.0,714.0
2022,Assam,18,Kokrajhar,294,Kokrajhar,38.0,119.0,5.0,72.0,83.0,0.0,12.0,91.0,47.0,99.0,17.0,0.0,0.0,0.0,0.0,25.0,0.0,0.0,0.0,0.0,40.0,8.0,0.0,1.0,151.0
2022,Assam,18,Lakhimpur,295,Lakhimpur,35.0,87.0,6.0,58.0,128.0,0.0,6.0,120.0,48.0,147.0,4.0,0.0,1.0,0.0,0.0,18.0,0.0,0.0,0.0,18.0,57.0,14.0,13.0,0.0,64.0
2022,Assam,18,Majuli,706,Majuli,4.0,18.0,1.0,8.0,12.0,0.0,0.0,18.0,13.0,24.0,0.0,0.0,1.0,0.0,0.0,8.0,0.0,3.0,0.0,4.0,16.0,0.0,0.0,0.0,23.0
2022,Assam,18,Marigaon,296,Morigaon,30.0,204.0,4.0,70.0,205.0,0.0,7.0,247.0,117.0,174.0,11.0,0.0,0.0,0.0,70.0,9.0,0.0,0.0,3.0,6.0,144.0,15.0,3.0,0.0,18.0
2022,Assam,18,Nagaon,297,Nagaon,58.0,217.0,10.0,69.0,165.0,4.0,12.0,164.0,108.0,292.0,27.0,1.0,8.0,0.0,0.0,17.0,0.0,0.0,0.0,16.0,140.0,44.0,48.0,4.0,599.0
2022,Assam,18,Nalbari,298,Nalbari,19.0,77.0,3.0,79.0,90.0,0.0,0.0,86.0,26.0,127.0,29.0,0.0,5.0,2.0,0.0,8.0,0.0,3.0,0.0,5.0,89.0,25.0,10.0,1.0,140.0
2022,Assam,18,Sivasagar,300,Sibsagar,28.0,90.0,6.0,24.0,58.0,0.0,4.0,87.0,32.0,86.0,6.0,0.0,0.0,0.0,24.0,12.0,0.0,0.0,0.0,5.0,37.0,5.0,3.0,0.0,114.0
2022,Assam,18,Sonitpur,301,Sonitpur,62.0,270.0,4.0,113.0,356.0,30.0,28.0,205.0,49.0,178.0,38.0,0.0,0.0,0.0,0.0,782.0,216.0,0.0,62.0,0.0,432.0,37.0,0.0,0.0,340.0
2022,Assam,18,South Salmara Mancachar,707,South Salmara,17.0,91.0,10.0,20.0,42.0,0.0,4.0,82.0,32.0,99.0,33.0,1.0,3.0,0.0,0.0,4.0,0.0,0.0,0.0,3.0,32.0,4.0,0.0,1.0,21.0
2022,Assam,18,Tamulpur,756,Tamulpur,15.0,26.0,0.0,13.0,24.0,0.0,8.0,61.0,14.0,19.0,0.0,0.0,0.0,0.0,0.0,4.0,0.0,0.0,0.0,4.0,11.0,4.0,0.0,0.0,40.0
2022,Assam,18,Tinsukia,302,Sadia,2.0,15.0,0.0,1.0,30.0,0.0,4.0,26.0,7.0,12.0,0.0,0.0,0.0,0.0,0.0,6.0,0.0,0.0,0.0,12.0,9.0,2.0,0.0,0.0,15.0
2022,Assam,18,Tinsukia,302,Tinsukia,60.0,183.0,13.0,60.0,154.0,0.0,3.0,183.0,61.0,153.0,1.0,0.0,7.0,0.0,0.0,85.0,0.0,2.0,0.0,16.0,172.0,58.0,6.0,0.0,274.0
2022,Assam,18,Udalguri,617,Udalguri,25.0,89.0,2.0,25.0,89.0,0.0,8.0,55.0,47.0,58.0,5.0,0.0,1.0,0.0,0.0,9.0,0.0,0.0,0.0,0.0,21.0,5.0,2.0,0.0,0.0
2022,Assam,18,West Karbi Anglong,710,Hamren,7.0,21.0,0.0,4.0,30.0,0.0,0.0,27.0,12.0,3.0,0.0,0.0,0.0,0.0,0.0,8.0,0.0,2.0,0.0,2.0,6.0,1.0,0.0,0.0,64.0
2022,Bihar,10,Araria,188,Araria,82.0,186.0,0.0,5.0,258.0,1.0,8.0,232.0,35.0,48.0,103.0,0.0,0.0,37.0,0.0,60.0,30.0,0.0,0.0,0.0,69.0,61.0,78.0,0.0,30.0
2022,Bihar,10,Arwal,611,Arwal,17.0,45.0,1.0,7.0,49.0,0.0,3.0,76.0,21.0,12.0,35.0,0.0,1.0,2.0,35.0,72.0,36.0,0.0,0.0,0.0,37.0,17.0,33.0,0.0,36.0
2022,Bihar,10,Aurangabad,189,Aurangabad,79.0,164.0,0.0,11.0,165.0,1.0,6.0,150.0,55.0,39.0,126.0,0.0,0.0,0.0,0.0,98.0,49.0,0.0,0.0,0.0,201.0,40.0,36.0,1.0,53.0
2022,Bihar,10,Banka,190,Banka,53.0,90.0,0.0,8.0,118.0,0.0,6.0,97.0,28.0,18.0,78.0,0.0,0.0,0.0,10.0,34.0,13.0,0.0,4.0,0.0,43.0,29.0,120.0,1.0,18.0
2022,Bihar,10,Begusarai,191,Begusarai,110.0,142.0,0.0,5.0,293.0,4.0,0.0,142.0,29.0,27.0,60.0,0.0,0.0,0.0,0.0,60.0,29.0,0.0,0.0,2.0,147.0,86.0,0.0,3.0,29.0
2022,Bihar,10,Bhagalpur,192,Bhagalpur,108.0,227.0,2.0,6.0,345.0,2.0,0.0,297.0,131.0,39.0,120.0,0.0,0.0,0.0,0.0,94.0,47.0,0.0,0.0,0.0,225.0,67.0,22.0,2.0,47.0
2022,Bihar,10,Bhagalpur,192,Naugachia,43.0,21.0,0.0,2.0,122.0,2.0,0.0,24.0,12.0,8.0,26.0,0.0,0.0,0.0,0.0,53.0,15.0,1.0,6.0,0.0,20.0,60.0,30.0,0.0,30.0
2022,Bihar,10,Bhojpur,193,Bhojpur,108.0,206.0,1.0,46.0,299.0,0.0,0.0,261.0,58.0,59.0,152.0,0.0,0.0,0.0,0.0,54.0,24.0,2.0,1.0,0.0,103.0,69.0,271.0,0.0,27.0
2022,Bihar,10,Buxar,194,Buxar,37.0,91.0,0.0,6.0,153.0,2.0,0.0,110.0,44.0,31.0,76.0,0.0,0.0,0.0,0.0,48.0,24.0,0.0,0.0,0.0,129.0,16.0,71.0,0.0,24.0
2022,Bihar,10,Darbhanga,195,Darbhanga,64.0,161.0,0.0,7.0,217.0,0.0,0.0,152.0,35.0,26.0,106.0,0.0,0.0,0.0,0.0,102.0,46.0,5.0,0.0,0.0,202.0,49.0,49.0,0.0,640.0
2022,Bihar,10,Gaya,196,Gaya,144.0,433.0,0.0,8.0,528.0,0.0,9.0,413.0,105.0,102.0,261.0,0.0,0.0,0.0,39.0,176.0,88.0,0.0,0.0,0.0,550.0,152.0,309.0,0.0,88.0
2022,Bihar,10,Gopalganj,197,Gopalganj,61.0,214.0,0.0,4.0,330.0,0.0,0.0,230.0,37.0,38.0,104.0,0.0,0.0,0.0,0.0,12.0,6.0,0.0,0.0,0.0,195.0,71.0,24.0,0.0,6.0
2022,Bihar,10,Jamui,198,Jamui,41.0,96.0,0.0,5.0,113.0,0.0,0.0,114.0,26.0,17.0,74.0,0.0,0.0,0.0,0.0,110.0,55.0,0.0,0.0,0.0,88.0,30.0,55.0,0.0,55.0
2022,Bihar,10,Jehanabad,199,Jehanabad,29.0,18.0,0.0,4.0,95.0,0.0,0.0,33.0,21.0,20.0,54.0,0.0,0.0,0.0,59.0,34.0,17.0,0.0,0.0,0.0,102.0,13.0,28.0,0.0,17.0
2022,Bihar,10,Kaimur (Bhabua),200,Kaimur(Bhabhua),23.0,101.0,0.0,16.0,119.0,2.0,0.0,112.0,24.0,14.0,63.0,0.0,0.0,0.0,0.0,32.0,6.0,0.0,0.0,0.0,95.0,10.0,37.0,4.0,42.0
2022,Bihar,10,Katihar,201,Katihar,65.0,269.0,0.0,3.0,228.0,0.0,10.0,227.0,49.0,51.0,129.0,0.0,0.0,0.0,68.0,20.0,10.0,0.0,0.0,0.0,55.0,38.0,34.0,0.0,10.0
2022,Bihar,10,Katihar,201,Katihar Railway,2.0,1.0,0.0,1.0,0.0,0.0,12.0,7.0,1.0,0.0,0.0,0.0,0.0,0.0,0.0,4.0,2.0,0.0,0.0,0.0,2.0,5.0,2.0,0.0,3.0
2022,Bihar,10,Khagaria,202,Khagaria,63.0,66.0,0.0,6.0,234.0,1.0,0.0,91.0,31.0,22.0,85.0,0.0,0.0,0.0,0.0,66.0,33.0,0.0,0.0,0.0,33.0,45.0,175.0,0.0,33.0
2022,Bihar,10,Kishanganj,203,Kishanganj,44.0,143.0,1.0,0.0,142.0,0.0,0.0,108.0,26.0,17.0,77.0,0.0,1.0,0.0,25.0,36.0,10.0,0.0,4.0,0.0,36.0,22.0,12.0,16.0,23.0
2022,Bihar,10,Lakhisarai,204,Lakhisarai,39.0,100.0,0.0,6.0,156.0,0.0,0.0,116.0,18.0,22.0,39.0,0.0,0.0,0.0,211.0,27.0,8.0,0.0,4.0,0.0,20.0,11.0,0.0,0.0,16.0
2022,Bihar,10,Madhepura,205,Madhepura,76.0,125.0,0.0,0.0,158.0,0.0,0.0,145.0,34.0,23.0,51.0,0.0,0.0,0.0,0.0,23.0,9.0,0.0,0.0,9.0,100.0,65.0,4.0,0.0,9.0
2022,Bihar,10,Madhubani,206,Madhubani,68.0,125.0,0.0,7.0,121.0,0.0,0.0,210.0,141.0,33.0,86.0,0.0,0.0,0.0,16.0,34.0,17.0,0.0,0.0,0.0,42.0,60.0,7.0,0.0,17.0
2022,Bihar,10,Munger,207,Jamalpur Railway,1.0,0.0,0.0,1.0,2.0,0.0,0.0,0.0,0.0,0.0,0.0,0.0,0.0,0.0,3.0,0.0,0.0,0.0,0.0,0.0,1.0,1.0,0.0,0.0,1.0
2022,Bihar,10,Munger,207,Munger,60.0,125.0,2.0,25.0,226.0,5.0,0.0,195.0,27.0,21.0,72.0,0.0,0.0,5.0,163.0,28.0,4.0,0.0,10.0,0.0,104.0,26.0,9.0,0.0,14.0
2022,Bihar,10,Muzaffarpur,208,Muzaffarpur,144.0,504.0,0.0,19.0,762.0,2.0,3.0,546.0,78.0,106.0,250.0,1.0,0.0,19.0,85.0,110.0,55.0,0.0,0.0,0.0,55.0,100.0,89.0,0.0,55.0
2022,Bihar,10,Muzaffarpur,208,Muzaffarpur Railway,4.0,3.0,0.0,1.0,11.0,0.0,46.0,28.0,1.0,0.0,1.0,0.0,0.0,0.0,0.0,2.0,1.0,0.0,0.0,0.0,3.0,3.0,2.0,0.0,52.0
2022,Bihar,10,Nalanda,209,Nalanda,75.0,127.0,0.0,13.0,444.0,3.0,0.0,164.0,73.0,89.0,193.0,0.0,0.0,0.0,26.0,178.0,89.0,0.0,0.0,0.0,565.0,100.0,0.0,4.0,90.0
2022,Bihar,10,Nawada,210,Nawadah,66.0,183.0,0.0,8.0,295.0,1.0,0.0,231.0,56.0,25.0,51.0,0.0,0.0,0.0,30.0,74.0,37.0,0.0,0.0,0.0,125.0,42.0,20.0,0.0,37.0
2022,Bihar,10,Pashchim Champaran,211,Bagaha,40.0,118.0,0.0,37.0,125.0,2.0,0.0,137.0,54.0,25.0,54.0,0.0,0.0,0.0,0.0,19.0,3.0,0.0,0.0,6.0,113.0,16.0,0.0,0.0,3.0
2022,Bihar,10,Pashchim Champaran,211,Bettiah,37.0,101.0,0.0,0.0,225.0,1.0,3.0,241.0,164.0,65.0,183.0,0.0,0.0,0.0,0.0,112.0,56.0,0.0,0.0,0.0,132.0,24.0,110.0,14.0,128.0
2022,Bihar,10,Patna,212,Anti Terrorist Squad,0.0,0.0,0.0,0.0,0.0,0.0,0.0,0.0,0.0,0.0,0.0,0.0,0.0,0.0,0.0,0.0,0.0,0.0,0.0,0.0,0.0,0.0,0.0,0.0,0.0
2022,Bihar,10,Patna,212,Economic Offences Unit,0.0,0.0,0.0,0.0,0.0,0.0,0.0,0.0,0.0,0.0,0.0,0.0,0.0,0.0,0.0,34.0,12.0,1.0,2.0,0.0,18.0,0.0,6.0,0.0,18.0
2022,Bihar,10,Patna,212,Patna,309.0,342.0,0.0,82.0,1131.0,5.0,6.0,393.0,140.0,228.0,413.0,0.0,0.0,0.0,21.0,690.0,345.0,0.0,0.0,0.0,2398.0,235.0,0.0,11.0,345.0
2022,Bihar,10,Patna,212,Patna Railway,4.0,0.0,0.0,6.0,8.0,0.0,31.0,19.0,1.0,0.0,0.0,0.0,0.0,0.0,18.0,0.0,0.0,0.0,0.0,0.0,8.0,8.0,0.0,0.0,11.0
2022,Bihar,10,Purbi Champaran,213,Motihari,154.0,185.0,0.0,4.0,433.0,4.0,12.0,773.0,192.0,122.0,246.0,2.0,2.0,236.0,172.0,94.0,47.0,0.0,0.0,0.0,69.0,155.0,244.0,14.0,47.0
2022,Bihar,10,Purnia,214,Purnea,84.0,323.0,0.0,12.0,404.0,1.0,6.0,257.0,57.0,45.0,119.0,0.0,0.0,0.0,0.0,14.0,0.0,0.0,0.0,0.0,140.0,123.0,113.0,6.0,0.0
2022,Bihar,10,Rohtas,215,Rohtas,62.0,131.0,0.0,3.0,256.0,1.0,0.0,164.0,38.0,41.0,119.0,0.0,0.0,0.0,25.0,28.0,14.0,0.0,0.0,0.0,189.0,63.0,114.0,0.0,14.0
2022,Bihar,10,Saharsa,216,Saharsa,37.0,57.0,0.0,2.0,90.0,0.0,1.0,43.0,21.0,19.0,69.0,0.0,0.0,0.0,0.0,24.0,0.0,0.0,0.0,0.0,28.0,20.0,15.0,0.0,0.0
2022,Bihar,10,Samastipur,217,Samastipur,101.0,289.0,0.0,3.0,326.0,0.0,0.0,240.0,48.0,48.0,105.0,0.0,0.0,0.0,0.0,162.0,81.0,0.0,0.0,0.0,53.0,147.0,0.0,2.0,428.0
2022,Bihar,10,Saran,218,Saran,113.0,146.0,0.0,4.0,513.0,0.0,0.0,191.0,41.0,96.0,253.0,0.0,0.0,4.0,89.0,74.0,37.0,0.0,0.0,0.0,376.0,132.0,8.0,2.0,39.0
2022,Bihar,10,Sheikhpura,219,Sheikhpura,14.0,9.0,0.0,8.0,82.0,1.0,1.0,49.0,8.0,19.0,42.0,0.0,0.0,21.0,10.0,10.0,5.0,0.0,0.0,0.0,78.0,12.0,12.0,0.0,5.0
2022,Bihar,10,Sheohar,220,Sheohar,12.0,43.0,0.0,4.0,63.0,0.0,0.0,46.0,7.0,14.0,37.0,0.0,0.0,0.0,162.0,12.0,0.0,0.0,0.0,0.0,10.0,6.0,12.0,0.0,12.0
2022,Bihar,10,Sitamarhi,221,Sitamarhi,64.0,197.0,0.0,6.0,502.0,1.0,2.0,302.0,68.0,112.0,203.0,0.0,0.0,72.0,0.0,88.0,44.0,0.0,0.0,0.0,287.0,73.0,0.0,4.0,46.0
2022,Bihar,10,Siwan,222,Siwan,101.0,230.0,0.0,3.0,329.0,0.0,0.0,281.0,25.0,34.0,89.0,0.0,0.0,0.0,0.0,25.0,0.0,2.0,0.0,0.0,156.0,74.0,30.0,0.0,21.0
2022,Bihar,10,Supaul,223,Supaul,42.0,86.0,0.0,0.0,189.0,0.0,6.0,116.0,24.0,15.0,95.0,0.0,0.0,0.0,0.0,16.0,8.0,0.0,0.0,0.0,29.0,60.0,54.0,0.0,8.0
2022,Bihar,10,Vaishali,224,Vaishali,117.0,358.0,8.0,8.0,445.0,2.0,0.0,359.0,56.0,60.0,138.0,0.0,0.0,0.0,0.0,132.0,46.0,20.0,0.0,0.0,46.0,106.0,204.0,0.0,66.0
2022,Chandigarh,4,Chandigarh,44,Chandigarh,19.0,172.0,49.0,54.0,235.0,1.0,0.0,224.0,1.0,83.0,1.0,0.0,4.0,3.0,97.0,37.0,4.0,5.0,2.0,7.0,225.0,21.0,0.0,0.0,346.0
2022,Chhattisgarh,22,Balod,646,Balod,19.0,99.0,0.0,32.0,82.0,0.0,0.0,137.0,71.0,19.0,2.0,0.0,2.0,1.0,53.0,26.0,2.0,0.0,1.0,4.0,28.0,2.0,3.0,0.0,745.0
2022,Chhattisgarh,22,Baloda Bazar,644,Balodbazar,2.0,120.0,2.0,75.0,223.0,0.0,0.0,277.0,142.0,27.0,4.0,0.0,2.0,18.0,0.0,0.0,0.0,0.0,0.0,0.0,0.0,0.0,0.0,0.0,0.0
2022,Chhattisgarh,22,Balodabazar-Bhatapara,644,Balodbazar,28.0,21.0,0.0,0.0,0.0,0.0,0.0,0.0,0.0,0.0,0.0,0.0,0.0,0.0,275.0,12.0,0.0,2.0,0.0,9.0,44.0,31.0,7.0,0.0,10.0
2022,Chhattisgarh,22,Balrampur,649,Balrampur,2.0,0.0,0.0,1.0,52.0,0.0,4.0,198.0,129.0,0.0,0.0,0.0,2.0,0.0,0.0,0.0,0.0,0.0,0.0,0.0,0.0,0.0,0.0,0.0,0.0
2022,Chhattisgarh,22,Balrampur Ramanujganj,649,Balrampur,57.0,236.0,0.0,55.0,41.0,0.0,8.0,0.0,0.0,23.0,0.0,0.0,10.0,0.0,112.0,0.0,0.0,0.0,0.0,0.0,0.0,18.0,0.0,0.0,611.0
2022,Chhattisgarh,22,Bastar,374,Jagdalpur,28.0,164.0,0.0,19.0,65.0,0.0,2.0,134.0,74.0,6.0,0.0,0.0,1.0,3.0,43.0,64.0,26.0,0.0,0.0,0.0,53.0,15.0,0.0,0.0,392.0
2022,Chhattisgarh,22,Bemetara,650,Bemetra,38.0,72.0,0.0,17.0,103.0,0.0,0.0,153.0,44.0,15.0,1.0,0.0,4.0,1.0,56.0,14.0,1.0,0.0,0.0,14.0,26.0,2.0,2.0,0.0,713.0
2022,Chhattisgarh,22,Bijapur,636,Bizapur,36.0,33.0,0.0,7.0,30.0,0.0,2.0,29.0,13.0,4.0,1.0,0.0,1.0,0.0,0.0,2.0,0.0,0.0,0.0,2.0,0.0,9.0,0.0,0.0,84.0
2022,Chhattisgarh,22,Bilaspur,375,Bilaspur,54.0,515.0,0.0,155.0,314.0,0.0,0.0,376.0,134.0,82.0,3.0,0.0,8.0,51.0,350.0,23.0,0.0,0.0,0.0,18.0,198.0,40.0,0.0,0.0,0.0
2022,Chhattisgarh,22,Dakshin Bastar Dantewada,376,Dantewara,43.0,34.0,0.0,21.0,21.0,0.0,0.0,0.0,0.0,1.0,0.0,0.0,4.0,0.0,24.0,34.0,10.0,0.0,1.0,2.0,43.0,6.0,0.0,0.0,25.0
2022,Chhattisgarh,22,Dantewada,376,Dantewara,1.0,0.0,0.0,0.0,28.0,0.0,0.0,56.0,21.0,0.0,0.0,0.0,3.0,0.0,0.0,0.0,0.0,0.0,0.0,0.0,0.0,0.0,0.0,0.0,0.0
2022,Chhattisgarh,22,Dhamtari,377,Dhamtari,27.0,68.0,0.0,50.0,79.0,2.0,0.0,128.0,46.0,11.0,6.0,0.0,6.0,0.0,57.0,25.0,4.0,1.0,0.0,4.0,30.0,11.0,0.0,0.0,951.0
2022,Chhattisgarh,22,Durg,378,Durg,42.0,251.0,1.0,141.0,462.0,2.0,3.0,515.0,138.0,134.0,5.0,0.0,6.0,107.0,308.0,31.0,0.0,0.0,0.0,37.0,89.0,62.0,0.0,0.0,0.0
2022,Chhattisgarh,22,Gariyaband,645,Gariyaband,20.0,88.0,0.0,33.0,49.0,1.0,0.0,103.0,44.0,9.0,0.0,0.0,2.0,22.0,50.0,19.0,6.0,0.0,0.0,0.0,35.0,8.0,0.0,0.0,24.0
2022,Chhattisgarh,22,Gaurela Pendra Marwahi,734,Gaurela-Pendra-Marwari,13.0,52.0,0.0,20.0,28.0,0.0,0.0,0.0,0.0,10.0,0.0,0.0,6.0,0.0,50.0,8.0,0.0,1.0,0.0,10.0,16.0,3.0,3.0,0.0,13.0
2022,Chhattisgarh,22,Gaurella Pendra Marwahi,734,Gaurela-Pendra-Marwari,0.0,0.0,0.0,0.0,43.0,0.0,0.0,105.0,48.0,0.0,0.0,0.0,0.0,9.0,0.0,0.0,0.0,0.0,0.0,0.0,0.0,0.0,0.0,0.0,0.0
2022,Chhattisgarh,22,Janjgir-Champa,379,Janjgir,28.0,161.0,0.0,89.0,272.0,1.0,0.0,376.0,113.0,58.0,8.0,0.0,14.0,38.0,293.0,17.0,0.0,0.0,0.0,33.0,41.0,17.0,0.0,0.0,7.0
2022,Chhattisgarh,22,Jashpur,380,Jashpur,64.0,238.0,0.0,40.0,103.0,0.0,15.0,206.0,119.0,12.0,0.0,0.0,4.0,0.0,62.0,10.0,2.0,0.0,2.0,2.0,30.0,14.0,0.0,0.0,67.0
2022,Chhattisgarh,22,Kabeerdham,382,Kabirdham,22.0,77.0,0.0,66.0,70.0,0.0,0.0,0.0,0.0,36.0,1.0,0.0,3.0,0.0,114.0,4.0,0.0,0.0,0.0,8.0,28.0,14.0,7.0,0.0,116.0
2022,Chhattisgarh,22,Kabirdham,382,Kabirdham,1.0,0.0,0.0,1.0,86.0,0.0,0.0,144.0,41.0,0.0,0.0,0.0,0.0,9.0,0.0,0.0,0.0,0.0,0.0,0.0,0.0,0.0,0.0,0.0,0.0
2022,Chhattisgarh,22,Kanker,381,Kanker,4.0,0.0,0.0,0.0,40.0,0.0,0.0,153.0,68.0,0.0,0.0,0.0,0.0,3.0,0.0,0.0,0.0,0.0,0.0,0.0,0.0,0.0,0.0,0.0,0.0
2022,Chhattisgarh,22,Khairagarh-Chhuikhadan-Gandai,759,Khairagarh - Chhuikhadan-Gandai,4.0,9.0,0.0,0.0,0.0,0.0,0.0,0.0,0.0,0.0,0.0,0.0,0.0,0.0,60.0,6.0,0.0,0.0,0.0,6.0,0.0,8.0,0.0,0.0,7.0
2022,Chhattisgarh,22,Khairgarh Chhuikhadan Gandai,759,Khairagarh - Chhuikhadan-Gandai,0.0,30.0,0.0,19.0,93.0,0.0,0.0,77.0,22.0,7.0,3.0,0.0,1.0,0.0,0.0,0.0,0.0,0.0,0.0,4.0,0.0,0.0,0.0,0.0,0.0
2022,Chhattisgarh,22,Kondagaon,643,Kondagaon,18.0,61.0,0.0,25.0,124.0,0.0,0.0,139.0,64.0,9.0,0.0,0.0,3.0,0.0,0.0,19.0,0.0,0.0,6.0,12.0,45.0,2.0,0.0,0.0,280.0
2022,Chhattisgarh,22,Korba,383,Korba,49.0,134.0,0.0,67.0,225.0,0.0,3.0,256.0,77.0,46.0,1.0,0.0,2.0,20.0,64.0,11.0,0.0,0.0,0.0,19.0,57.0,19.0,0.0,1.0,139.0
2022,Chhattisgarh,22,Korea,384,Koriya,13.0,55.0,0.0,22.0,40.0,0.0,6.0,64.0,27.0,15.0,2.0,0.0,3.0,11.0,32.0,2.0,0.0,0.0,0.0,4.0,10.0,5.0,0.0,0.0,33.0
2022,Chhattisgarh,22,Mahasamund,385,Mahasamund,22.0,132.0,0.0,40.0,143.0,0.0,0.0,190.0,104.0,1.0,1.0,0.0,0.0,7.0,64.0,2.0,0.0,0.0,0.0,0.0,20.0,18.0,0.0,0.0,86.0
2022,Chhattisgarh,22,Manendragarh Chirimiri Bharatpur,760,Manendragarh-Chirmiri-Bharatpur,0.0,123.0,0.0,42.0,74.0,0.0,0.0,162.0,107.0,14.0,1.0,0.0,4.0,13.0,0.0,0.0,0.0,0.0,0.0,0.0,0.0,0.0,0.0,0.0,0.0
2022,Chhattisgarh,22,Manendragarh-Chirmiri-Bharatpur(M C B),760,Manendragarh-Chirmiri-Bharatpur,12.0,35.0,0.0,0.0,0.0,0.0,0.0,0.0,0.0,0.0,0.0,0.0,0.0,0.0,0.0,7.0,0.0,1.0,0.0,2.0,20.0,12.0,0.0,0.0,38.0
2022,Chhattisgarh,22,Mohla Manpur Ambagarh Chouki,761,Mohla-Manpur-Ambagarh Chouki,3.0,21.0,0.0,6.0,68.0,0.0,0.0,57.0,13.0,3.0,1.0,0.0,2.0,3.0,0.0,0.0,0.0,0.0,0.0,2.0,0.0,0.0,0.0,0.0,0.0
2022,Chhattisgarh,22,Mohla-Manpur-Ambagarh Chouki,761,Mohla-Manpur-Ambagarh Chouki,12.0,9.0,0.0,0.0,0.0,0.0,0.0,0.0,0.0,0.0,0.0,0.0,0.0,0.0,0.0,8.0,0.0,2.0,0.0,4.0,4.0,2.0,0.0,0.0,0.0
2022,Chhattisgarh,22,Mungeli,647,Mungali,22.0,72.0,0.0,24.0,77.0,0.0,0.0,122.0,65.0,18.0,2.0,0.0,0.0,4.0,66.0,14.0,0.0,0.0,0.0,0.0,30.0,4.0,0.0,0.0,26.0
2022,Chhattisgarh,22,Narayanpur,637,Narayanpur,10.0,33.0,0.0,3.0,22.0,0.0,0.0,36.0,21.0,2.0,0.0,0.0,0.0,0.0,16.0,5.0,2.0,0.0,0.0,2.0,8.0,4.0,0.0,0.0,3.0
2022,Chhattisgarh,22,Raigarh,386,Raigarh,72.0,201.0,0.0,84.0,222.0,0.0,4.0,267.0,84.0,23.0,2.0,0.0,5.0,29.0,327.0,2.0,0.0,0.0,0.0,0.0,97.0,35.0,0.0,0.0,81.0
2022,Chhattisgarh,22,Raipur,387,Grp Raipur,0.0,2.0,0.0,6.0,7.0,0.0,0.0,9.0,2.0,0.0,0.0,0.0,0.0,0.0,5.0,0.0,0.0,0.0,0.0,0.0,1.0,4.0,0.0,0.0,3.0
2022,Chhattisgarh,22,Raipur,387,Raipur,81.0,380.0,0.0,154.0,754.0,0.0,4.0,783.0,211.0,180.0,9.0,0.0,14.0,32.0,379.0,103.0,0.0,0.0,0.0,206.0,0.0,117.0,0.0,0.0,828.0
2022,Chhattisgarh,22,Rajnandgaon,388,Rajnandgaon,32.0,87.0,0.0,48.0,163.0,0.0,0.0,156.0,22.0,21.0,5.0,0.0,9.0,19.0,36.0,10.0,0.0,0.0,0.0,0.0,37.0,13.0,7.0,0.0,144.0
2022,Chhattisgarh,22,Sakti,762,Sakti,23.0,101.0,0.0,44.0,149.0,0.0,0.0,200.0,69.0,38.0,2.0,0.0,13.0,14.0,152.0,11.0,0.0,0.0,0.0,18.0,25.0,4.0,0.0,0.0,8.0
2022,Chhattisgarh,22,Sarangarh Bilaigarh,763,Sarangarh-Bilaigarh,0.0,62.0,0.0,47.0,119.0,0.0,0.0,121.0,49.0,29.0,0.0,0.0,7.0,7.0,0.0,0.0,0.0,0.0,0.0,0.0,0.0,0.0,0.0,0.0,0.0
2022,Chhattisgarh,22,Sarangarh-Bilaigarh,763,Sarangarh-Bilaigarh,19.0,26.0,0.0,0.0,0.0,0.0,0.0,0.0,0.0,0.0,0.0,0.0,0.0,0.0,68.0,0.0,0.0,0.0,0.0,0.0,12.0,7.0,0.0,0.0,20.0
2022,Chhattisgarh,22,Sukma,642,Sukma,19.0,26.0,0.0,4.0,33.0,0.0,0.0,28.0,9.0,2.0,0.0,0.0,1.0,0.0,5.0,2.0,0.0,0.0,0.0,3.0,10.0,4.0,1.0,0.0,4.0
2022,Chhattisgarh,22,Surajpur,648,Surajpur,56.0,176.0,2.0,48.0,86.0,0.0,2.0,204.0,81.0,38.0,4.0,0.0,18.0,22.0,185.0,38.0,4.0,0.0,0.0,16.0,32.0,13.0,6.0,0.0,36.0
2022,Chhattisgarh,22,Surguja,389,Sarguja,54.0,234.0,0.0,52.0,161.0,0.0,2.0,216.0,101.0,44.0,1.0,0.0,3.0,14.0,69.0,17.0,0.0,0.0,0.0,34.0,102.0,28.0,0.0,0.0,17.0
2022,Chhattisgarh,22,Uttar Bastar Kanker,381,Kanker,27.0,135.0,0.0,25.0,1.0,0.0,0.0,0.0,0.0,5.0,1.0,0.0,0.0,0.0,40.0,8.0,2.0,0.0,0.0,8.0,29.0,10.0,0.0,0.0,396.0
2022,Delhi,7,Central,77,Central,24.0,245.0,0.0,186.0,348.0,1.0,9.0,282.0,38.0,156.0,4.0,0.0,2.0,2.0,131.0,10.0,0.0,0.0,4.0,0.0,121.0,95.0,0.0,1.0,224.0
2022,Delhi,7,East,78,East,40.0,194.0,0.0,112.0,482.0,1.0,7.0,429.0,64.0,352.0,9.0,2.0,3.0,19.0,104.0,27.0,3.0,2.0,1.0,9.0,135.0,122.0,1.0,10.0,63.0
2022,Delhi,7,New Delhi,79,Economic Offences Wing,0.0,0.0,0.0,0.0,0.0,0.0,0.0,0.0,0.0,0.0,0.0,0.0,0.0,0.0,0.0,1.0,0.0,0.0,0.0,0.0,111.0,0.0,57.0,0.0,0.0
2022,Delhi,7,New Delhi,79,Eow,0.0,0.0,0.0,0.0,0.0,0.0,0.0,0.0,0.0,0.0,0.0,0.0,0.0,0.0,0.0,0.0,0.0,0.0,0.0,0.0,0.0,0.0,0.0,0.0,0.0
2022,Delhi,7,New Delhi,79,Igi Airport,0.0,10.0,0.0,8.0,3.0,0.0,0.0,4.0,2.0,0.0,0.0,0.0,0.0,0.0,2.0,1.0,0.0,0.0,0.0,0.0,59.0,2.0,137.0,1.0,12.0
2022,Delhi,7,New Delhi,79,New Delhi,7.0,27.0,0.0,42.0,49.0,0.0,2.0,37.0,6.0,20.0,0.0,0.0,0.0,0.0,42.0,13.0,1.0,6.0,1.0,2.0,129.0,9.0,47.0,0.0,95.0
2022,Delhi,7,New Delhi,79,Outer North,57.0,244.0,0.0,147.0,1230.0,0.0,20.0,886.0,143.0,277.0,11.0,0.0,4.0,0.0,267.0,9.0,0.0,0.0,0.0,10.0,110.0,186.0,2.0,0.0,80.0
2022,Delhi,7,New Delhi,79,Railway,7.0,6.0,0.0,7.0,25.0,0.0,3.0,21.0,4.0,0.0,1.0,0.0,1.0,0.0,14.0,0.0,0.0,0.0,0.0,0.0,6.0,11.0,0.0,0.0,6.0
2022,Delhi,7,New Delhi,79,Spuwac,0.0,0.0,0.0,0.0,0.0,0.0,0.0,0.0,0.0,48.0,0.0,0.0,0.0,0.0,0.0,0.0,0.0,0.0,0.0,0.0,0.0,0.0,0.0,0.0,0.0
2022,Delhi,7,New Delhi,79,Vigilance,0.0,0.0,0.0,0.0,0.0,0.0,0.0,0.0,0.0,0.0,0.0,0.0,0.0,0.0,0.0,0.0,0.0,0.0,0.0,0.0,0.0,0.0,0.0,0.0,0.0
2022,Delhi,7,North,80,North,37.0,138.0,0.0,112.0,474.0,0.0,14.0,365.0,75.0,282.0,7.0,1.0,1.0,0.0,251.0,0.0,0.0,0.0,0.0,0.0,229.0,151.0,3.0,0.0,361.0
2022,Delhi,7,North East,81,North-East,44.0,220.0,1.0,136.0,904.0,2.0,8.0,675.0,119.0,438.0,17.0,0.0,5.0,0.0,226.0,7.0,0.0,1.0,0.0,4.0,133.0,195.0,5.0,0.0,130.0
2022,Delhi,7,North West,82,Crime Branch,0.0,0.0,0.0,0.0,0.0,0.0,2.0,1.0,0.0,0.0,0.0,0.0,0.0,0.0,1.0,24.0,7.0,2.0,0.0,0.0,25.0,1.0,34.0,0.0,17.0
2022,Delhi,7,North West,82,Metro,1.0,2.0,0.0,20.0,8.0,0.0,0.0,5.0,1.0,1.0,0.0,0.0,0.0,0.0,11.0,0.0,0.0,0.0,0.0,0.0,11.0,0.0,0.0,0.0,4.0
2022,Delhi,7,North West,82,North-West,45.0,215.0,0.0,126.0,514.0,0.0,23.0,451.0,116.0,243.0,9.0,0.0,0.0,0.0,289.0,19.0,0.0,1.0,0.0,16.0,163.0,116.0,5.0,0.0,851.0
2022,Delhi,7,North West,82,Outer,36.0,206.0,0.0,141.0,799.0,0.0,14.0,616.0,115.0,360.0,20.0,1.0,6.0,1.0,213.0,33.0,5.0,3.0,2.0,28.0,247.0,152.0,5.0,0.0,116.0
2022,Delhi,7,North West,82,Rohini,47.0,243.0,0.0,161.0,668.0,0.0,5.0,559.0,126.0,440.0,15.0,0.0,5.0,2.0,209.0,28.0,0.0,0.0,1.0,18.0,124.0,115.0,15.0,0.0,142.0
2022,Delhi,7,North West,82,Spl Cell,0.0,0.0,0.0,11.0,0.0,0.0,0.0,3.0,1.0,0.0,0.0,0.0,0.0,0.0,6.0,16.0,0.0,10.0,0.0,3.0,0.0,0.0,7.0,0.0,8.0
2022,Delhi,7,Shahdara,671,Shahdara,17.0,167.0,0.0,166.0,436.0,0.0,11.0,381.0,76.0,357.0,4.0,0.0,1.0,11.0,204.0,79.0,17.0,5.0,10.0,15.0,27.0,90.0,7.0,0.0,54.0
2022,Delhi,7,South,83,South,40.0,262.0,0.0,168.0,658.0,0.0,16.0,551.0,141.0,539.0,9.0,1.0,0.0,0.0,202.0,227.0,97.0,1.0,3.0,28.0,286.0,118.0,9.0,6.0,460.0
2022,Delhi,7,South East,670,South-East,46.0,336.0,0.0,261.0,813.0,2.0,20.0,672.0,146.0,354.0,17.0,1.0,3.0,0.0,187.0,53.0,0.0,6.0,0.0,72.0,342.0,112.0,9.0,3.0,263.0
2022,Delhi,7,South West,84,Dwarka,32.0,383.0,2.0,315.0,765.0,0.0,4.0,638.0,167.0,419.0,13.0,1.0,5.0,0.0,230.0,273.0,117.0,3.0,2.0,51.0,392.0,172.0,6.0,2.0,182.0
2022,Delhi,7,South West,84,South-West,18.0,220.0,0.0,152.0,557.0,1.0,8.0,445.0,93.0,226.0,7.0,1.0,5.0,0.0,105.0,16.0,0.0,2.0,0.0,13.0,10.0,58.0,8.0,0.0,102.0
2022,Delhi,7,West,85,West,33.0,202.0,0.0,134.0,553.0,2.0,15.0,447.0,86.0,392.0,6.0,0.0,3.0,4.0,210.0,274.0,124.0,3.0,6.0,20.0,371.0,121.0,6.0,4.0,325.0
2022,Goa,30,North Goa,551,Cid,1.0,6.0,1.0,7.0,2.0,0.0,7.0,9.0,4.0,3.0,0.0,0.0,0.0,0.0,0.0,84.0,31.0,9.0,1.0,11.0,77.0,0.0,0.0,0.0,34.0
2022,Goa,30,North Goa,551,North Goa,21.0,72.0,24.0,79.0,72.0,2.0,10.0,93.0,0.0,1.0,0.0,0.0,3.0,5.0,19.0,21.0,6.0,0.0,1.0,0.0,84.0,17.0,4.0,0.0,22.0
2022,Goa,30,South Goa,552,South Goa,26.0,68.0,30.0,42.0,49.0,0.0,1.0,82.0,0.0,2.0,0.0,0.0,0.0,1.0,15.0,54.0,25.0,0.0,0.0,0.0,55.0,1.0,6.0,0.0,32.0
2022,Gujarat,24,Ahmadabad,438,Ahmedabad City,109.0,541.0,0.0,166.0,365.0,6.0,5.0,829.0,352.0,616.0,2.0,7.0,39.0,15.0,483.0,436.0,138.0,24.0,9.0,52.0,528.0,154.0,138.0,12.0,2131.0
2022,Gujarat,24,Ahmadabad,438,Ahmedabad Rural,22.0,104.0,0.0,14.0,26.0,2.0,0.0,103.0,71.0,14.0,1.0,0.0,5.0,0.0,17.0,32.0,8.0,0.0,2.0,0.0,46.0,19.0,63.0,0.0,216.0
2022,Gujarat,24,Ahmadabad,438,Cyber Ahmedabad Range,0.0,0.0,0.0,5.0,0.0,0.0,0.0,3.0,2.0,0.0,0.0,0.0,0.0,0.0,0.0,60.0,16.0,3.0,1.0,9.0,30.0,0.0,0.0,0.0,35.0
2022,Gujarat,24,Ahmadabad,438,W.Rly Ahmedabad,0.0,2.0,0.0,2.0,0.0,0.0,0.0,5.0,2.0,0.0,0.0,0.0,0.0,0.0,0.0,0.0,0.0,0.0,0.0,0.0,0.0,0.0,0.0,0.0,0.0
2022,Gujarat,24,Ahmadabad,438,Western Railway Ahmedabad,3.0,0.0,0.0,0.0,0.0,0.0,0.0,0.0,0.0,0.0,0.0,0.0,0.0,0.0,11.0,0.0,0.0,0.0,0.0,0.0,3.0,1.0,1.0,0.0,3.0
2022,Gujarat,24,Amreli,439,Amreli,19.0,110.0,0.0,18.0,38.0,0.0,0.0,134.0,78.0,62.0,0.0,0.0,9.0,0.0,35.0,24.0,1.0,1.0,1.0,8.0,22.0,13.0,3.0,0.0,223.0
2022,Gujarat,24,Anand,440,Anand,18.0,139.0,0.0,21.0,47.0,0.0,0.0,144.0,95.0,37.0,0.0,1.0,8.0,0.0,52.0,51.0,13.0,1.0,1.0,9.0,44.0,4.0,24.0,2.0,95.0
2022,Gujarat,24,Arvalli,672,Arvalli,12.0,50.0,0.0,11.0,76.0,0.0,0.0,77.0,29.0,15.0,0.0,0.0,4.0,0.0,0.0,13.0,2.0,1.0,3.0,0.0,27.0,14.0,8.0,0.0,41.0
2022,Gujarat,24,Banas Kantha,441,Banaskantha,32.0,148.0,0.0,18.0,62.0,3.0,2.0,135.0,80.0,49.0,0.0,0.0,0.0,0.0,18.0,48.0,13.0,4.0,0.0,5.0,62.0,26.0,28.0,2.0,376.0
2022,Gujarat,24,Bharuch,442,Bharuch,20.0,87.0,0.0,17.0,52.0,0.0,0.0,140.0,102.0,35.0,0.0,0.0,2.0,0.0,27.0,53.0,21.0,1.0,2.0,1.0,83.0,23.0,12.0,0.0,263.0
2022,Gujarat,24,Bhavnagar,443,Bhavnagar,47.0,124.0,0.0,24.0,50.0,1.0,0.0,120.0,71.0,82.0,0.0,0.0,14.0,1.0,51.0,38.0,11.0,0.0,1.0,5.0,58.0,13.0,16.0,1.0,228.0
2022,Gujarat,24,Bhavnagar,443,Cyber Bhavnagar Range,0.0,0.0,0.0,0.0,0.0,0.0,0.0,0.0,0.0,0.0,0.0,0.0,0.0,0.0,0.0,20.0,6.0,4.0,1.0,0.0,12.0,0.0,0.0,0.0,7.0
2022,Gujarat,24,Botad,676,Botad,12.0,47.0,0.0,6.0,14.0,1.0,0.0,53.0,39.0,11.0,0.0,0.0,5.0,0.0,24.0,12.0,3.0,0.0,1.0,5.0,17.0,3.0,2.0,0.0,28.0
2022,Gujarat,24,Chhotaudepur,668,Chhotaudepur,22.0,92.0,0.0,14.0,29.0,0.0,0.0,109.0,54.0,9.0,0.0,0.0,11.0,1.0,24.0,9.0,1.0,0.0,0.0,2.0,6.0,4.0,1.0,0.0,35.0
2022,Gujarat,24,Dang,444,Dang,9.0,5.0,0.0,2.0,6.0,0.0,0.0,10.0,6.0,3.0,0.0,0.0,1.0,0.0,2.0,0.0,0.0,0.0,0.0,0.0,5.0,1.0,0.0,0.0,4.0
2022,Gujarat,24,Devbhumi Dwarka,674,Devbhumi Dwarka,8.0,34.0,0.0,2.0,10.0,0.0,0.0,29.0,17.0,40.0,0.0,0.0,4.0,0.0,21.0,12.0,2.0,0.0,0.0,4.0,8.0,5.0,15.0,0.0,19.0
2022,Gujarat,24,Dohad,445,Dahod,36.0,209.0,0.0,20.0,95.0,1.0,0.0,199.0,104.0,4.0,0.0,0.0,12.0,0.0,32.0,15.0,2.0,0.0,4.0,1.0,11.0,6.0,6.0,0.0,34.0
2022,Gujarat,24,Gandhinagar,446,Cid Crime,1.0,0.0,0.0,0.0,0.0,0.0,0.0,0.0,0.0,0.0,0.0,0.0,0.0,0.0,0.0,14.0,2.0,0.0,0.0,0.0,9.0,0.0,23.0,0.0,12.0
2022,Gujarat,24,Gandhinagar,446,Cyber Gandhinagar Range,0.0,0.0,0.0,1.0,0.0,0.0,0.0,2.0,0.0,0.0,0.0,0.0,0.0,0.0,0.0,20.0,4.0,2.0,0.0,2.0,8.0,0.0,1.0,0.0,11.0
2022,Gujarat,24,Gandhinagar,446,Gandhinagar,27.0,101.0,0.0,20.0,56.0,2.0,0.0,119.0,72.0,42.0,1.0,0.0,11.0,0.0,40.0,45.0,14.0,0.0,0.0,6.0,87.0,38.0,49.0,0.0,130.0
2022,Gujarat,24,Gir Somnath,675,Gir Somnath,17.0,66.0,0.0,9.0,20.0,0.0,0.0,73.0,27.0,15.0,0.0,0.0,4.0,0.0,0.0,5.0,1.0,1.0,0.0,0.0,8.0,5.0,1.0,3.0,107.0
2022,Gujarat,24,Jamnagar,447,Jamnagar,22.0,65.0,0.0,21.0,34.0,0.0,0.0,118.0,40.0,44.0,0.0,0.0,7.0,0.0,33.0,31.0,5.0,0.0,3.0,3.0,30.0,14.0,8.0,0.0,961.0
2022,Gujarat,24,Junagadh,448,Cyber Junagadh Range,0.0,0.0,0.0,0.0,0.0,0.0,0.0,0.0,0.0,0.0,0.0,0.0,0.0,0.0,0.0,99.0,42.0,4.0,2.0,6.0,77.0,0.0,0.0,0.0,45.0
2022,Gujarat,24,Junagadh,448,Junagadh,17.0,104.0,0.0,17.0,33.0,3.0,0.0,79.0,42.0,90.0,0.0,1.0,10.0,1.0,42.0,7.0,2.0,1.0,0.0,0.0,36.0,14.0,13.0,2.0,62.0
2022,Gujarat,24,Kachchh,449,Cyber Border Range,0.0,0.0,0.0,0.0,0.0,0.0,0.0,0.0,0.0,0.0,0.0,0.0,0.0,0.0,0.0,0.0,0.0,0.0,0.0,0.0,0.0,0.0,0.0,0.0,0.0
2022,Gujarat,24,Kachchh,449,Kachchh East(G),23.0,91.0,0.0,20.0,83.0,0.0,0.0,114.0,23.0,49.0,2.0,0.0,7.0,0.0,5.0,36.0,11.0,1.0,3.0,0.0,67.0,35.0,15.0,0.0,116.0
2022,Gujarat,24,Kachchh,449,Kachchh West(B),21.0,90.0,0.0,21.0,54.0,1.0,0.0,86.0,39.0,42.0,0.0,0.0,11.0,0.0,46.0,67.0,19.0,3.0,0.0,7.0,90.0,16.0,9.0,1.0,172.0
2022,Gujarat,24,Kheda,450,Kheda,22.0,134.0,0.0,19.0,57.0,0.0,0.0,126.0,66.0,54.0,0.0,0.0,16.0,0.0,14.0,69.0,27.0,0.0,0.0,7.0,63.0,8.0,24.0,0.0,118.0
2022,Gujarat,24,Mahesana,451,Mehsana,26.0,111.0,0.0,16.0,86.0,2.0,0.0,134.0,80.0,61.0,0.0,0.0,4.0,0.0,80.0,31.0,8.0,1.0,1.0,0.0,44.0,28.0,4.0,0.0,176.0
2022,Gujarat,24,Mahisagar,669,Mahisagar,20.0,48.0,0.0,8.0,23.0,0.0,0.0,85.0,44.0,9.0,0.0,0.0,15.0,0.0,9.0,5.0,1.0,1.0,0.0,0.0,9.0,2.0,1.0,0.0,43.0
2022,Gujarat,24,Morbi,673,Morbi,24.0,71.0,0.0,4.0,26.0,2.0,0.0,70.0,41.0,8.0,0.0,0.0,5.0,0.0,21.0,19.0,2.0,2.0,0.0,8.0,13.0,5.0,15.0,0.0,58.0
2022,Gujarat,24,Narmada,452,Narmada,7.0,41.0,0.0,9.0,5.0,0.0,0.0,46.0,36.0,4.0,0.0,0.0,5.0,0.0,47.0,8.0,2.0,0.0,1.0,3.0,11.0,5.0,3.0,0.0,64.0
2022,Gujarat,24,Navsari,453,Navsari,8.0,37.0,0.0,3.0,13.0,0.0,0.0,43.0,21.0,16.0,0.0,0.0,0.0,1.0,21.0,25.0,4.0,2.0,1.0,2.0,17.0,8.0,18.0,0.0,27.0
2022,Gujarat,24,Panch Mahals,454,Cyber Panchmahal Range,0.0,0.0,0.0,0.0,0.0,0.0,0.0,0.0,0.0,0.0,0.0,0.0,0.0,0.0,0.0,8.0,4.0,0.0,0.0,0.0,8.0,0.0,0.0,0.0,4.0
2022,Gujarat,24,Panch Mahals,454,Panchmahal,34.0,158.0,0.0,13.0,55.0,0.0,0.0,182.0,91.0,34.0,0.0,0.0,17.0,3.0,13.0,10.0,0.0,0.0,2.0,2.0,22.0,8.0,17.0,1.0,127.0
2022,Gujarat,24,Patan,455,Patan,26.0,78.0,0.0,20.0,26.0,1.0,0.0,78.0,56.0,24.0,0.0,0.0,8.0,0.0,25.0,29.0,7.0,0.0,2.0,0.0,41.0,21.0,23.0,3.0,133.0
2022,Gujarat,24,Porbandar,456,Porbandar,11.0,39.0,0.0,9.0,14.0,1.0,0.0,42.0,19.0,9.0,0.0,0.0,2.0,0.0,14.0,11.0,1.0,3.0,0.0,3.0,7.0,6.0,3.0,0.0,49.0
2022,Gujarat,24,Rajkot,457,Cyber Rajkot Range,0.0,0.0,0.0,0.0,0.0,0.0,0.0,1.0,0.0,0.0,0.0,0.0,0.0,0.0,0.0,5.0,1.0,1.0,0.0,2.0,0.0,0.0,0.0,0.0,2.0
2022,Gujarat,24,Rajkot,457,Rajkot City,35.0,133.0,0.0,21.0,51.0,2.0,0.0,127.0,82.0,151.0,1.0,0.0,20.0,3.0,30.0,60.0,15.0,3.0,2.0,10.0,125.0,30.0,31.0,9.0,841.0
2022,Gujarat,24,Rajkot,457,Rajkot Rural,33.0,96.0,0.0,17.0,28.0,2.0,0.0,99.0,57.0,85.0,0.0,0.0,11.0,1.0,37.0,24.0,7.0,1.0,0.0,1.0,28.0,13.0,6.0,0.0,888.0
2022,Gujarat,24,Sabar Kantha,458,Sabarkantha,29.0,86.0,0.0,39.0,42.0,1.0,0.0,104.0,59.0,42.0,0.0,0.0,6.0,0.0,17.0,111.0,40.0,2.0,1.0,10.0,109.0,26.0,16.0,0.0,95.0
2022,Gujarat,24,Surat,459,Cyber Surat Range,0.0,0.0,0.0,1.0,0.0,0.0,0.0,4.0,0.0,0.0,0.0,0.0,0.0,0.0,0.0,11.0,2.0,0.0,0.0,6.0,4.0,0.0,0.0,0.0,4.0
2022,Gujarat,24,Surat,459,Surat City,110.0,254.0,0.0,62.0,442.0,1.0,2.0,540.0,215.0,274.0,2.0,0.0,22.0,0.0,155.0,591.0,155.0,149.0,26.0,1.0,573.0,61.0,75.0,0.0,1728.0
2022,Gujarat,24,Surat,459,Surat Rural,42.0,122.0,0.0,10.0,48.0,0.0,0.0,120.0,68.0,25.0,0.0,0.0,5.0,1.0,19.0,31.0,8.0,1.0,3.0,5.0,35.0,24.0,24.0,0.0,154.0
2022,Gujarat,24,Surendranagar,460,Surendranagar,30.0,106.0,0.0,15.0,24.0,2.0,0.0,94.0,57.0,8.0,0.0,0.0,10.0,0.0,24.0,15.0,4.0,1.0,0.0,3.0,13.0,10.0,7.0,0.0,54.0
2022,Gujarat,24,Tapi,641,Tapi,11.0,14.0,0.0,1.0,5.0,0.0,0.0,21.0,7.0,3.0,0.0,0.0,0.0,0.0,7.0,2.0,1.0,0.0,0.0,0.0,4.0,0.0,4.0,0.0,109.0
2022,Gujarat,24,Vadodara,461,Cyber Vadodara Range,0.0,0.0,0.0,0.0,0.0,0.0,0.0,3.0,0.0,0.0,0.0,0.0,0.0,0.0,0.0,13.0,5.0,0.0,0.0,3.0,10.0,0.0,0.0,0.0,5.0
2022,Gujarat,24,Vadodara,461,Vadodara City,17.0,86.0,0.0,31.0,41.0,0.0,2.0,108.0,68.0,70.0,1.0,0.0,5.0,0.0,98.0,102.0,41.0,3.0,2.0,6.0,178.0,9.0,31.0,3.0,264.0
2022,Gujarat,24,Vadodara,461,Vadodara Rural,27.0,91.0,0.0,24.0,31.0,0.0,0.0,143.0,48.0,24.0,0.0,0.0,6.0,4.0,47.0,28.0,6.0,0.0,3.0,2.0,39.0,6.0,16.0,0.0,51.0
2022,Gujarat,24,Vadodara,461,W.Rly Vadodara,0.0,5.0,0.0,4.0,1.0,0.0,0.0,10.0,4.0,0.0,0.0,0.0,0.0,0.0,0.0,0.0,0.0,0.0,0.0,1.0,0.0,0.0,0.0,0.0,0.0
2022,Gujarat,24,Vadodara,461,Western Railway Vadodara,5.0,0.0,0.0,0.0,0.0,0.0,0.0,0.0,0.0,0.0,0.0,0.0,0.0,0.0,12.0,0.0,0.0,0.0,0.0,0.0,2.0,8.0,5.0,0.0,9.0
2022,Gujarat,24,Valsad,462,Valsad,31.0,59.0,0.0,5.0,38.0,0.0,0.0,103.0,37.0,7.0,1.0,0.0,4.0,0.0,33.0,20.0,5.0,2.0,0.0,7.0,21.0,5.0,74.0,0.0,338.0
2022,Haryana,6,Ambala,58,Ambala,29.0,225.0,0.0,129.0,146.0,1.0,4.0,244.0,117.0,327.0,9.0,0.0,9.0,0.0,48.0,31.0,0.0,15.0,3.0,7.0,75.0,18.0,35.0,2.0,500.0
2022,Haryana,6,Ambala,58,Grp,24.0,1.0,0.0,12.0,2.0,0.0,0.0,15.0,3.0,0.0,6.0,0.0,4.0,0.0,10.0,6.0,1.0,0.0,0.0,0.0,1.0,2.0,0.0,0.0,107.0
2022,Haryana,6,Bhiwani,59,Bhiwani,53.0,161.0,19.0,113.0,35.0,0.0,0.0,176.0,88.0,420.0,8.0,0.0,8.0,0.0,45.0,13.0,0.0,1.0,2.0,4.0,25.0,22.0,33.0,1.0,401.0
2022,Haryana,6,Charki Dadri,701,Charkhi Dadri,18.0,51.0,8.0,45.0,17.0,0.0,0.0,83.0,39.0,88.0,5.0,0.0,3.0,0.0,16.0,3.0,0.0,1.0,0.0,2.0,9.0,6.0,9.0,2.0,112.0
2022,Haryana,6,Faridabad,60,Faridabad,87.0,448.0,14.0,125.0,471.0,4.0,5.0,760.0,200.0,408.0,27.0,0.0,17.0,4.0,159.0,84.0,17.0,0.0,2.0,13.0,248.0,21.0,124.0,0.0,1408.0
2022,Haryana,6,Fatehabad,61,Fatehabad,15.0,148.0,4.0,78.0,43.0,0.0,0.0,181.0,70.0,125.0,3.0,0.0,6.0,0.0,62.0,18.0,3.0,0.0,2.0,1.0,68.0,9.0,4.0,1.0,314.0
2022,Haryana,6,Gurugram,62,Gurugram,98.0,535.0,4.0,275.0,269.0,4.0,3.0,604.0,167.0,458.0,18.0,0.0,9.0,3.0,93.0,168.0,0.0,7.0,0.0,36.0,410.0,81.0,5.0,4.0,2476.0
2022,Haryana,6,Gurugram,62,Irrigation And Power,0.0,0.0,0.0,0.0,0.0,0.0,0.0,0.0,0.0,0.0,0.0,0.0,0.0,0.0,0.0,0.0,0.0,0.0,0.0,0.0,0.0,0.0,0.0,0.0,1372.0
2022,Haryana,6,Gurugram,62,Irrigation Andpower,0.0,0.0,0.0,0.0,0.0,0.0,0.0,0.0,0.0,0.0,0.0,0.0,0.0,0.0,0.0,0.0,0.0,0.0,0.0,0.0,0.0,0.0,0.0,0.0,0.0
2022,Haryana,6,Hisar,63,Hansi,13.0,63.0,4.0,69.0,10.0,1.0,0.0,102.0,45.0,109.0,8.0,0.0,8.0,4.0,47.0,14.0,2.0,0.0,2.0,6.0,51.0,10.0,0.0,0.0,229.0
2022,Haryana,6,Hisar,63,Hissar,40.0,275.0,0.0,316.0,18.0,3.0,0.0,319.0,137.0,287.0,4.0,0.0,7.0,2.0,41.0,115.0,6.0,2.0,9.0,0.0,174.0,36.0,3.0,0.0,1609.0
2022,Haryana,6,Jhajjar,64,Jhajjar,64.0,152.0,14.0,95.0,170.0,1.0,0.0,206.0,73.0,294.0,17.0,0.0,6.0,0.0,31.0,26.0,0.0,12.0,0.0,17.0,139.0,83.0,21.0,3.0,257.0
2022,Haryana,6,Jind,65,Jind,39.0,142.0,12.0,89.0,66.0,1.0,0.0,191.0,93.0,207.0,11.0,0.0,10.0,2.0,44.0,8.0,0.0,5.0,0.0,0.0,66.0,37.0,23.0,0.0,328.0
2022,Haryana,6,Kaithal,66,Kaithal,39.0,118.0,3.0,74.0,135.0,1.0,2.0,147.0,56.0,132.0,6.0,1.0,8.0,5.0,43.0,24.0,2.0,0.0,2.0,10.0,100.0,39.0,13.0,1.0,73.0
2022,Haryana,6,Karnal,67,Karnal,73.0,355.0,42.0,209.0,80.0,3.0,1.0,378.0,146.0,342.0,21.0,2.0,18.0,7.0,48.0,25.0,0.0,3.0,0.0,16.0,545.0,14.0,119.0,3.0,983.0
2022,Haryana,6,Kurukshetra,68,Kurukshetra,33.0,291.0,18.0,185.0,218.0,1.0,0.0,235.0,96.0,297.0,5.0,0.0,11.0,0.0,49.0,53.0,1.0,0.0,8.0,0.0,75.0,38.0,29.0,3.0,379.0
2022,Haryana,6,Mahendragarh,69,Mahendergarh,34.0,99.0,1.0,80.0,25.0,0.0,0.0,69.0,46.0,95.0,7.0,0.0,3.0,0.0,25.0,16.0,0.0,4.0,0.0,15.0,39.0,6.0,27.0,5.0,526.0
2022,Haryana,6,Nuh,604,Nuh,26.0,228.0,9.0,73.0,65.0,3.0,2.0,241.0,83.0,93.0,11.0,0.0,1.0,0.0,18.0,42.0,17.0,3.0,2.0,0.0,75.0,20.0,19.0,0.0,567.0
2022,Haryana,6,Palwal,619,Palwal,60.0,188.0,18.0,185.0,54.0,0.0,0.0,278.0,112.0,218.0,24.0,2.0,26.0,0.0,33.0,86.0,27.0,0.0,0.0,14.0,74.0,6.0,26.0,0.0,571.0
2022,Haryana,6,Panchkula,70,Panchkula,13.0,126.0,7.0,71.0,156.0,4.0,0.0,168.0,52.0,130.0,1.0,0.0,3.0,0.0,49.0,32.0,8.0,0.0,7.0,2.0,221.0,18.0,78.0,4.0,837.0
2022,Haryana,6,Panipat,71,Panipat,78.0,378.0,12.0,206.0,706.0,3.0,0.0,697.0,131.0,384.0,8.0,0.0,8.0,23.0,53.0,40.0,2.0,0.0,6.0,7.0,121.0,16.0,34.0,0.0,2282.0
2022,Haryana,6,Rewari,72,Rewari,41.0,158.0,3.0,88.0,70.0,0.0,0.0,144.0,82.0,203.0,10.0,0.0,10.0,0.0,50.0,30.0,1.0,0.0,3.0,1.0,31.0,16.0,25.0,5.0,395.0
2022,Haryana,6,Rohtak,73,Rohtak,65.0,199.0,13.0,138.0,217.0,0.0,2.0,276.0,90.0,251.0,10.0,0.0,9.0,0.0,0.0,28.0,0.0,10.0,0.0,10.0,165.0,72.0,0.0,0.0,261.0
2022,Haryana,6,Sirsa,74,Sirsa,37.0,173.0,7.0,84.0,37.0,0.0,3.0,165.0,89.0,287.0,5.0,1.0,6.0,0.0,32.0,2.0,0.0,0.0,0.0,4.0,53.0,28.0,14.0,1.0,1501.0
2022,Haryana,6,Sonipat,75,Sonipat,77.0,313.0,25.0,230.0,176.0,0.0,1.0,160.0,96.0,383.0,16.0,0.0,8.0,0.0,174.0,30.0,7.0,1.0,1.0,2.0,139.0,121.0,1.0,0.0,684.0
2022,Haryana,6,Yamunanagar,76,Yamunanagar,31.0,313.0,17.0,93.0,287.0,0.0,4.0,299.0,118.0,346.0,11.0,0.0,16.0,0.0,53.0,26.0,0.0,6.0,0.0,25.0,171.0,15.0,0.0,0.0,451.0
2022,Himachal Pradesh,2,Bilaspur,15,Bilaspur,4.0,26.0,9.0,39.0,40.0,0.0,0.0,32.0,0.0,18.0,0.0,0.0,7.0,0.0,10.0,2.0,0.0,0.0,0.0,0.0,12.0,0.0,1.0,0.0,47.0
2022,Himachal Pradesh,2,Chamba,16,Chamba,3.0,71.0,16.0,39.0,23.0,0.0,0.0,43.0,0.0,16.0,0.0,0.0,1.0,0.0,8.0,1.0,0.0,0.0,0.0,1.0,15.0,0.0,0.0,0.0,9.0
2022,Himachal Pradesh,2,Hamirpur,17,Hamirpur,1.0,29.0,5.0,55.0,24.0,0.0,0.0,30.0,1.0,13.0,0.0,0.0,4.0,0.0,9.0,3.0,0.0,0.0,0.0,6.0,4.0,0.0,6.0,0.0,0.0
2022,Himachal Pradesh,2,Kangra,18,Kangra,15.0,109.0,24.0,132.0,106.0,0.0,0.0,108.0,3.0,38.0,1.0,0.0,16.0,0.0,3.0,6.0,0.0,0.0,0.0,6.0,58.0,2.0,18.0,0.0,22.0
2022,Himachal Pradesh,2,Kinnaur,19,Kinnaur,3.0,22.0,8.0,9.0,14.0,0.0,0.0,23.0,0.0,4.0,0.0,0.0,0.0,0.0,4.0,2.0,0.0,0.0,0.0,4.0,6.0,0.0,1.0,0.0,21.0
2022,Himachal Pradesh,2,Kullu,20,Kullu,11.0,60.0,18.0,47.0,66.0,0.0,0.0,71.0,2.0,5.0,0.0,0.0,0.0,0.0,24.0,44.0,9.0,0.0,12.0,4.0,35.0,1.0,2.0,0.0,36.0
2022,Himachal Pradesh,2,Lahul And Spiti,21,Lahaul And Spiti,2.0,1.0,0.0,0.0,0.0,0.0,0.0,0.0,0.0,0.0,0.0,0.0,0.0,0.0,1.0,0.0,0.0,0.0,0.0,0.0,1.0,0.0,2.0,0.0,0.0
2022,Himachal Pradesh,2,Lahul And Spiti,21,Lahaul Andspiti,0.0,1.0,0.0,2.0,0.0,0.0,0.0,0.0,0.0,0.0,0.0,0.0,0.0,0.0,0.0,0.0,0.0,0.0,0.0,0.0,0.0,0.0,0.0,0.0,0.0
2022,Himachal Pradesh,2,Mandi,22,Mandi,9.0,146.0,34.0,100.0,48.0,0.0,0.0,99.0,2.0,29.0,0.0,0.0,10.0,0.0,22.0,7.0,0.0,0.0,0.0,13.0,0.0,1.0,0.0,0.0,24.0
2022,Himachal Pradesh,2,Shimla,23,Cid,0.0,0.0,0.0,0.0,0.0,0.0,0.0,0.0,0.0,0.0,0.0,0.0,0.0,0.0,0.0,0.0,0.0,0.0,0.0,0.0,1.0,0.0,2.0,0.0,3.0
2022,Himachal Pradesh,2,Shimla,23,Cyber,0.0,0.0,0.0,0.0,0.0,0.0,0.0,0.0,0.0,0.0,0.0,0.0,0.0,0.0,0.0,7.0,0.0,0.0,0.0,0.0,0.0,0.0,0.0,0.0,4.0
2022,Himachal Pradesh,2,Shimla,23,Grp,0.0,0.0,0.0,0.0,0.0,0.0,0.0,0.0,0.0,0.0,0.0,0.0,0.0,0.0,0.0,0.0,0.0,0.0,0.0,0.0,0.0,0.0,0.0,0.0,0.0
2022,Himachal Pradesh,2,Shimla,23,Shimla,15.0,113.0,24.0,62.0,53.0,0.0,0.0,85.0,0.0,14.0,0.0,0.0,1.0,0.0,35.0,17.0,0.0,9.0,0.0,2.0,57.0,2.0,0.0,1.0,57.0
2022,Himachal Pradesh,2,Sirmaur,24,Sirmaur,10.0,97.0,27.0,69.0,55.0,0.0,0.0,76.0,0.0,21.0,0.0,0.0,4.0,0.0,21.0,1.0,0.0,0.0,0.0,2.0,44.0,0.0,0.0,0.0,2.0
2022,Himachal Pradesh,2,Solan,25,Baddi,8.0,72.0,24.0,30.0,32.0,0.0,0.0,51.0,0.0,11.0,0.0,0.0,3.0,0.0,19.0,3.0,0.0,0.0,0.0,3.0,12.0,0.0,7.0,1.0,4.0
2022,Himachal Pradesh,2,Solan,25,Solan,4.0,34.0,11.0,32.0,80.0,0.0,0.0,70.0,1.0,5.0,0.0,0.0,2.0,0.0,36.0,3.0,0.0,1.0,0.0,2.0,35.0,1.0,11.0,1.0,14.0
2022,Himachal Pradesh,2,Una,26,Una,7.0,52.0,18.0,44.0,41.0,0.0,0.0,52.0,0.0,24.0,1.0,0.0,8.0,0.0,30.0,2.0,0.0,0.0,0.0,4.0,22.0,1.0,0.0,0.0,0.0
2022,Jammu And Kashmir,1,Anantnag,1,Anantnag,5.0,48.0,0.0,123.0,92.0,0.0,2.0,56.0,12.0,7.0,15.0,0.0,1.0,0.0,0.0,3.0,0.0,1.0,0.0,0.0,43.0,5.0,0.0,0.0,21.0
2022,Jammu And Kashmir,1,Bandipora,623,Bandipora,2.0,16.0,0.0,31.0,25.0,0.0,0.0,9.0,9.0,11.0,0.0,0.0,0.0,0.0,0.0,2.0,0.0,0.0,0.0,2.0,16.0,0.0,0.0,0.0,0.0
2022,Jammu And Kashmir,1,Baramulla,3,Baramulla,9.0,28.0,0.0,87.0,79.0,0.0,0.0,39.0,8.0,24.0,0.0,0.0,1.0,0.0,45.0,1.0,0.0,0.0,0.0,0.0,35.0,3.0,0.0,0.0,6.0
2022,Jammu And Kashmir,1,Baramulla,3,Sopore,0.0,15.0,1.0,85.0,28.0,0.0,0.0,21.0,12.0,8.0,0.0,0.0,0.0,0.0,34.0,0.0,0.0,0.0,0.0,0.0,3.0,4.0,6.0,0.0,8.0
2022,Jammu And Kashmir,1,Budgam,2,Budgam,4.0,50.0,0.0,161.0,63.0,0.0,1.0,22.0,22.0,17.0,0.0,0.0,2.0,0.0,72.0,0.0,0.0,0.0,0.0,0.0,25.0,17.0,20.0,0.0,0.0
2022,Jammu And Kashmir,1,Doda,4,Doda,1.0,30.0,0.0,20.0,21.0,0.0,0.0,6.0,6.0,49.0,0.0,0.0,0.0,0.0,0.0,0.0,0.0,0.0,0.0,0.0,13.0,0.0,0.0,0.0,28.0
2022,Jammu And Kashmir,1,Ganderbal,626,Ganderbal,1.0,36.0,0.0,92.0,38.0,0.0,2.0,44.0,14.0,23.0,2.0,1.0,1.0,0.0,33.0,0.0,0.0,0.0,0.0,0.0,19.0,3.0,9.0,0.0,3.0
2022,Jammu And Kashmir,1,Jammu,5,Anti Narcotic Task Force Jammu,0.0,0.0,0.0,0.0,0.0,0.0,0.0,0.0,0.0,0.0,0.0,0.0,0.0,0.0,0.0,0.0,0.0,0.0,0.0,0.0,0.0,0.0,0.0,0.0,0.0
2022,Jammu And Kashmir,1,Jammu,5,Cice Jammu,0.0,0.0,0.0,0.0,0.0,0.0,0.0,0.0,0.0,0.0,0.0,0.0,0.0,0.0,0.0,6.0,0.0,0.0,0.0,0.0,0.0,0.0,0.0,0.0,0.0
2022,Jammu And Kashmir,1,Jammu,5,Cice Kashmir,0.0,0.0,0.0,0.0,0.0,0.0,0.0,0.0,0.0,0.0,0.0,0.0,0.0,0.0,0.0,6.0,0.0,0.0,0.0,0.0,0.0,0.0,0.0,0.0,0.0
2022,Jammu And Kashmir,1,Jammu,5,Cyber Crime Investigation Center For Excellence Kashmir,0.0,0.0,0.0,0.0,0.0,0.0,0.0,0.0,0.0,0.0,0.0,0.0,0.0,0.0,0.0,0.0,0.0,0.0,0.0,0.0,0.0,0.0,0.0,0.0,0.0
2022,Jammu And Kashmir,1,Jammu,5,Cyber Crime Jammu,0.0,0.0,0.0,0.0,0.0,0.0,0.0,1.0,0.0,0.0,0.0,0.0,0.0,0.0,0.0,60.0,0.0,3.0,0.0,16.0,0.0,0.0,0.0,0.0,0.0
2022,Jammu And Kashmir,1,Jammu,5,Cyber Crime Kashmir,0.0,0.0,0.0,0.0,0.0,0.0,0.0,0.0,0.0,0.0,0.0,0.0,0.0,0.0,0.0,56.0,0.0,17.0,0.0,28.0,0.0,0.0,0.0,0.0,0.0
2022,Jammu And Kashmir,1,Jammu,5,Economic Offences Wing (Eow) Jammu,0.0,0.0,0.0,0.0,0.0,0.0,0.0,0.0,0.0,0.0,0.0,0.0,0.0,0.0,0.0,0.0,0.0,0.0,0.0,0.0,56.0,0.0,0.0,0.0,0.0
2022,Jammu And Kashmir,1,Jammu,5,Economic Offences Wing Jammu,0.0,0.0,0.0,0.0,0.0,0.0,0.0,0.0,0.0,0.0,0.0,0.0,0.0,0.0,0.0,0.0,0.0,0.0,0.0,0.0,0.0,0.0,0.0,0.0,0.0
2022,Jammu And Kashmir,1,Jammu,5,Eow Jammu,0.0,1.0,0.0,0.0,0.0,0.0,0.0,1.0,1.0,0.0,0.0,0.0,0.0,0.0,0.0,14.0,7.0,0.0,0.0,0.0,7.0,0.0,0.0,0.0,7.0
2022,Jammu And Kashmir,1,Jammu,5,Jammu,10.0,142.0,0.0,126.0,247.0,0.0,6.0,182.0,48.0,60.0,4.0,0.0,17.0,0.0,43.0,9.0,0.0,0.0,0.0,0.0,0.0,4.0,161.0,0.0,553.0
2022,Jammu And Kashmir,1,Jammu,5,Railways Jammu,0.0,0.0,0.0,0.0,0.0,0.0,0.0,0.0,0.0,0.0,0.0,0.0,0.0,0.0,0.0,0.0,0.0,0.0,0.0,0.0,0.0,0.0,0.0,0.0,1.0
2022,Jammu And Kashmir,1,Jammu,5,Railways Kashmir,0.0,1.0,0.0,0.0,0.0,0.0,0.0,1.0,1.0,0.0,0.0,0.0,0.0,0.0,0.0,0.0,0.0,0.0,0.0,0.0,0.0,0.0,0.0,0.0,0.0
2022,Jammu And Kashmir,1,Jammu,5,Special Crime Wing Jammu,0.0,0.0,0.0,0.0,0.0,0.0,0.0,0.0,0.0,0.0,0.0,0.0,0.0,0.0,0.0,0.0,0.0,0.0,0.0,0.0,12.0,0.0,0.0,0.0,0.0
2022,Jammu And Kashmir,1,Jammu,5,Special Crime Wing Kashmir,0.0,0.0,0.0,0.0,0.0,0.0,0.0,0.0,0.0,0.0,0.0,0.0,0.0,0.0,0.0,0.0,0.0,0.0,0.0,0.0,0.0,0.0,0.0,0.0,0.0
2022,Jammu And Kashmir,1,Kathua,7,Kathua,8.0,38.0,1.0,12.0,70.0,1.0,0.0,46.0,9.0,13.0,1.0,0.0,3.0,0.0,28.0,2.0,0.0,0.0,1.0,0.0,0.0,2.0,2.0,0.0,146.0
2022,Jammu And Kashmir,1,Kishtwar,620,Kishtwar,0.0,11.0,0.0,7.0,30.0,0.0,2.0,18.0,6.0,6.0,0.0,0.0,0.0,0.0,14.0,0.0,0.0,0.0,0.0,0.0,8.0,0.0,1.0,0.0,28.0
2022,Jammu And Kashmir,1,Kulgam,622,Kulgam,0.0,26.0,0.0,135.0,41.0,0.0,0.0,11.0,11.0,4.0,0.0,0.0,0.0,0.0,0.0,0.0,0.0,0.0,0.0,0.0,20.0,5.0,0.0,0.0,156.0
2022,Jammu And Kashmir,1,Kupwara,8,Handwara,0.0,3.0,2.0,36.0,46.0,0.0,0.0,20.0,3.0,11.0,0.0,0.0,2.0,0.0,0.0,0.0,0.0,0.0,0.0,0.0,6.0,3.0,0.0,0.0,139.0
2022,Jammu And Kashmir,1,Kupwara,8,Kupwara,2.0,41.0,0.0,47.0,46.0,0.0,0.0,30.0,11.0,38.0,0.0,0.0,0.0,0.0,0.0,0.0,0.0,0.0,0.0,0.0,19.0,1.0,0.0,0.0,34.0
2022,Jammu And Kashmir,1,Poonch,10,Poonch,4.0,55.0,0.0,30.0,59.0,0.0,0.0,48.0,15.0,25.0,0.0,0.0,0.0,0.0,33.0,1.0,0.0,0.0,0.0,2.0,11.0,0.0,19.0,0.0,4.0
2022,Jammu And Kashmir,1,Pulwama,11,Awantipora,0.0,13.0,0.0,60.0,26.0,0.0,0.0,9.0,3.0,7.0,0.0,0.0,0.0,0.0,9.0,0.0,0.0,0.0,0.0,0.0,11.0,3.0,0.0,0.0,93.0
2022,Jammu And Kashmir,1,Pulwama,11,Pulwama,6.0,18.0,0.0,67.0,24.0,0.0,0.0,13.0,13.0,4.0,0.0,0.0,4.0,0.0,0.0,0.0,0.0,0.0,0.0,0.0,13.0,2.0,2.0,0.0,0.0
2022,Jammu And Kashmir,1,Rajouri,12,Rajouri,11.0,80.0,3.0,138.0,82.0,0.0,0.0,60.0,16.0,58.0,0.0,0.0,4.0,1.0,38.0,4.0,0.0,1.0,0.0,2.0,26.0,2.0,13.0,0.0,4.0
2022,Jammu And Kashmir,1,Ramban,621,Ramban,2.0,13.0,0.0,24.0,17.0,0.0,0.0,22.0,9.0,11.0,0.0,0.0,1.0,4.0,17.0,6.0,0.0,0.0,0.0,0.0,8.0,0.0,0.0,0.0,99.0
2022,Jammu And Kashmir,1,Reasi,627,Railways Katra,1.0,2.0,0.0,0.0,0.0,0.0,0.0,0.0,0.0,0.0,0.0,0.0,0.0,0.0,0.0,0.0,0.0,0.0,0.0,0.0,0.0,0.0,0.0,0.0,0.0
2022,Jammu And Kashmir,1,Reasi,627,Reasi,7.0,51.0,0.0,29.0,37.0,0.0,0.0,56.0,20.0,5.0,0.0,0.0,2.0,0.0,7.0,2.0,0.0,0.0,1.0,0.0,27.0,0.0,0.0,0.0,40.0
2022,Jammu And Kashmir,1,Samba,624,Samba,0.0,38.0,0.0,6.0,24.0,0.0,0.0,36.0,14.0,8.0,2.0,0.0,1.0,0.0,27.0,1.0,0.0,0.0,0.0,1.0,0.0,0.0,0.0,0.0,62.0
2022,Jammu And Kashmir,1,Shopian,625,Shopian,4.0,11.0,0.0,39.0,26.0,0.0,0.0,9.0,9.0,7.0,0.0,0.0,0.0,0.0,0.0,0.0,0.0,0.0,0.0,0.0,10.0,8.0,0.0,0.0,91.0
2022,Jammu And Kashmir,1,Srinagar,13,Anti Narcotic Task Force Kashmir,0.0,0.0,0.0,0.0,0.0,0.0,0.0,0.0,0.0,0.0,0.0,0.0,0.0,0.0,0.0,0.0,0.0,0.0,0.0,0.0,0.0,0.0,0.0,0.0,0.0
2022,Jammu And Kashmir,1,Srinagar,13,Economic Offences Wing (Eow) Kashmir,0.0,0.0,0.0,0.0,0.0,0.0,0.0,0.0,0.0,0.0,0.0,0.0,0.0,0.0,0.0,0.0,0.0,0.0,0.0,0.0,0.0,0.0,0.0,0.0,0.0
2022,Jammu And Kashmir,1,Srinagar,13,Economic Offences Wing Kashmir,0.0,0.0,0.0,0.0,0.0,0.0,0.0,0.0,0.0,0.0,0.0,0.0,0.0,0.0,0.0,0.0,0.0,0.0,0.0,0.0,0.0,0.0,0.0,0.0,0.0
2022,Jammu And Kashmir,1,Srinagar,13,Eow Kashmir,0.0,0.0,0.0,0.0,0.0,0.0,0.0,0.0,0.0,0.0,0.0,0.0,0.0,0.0,0.0,5.0,0.0,0.0,0.0,0.0,0.0,0.0,0.0,0.0,0.0
2022,Jammu And Kashmir,1,Srinagar,13,Special Crime Wing Kashmir,0.0,0.0,0.0,0.0,0.0,0.0,0.0,0.0,0.0,0.0,0.0,0.0,0.0,0.0,0.0,1.0,0.0,0.0,0.0,0.0,15.0,0.0,0.0,0.0,0.0
2022,Jammu And Kashmir,1,Srinagar,13,Srinagar,13.0,41.0,2.0,227.0,179.0,0.0,4.0,108.0,26.0,70.0,2.0,2.0,1.0,1.0,40.0,2.0,0.0,0.0,0.0,0.0,5.0,26.0,78.0,0.0,85.0
2022,Jammu And Kashmir,1,Udhampur,14,Udhampur,13.0,32.0,2.0,43.0,66.0,0.0,0.0,52.0,26.0,34.0,0.0,0.0,2.0,0.0,33.0,5.0,0.0,2.0,0.0,0.0,33.0,0.0,0.0,0.0,13.0
2022,Jharkhand,20,Bokaro,322,Bokaro,52.0,246.0,0.0,79.0,81.0,0.0,0.0,127.0,45.0,64.0,119.0,0.0,1.0,0.0,0.0,20.0,0.0,7.0,0.0,0.0,0.0,25.0,0.0,0.0,94.0
2022,Jharkhand,20,Chatra,323,Chatra,53.0,87.0,4.0,13.0,43.0,1.0,3.0,39.0,18.0,11.0,55.0,1.0,0.0,1.0,0.0,15.0,0.0,0.0,0.0,0.0,50.0,34.0,18.0,0.0,151.0
2022,Jharkhand,20,Deoghar,324,Deoghar,86.0,121.0,17.0,121.0,48.0,4.0,0.0,52.0,4.0,40.0,179.0,0.0,0.0,0.0,0.0,97.0,0.0,0.0,0.0,0.0,34.0,48.0,22.0,0.0,279.0
2022,Jharkhand,20,Dhanbad,325,Dhanbad,80.0,158.0,20.0,116.0,35.0,4.0,3.0,146.0,134.0,62.0,182.0,0.0,0.0,0.0,0.0,47.0,0.0,47.0,0.0,0.0,5.0,46.0,187.0,0.0,884.0
2022,Jharkhand,20,Dhanbad,325,Dhanbad Railway,2.0,0.0,0.0,2.0,0.0,0.0,6.0,3.0,0.0,0.0,0.0,0.0,0.0,0.0,0.0,0.0,0.0,0.0,0.0,0.0,0.0,0.0,1.0,0.0,1.0
2022,Jharkhand,20,Dumka,326,Dumka,70.0,113.0,4.0,36.0,37.0,4.0,9.0,67.0,42.0,7.0,43.0,1.0,4.0,0.0,0.0,24.0,0.0,17.0,0.0,8.0,38.0,29.0,3.0,0.0,56.0
2022,Jharkhand,20,East Singhbum,327,Jamshedpur,80.0,179.0,7.0,48.0,122.0,0.0,1.0,25.0,25.0,74.0,139.0,0.0,2.0,0.0,0.0,115.0,0.0,73.0,0.0,0.0,399.0,180.0,109.0,3.0,49.0
2022,Jharkhand,20,East Singhbum,327,Jamshedpur Railway,5.0,0.0,0.0,2.0,2.0,0.0,0.0,3.0,2.0,0.0,0.0,0.0,0.0,0.0,2.0,1.0,0.0,1.0,0.0,0.0,0.0,1.0,0.0,0.0,0.0
2022,Jharkhand,20,Garhwa,328,Garhwa,91.0,131.0,0.0,70.0,33.0,3.0,5.0,137.0,75.0,59.0,83.0,0.0,0.0,0.0,0.0,18.0,0.0,6.0,0.0,0.0,82.0,15.0,15.0,0.0,105.0
2022,Jharkhand,20,Giridih,329,Giridih,69.0,248.0,36.0,88.0,120.0,1.0,11.0,216.0,10.0,74.0,150.0,0.0,0.0,0.0,0.0,57.0,0.0,19.0,0.0,0.0,138.0,28.0,16.0,0.0,174.0
2022,Jharkhand,20,Godda,330,Godda,47.0,120.0,2.0,162.0,43.0,1.0,16.0,82.0,24.0,38.0,132.0,1.0,1.0,0.0,0.0,26.0,0.0,15.0,1.0,0.0,82.0,14.0,0.0,0.0,478.0
2022,Jharkhand,20,Gumla,331,Gumla,89.0,264.0,52.0,19.0,81.0,1.0,39.0,177.0,52.0,11.0,31.0,0.0,7.0,5.0,95.0,31.0,14.0,0.0,0.0,2.0,12.0,14.0,61.0,0.0,41.0
2022,Jharkhand,20,Hazaribagh,332,Hazaribagh,90.0,169.0,27.0,40.0,49.0,0.0,2.0,101.0,62.0,61.0,142.0,0.0,8.0,0.0,86.0,87.0,26.0,2.0,12.0,0.0,212.0,38.0,98.0,0.0,86.0
2022,Jharkhand,20,Jamtara,333,Jamtara,27.0,52.0,2.0,21.0,9.0,3.0,1.0,43.0,28.0,21.0,42.0,0.0,0.0,0.0,0.0,159.0,75.0,9.0,0.0,0.0,100.0,13.0,0.0,0.0,109.0
2022,Jharkhand,20,Khunti,606,Khunti,67.0,75.0,0.0,6.0,0.0,0.0,13.0,33.0,28.0,16.0,10.0,0.0,0.0,0.0,0.0,10.0,0.0,10.0,0.0,0.0,0.0,14.0,0.0,0.0,47.0
2022,Jharkhand,20,Koderma,334,Koderma,22.0,104.0,0.0,60.0,24.0,2.0,1.0,62.0,31.0,30.0,20.0,0.0,0.0,0.0,0.0,26.0,0.0,5.0,0.0,2.0,2.0,8.0,3.0,0.0,82.0
2022,Jharkhand,20,Latehar,335,Latehar,50.0,92.0,1.0,35.0,31.0,2.0,10.0,28.0,27.0,17.0,27.0,0.0,5.0,0.0,0.0,32.0,0.0,1.0,0.0,2.0,47.0,10.0,1.0,0.0,4.0
2022,Jharkhand,20,Lohardaga,336,Lohardagga,28.0,83.0,0.0,22.0,31.0,0.0,2.0,19.0,13.0,8.0,42.0,0.0,4.0,0.0,0.0,10.0,0.0,5.0,0.0,0.0,43.0,9.0,0.0,0.0,0.0
2022,Jharkhand,20,Pakur,337,Pakur,28.0,113.0,5.0,19.0,10.0,2.0,1.0,46.0,13.0,38.0,112.0,0.0,0.0,0.0,0.0,14.0,0.0,0.0,0.0,0.0,34.0,5.0,5.0,0.0,45.0
2022,Jharkhand,20,Palamu,338,Palamu,87.0,150.0,9.0,100.0,51.0,16.0,0.0,129.0,46.0,90.0,132.0,0.0,8.0,0.0,0.0,38.0,0.0,1.0,0.0,20.0,76.0,43.0,53.0,0.0,25.0
2022,Jharkhand,20,Ramgarh,607,Ramgarh,27.0,57.0,3.0,16.0,37.0,0.0,0.0,38.0,38.0,12.0,57.0,0.0,0.0,0.0,0.0,48.0,13.0,0.0,0.0,0.0,78.0,12.0,11.0,0.0,59.0
2022,Jharkhand,20,Ranchi,339,Ranchi,156.0,446.0,50.0,71.0,26.0,2.0,26.0,129.0,50.0,114.0,154.0,0.0,0.0,0.0,0.0,177.0,0.0,130.0,0.0,0.0,221.0,160.0,193.0,0.0,1004.0
2022,Jharkhand,20,Sahebganj,340,Sahebganj,47.0,94.0,0.0,21.0,70.0,1.0,11.0,84.0,46.0,29.0,94.0,0.0,0.0,0.0,0.0,20.0,0.0,0.0,0.0,0.0,83.0,23.0,0.0,0.0,11.0
2022,Jharkhand,20,Saraikela Kharsawan,341,Saraikela,61.0,46.0,6.0,19.0,3.0,0.0,0.0,37.0,20.0,20.0,45.0,0.0,0.0,0.0,0.0,17.0,0.0,15.0,0.0,0.0,88.0,14.0,2.0,0.0,2.0
2022,Jharkhand,20,Simdega,342,Simdega,50.0,118.0,24.0,0.0,25.0,0.0,15.0,54.0,24.0,10.0,0.0,0.0,0.0,1.0,0.0,16.0,0.0,16.0,0.0,0.0,22.0,9.0,0.0,0.0,0.0
2022,Jharkhand,20,West Singhbhum,343,Chaibasa,110.0,115.0,3.0,20.0,13.0,0.0,5.0,40.0,35.0,11.0,14.0,0.0,1.0,0.0,0.0,16.0,0.0,16.0,0.0,0.0,11.0,26.0,0.0,0.0,43.0
2022,Karnataka,29,Bagalkote,524,Bagalkot,42.0,58.0,0.0,159.0,60.0,0.0,0.0,123.0,51.0,34.0,31.0,0.0,9.0,0.0,0.0,21.0,0.0,7.0,0.0,10.0,76.0,15.0,9.0,0.0,39.0
2022,Karnataka,29,Ballari,528,Ballari,28.0,44.0,0.0,81.0,65.0,0.0,0.0,102.0,43.0,65.0,46.0,0.0,0.0,0.0,0.0,44.0,0.0,8.0,0.0,7.0,82.0,22.0,10.0,1.0,26.0
2022,Karnataka,29,Belagavi,527,Belagavi City,40.0,35.0,0.0,44.0,51.0,0.0,1.0,114.0,28.0,88.0,4.0,0.0,8.0,4.0,4.0,109.0,0.0,1.0,0.0,19.0,121.0,22.0,4.0,3.0,17.0
2022,Karnataka,29,Belagavi,527,Belagavi District,76.0,139.0,0.0,276.0,157.0,0.0,0.0,264.0,128.0,127.0,20.0,0.0,11.0,0.0,4.0,30.0,0.0,16.0,0.0,28.0,139.0,44.0,39.0,1.0,82.0
2022,Karnataka,29,Belagavi,527,K.G.F.,13.0,36.0,0.0,39.0,25.0,0.0,0.0,56.0,30.0,13.0,18.0,0.0,3.0,0.0,20.0,55.0,0.0,0.0,0.0,8.0,28.0,11.0,4.0,0.0,5.0
2022,Karnataka,29,Bengaluru Urban,525,Bengaluru City,182.0,673.0,0.0,786.0,1489.0,25.0,14.0,1578.0,470.0,584.0,993.0,7.0,90.0,8.0,224.0,9940.0,0.0,2920.0,0.0,487.0,2462.0,626.0,151.0,155.0,647.0
2022,Karnataka,29,Bengaluru Urban,525,Bengaluru District,74.0,95.0,0.0,158.0,435.0,3.0,0.0,376.0,103.0,149.0,48.0,0.0,15.0,0.0,0.0,239.0,0.0,5.0,0.0,43.0,375.0,109.0,36.0,5.0,29.0
2022,Karnataka,29,Bengaluru Urban,525,K.Railways,11.0,2.0,0.0,4.0,7.0,0.0,1.0,12.0,2.0,3.0,0.0,0.0,0.0,0.0,0.0,0.0,0.0,0.0,0.0,0.0,4.0,55.0,1.0,0.0,5.0
2022,Karnataka,29,Bidar,529,Bidar,60.0,62.0,1.0,54.0,47.0,1.0,0.0,144.0,51.0,110.0,30.0,0.0,8.0,3.0,14.0,19.0,0.0,3.0,0.0,10.0,43.0,57.0,15.0,4.0,42.0
2022,Karnataka,29,Chamarajanagara,531,Chamarajnagar,19.0,47.0,0.0,157.0,24.0,0.0,0.0,116.0,48.0,19.0,30.0,0.0,3.0,0.0,17.0,20.0,0.0,1.0,0.0,0.0,21.0,10.0,3.0,0.0,33.0
2022,Karnataka,29,Chikkaballapura,630,Chikkaballapura,30.0,135.0,0.0,147.0,53.0,1.0,2.0,248.0,138.0,51.0,47.0,0.0,14.0,2.0,10.0,96.0,0.0,0.0,0.0,0.0,93.0,33.0,6.0,0.0,23.0
2022,Karnataka,29,Chikkamagaluru,532,Chikkamagaluru,16.0,86.0,0.0,223.0,77.0,0.0,0.0,219.0,125.0,43.0,44.0,0.0,6.0,5.0,4.0,69.0,0.0,66.0,0.0,1.0,68.0,20.0,9.0,2.0,11.0
2022,Karnataka,29,Chitradurga,533,Chitradurga,32.0,77.0,0.0,387.0,86.0,0.0,0.0,210.0,103.0,72.0,54.0,0.0,13.0,0.0,0.0,50.0,0.0,6.0,0.0,4.0,101.0,36.0,8.0,1.0,65.0
2022,Karnataka,29,Dakshina Kannada,534,Dakshina Kannada,23.0,61.0,0.0,59.0,29.0,0.0,0.0,162.0,69.0,31.0,4.0,0.0,3.0,0.0,4.0,30.0,0.0,17.0,1.0,13.0,33.0,17.0,4.0,0.0,16.0
2022,Karnataka,29,Dakshina Kannada,534,Mangaluru City,12.0,65.0,0.0,87.0,31.0,2.0,6.0,148.0,67.0,32.0,20.0,0.0,4.0,0.0,2.0,68.0,0.0,33.0,0.0,20.0,77.0,29.0,4.0,2.0,14.0
2022,Karnataka,29,Davangere,535,Davanagere,32.0,97.0,1.0,219.0,186.0,2.0,6.0,239.0,94.0,59.0,100.0,0.0,9.0,0.0,4.0,91.0,0.0,86.0,0.0,6.0,7.0,65.0,15.0,1.0,54.0
2022,Karnataka,29,Dharwad,536,Dharwad,26.0,26.0,1.0,47.0,18.0,0.0,0.0,79.0,33.0,42.0,5.0,0.0,1.0,0.0,0.0,12.0,0.0,11.0,0.0,2.0,39.0,13.0,0.0,0.0,9.0
2022,Karnataka,29,Dharwad,536,Hubballi Dharwad City,17.0,43.0,0.0,55.0,31.0,0.0,0.0,86.0,39.0,87.0,2.0,0.0,4.0,0.0,23.0,343.0,0.0,30.0,0.0,43.0,111.0,42.0,12.0,6.0,16.0
2022,Karnataka,29,Gadag,537,Gadag,24.0,45.0,0.0,57.0,22.0,0.0,0.0,72.0,35.0,23.0,7.0,0.0,4.0,0.0,7.0,16.0,0.0,2.0,0.0,7.0,39.0,10.0,2.0,0.0,6.0
2022,Karnataka,29,Hassan,539,Hassan,63.0,135.0,0.0,273.0,132.0,1.0,2.0,257.0,152.0,50.0,83.0,0.0,9.0,0.0,13.0,43.0,0.0,3.0,0.0,8.0,118.0,48.0,10.0,0.0,56.0
2022,Karnataka,29,Haveri,540,Haveri,16.0,89.0,0.0,112.0,121.0,0.0,0.0,146.0,78.0,36.0,35.0,0.0,6.0,0.0,16.0,118.0,0.0,0.0,0.0,0.0,72.0,37.0,4.0,0.0,26.0
2022,Karnataka,29,Kalaburagi,538,Kalaburgi,61.0,71.0,0.0,118.0,58.0,0.0,0.0,134.0,55.0,101.0,6.0,0.0,12.0,0.0,17.0,20.0,0.0,1.0,0.0,9.0,26.0,17.0,1.0,1.0,41.0
2022,Karnataka,29,Kalaburagi,538,Kalaburgi City,30.0,29.0,1.0,41.0,45.0,1.0,0.0,87.0,18.0,53.0,53.0,0.0,4.0,0.0,7.0,18.0,0.0,0.0,0.0,4.0,89.0,35.0,7.0,3.0,31.0
2022,Karnataka,29,Kodagu,541,Kodagu,19.0,73.0,0.0,54.0,60.0,0.0,0.0,129.0,66.0,24.0,2.0,0.0,3.0,6.0,8.0,28.0,0.0,20.0,0.0,8.0,27.0,13.0,4.0,0.0,13.0
2022,Karnataka,29,Kolar,542,Kolar,31.0,84.0,0.0,130.0,114.0,0.0,0.0,152.0,69.0,23.0,43.0,0.0,1.0,0.0,9.0,55.0,0.0,0.0,0.0,6.0,96.0,28.0,16.0,0.0,45.0
2022,Karnataka,29,Koppal,543,Koppal,19.0,81.0,0.0,111.0,71.0,0.0,2.0,152.0,71.0,96.0,5.0,0.0,2.0,0.0,0.0,22.0,0.0,11.0,0.0,8.0,47.0,13.0,1.0,0.0,30.0
2022,Karnataka,29,Mandya,544,Mandya,63.0,87.0,0.0,344.0,119.0,1.0,0.0,275.0,100.0,92.0,44.0,0.0,11.0,0.0,44.0,56.0,0.0,47.0,0.0,0.0,67.0,61.0,14.0,3.0,59.0
2022,Karnataka,29,Mysuru,545,Mysuru City,27.0,65.0,0.0,84.0,106.0,1.0,0.0,136.0,55.0,43.0,122.0,0.0,7.0,1.0,2.0,274.0,0.0,165.0,0.0,19.0,133.0,106.0,25.0,0.0,9.0
2022,Karnataka,29,Mysuru,545,Mysuru District,66.0,123.0,0.0,288.0,81.0,0.0,0.0,306.0,135.0,97.0,31.0,0.0,6.0,0.0,32.0,54.0,0.0,38.0,0.0,20.0,106.0,37.0,4.0,7.0,54.0
2022,Karnataka,29,Raichur,546,Raichur,46.0,93.0,0.0,217.0,59.0,1.0,0.0,141.0,52.0,115.0,66.0,0.0,7.0,0.0,0.0,25.0,0.0,1.0,0.0,12.0,76.0,18.0,3.0,3.0,24.0
2022,Karnataka,29,Ramanagara,631,Ramanagara,46.0,97.0,0.0,292.0,197.0,1.0,2.0,239.0,92.0,46.0,72.0,0.0,0.0,0.0,0.0,239.0,0.0,204.0,0.0,32.0,164.0,60.0,12.0,2.0,21.0
2022,Karnataka,29,Shivamogga,547,Shimoga,33.0,192.0,0.0,328.0,192.0,2.0,0.0,355.0,185.0,92.0,100.0,0.0,15.0,0.0,29.0,25.0,0.0,16.0,0.0,13.0,212.0,56.0,10.0,2.0,16.0
2022,Karnataka,29,Tumakuru,548,Tumakuru,85.0,107.0,0.0,286.0,237.0,0.0,0.0,473.0,104.0,65.0,118.0,0.0,0.0,36.0,40.0,154.0,0.0,5.0,0.0,18.0,201.0,84.0,38.0,4.0,36.0
2022,Karnataka,29,Udupi,549,Udupi,17.0,66.0,0.0,76.0,32.0,1.0,0.0,110.0,68.0,30.0,21.0,0.0,4.0,2.0,8.0,60.0,6.0,22.0,0.0,28.0,94.0,18.0,15.0,2.0,29.0
2022,Karnataka,29,Uttara Kannada,550,Uttara Kannada,18.0,68.0,0.0,165.0,77.0,2.0,0.0,206.0,65.0,21.0,22.0,0.0,6.0,1.0,16.0,48.0,0.0,40.0,0.0,9.0,82.0,31.0,18.0,6.0,41.0
2022,Karnataka,29,Vijayanagar,738,Vijayanagara,15.0,64.0,0.0,82.0,41.0,2.0,0.0,101.0,62.0,57.0,31.0,0.0,3.0,0.0,6.0,5.0,0.0,0.0,0.0,1.0,68.0,13.0,12.0,0.0,36.0
2022,Karnataka,29,Vijayapura,530,Vijayapura,62.0,76.0,0.0,142.0,127.0,0.0,0.0,156.0,53.0,107.0,11.0,0.0,0.0,0.0,56.0,59.0,0.0,30.0,0.0,18.0,95.0,17.0,17.0,1.0,45.0
2022,Karnataka,29,Yadgir,635,Yadgiri,22.0,64.0,0.0,98.0,38.0,0.0,0.0,85.0,49.0,32.0,21.0,0.0,0.0,0.0,19.0,8.0,0.0,6.0,0.0,4.0,27.0,3.0,2.0,0.0,23.0
2022,Kerala,32,Alappuzha,554,Alapuzha,17.0,156.0,0.0,285.0,17.0,1.0,0.0,258.0,212.0,223.0,0.0,1.0,6.0,9.0,11.0,76.0,12.0,16.0,7.0,5.0,837.0,55.0,25.0,0.0,273.0
2022,Kerala,32,Ernakulam,555,Ernakulam Commissionerate,16.0,266.0,2.0,387.0,15.0,0.0,1.0,0.0,1.0,161.0,1.0,0.0,1.0,0.0,25.0,164.0,16.0,7.0,10.0,26.0,406.0,77.0,37.0,0.0,360.0
2022,Kerala,32,Ernakulam,555,Ernakulam Commr.,3.0,0.0,0.0,62.0,11.0,0.0,0.0,206.0,89.0,0.0,0.0,0.0,0.0,16.0,0.0,0.0,0.0,0.0,0.0,0.0,0.0,0.0,0.0,0.0,0.0
2022,Kerala,32,Ernakulam,555,Ernakulam Rural,22.0,208.0,4.0,612.0,47.0,1.0,3.0,306.0,150.0,378.0,0.0,1.0,0.0,7.0,29.0,40.0,15.0,2.0,0.0,3.0,403.0,68.0,38.0,0.0,763.0
2022,Kerala,32,Idukki,556,Idukki,36.0,209.0,7.0,272.0,14.0,0.0,0.0,266.0,174.0,116.0,1.0,0.0,3.0,5.0,4.0,51.0,1.0,1.0,0.0,3.0,243.0,19.0,29.0,0.0,243.0
2022,Kerala,32,Kannur,557,Kannur City,8.0,62.0,0.0,102.0,2.0,0.0,0.0,132.0,101.0,163.0,0.0,0.0,1.0,3.0,6.0,14.0,0.0,2.0,0.0,4.0,140.0,33.0,6.0,0.0,260.0
2022,Kerala,32,Kannur,557,Kannur Rural,3.0,47.0,0.0,90.0,8.0,0.0,37.0,141.0,109.0,127.0,0.0,0.0,2.0,6.0,12.0,1.0,0.0,0.0,0.0,2.0,112.0,16.0,12.0,0.0,150.0
2022,Kerala,32,Kasaragod,558,Kasargod,7.0,129.0,0.0,105.0,9.0,0.0,4.0,215.0,160.0,139.0,0.0,0.0,2.0,15.0,12.0,26.0,0.0,0.0,9.0,10.0,226.0,29.0,7.0,1.0,214.0
2022,Kerala,32,Kollam,559,Kollam Commissionerate,12.0,116.0,0.0,210.0,6.0,0.0,14.0,0.0,0.0,394.0,1.0,0.0,2.0,0.0,34.0,12.0,0.0,1.0,0.0,4.0,304.0,34.0,11.0,1.0,229.0
2022,Kerala,32,Kollam,559,Kollam Commr.,0.0,0.0,0.0,0.0,6.0,0.0,3.0,203.0,174.0,0.0,0.0,0.0,0.0,0.0,0.0,0.0,0.0,0.0,0.0,0.0,0.0,0.0,0.0,0.0,0.0
2022,Kerala,32,Kollam,559,Kollam Rural,20.0,151.0,3.0,263.0,11.0,0.0,0.0,249.0,213.0,243.0,0.0,1.0,11.0,5.0,13.0,61.0,16.0,3.0,0.0,14.0,1269.0,28.0,4.0,0.0,228.0
2022,Kerala,32,Kottayam,560,Kottayam,18.0,169.0,1.0,414.0,43.0,0.0,0.0,251.0,111.0,163.0,1.0,0.0,1.0,6.0,18.0,25.0,1.0,0.0,0.0,26.0,355.0,29.0,12.0,0.0,431.0
2022,Kerala,32,Kozhikode,561,Kozhikode Commissionerate,7.0,131.0,2.0,271.0,31.0,0.0,2.0,0.0,0.0,356.0,0.0,0.0,0.0,0.0,30.0,84.0,12.0,3.0,6.0,2.0,151.0,57.0,38.0,1.0,313.0
2022,Kerala,32,Kozhikode,561,Kozhikode Commr.,0.0,0.0,0.0,84.0,34.0,0.0,1.0,265.0,69.0,0.0,0.0,0.0,0.0,36.0,0.0,0.0,0.0,0.0,0.0,0.0,0.0,0.0,0.0,0.0,0.0
2022,Kerala,32,Kozhikode,561,Kozhikode Rural,14.0,157.0,1.0,481.0,51.0,4.0,0.0,301.0,87.0,418.0,0.0,0.0,2.0,10.0,40.0,48.0,12.0,2.0,1.0,6.0,164.0,28.0,21.0,0.0,121.0
2022,Kerala,32,Malappuram,562,Malappuram,27.0,312.0,2.0,672.0,65.0,0.0,2.0,621.0,256.0,644.0,1.0,0.0,12.0,46.0,68.0,87.0,4.0,1.0,13.0,21.0,229.0,48.0,57.0,0.0,228.0
2022,Kerala,32,Palakkad,563,Palakkad,39.0,194.0,0.0,415.0,48.0,0.0,0.0,345.0,158.0,329.0,0.0,0.0,2.0,0.0,16.0,122.0,44.0,5.0,0.0,56.0,328.0,74.0,22.0,0.0,192.0
2022,Kerala,32,Pathanamthitta,564,Pathanamthitta,11.0,182.0,2.0,207.0,25.0,0.0,0.0,261.0,192.0,124.0,29.0,1.0,5.0,12.0,31.0,47.0,7.0,0.0,0.0,5.0,1039.0,26.0,17.0,0.0,279.0
2022,Kerala,32,Thiruvananthapuram,565,Crime Branch,0.0,0.0,0.0,0.0,0.0,0.0,0.0,0.0,0.0,0.0,0.0,0.0,0.0,0.0,0.0,0.0,0.0,0.0,0.0,0.0,17.0,0.0,2.0,0.0,1.0
2022,Kerala,32,Thiruvananthapuram,565,Railways,0.0,5.0,0.0,60.0,3.0,0.0,18.0,17.0,8.0,0.0,0.0,0.0,0.0,0.0,3.0,2.0,0.0,0.0,0.0,0.0,2.0,19.0,0.0,0.0,6.0
2022,Kerala,32,Thiruvananthapuram,565,Trivandrum Commissionerate,23.0,138.0,2.0,222.0,8.0,0.0,0.0,0.0,0.0,137.0,1.0,0.0,0.0,0.0,9.0,93.0,0.0,13.0,0.0,72.0,316.0,62.0,53.0,3.0,143.0
2022,Kerala,32,Thiruvananthapuram,565,Trivandrum Commr.,1.0,0.0,0.0,2.0,10.0,0.0,0.0,223.0,158.0,0.0,0.0,0.0,0.0,4.0,0.0,0.0,0.0,0.0,0.0,0.0,0.0,0.0,0.0,0.0,0.0
2022,Kerala,32,Thiruvananthapuram,565,Trivandrum Rural,34.0,290.0,9.0,484.0,21.0,0.0,0.0,575.0,428.0,371.0,3.0,0.0,13.0,18.0,48.0,29.0,0.0,0.0,0.0,22.0,408.0,75.0,0.0,0.0,813.0
2022,Kerala,32,Thrissur,566,Thrissur Rural,20.0,121.0,2.0,310.0,24.0,0.0,0.0,296.0,174.0,280.0,1.0,0.0,1.0,19.0,23.0,52.0,16.0,1.0,0.0,6.0,376.0,35.0,9.0,0.0,115.0
2022,Kerala,32,Wayanad,567,Wayanadu,11.0,145.0,0.0,191.0,17.0,0.0,0.0,228.0,149.0,217.0,0.0,0.0,1.0,5.0,0.0,52.0,0.0,6.0,0.0,23.0,88.0,8.0,6.0,1.0,255.0
2022,Ladakh,37,Kargil,6,Kargil,2.0,4.0,0.0,0.0,5.0,0.0,0.0,5.0,2.0,1.0,0.0,0.0,0.0,0.0,0.0,3.0,0.0,0.0,0.0,0.0,7.0,1.0,0.0,0.0,25.0
2022,Ladakh,37,Leh Ladakh,9,Leh,3.0,8.0,1.0,2.0,2.0,0.0,0.0,3.0,0.0,1.0,0.0,0.0,0.0,0.0,0.0,0.0,0.0,0.0,0.0,0.0,5.0,3.0,0.0,0.0,14.0
2022,Lakshadweep,31,Lakshadweep District,553,Lakshadweep,0.0,13.0,0.0,1.0,0.0,0.0,0.0,11.0,11.0,3.0,0.0,0.0,0.0,0.0,0.0,1.0,0.0,1.0,0.0,0.0,0.0,0.0,0.0,0.0,8.0
2022,Madhya Pradesh,23,Agar Malwa,667,Agar,0.0,0.0,0.0,0.0,25.0,0.0,0.0,250.0,27.0,0.0,0.0,0.0,1.0,194.0,0.0,0.0,0.0,0.0,0.0,0.0,0.0,0.0,0.0,0.0,0.0
2022,Madhya Pradesh,23,Agar-Malwa,667,Agar,8.0,47.0,0.0,46.0,7.0,0.0,0.0,0.0,0.0,76.0,0.0,0.0,2.0,0.0,22.0,0.0,0.0,0.0,0.0,0.0,12.0,2.0,0.0,0.0,10.0
2022,Madhya Pradesh,23,Alirajpur,639,Alirajpur,60.0,126.0,0.0,22.0,55.0,0.0,0.0,108.0,67.0,7.0,0.0,0.0,14.0,12.0,91.0,0.0,0.0,0.0,0.0,0.0,10.0,6.0,2.0,0.0,75.0
2022,Madhya Pradesh,23,Anuppur,390,Anuppur,34.0,131.0,0.0,69.0,242.0,1.0,0.0,299.0,76.0,85.0,3.0,0.0,13.0,39.0,25.0,15.0,3.0,0.0,1.0,1.0,20.0,13.0,6.0,0.0,61.0
2022,Madhya Pradesh,23,Ashoknagar,391,Ashok Nagar,19.0,106.0,0.0,98.0,120.0,1.0,1.0,215.0,107.0,134.0,7.0,0.0,14.0,24.0,31.0,0.0,0.0,0.0,0.0,0.0,35.0,5.0,0.0,0.0,19.0
2022,Madhya Pradesh,23,Balaghat,392,Balaghat,42.0,180.0,0.0,97.0,369.0,0.0,3.0,347.0,107.0,136.0,2.0,0.0,4.0,30.0,27.0,8.0,4.0,0.0,0.0,0.0,31.0,6.0,1.0,0.0,10.0
2022,Madhya Pradesh,23,Barwani,393,Barwani,39.0,172.0,0.0,129.0,184.0,0.0,0.0,205.0,117.0,64.0,3.0,0.0,12.0,0.0,39.0,0.0,0.0,0.0,0.0,0.0,0.0,13.0,0.0,0.0,0.0
2022,Madhya Pradesh,23,Betul,394,Betul,69.0,289.0,0.0,53.0,186.0,0.0,2.0,267.0,75.0,40.0,12.0,0.0,10.0,0.0,22.0,4.0,0.0,0.0,1.0,0.0,28.0,7.0,2.0,0.0,3.0
2022,Madhya Pradesh,23,Bhind,395,Bhind,40.0,80.0,0.0,52.0,217.0,0.0,3.0,163.0,39.0,101.0,18.0,0.0,0.0,0.0,0.0,26.0,0.0,0.0,0.0,0.0,65.0,39.0,0.0,0.0,294.0
2022,Madhya Pradesh,23,Bhopal,396,Bhopal Commissionarate,58.0,652.0,3.0,381.0,949.0,0.0,0.0,996.0,236.0,684.0,23.0,1.0,20.0,77.0,552.0,209.0,85.0,6.0,8.0,2.0,299.0,70.0,64.0,0.0,764.0
2022,Madhya Pradesh,23,Bhopal,396,Bhopal Railway,1.0,4.0,0.0,19.0,16.0,0.0,0.0,14.0,4.0,0.0,1.0,0.0,1.0,0.0,0.0,0.0,0.0,0.0,0.0,0.0,14.0,90.0,2.0,0.0,0.0
2022,Madhya Pradesh,23,Bhopal,396,Bhopal Rural,15.0,76.0,0.0,36.0,116.0,0.0,0.0,138.0,60.0,56.0,7.0,0.0,5.0,4.0,34.0,3.0,1.0,1.0,0.0,0.0,15.0,4.0,4.0,0.0,98.0
2022,Madhya Pradesh,23,Bhopal,396,Cyber Crime Cell,0.0,0.0,0.0,0.0,0.0,0.0,0.0,0.0,0.0,0.0,0.0,0.0,0.0,0.0,0.0,0.0,0.0,0.0,0.0,0.0,0.0,0.0,0.0,0.0,0.0
2022,Madhya Pradesh,23,Burhanpur,397,Burhanpur,15.0,87.0,0.0,53.0,154.0,0.0,4.0,156.0,59.0,120.0,3.0,0.0,6.0,2.0,0.0,10.0,0.0,0.0,1.0,8.0,0.0,11.0,1.0,0.0,1.0
2022,Madhya Pradesh,23,Chhatarpur,398,Chhatarpur,42.0,194.0,2.0,128.0,469.0,0.0,2.0,500.0,124.0,168.0,24.0,0.0,19.0,13.0,275.0,2.0,0.0,1.0,0.0,1.0,13.0,22.0,0.0,0.0,5.0
2022,Madhya Pradesh,23,Chhindwara,399,Chhindwara,63.0,148.0,0.0,40.0,315.0,0.0,3.0,281.0,66.0,71.0,10.0,0.0,12.0,30.0,42.0,0.0,0.0,0.0,0.0,0.0,42.0,11.0,0.0,0.0,190.0
2022,Madhya Pradesh,23,Cyber Crime,9999,Cyber Crime Cell,0.0,0.0,0.0,0.0,0.0,0.0,0.0,0.0,0.0,0.0,0.0,0.0,0.0,0.0,0.0,0.0,0.0,0.0,0.0,0.0,0.0,0.0,0.0,0.0,0.0
2022,Madhya Pradesh,23,Cyber Crime Cell,9999,Cyber Crime Cell,0.0,0.0,0.0,0.0,0.0,0.0,0.0,132.0,0.0,0.0,0.0,0.0,0.0,0.0,0.0,275.0,0.0,3.0,0.0,150.0,0.0,0.0,0.0,0.0,0.0
2022,Madhya Pradesh,23,Damoh,400,Damoh,31.0,65.0,1.0,87.0,317.0,0.0,0.0,233.0,46.0,163.0,19.0,0.0,11.0,0.0,46.0,4.0,0.0,0.0,2.0,0.0,0.0,12.0,1.0,0.0,2.0
2022,Madhya Pradesh,23,Datia,401,Datia,26.0,81.0,0.0,40.0,134.0,0.0,0.0,131.0,29.0,69.0,15.0,0.0,5.0,19.0,0.0,17.0,5.0,0.0,1.0,8.0,36.0,11.0,0.0,0.0,26.0
2022,Madhya Pradesh,23,Dewas,402,Dewas,26.0,224.0,1.0,148.0,278.0,0.0,0.0,404.0,165.0,80.0,9.0,1.0,5.0,68.0,228.0,0.0,0.0,0.0,0.0,0.0,28.0,11.0,0.0,0.0,37.0
2022,Madhya Pradesh,23,Dhar,403,Dhar,74.0,484.0,0.0,215.0,738.0,3.0,5.0,749.0,238.0,201.0,12.0,0.0,40.0,102.0,451.0,16.0,1.0,0.0,5.0,0.0,66.0,36.0,17.0,2.0,40.0
2022,Madhya Pradesh,23,Dindori,404,Dindori,24.0,113.0,1.0,50.0,190.0,0.0,0.0,180.0,62.0,122.0,0.0,0.0,6.0,13.0,14.0,6.0,1.0,0.0,0.0,0.0,15.0,1.0,0.0,0.0,104.0
2022,Madhya Pradesh,23,Guna,406,Guna,52.0,159.0,1.0,109.0,81.0,1.0,2.0,231.0,83.0,83.0,4.0,0.0,15.0,53.0,158.0,5.0,0.0,0.0,0.0,0.0,33.0,18.0,1.0,0.0,36.0
2022,Madhya Pradesh,23,Gwalior,407,Gwalior,73.0,518.0,1.0,232.0,473.0,2.0,1.0,641.0,207.0,561.0,39.0,0.0,30.0,18.0,58.0,158.0,50.0,6.0,9.0,8.0,276.0,71.0,45.0,3.0,157.0
2022,Madhya Pradesh,23,Harda,408,Harda,15.0,110.0,0.0,83.0,196.0,0.0,2.0,229.0,94.0,92.0,2.0,0.0,10.0,9.0,68.0,14.0,0.0,7.0,0.0,7.0,4.0,2.0,0.0,0.0,90.0
2022,Madhya Pradesh,23,Indore,410,Cyber Crime Cell,0.0,0.0,0.0,0.0,0.0,0.0,0.0,0.0,0.0,0.0,0.0,0.0,0.0,0.0,0.0,0.0,0.0,0.0,0.0,65.0,0.0,0.0,0.0,0.0,0.0
2022,Madhya Pradesh,23,Indore,410,Indore Commissionarate,80.0,565.0,2.0,239.0,1141.0,2.0,13.0,1082.0,292.0,532.0,12.0,1.0,35.0,91.0,331.0,83.0,13.0,1.0,14.0,10.0,296.0,67.0,10.0,9.0,241.0
2022,Madhya Pradesh,23,Indore,410,Indore Railway,2.0,1.0,0.0,5.0,8.0,0.0,0.0,9.0,1.0,0.0,1.0,0.0,0.0,0.0,0.0,2.0,0.0,1.0,0.0,0.0,1.0,10.0,0.0,0.0,4.0
2022,Madhya Pradesh,23,Indore,410,Indore Rural,35.0,112.0,0.0,87.0,236.0,0.0,0.0,266.0,89.0,96.0,10.0,0.0,19.0,36.0,40.0,10.0,1.0,0.0,1.0,0.0,56.0,10.0,1.0,0.0,37.0
2022,Madhya Pradesh,23,Indore,410,Khandwa,0.0,0.0,0.0,1.0,145.0,0.0,0.0,257.0,105.0,0.0,0.0,0.0,0.0,0.0,0.0,0.0,0.0,0.0,0.0,0.0,0.0,0.0,0.0,0.0,0.0
2022,Madhya Pradesh,23,Jabalpur,411,Jabalpur,89.0,477.0,0.0,320.0,803.0,2.0,2.0,859.0,267.0,412.0,30.0,0.0,18.0,116.0,121.0,8.0,0.0,2.0,0.0,6.0,144.0,56.0,10.0,0.0,293.0
2022,Madhya Pradesh,23,Jabalpur,411,Jabalpur Railway,2.0,9.0,0.0,8.0,13.0,0.0,3.0,16.0,4.0,0.0,0.0,0.0,3.0,0.0,0.0,0.0,0.0,0.0,0.0,0.0,5.0,22.0,0.0,0.0,4.0
2022,Madhya Pradesh,23,Jhabua,412,Jhabua,38.0,116.0,0.0,53.0,382.0,0.0,0.0,271.0,52.0,22.0,0.0,0.0,19.0,0.0,129.0,0.0,0.0,0.0,0.0,0.0,13.0,17.0,0.0,0.0,14.0
2022,Madhya Pradesh,23,Katni,413,Katni,27.0,295.0,0.0,65.0,271.0,0.0,0.0,330.0,53.0,63.0,14.0,0.0,17.0,0.0,51.0,3.0,0.0,0.0,0.0,3.0,44.0,4.0,6.0,0.0,0.0
2022,Madhya Pradesh,23,Khandwa (East Nimar),405,Khandwa,30.0,186.0,0.0,138.0,129.0,0.0,0.0,0.0,0.0,91.0,3.0,0.0,4.0,0.0,0.0,0.0,0.0,0.0,0.0,0.0,0.0,12.0,0.0,0.0,2080.0
2022,Madhya Pradesh,23,Khargone,414,Khargone,2.0,0.0,0.0,0.0,145.0,0.0,0.0,483.0,266.0,0.0,0.0,0.0,2.0,24.0,0.0,0.0,0.0,0.0,0.0,0.0,0.0,0.0,0.0,0.0,0.0
2022,Madhya Pradesh,23,Khargone (West Nimar),414,Khargone,42.0,330.0,1.0,154.0,123.0,0.0,4.0,0.0,0.0,96.0,9.0,0.0,16.0,0.0,106.0,4.0,0.0,0.0,1.0,0.0,29.0,14.0,4.0,0.0,33.0
2022,Madhya Pradesh,23,Mandla,415,Mandla,30.0,89.0,0.0,39.0,332.0,0.0,3.0,328.0,46.0,70.0,4.0,0.0,11.0,2.0,12.0,2.0,1.0,0.0,0.0,0.0,16.0,9.0,0.0,0.0,19.0
2022,Madhya Pradesh,23,Mandsaur,416,Mandsaur,25.0,119.0,0.0,101.0,198.0,0.0,4.0,239.0,105.0,117.0,6.0,1.0,8.0,13.0,49.0,28.0,0.0,0.0,12.0,0.0,53.0,14.0,0.0,0.0,38.0
2022,Madhya Pradesh,23,Morena,417,Morena,45.0,240.0,0.0,120.0,239.0,1.0,5.0,365.0,113.0,279.0,25.0,0.0,19.0,0.0,72.0,0.0,0.0,0.0,0.0,0.0,45.0,43.0,18.0,0.0,57.0
2022,Madhya Pradesh,23,Narmadapuram,409,Narmadapuram,38.0,159.0,1.0,88.0,283.0,0.0,0.0,395.0,115.0,190.0,11.0,0.0,11.0,111.0,37.0,0.0,0.0,0.0,0.0,0.0,20.0,16.0,1.0,0.0,2.0
2022,Madhya Pradesh,23,Narsimhapur,418,Narsinghpur,30.0,191.0,1.0,135.0,113.0,0.0,0.0,0.0,0.0,106.0,9.0,0.0,12.0,0.0,174.0,15.0,0.0,0.0,5.0,9.0,28.0,10.0,0.0,0.0,20.0
2022,Madhya Pradesh,23,Narsinghpur,418,Narsinghpur,2.0,0.0,0.0,0.0,150.0,0.0,0.0,296.0,112.0,0.0,0.0,0.0,1.0,11.0,0.0,0.0,0.0,0.0,0.0,0.0,0.0,0.0,0.0,0.0,0.0
2022,Madhya Pradesh,23,Neemuch,419,Neemuch,11.0,85.0,0.0,63.0,124.0,0.0,6.0,158.0,77.0,165.0,4.0,0.0,5.0,1.0,44.0,23.0,0.0,0.0,9.0,10.0,22.0,15.0,10.0,0.0,1243.0
2022,Madhya Pradesh,23,Niwari,722,Niwari,9.0,40.0,0.0,36.0,66.0,0.0,0.0,84.0,23.0,36.0,3.0,0.0,2.0,15.0,5.0,2.0,1.0,0.0,0.0,0.0,9.0,9.0,0.0,0.0,57.0
2022,Madhya Pradesh,23,Panna,420,Panna,21.0,105.0,0.0,72.0,334.0,0.0,0.0,312.0,48.0,111.0,14.0,0.0,14.0,65.0,31.0,15.0,7.0,1.0,0.0,0.0,3.0,5.0,0.0,0.0,17.0
2022,Madhya Pradesh,23,Raisen,421,Raisen,45.0,138.0,0.0,102.0,517.0,0.0,4.0,541.0,95.0,160.0,8.0,1.0,13.0,34.0,0.0,0.0,0.0,0.0,0.0,0.0,0.0,18.0,0.0,0.0,715.0
2022,Madhya Pradesh,23,Rajgarh,422,Rajgarh,25.0,168.0,1.0,169.0,264.0,0.0,0.0,256.0,119.0,426.0,7.0,0.0,15.0,0.0,447.0,3.0,1.0,0.0,0.0,0.0,34.0,19.0,0.0,0.0,430.0
2022,Madhya Pradesh,23,Ratlam,423,Ratlam,34.0,264.0,0.0,116.0,433.0,1.0,0.0,585.0,176.0,180.0,4.0,0.0,21.0,11.0,163.0,37.0,17.0,0.0,0.0,0.0,63.0,26.0,1.0,0.0,78.0
2022,Madhya Pradesh,23,Rewa,424,Rewa,69.0,285.0,2.0,121.0,881.0,2.0,2.0,907.0,194.0,225.0,24.0,1.0,22.0,31.0,118.0,43.0,4.0,2.0,0.0,8.0,81.0,82.0,44.0,0.0,3930.0
2022,Madhya Pradesh,23,Sagar,425,Sagar,83.0,547.0,0.0,239.0,346.0,0.0,1.0,874.0,289.0,424.0,31.0,0.0,37.0,177.0,193.0,22.0,1.0,0.0,4.0,0.0,90.0,47.0,4.0,6.0,73.0
2022,Madhya Pradesh,23,Satna,426,Satna,65.0,425.0,0.0,85.0,429.0,0.0,5.0,599.0,87.0,108.0,23.0,0.0,22.0,16.0,50.0,6.0,0.0,0.0,3.0,0.0,53.0,17.0,0.0,0.0,3.0
2022,Madhya Pradesh,23,Sehore,427,Sehore,29.0,279.0,0.0,129.0,127.0,0.0,0.0,325.0,176.0,130.0,10.0,1.0,6.0,0.0,133.0,1.0,0.0,1.0,0.0,0.0,80.0,11.0,1.0,0.0,21.0
2022,Madhya Pradesh,23,Seoni,428,Seoni,31.0,359.0,0.0,85.0,223.0,0.0,8.0,330.0,85.0,137.0,8.0,0.0,0.0,0.0,163.0,10.0,4.0,0.0,1.0,0.0,39.0,7.0,10.0,0.0,942.0
2022,Madhya Pradesh,23,Shahdol,429,Shahdol,54.0,140.0,0.0,81.0,303.0,0.0,6.0,367.0,88.0,191.0,10.0,0.0,24.0,63.0,64.0,11.0,1.0,1.0,3.0,2.0,38.0,17.0,0.0,0.0,5.0
2022,Madhya Pradesh,23,Shajapur,430,Shajapur,22.0,138.0,0.0,96.0,67.0,0.0,0.0,241.0,118.0,130.0,6.0,0.0,5.0,70.0,275.0,6.0,0.0,0.0,3.0,0.0,16.0,15.0,0.0,0.0,23.0
2022,Madhya Pradesh,23,Sheopur,431,Sheopur,13.0,49.0,0.0,40.0,55.0,1.0,0.0,135.0,18.0,58.0,6.0,0.0,5.0,37.0,11.0,5.0,0.0,0.0,0.0,7.0,8.0,7.0,0.0,0.0,36.0
2022,Madhya Pradesh,23,Shivpuri,432,Shivpuri,68.0,222.0,0.0,159.0,340.0,3.0,3.0,555.0,136.0,152.0,18.0,0.0,21.0,27.0,21.0,22.0,8.0,0.0,3.0,0.0,89.0,36.0,1.0,0.0,2633.0
2022,Madhya Pradesh,23,Sidhi,433,Sidhi,22.0,113.0,0.0,74.0,262.0,0.0,0.0,452.0,54.0,109.0,11.0,0.0,14.0,25.0,0.0,38.0,3.0,0.0,16.0,0.0,8.0,10.0,0.0,0.0,19.0
2022,Madhya Pradesh,23,Singrauli,638,Singrauli,58.0,182.0,1.0,46.0,230.0,0.0,9.0,271.0,90.0,144.0,11.0,0.0,28.0,8.0,70.0,21.0,3.0,0.0,5.0,0.0,22.0,6.0,8.0,0.0,31.0
2022,Madhya Pradesh,23,Tikamgarh,434,Tikamgarh,28.0,126.0,0.0,42.0,185.0,0.0,0.0,256.0,83.0,74.0,16.0,0.0,16.0,25.0,6.0,16.0,2.0,0.0,3.0,0.0,16.0,0.0,1.0,0.0,86.0
2022,Madhya Pradesh,23,Ujjain,435,Ujjain,37.0,230.0,0.0,177.0,466.0,0.0,0.0,554.0,148.0,191.0,6.0,0.0,17.0,60.0,21.0,29.0,5.0,2.0,2.0,0.0,119.0,35.0,7.0,4.0,2741.0
2022,Madhya Pradesh,23,Umaria,436,Umaria,19.0,82.0,0.0,34.0,71.0,0.0,0.0,97.0,30.0,46.0,3.0,0.0,3.0,0.0,0.0,0.0,0.0,0.0,0.0,0.0,13.0,7.0,1.0,0.0,0.0
2022,Madhya Pradesh,23,Vidisha,437,Vidisha,42.0,203.0,0.0,126.0,352.0,0.0,5.0,451.0,165.0,112.0,11.0,0.0,19.0,63.0,79.0,0.0,0.0,0.0,0.0,0.0,18.0,15.0,5.0,0.0,78.0
2022,Maharashtra,27,Ahmednagar,466,Ahmednagar,94.0,375.0,0.0,737.0,985.0,0.0,6.0,892.0,303.0,451.0,21.0,0.0,73.0,2.0,194.0,154.0,48.0,21.0,5.0,36.0,264.0,378.0,9.0,10.0,763.0
2022,Maharashtra,27,Akola,467,Akola,40.0,131.0,0.0,222.0,215.0,0.0,0.0,299.0,151.0,246.0,8.0,0.0,19.0,20.0,115.0,54.0,9.0,4.0,7.0,0.0,87.0,42.0,0.0,0.0,135.0
2022,Maharashtra,27,Amravati,468,Amravati Commissionerate,32.0,170.0,0.0,268.0,88.0,0.0,0.0,0.0,1.0,121.0,2.0,0.0,15.0,0.0,61.0,126.0,47.0,0.0,2.0,8.0,142.0,70.0,35.0,0.0,279.0
2022,Maharashtra,27,Amravati,468,Amravati Commr.,2.0,0.0,0.0,0.0,109.0,0.0,0.0,283.0,158.0,0.0,0.0,0.0,1.0,0.0,0.0,0.0,0.0,0.0,0.0,0.0,0.0,0.0,0.0,0.0,0.0
2022,Maharashtra,27,Amravati,468,Amravati Rural,60.0,161.0,0.0,179.0,313.0,0.0,0.0,363.0,185.0,199.0,5.0,0.0,14.0,1.0,92.0,157.0,65.0,0.0,9.0,2.0,120.0,31.0,11.0,0.0,105.0
2022,Maharashtra,27,Aurangabad,469,Aurangabad Commr.,3.0,0.0,0.0,0.0,213.0,0.0,0.0,349.0,104.0,0.0,0.0,0.0,0.0,7.0,0.0,0.0,0.0,0.0,0.0,0.0,0.0,0.0,0.0,0.0,0.0
2022,Maharashtra,27,Aurangabad,469,Aurangabad Railway,0.0,0.0,0.0,0.0,3.0,0.0,0.0,12.0,5.0,0.0,0.0,0.0,0.0,0.0,0.0,0.0,0.0,0.0,0.0,0.0,0.0,0.0,0.0,0.0,0.0
2022,Maharashtra,27,Aurangabad,469,Aurangabad Rural,4.0,0.0,0.0,0.0,112.0,0.0,0.0,223.0,100.0,0.0,0.0,0.0,2.0,0.0,0.0,0.0,0.0,0.0,0.0,0.0,0.0,0.0,0.0,0.0,0.0
2022,Maharashtra,27,Beed,470,Beed,65.0,193.0,0.0,275.0,226.0,2.0,0.0,310.0,133.0,621.0,2.0,0.0,32.0,10.0,186.0,222.0,90.0,8.0,5.0,0.0,90.0,80.0,0.0,9.0,294.0
2022,Maharashtra,27,Bhandara,471,Bhandara,38.0,104.0,0.0,86.0,140.0,0.0,2.0,150.0,60.0,32.0,3.0,0.0,8.0,2.0,38.0,62.0,11.0,1.0,4.0,2.0,29.0,14.0,2.0,0.0,60.0
2022,Maharashtra,27,Buldhana,472,Buldhana,53.0,168.0,1.0,332.0,279.0,1.0,0.0,341.0,156.0,238.0,12.0,0.0,37.0,7.0,157.0,136.0,33.0,11.0,8.0,3.0,78.0,74.0,19.0,1.0,135.0
2022,Maharashtra,27,Chandrapur,473,Chandrapur,58.0,172.0,0.0,261.0,420.0,2.0,6.0,415.0,174.0,206.0,2.0,0.0,7.0,4.0,53.0,144.0,46.0,3.0,3.0,7.0,112.0,49.0,0.0,0.0,137.0
2022,Maharashtra,27,Chhatrapati Sambhajinagar,469,Aurangabad Commissionerate,43.0,148.0,0.0,250.0,157.0,4.0,0.0,0.0,0.0,253.0,4.0,0.0,8.0,0.0,216.0,186.0,62.0,1.0,18.0,3.0,265.0,138.0,0.0,3.0,148.0
2022,Maharashtra,27,Chhatrapati Sambhajinagar,469,Aurangabad Railway,4.0,4.0,0.0,12.0,2.0,0.0,0.0,0.0,0.0,0.0,0.0,0.0,0.0,0.0,6.0,0.0,0.0,0.0,0.0,0.0,2.0,45.0,0.0,0.0,6.0
2022,Maharashtra,27,Chhatrapati Sambhajinagar,469,Aurangabad Rural,42.0,114.0,0.0,218.0,117.0,0.0,0.0,0.0,0.0,310.0,5.0,0.0,24.0,0.0,79.0,92.0,26.0,18.0,9.0,8.0,71.0,94.0,0.0,0.0,228.0
2022,Maharashtra,27,Dharashiv,488,Osmanabad,37.0,129.0,0.0,164.0,67.0,1.0,0.0,0.0,0.0,129.0,7.0,1.0,8.0,0.0,133.0,74.0,30.0,1.0,3.0,3.0,85.0,53.0,3.0,9.0,212.0
2022,Maharashtra,27,Dhule,474,Dhule,41.0,65.0,0.0,96.0,277.0,0.0,0.0,203.0,56.0,382.0,2.0,0.0,7.0,0.0,52.0,26.0,5.0,0.0,5.0,4.0,26.0,79.0,77.0,0.0,173.0
2022,Maharashtra,27,Gadchiroli,475,Gadchiroli,39.0,77.0,0.0,39.0,97.0,0.0,0.0,110.0,54.0,13.0,1.0,0.0,3.0,2.0,15.0,25.0,7.0,1.0,3.0,0.0,32.0,7.0,0.0,0.0,34.0
2022,Maharashtra,27,Gondia,476,Gondia,20.0,124.0,0.0,99.0,202.0,0.0,0.0,234.0,90.0,27.0,14.0,0.0,11.0,0.0,51.0,6.0,0.0,6.0,0.0,0.0,11.0,20.0,19.0,0.0,8.0
2022,Maharashtra,27,Hingoli,477,Hingoli,26.0,60.0,0.0,96.0,64.0,0.0,0.0,94.0,53.0,187.0,4.0,0.0,11.0,0.0,16.0,14.0,3.0,0.0,3.0,0.0,19.0,23.0,6.0,0.0,23.0
2022,Maharashtra,27,Jalgaon,478,Jalgaon,78.0,204.0,0.0,286.0,411.0,0.0,0.0,438.0,187.0,574.0,3.0,0.0,34.0,0.0,197.0,190.0,56.0,4.0,11.0,3.0,223.0,154.0,35.0,6.0,331.0
2022,Maharashtra,27,Jalna,479,Jalna,55.0,149.0,0.0,367.0,188.0,2.0,0.0,208.0,86.0,503.0,6.0,1.0,16.0,0.0,199.0,135.0,11.0,37.0,0.0,18.0,92.0,140.0,22.0,1.0,354.0
2022,Maharashtra,27,Kolhapur,480,Kolhapur,53.0,249.0,0.0,294.0,461.0,3.0,27.0,518.0,235.0,244.0,2.0,1.0,19.0,0.0,181.0,106.0,27.0,0.0,18.0,2.0,284.0,116.0,31.0,0.0,142.0
2022,Maharashtra,27,Latur,481,Latur,41.0,99.0,0.0,165.0,220.0,0.0,2.0,223.0,68.0,393.0,4.0,1.0,20.0,0.0,34.0,83.0,24.0,0.0,9.0,12.0,55.0,99.0,42.0,1.0,90.0
2022,Maharashtra,27,Mumbai,482,Mumbai Commissionerate,135.0,1355.0,1.0,2506.0,1161.0,2.0,81.0,0.0,3.0,901.0,6.0,2.0,35.0,0.0,451.0,9413.0,3752.0,32.0,287.0,20.0,6571.0,1056.0,739.0,1.0,8565.0
2022,Maharashtra,27,Mumbai,482,Mumbai Commr.,4.0,0.0,0.0,0.0,1714.0,1.0,5.0,3178.0,1184.0,0.0,0.0,0.0,1.0,57.0,0.0,0.0,0.0,0.0,0.0,0.0,0.0,0.0,0.0,0.0,0.0
2022,Maharashtra,27,Mumbai,482,Mumbai Railway,7.0,5.0,0.0,87.0,27.0,0.0,0.0,302.0,15.0,0.0,0.0,0.0,4.0,1.0,118.0,55.0,10.0,1.0,0.0,0.0,52.0,580.0,4.0,0.0,65.0
2022,Maharashtra,27,Mumbai Suburban,483,Navi Mumbai,44.0,341.0,0.0,238.0,604.0,4.0,22.0,583.0,192.0,226.0,2.0,0.0,9.0,0.0,12.0,352.0,103.0,11.0,19.0,13.0,512.0,267.0,2.0,3.0,312.0
2022,Maharashtra,27,Nagpur,484,Nagpur Commissionerate,65.0,365.0,0.0,242.0,368.0,3.0,34.0,0.0,0.0,235.0,2.0,1.0,21.0,0.0,277.0,404.0,148.0,3.0,21.0,13.0,527.0,175.0,11.0,6.0,403.0
2022,Maharashtra,27,Nagpur,484,Nagpur Commr.,5.0,0.0,0.0,0.0,444.0,0.0,9.0,766.0,249.0,0.0,0.0,0.0,1.0,9.0,0.0,0.0,0.0,0.0,0.0,0.0,0.0,0.0,0.0,0.0,0.0
2022,Maharashtra,27,Nagpur,484,Nagpur Railway,3.0,0.0,0.0,6.0,6.0,0.0,0.0,6.0,1.0,0.0,0.0,0.0,0.0,0.0,13.0,0.0,0.0,0.0,0.0,0.0,3.0,15.0,0.0,0.0,3.0
2022,Maharashtra,27,Nagpur,484,Nagpur Rural,45.0,155.0,0.0,99.0,257.0,1.0,0.0,285.0,143.0,31.0,1.0,1.0,9.0,6.0,44.0,168.0,60.0,5.0,5.0,12.0,73.0,38.0,9.0,1.0,306.0
2022,Maharashtra,27,Nanded,485,Nanded,87.0,155.0,0.0,209.0,298.0,1.0,0.0,314.0,120.0,355.0,6.0,0.0,23.0,2.0,41.0,80.0,11.0,2.0,6.0,2.0,106.0,164.0,1.0,0.0,124.0
2022,Maharashtra,27,Nandurbar,486,Nandurbar,37.0,79.0,0.0,58.0,175.0,0.0,2.0,153.0,56.0,112.0,0.0,0.0,5.0,0.0,118.0,42.0,6.0,0.0,3.0,0.0,43.0,31.0,6.0,0.0,210.0
2022,Maharashtra,27,Nashik,487,Nasik Commissionerate,30.0,113.0,0.0,97.0,251.0,1.0,0.0,0.0,0.0,59.0,4.0,0.0,12.0,0.0,62.0,108.0,13.0,15.0,16.0,0.0,16.0,149.0,0.0,0.0,127.0
2022,Maharashtra,27,Nashik,487,Nasik Commr.,0.0,0.0,0.0,0.0,313.0,0.0,0.0,404.0,87.0,0.0,0.0,0.0,0.0,0.0,0.0,0.0,0.0,0.0,0.0,0.0,0.0,0.0,0.0,0.0,0.0
2022,Maharashtra,27,Nashik,487,Nasik Rural,91.0,170.0,0.0,245.0,772.0,0.0,0.0,600.0,164.0,646.0,6.0,0.0,40.0,0.0,128.0,50.0,14.0,3.0,6.0,1.0,105.0,109.0,30.0,0.0,69.0
2022,Maharashtra,27,Osmanabad,488,Osmanabad,0.0,0.0,0.0,0.0,82.0,0.0,0.0,162.0,62.0,0.0,0.0,0.0,1.0,9.0,0.0,0.0,0.0,0.0,0.0,0.0,0.0,0.0,0.0,0.0,0.0
2022,Maharashtra,27,Palghar,665,Palghar,34.0,129.0,0.0,86.0,273.0,4.0,0.0,251.0,79.0,26.0,3.0,0.0,11.0,0.0,79.0,39.0,13.0,2.0,3.0,8.0,62.0,38.0,15.0,0.0,75.0
2022,Maharashtra,27,Parbhani,489,Parbhani,51.0,83.0,0.0,109.0,144.0,0.0,0.0,164.0,67.0,278.0,3.0,0.0,10.0,6.0,149.0,61.0,9.0,0.0,9.0,2.0,61.0,56.0,1.0,0.0,61.0
2022,Maharashtra,27,Pune,490,Pimpri Chinchwad City,84.0,368.0,0.0,358.0,878.0,9.0,91.0,772.0,247.0,317.0,8.0,0.0,24.0,1.0,279.0,362.0,99.0,17.0,32.0,12.0,481.0,506.0,71.0,5.0,280.0
2022,Maharashtra,27,Pune,490,Pune Commissionerate,105.0,687.0,0.0,514.0,564.0,5.0,34.0,0.0,0.0,466.0,9.0,0.0,25.0,0.0,378.0,601.0,212.0,42.0,27.0,38.0,788.0,437.0,55.0,0.0,384.0
2022,Maharashtra,27,Pune,490,Pune Commr.,2.0,0.0,0.0,0.0,532.0,1.0,1.0,732.0,161.0,0.0,0.0,0.0,1.0,4.0,0.0,0.0,0.0,0.0,0.0,0.0,0.0,0.0,0.0,0.0,0.0
2022,Maharashtra,27,Pune,490,Pune Railway,5.0,2.0,0.0,4.0,7.0,0.0,0.0,7.0,0.0,0.0,0.0,0.0,0.0,0.0,8.0,0.0,0.0,0.0,0.0,0.0,3.0,20.0,0.0,0.0,1.0
2022,Maharashtra,27,Pune,490,Pune Rural,117.0,403.0,0.0,642.0,823.0,2.0,10.0,880.0,343.0,331.0,4.0,0.0,40.0,6.0,139.0,114.0,18.0,1.0,16.0,0.0,449.0,216.0,16.0,5.0,190.0
2022,Maharashtra,27,Raigad,491,Raigad,43.0,139.0,0.0,118.0,216.0,2.0,0.0,234.0,90.0,52.0,3.0,0.0,12.0,2.0,68.0,102.0,29.0,0.0,3.0,0.0,77.0,39.0,52.0,0.0,105.0
2022,Maharashtra,27,Ratnagiri,492,Ratnagiri,17.0,68.0,0.0,72.0,119.0,0.0,0.0,134.0,51.0,8.0,0.0,0.0,3.0,1.0,39.0,115.0,42.0,1.0,4.0,9.0,89.0,12.0,16.0,0.0,337.0
2022,Maharashtra,27,Sangli,493,Sangli,58.0,215.0,0.0,212.0,495.0,2.0,5.0,407.0,113.0,174.0,5.0,1.0,35.0,11.0,182.0,79.0,20.0,0.0,4.0,0.0,183.0,155.0,19.0,0.0,719.0
2022,Maharashtra,27,Satara,494,Satara,46.0,243.0,0.0,264.0,499.0,1.0,11.0,506.0,212.0,179.0,5.0,0.0,25.0,5.0,253.0,68.0,17.0,1.0,8.0,0.0,155.0,123.0,30.0,0.0,93.0
2022,Maharashtra,27,Sindhudurg,495,Sindhudurg,5.0,46.0,0.0,73.0,44.0,0.0,0.0,68.0,36.0,4.0,0.0,0.0,0.0,2.0,26.0,72.0,21.0,2.0,7.0,0.0,31.0,5.0,7.0,0.0,49.0
2022,Maharashtra,27,Solapur,496,Solapur Commissionerate,12.0,85.0,0.0,78.0,73.0,0.0,6.0,0.0,0.0,133.0,1.0,0.0,1.0,0.0,58.0,55.0,16.0,5.0,1.0,0.0,136.0,31.0,2.0,0.0,64.0
2022,Maharashtra,27,Solapur,496,Solapur Commr.,0.0,0.0,0.0,0.0,91.0,0.0,0.0,186.0,71.0,0.0,0.0,0.0,2.0,0.0,0.0,0.0,0.0,0.0,0.0,0.0,0.0,0.0,0.0,0.0,0.0
2022,Maharashtra,27,Solapur,496,Solapur Rural,63.0,307.0,0.0,400.0,471.0,5.0,3.0,530.0,240.0,180.0,4.0,0.0,48.0,0.0,188.0,116.0,32.0,1.0,16.0,4.0,154.0,87.0,10.0,2.0,90.0
2022,Maharashtra,27,Thane,497,Mira Bhayandar Vasai Virar Commissionerate,39.0,516.0,0.0,504.0,420.0,5.0,77.0,0.0,0.0,303.0,2.0,1.0,10.0,0.0,235.0,413.0,132.0,6.0,29.0,7.0,946.0,251.0,68.0,0.0,701.0
2022,Maharashtra,27,Thane,497,Mira Bhayandar Vasai Virar Commr.,6.0,0.0,0.0,0.0,582.0,0.0,2.0,986.0,325.0,0.0,0.0,0.0,0.0,19.0,0.0,0.0,0.0,0.0,0.0,0.0,0.0,0.0,0.0,0.0,0.0
2022,Maharashtra,27,Thane,497,Thane Commissionerate,95.0,603.0,0.0,492.0,682.0,8.0,48.0,0.0,0.0,480.0,4.0,1.0,32.0,0.0,376.0,681.0,198.0,24.0,45.0,11.0,845.0,593.0,27.0,0.0,693.0
2022,Maharashtra,27,Thane,497,Thane Commr.,5.0,0.0,0.0,0.0,980.0,0.0,0.0,1452.0,450.0,0.0,0.0,0.0,0.0,0.0,0.0,0.0,0.0,0.0,0.0,0.0,0.0,0.0,0.0,0.0,0.0
2022,Maharashtra,27,Thane,497,Thane Rural,27.0,123.0,0.0,101.0,208.0,1.0,0.0,184.0,56.0,51.0,2.0,0.0,8.0,0.0,56.0,25.0,4.0,1.0,1.0,0.0,67.0,35.0,0.0,0.0,56.0
2022,Maharashtra,27,Wardha,498,Wardha,46.0,124.0,0.0,161.0,226.0,0.0,0.0,269.0,139.0,63.0,2.0,1.0,11.0,0.0,30.0,87.0,19.0,2.0,8.0,0.0,29.0,37.0,14.0,0.0,605.0
2022,Maharashtra,27,Washim,499,Washim,20.0,77.0,0.0,139.0,117.0,0.0,0.0,149.0,70.0,234.0,13.0,0.0,3.0,0.0,1.0,23.0,4.0,4.0,1.0,1.0,51.0,38.0,0.0,2.0,13.0
2022,Maharashtra,27,Yavatmal,500,Yavatmal,80.0,225.0,0.0,269.0,410.0,0.0,0.0,433.0,200.0,395.0,6.0,1.0,21.0,0.0,6.0,54.0,21.0,1.0,0.0,0.0,132.0,72.0,0.0,0.0,100.0
2022,Manipur,14,Bishnupur,252,Bishnupur,3.0,18.0,0.0,1.0,6.0,0.0,0.0,9.0,8.0,0.0,0.0,0.0,0.0,0.0,0.0,0.0,0.0,0.0,0.0,0.0,5.0,0.0,0.0,0.0,11.0
2022,Manipur,14,Chandel,253,Chandel,3.0,0.0,0.0,0.0,2.0,0.0,0.0,2.0,0.0,0.0,0.0,0.0,0.0,0.0,0.0,0.0,0.0,0.0,0.0,0.0,0.0,0.0,1.0,0.0,6.0
2022,Manipur,14,Churachandpur,254,Churachandpur,10.0,2.0,0.0,1.0,2.0,1.0,0.0,11.0,7.0,1.0,0.0,0.0,0.0,0.0,1.0,0.0,0.0,0.0,0.0,0.0,3.0,2.0,3.0,0.0,11.0
2022,Manipur,14,Imphal East,255,Imphal East,8.0,31.0,0.0,12.0,3.0,0.0,0.0,20.0,13.0,0.0,0.0,0.0,0.0,0.0,0.0,0.0,0.0,0.0,0.0,0.0,18.0,2.0,4.0,0.0,21.0
2022,Manipur,14,Imphal West,256,Cid,0.0,0.0,0.0,12.0,0.0,0.0,0.0,0.0,0.0,0.0,0.0,0.0,0.0,0.0,0.0,30.0,6.0,0.0,4.0,0.0,16.0,0.0,0.0,0.0,23.0
2022,Manipur,14,Imphal West,256,Imphal West,5.0,48.0,0.0,26.0,18.0,1.0,0.0,33.0,6.0,7.0,0.0,0.0,0.0,0.0,8.0,5.0,0.0,0.0,2.0,0.0,25.0,0.0,16.0,0.0,17.0
2022,Manipur,14,Imphal West,256,Narcotic,0.0,0.0,0.0,0.0,0.0,0.0,0.0,0.0,0.0,0.0,0.0,0.0,0.0,0.0,0.0,0.0,0.0,0.0,0.0,0.0,0.0,0.0,0.0,0.0,0.0
2022,Manipur,14,Jiribam,713,Jiribam,1.0,3.0,0.0,0.0,0.0,0.0,0.0,2.0,1.0,0.0,0.0,0.0,0.0,0.0,0.0,0.0,0.0,0.0,0.0,0.0,0.0,1.0,0.0,0.0,2.0
2022,Manipur,14,Kakching,711,Kakching,3.0,11.0,0.0,6.0,6.0,0.0,0.0,10.0,4.0,0.0,0.0,0.0,1.0,0.0,0.0,0.0,0.0,0.0,0.0,0.0,3.0,1.0,0.0,0.0,5.0
2022,Manipur,14,Kamjong,717,Kamjong,0.0,0.0,0.0,0.0,0.0,0.0,0.0,0.0,0.0,0.0,0.0,0.0,0.0,0.0,0.0,0.0,0.0,0.0,0.0,0.0,0.0,0.0,0.0,0.0,2.0
2022,Manipur,14,Kangpokpi,712,Kangpokpi,4.0,1.0,0.0,0.0,0.0,1.0,0.0,3.0,1.0,0.0,0.0,0.0,1.0,0.0,0.0,0.0,0.0,0.0,0.0,0.0,1.0,1.0,1.0,0.0,4.0
2022,Manipur,14,Noney,714,Noney,1.0,0.0,0.0,0.0,1.0,0.0,0.0,1.0,0.0,0.0,0.0,0.0,0.0,0.0,0.0,0.0,0.0,0.0,0.0,0.0,0.0,0.0,1.0,0.0,2.0
2022,Manipur,14,Pherzawl,715,Pherzawl,0.0,0.0,0.0,2.0,0.0,0.0,0.0,0.0,0.0,0.0,0.0,0.0,0.0,0.0,0.0,0.0,0.0,0.0,0.0,0.0,0.0,0.0,0.0,0.0,1.0
2022,Manipur,14,Senapati,257,Senapati,1.0,2.0,0.0,0.0,0.0,0.0,0.0,2.0,2.0,0.0,0.0,0.0,0.0,0.0,0.0,0.0,0.0,0.0,0.0,0.0,0.0,1.0,0.0,0.0,8.0
2022,Manipur,14,Tamenglong,258,Tamenglong,0.0,0.0,0.0,1.0,0.0,0.0,0.0,0.0,0.0,0.0,0.0,0.0,0.0,0.0,0.0,0.0,0.0,0.0,0.0,0.0,1.0,0.0,0.0,0.0,2.0
2022,Manipur,14,Tengnoupal,716,Tengnoupal,1.0,2.0,0.0,2.0,3.0,0.0,0.0,5.0,3.0,0.0,0.0,0.0,0.0,0.0,0.0,0.0,0.0,0.0,0.0,0.0,0.0,0.0,1.0,0.0,2.0
2022,Manipur,14,Thoubal,259,Thoubal,8.0,14.0,0.0,17.0,7.0,4.0,0.0,17.0,8.0,1.0,0.0,0.0,3.0,1.0,0.0,0.0,0.0,0.0,0.0,0.0,4.0,0.0,7.0,0.0,16.0
2022,Manipur,14,Ukhrul,260,Ukhrul,2.0,5.0,0.0,0.0,0.0,0.0,0.0,5.0,3.0,1.0,0.0,0.0,0.0,0.0,0.0,0.0,0.0,0.0,0.0,0.0,0.0,0.0,0.0,0.0,6.0
2022,Meghalaya,17,East Garo Hills,273,East Garo Hills,0.0,23.0,1.0,3.0,3.0,1.0,0.0,0.0,0.0,2.0,0.0,0.0,0.0,0.0,0.0,10.0,0.0,1.0,0.0,3.0,12.0,4.0,4.0,0.0,2.0
2022,Meghalaya,17,East Garo Hills,273,Garo Hills East,0.0,0.0,0.0,0.0,2.0,0.0,0.0,21.0,17.0,0.0,0.0,0.0,0.0,0.0,0.0,0.0,0.0,0.0,0.0,0.0,0.0,0.0,0.0,0.0,0.0
2022,Meghalaya,17,East Jaintia Hills,657,East Jaintia Hills,9.0,25.0,0.0,2.0,11.0,1.0,0.0,0.0,0.0,3.0,0.0,0.0,0.0,0.0,0.0,0.0,0.0,0.0,0.0,0.0,10.0,7.0,0.0,0.0,8.0
2022,Meghalaya,17,East Jaintia Hills,657,Jaintia Hills East,0.0,0.0,0.0,2.0,0.0,0.0,0.0,26.0,24.0,0.0,0.0,0.0,0.0,0.0,0.0,0.0,0.0,0.0,0.0,0.0,0.0,0.0,0.0,0.0,0.0
2022,Meghalaya,17,East Khasi Hills,274,Cyber Cell,0.0,0.0,0.0,0.0,0.0,0.0,0.0,0.0,0.0,0.0,0.0,0.0,0.0,0.0,0.0,9.0,0.0,3.0,0.0,0.0,0.0,0.0,1.0,0.0,3.0
2022,Meghalaya,17,East Khasi Hills,274,East Khasi Hills,15.0,103.0,3.0,43.0,20.0,0.0,0.0,0.0,17.0,5.0,2.0,0.0,2.0,0.0,16.0,17.0,0.0,7.0,0.0,5.0,177.0,20.0,9.0,0.0,35.0
2022,Meghalaya,17,East Khasi Hills,274,Khasi Hills East,1.0,0.0,0.0,0.0,33.0,0.0,0.0,144.0,104.0,0.0,0.0,0.0,0.0,0.0,0.0,0.0,0.0,0.0,0.0,0.0,0.0,0.0,0.0,0.0,0.0
2022,Meghalaya,17,Eastern West Khasi Hills,740,Eastern West Khasi Hills,2.0,15.0,0.0,1.0,0.0,0.0,0.0,0.0,0.0,0.0,0.0,0.0,0.0,0.0,0.0,1.0,0.0,0.0,0.0,2.0,7.0,1.0,0.0,0.0,4.0
2022,Meghalaya,17,Eastern West Khasi Hills,740,Khasi Hills Eastern West,0.0,0.0,0.0,0.0,0.0,0.0,0.0,12.0,11.0,0.0,0.0,0.0,0.0,0.0,0.0,0.0,0.0,0.0,0.0,0.0,0.0,0.0,0.0,0.0,0.0
2022,Meghalaya,17,North Garo Hills,656,Garo Hills North,0.0,12.0,0.0,0.0,12.0,0.0,0.0,18.0,11.0,0.0,0.0,0.0,0.0,0.0,0.0,4.0,0.0,0.0,0.0,4.0,0.0,3.0,2.0,0.0,6.0
2022,Meghalaya,17,Ri Bhoi,276,Ri-Bhoi,10.0,43.0,0.0,4.0,13.0,1.0,0.0,55.0,43.0,3.0,0.0,0.0,0.0,0.0,0.0,8.0,0.0,3.0,0.0,1.0,20.0,8.0,4.0,0.0,7.0
2022,Meghalaya,17,South Garo Hills,277,Garo Hills South,2.0,0.0,0.0,0.0,1.0,0.0,0.0,18.0,13.0,0.0,0.0,0.0,0.0,0.0,0.0,0.0,0.0,0.0,0.0,0.0,0.0,0.0,0.0,0.0,0.0
2022,Meghalaya,17,South Garo Hills,277,South Garo Hills,7.0,13.0,0.0,2.0,4.0,0.0,0.0,0.0,0.0,1.0,0.0,0.0,0.0,0.0,0.0,10.0,2.0,0.0,1.0,2.0,4.0,2.0,0.0,0.0,5.0
2022,Meghalaya,17,South West Garo Hills,663,Garo Hills South West,0.0,0.0,0.0,0.0,0.0,0.0,0.0,8.0,8.0,0.0,0.0,0.0,0.0,0.0,0.0,0.0,0.0,0.0,0.0,0.0,0.0,0.0,0.0,0.0,0.0
2022,Meghalaya,17,South West Garo Hills,663,South West Garo Hills,3.0,8.0,0.0,0.0,1.0,0.0,0.0,0.0,0.0,1.0,0.0,0.0,0.0,0.0,0.0,3.0,0.0,0.0,0.0,1.0,10.0,2.0,0.0,0.0,2.0
2022,Meghalaya,17,South West Khasi Hills,658,Khasi Hills South West,0.0,0.0,0.0,0.0,1.0,0.0,0.0,13.0,11.0,0.0,0.0,0.0,0.0,1.0,0.0,0.0,0.0,0.0,0.0,0.0,0.0,0.0,0.0,0.0,0.0
2022,Meghalaya,17,South West Khasi Hills,658,South West Khasi Hills,2.0,14.0,1.0,0.0,1.0,0.0,0.0,0.0,0.0,0.0,0.0,0.0,0.0,0.0,0.0,5.0,0.0,2.0,0.0,3.0,1.0,0.0,0.0,0.0,1.0
2022,Meghalaya,17,West Garo Hills,278,Garo Hills West,0.0,3.0,0.0,0.0,15.0,0.0,0.0,83.0,44.0,0.0,0.0,0.0,0.0,2.0,0.0,0.0,0.0,0.0,0.0,0.0,0.0,0.0,0.0,1.0,0.0
2022,Meghalaya,17,West Garo Hills,278,West Garo Hills,7.0,54.0,13.0,25.0,21.0,3.0,4.0,0.0,2.0,13.0,2.0,0.0,3.0,0.0,4.0,7.0,0.0,4.0,0.0,2.0,21.0,11.0,5.0,1.0,16.0
2022,Meghalaya,17,West Jaintia Hills,275,Jaintia Hills West,0.0,0.0,0.0,0.0,4.0,0.0,0.0,50.0,44.0,0.0,0.0,0.0,0.0,1.0,0.0,0.0,0.0,0.0,0.0,0.0,0.0,0.0,0.0,0.0,0.0
2022,Meghalaya,17,West Jaintia Hills,275,West Jaintia Hills,13.0,53.0,1.0,3.0,1.0,0.0,0.0,0.0,0.0,0.0,0.0,0.0,0.0,0.0,4.0,4.0,0.0,0.0,0.0,3.0,8.0,4.0,5.0,0.0,8.0
2022,Meghalaya,17,West Khasi Hills,279,Khasi Hills West,0.0,0.0,0.0,0.0,5.0,0.0,0.0,48.0,41.0,0.0,0.0,0.0,0.0,0.0,0.0,0.0,0.0,0.0,0.0,0.0,0.0,0.0,0.0,0.0,0.0
2022,Meghalaya,17,West Khasi Hills,279,West Khasi Hills,5.0,56.0,3.0,3.0,5.0,0.0,0.0,0.0,0.0,0.0,0.0,0.0,0.0,0.0,0.0,2.0,0.0,2.0,0.0,0.0,2.0,4.0,0.0,0.0,28.0
2022,Mizoram,15,Aizawl,261,Aizawl,14.0,36.0,1.0,13.0,1.0,0.0,0.0,48.0,33.0,3.0,0.0,0.0,0.0,3.0,29.0,0.0,0.0,0.0,0.0,0.0,135.0,18.0,9.0,1.0,58.0
2022,Mizoram,15,Aizawl,261,Cyber,0.0,0.0,0.0,0.0,0.0,0.0,0.0,0.0,0.0,0.0,0.0,0.0,0.0,0.0,0.0,0.0,0.0,0.0,0.0,0.0,0.0,0.0,0.0,0.0,0.0
2022,Mizoram,15,Aizawl,261,Spl Narcotic,0.0,0.0,0.0,0.0,0.0,0.0,0.0,0.0,0.0,0.0,0.0,0.0,0.0,0.0,0.0,0.0,0.0,0.0,0.0,0.0,0.0,0.0,0.0,0.0,0.0
2022,Mizoram,15,Champhai,262,Champhai,3.0,7.0,0.0,2.0,0.0,0.0,0.0,10.0,8.0,0.0,0.0,0.0,0.0,0.0,4.0,0.0,0.0,0.0,0.0,0.0,6.0,0.0,1.0,0.0,6.0
2022,Mizoram,15,Hnahthial,726,Hnahthial,0.0,4.0,0.0,2.0,0.0,0.0,0.0,2.0,0.0,0.0,0.0,0.0,0.0,0.0,0.0,0.0,0.0,0.0,0.0,0.0,1.0,0.0,0.0,0.0,0.0
2022,Mizoram,15,Khawzawl,728,Khawzawl,3.0,7.0,1.0,2.0,0.0,0.0,0.0,11.0,8.0,0.0,0.0,0.0,0.0,0.0,0.0,0.0,0.0,0.0,0.0,0.0,0.0,1.0,0.0,0.0,1.0
2022,Mizoram,15,Kolasib,263,Kolasib,5.0,8.0,0.0,1.0,2.0,0.0,2.0,13.0,8.0,1.0,0.0,0.0,0.0,1.0,0.0,0.0,0.0,0.0,0.0,0.0,4.0,2.0,1.0,0.0,0.0
2022,Mizoram,15,Lawngtlai,264,Lawngtlai,3.0,4.0,0.0,3.0,0.0,4.0,0.0,7.0,5.0,0.0,0.0,0.0,0.0,0.0,0.0,1.0,0.0,0.0,0.0,0.0,1.0,0.0,1.0,0.0,3.0
2022,Mizoram,15,Lunglei,265,Lunglei,2.0,6.0,0.0,2.0,2.0,0.0,0.0,12.0,9.0,0.0,0.0,0.0,0.0,0.0,10.0,0.0,0.0,0.0,0.0,0.0,3.0,0.0,0.0,0.0,5.0
2022,Mizoram,15,Mamit,266,Mamit,2.0,6.0,0.0,1.0,0.0,0.0,0.0,13.0,11.0,0.0,0.0,0.0,0.0,1.0,0.0,0.0,0.0,0.0,0.0,0.0,2.0,0.0,1.0,0.0,0.0
2022,Mizoram,15,Saiha,267,Saiha,0.0,0.0,0.0,0.0,0.0,0.0,0.0,4.0,4.0,0.0,0.0,0.0,0.0,0.0,0.0,0.0,0.0,0.0,0.0,0.0,0.0,0.0,0.0,0.0,0.0
2022,Mizoram,15,Saitual,727,Saitual,1.0,3.0,0.0,0.0,0.0,0.0,0.0,4.0,4.0,0.0,0.0,0.0,0.0,0.0,0.0,0.0,0.0,0.0,0.0,0.0,0.0,0.0,0.0,0.0,2.0
2022,Mizoram,15,Serchhip,268,Serchhip,1.0,6.0,2.0,2.0,2.0,0.0,0.0,11.0,8.0,0.0,0.0,0.0,0.0,0.0,2.0,0.0,0.0,0.0,0.0,0.0,1.0,0.0,0.0,0.0,2.0
2022,Mizoram,15,Siaha,267,Saiha,0.0,3.0,0.0,2.0,0.0,0.0,0.0,0.0,0.0,0.0,0.0,0.0,0.0,0.0,0.0,0.0,0.0,0.0,0.0,0.0,0.0,0.0,0.0,0.0,3.0
2022,Nagaland,24,Ahmadabad,438,Western Railway Ahmedabad,0.0,0.0,0.0,0.0,0.0,0.0,0.0,0.0,0.0,0.0,0.0,0.0,0.0,0.0,0.0,2.0,0.0,0.0,1.0,0.0,0.0,0.0,0.0,0.0,1.0
2022,Nagaland,13,Dimapur,244,Dimapur,13.0,8.0,0.0,3.0,3.0,13.0,0.0,13.0,7.0,1.0,0.0,0.0,0.0,1.0,7.0,2.0,0.0,0.0,0.0,2.0,9.0,14.0,8.0,0.0,10.0
2022,Nagaland,13,Kiphire,614,Kiphire,0.0,2.0,1.0,0.0,0.0,0.0,0.0,1.0,0.0,0.0,0.0,0.0,0.0,0.0,0.0,0.0,0.0,0.0,0.0,0.0,0.0,0.0,1.0,0.0,0.0
2022,Nagaland,13,Kohima,245,Kohima,3.0,8.0,0.0,3.0,0.0,1.0,0.0,5.0,4.0,1.0,0.0,0.0,0.0,0.0,0.0,0.0,0.0,0.0,0.0,0.0,11.0,2.0,7.0,0.0,0.0
2022,Nagaland,13,Longleng,615,Longleng,1.0,2.0,0.0,0.0,0.0,0.0,0.0,0.0,0.0,1.0,0.0,0.0,0.0,0.0,0.0,0.0,0.0,0.0,0.0,0.0,0.0,0.0,0.0,0.0,0.0
2022,Nagaland,13,Mokokchung,246,Mokokchung,2.0,4.0,0.0,0.0,0.0,0.0,0.0,3.0,2.0,0.0,0.0,0.0,0.0,1.0,0.0,0.0,0.0,0.0,0.0,0.0,1.0,1.0,0.0,0.0,0.0
2022,Nagaland,13,Mon,247,Mon,0.0,3.0,0.0,2.0,1.0,1.0,0.0,3.0,3.0,0.0,0.0,0.0,0.0,0.0,0.0,2.0,0.0,2.0,0.0,0.0,5.0,0.0,0.0,0.0,1.0
2022,Nagaland,13,Peren,613,Peren,2.0,3.0,0.0,1.0,0.0,0.0,0.0,1.0,1.0,0.0,0.0,0.0,0.0,0.0,0.0,0.0,0.0,0.0,0.0,0.0,0.0,0.0,0.0,0.0,6.0
2022,Nagaland,13,Phek,248,Phek,1.0,3.0,0.0,0.0,0.0,0.0,0.0,3.0,3.0,0.0,0.0,0.0,0.0,0.0,0.0,0.0,0.0,0.0,0.0,0.0,3.0,0.0,0.0,0.0,3.0
2022,Nagaland,13,Tuensang,249,Tuensang,0.0,0.0,0.0,0.0,0.0,1.0,0.0,3.0,3.0,0.0,0.0,0.0,0.0,0.0,0.0,0.0,0.0,0.0,0.0,0.0,1.0,0.0,0.0,0.0,3.0
2022,Nagaland,24,Vadodara,461,Western Railway Vadodara,0.0,0.0,0.0,0.0,0.0,0.0,0.0,0.0,0.0,0.0,0.0,0.0,0.0,0.0,0.0,3.0,0.0,0.0,0.0,1.0,0.0,0.0,0.0,0.0,2.0
2022,Nagaland,13,Wokha,250,Wokha,0.0,0.0,0.0,0.0,0.0,0.0,0.0,1.0,1.0,0.0,0.0,0.0,0.0,0.0,0.0,0.0,0.0,0.0,0.0,0.0,0.0,2.0,0.0,0.0,6.0
2022,Nagaland,13,Zunheboto,251,Zunheboto,0.0,2.0,0.0,1.0,0.0,0.0,0.0,2.0,2.0,0.0,0.0,0.0,0.0,0.0,0.0,0.0,0.0,0.0,0.0,0.0,0.0,1.0,0.0,0.0,0.0
2022,Odisha,21,Anugul,344,Angul,38.0,137.0,11.0,423.0,346.0,0.0,4.0,274.0,93.0,575.0,6.0,0.0,0.0,0.0,19.0,156.0,67.0,0.0,0.0,15.0,233.0,142.0,0.0,1.0,67.0
2022,Odisha,21,Balangir,345,Bolangir,39.0,96.0,2.0,150.0,276.0,4.0,96.0,227.0,78.0,99.0,2.0,0.0,0.0,0.0,93.0,175.0,65.0,0.0,0.0,1.0,294.0,166.0,0.0,1.0,71.0
2022,Odisha,21,Baleshwar,346,Balasore,60.0,153.0,17.0,150.0,798.0,0.0,2.0,513.0,96.0,107.0,26.0,0.0,0.0,0.0,7.0,56.0,15.0,0.0,0.0,51.0,138.0,168.0,0.0,0.0,15.0
2022,Odisha,21,Baleshwar,346,Berhampur,25.0,167.0,3.0,7.0,273.0,0.0,0.0,241.0,80.0,274.0,2.0,0.0,4.0,0.0,50.0,102.0,37.0,5.0,0.0,35.0,191.0,61.0,0.0,2.0,37.0
2022,Odisha,21,Bargarh,347,Baragarh,43.0,87.0,1.0,339.0,298.0,2.0,2.0,186.0,36.0,112.0,10.0,0.0,0.0,0.0,68.0,126.0,55.0,0.0,0.0,20.0,227.0,121.0,0.0,0.0,55.0
2022,Odisha,21,Bhadrak,348,Bhadrak,56.0,122.0,0.0,143.0,668.0,0.0,0.0,406.0,72.0,76.0,25.0,2.0,0.0,0.0,12.0,86.0,26.0,0.0,0.0,56.0,188.0,70.0,0.0,0.0,26.0
2022,Odisha,21,Boudh,349,Boudh,13.0,29.0,3.0,34.0,79.0,0.0,2.0,67.0,16.0,35.0,4.0,0.0,0.0,0.0,14.0,17.0,5.0,0.0,0.0,2.0,29.0,29.0,0.0,0.0,9.0
2022,Odisha,21,Cuttack,350,Cid Cb,0.0,0.0,0.0,0.0,0.0,0.0,0.0,0.0,0.0,0.0,0.0,0.0,0.0,0.0,0.0,0.0,0.0,0.0,0.0,0.0,0.0,0.0,0.0,0.0,0.0
2022,Odisha,21,Cuttack,350,Cid Crime Branch,1.0,0.0,0.0,0.0,0.0,0.0,0.0,0.0,0.0,0.0,0.0,0.0,0.0,0.0,0.0,0.0,0.0,0.0,0.0,0.0,34.0,0.0,0.0,0.0,6.0
2022,Odisha,21,Cuttack,350,Cid Cyber Crime,0.0,0.0,0.0,0.0,0.0,0.0,0.0,0.0,0.0,0.0,0.0,0.0,0.0,0.0,0.0,24.0,12.0,0.0,0.0,0.0,12.0,0.0,0.0,0.0,12.0
2022,Odisha,21,Cuttack,350,Cuttack,67.0,107.0,2.0,293.0,334.0,0.0,0.0,209.0,47.0,65.0,23.0,1.0,0.0,0.0,16.0,46.0,10.0,0.0,0.0,23.0,146.0,86.0,0.0,0.0,16.0
2022,Odisha,21,Cuttack,350,Dcp Ctc,0.0,0.0,0.0,0.0,181.0,0.0,0.0,273.0,82.0,0.0,0.0,0.0,0.0,0.0,0.0,0.0,0.0,0.0,0.0,0.0,0.0,0.0,0.0,0.0,0.0
2022,Odisha,21,Cuttack,350,Dcp Cuttack,25.0,111.0,0.0,291.0,145.0,0.0,3.0,0.0,0.0,145.0,9.0,0.0,0.0,0.0,65.0,138.0,43.0,0.0,0.0,58.0,413.0,129.0,0.0,2.0,53.0
2022,Odisha,21,Cuttack,350,Srp(Cuttack),9.0,3.0,0.0,9.0,0.0,0.0,0.0,1.0,1.0,0.0,0.0,0.0,0.0,0.0,4.0,1.0,0.0,0.0,0.0,0.0,0.0,30.0,1.0,0.0,0.0
2022,Odisha,21,Deogarh,351,Deogarh,19.0,65.0,3.0,147.0,60.0,0.0,2.0,78.0,37.0,207.0,2.0,0.0,1.0,1.0,8.0,14.0,5.0,0.0,0.0,8.0,91.0,25.0,0.0,1.0,50.0
2022,Odisha,21,Dhenkanal,352,Dhenkanal,44.0,115.0,7.0,360.0,263.0,0.0,2.0,185.0,50.0,119.0,4.0,0.0,0.0,0.0,39.0,81.0,33.0,0.0,0.0,16.0,153.0,104.0,0.0,0.0,33.0
2022,Odisha,21,Gajapati,353,Gajapati,13.0,86.0,0.0,64.0,115.0,0.0,2.0,99.0,38.0,22.0,0.0,0.0,0.0,0.0,5.0,48.0,16.0,0.0,0.0,20.0,64.0,12.0,0.0,0.0,16.0
2022,Odisha,21,Ganjam,354,Ganjam,58.0,259.0,5.0,188.0,425.0,0.0,1.0,300.0,68.0,942.0,13.0,0.0,0.0,0.0,27.0,88.0,26.0,0.0,0.0,38.0,202.0,53.0,0.0,0.0,38.0
2022,Odisha,21,Jagatsinghapur,355,Jagatsinghpur,31.0,90.0,3.0,471.0,351.0,1.0,0.0,236.0,47.0,130.0,13.0,0.0,0.0,0.0,28.0,78.0,22.0,0.0,0.0,40.0,205.0,106.0,0.0,0.0,24.0
2022,Odisha,21,Jajapur,356,Jajpur,63.0,201.0,9.0,131.0,581.0,0.0,5.0,428.0,130.0,200.0,14.0,1.0,0.0,0.0,0.0,117.0,38.0,0.0,0.0,42.0,216.0,89.0,0.0,1.0,38.0
2022,Odisha,21,Jharsuguda,357,Jharsuguda,19.0,88.0,0.0,28.0,138.0,1.0,2.0,136.0,54.0,92.0,3.0,0.0,0.0,0.0,39.0,42.0,12.0,0.0,0.0,5.0,67.0,61.0,0.0,0.0,24.0
2022,Odisha,21,Kalahandi,358,Kalahandi,38.0,268.0,13.0,192.0,342.0,1.0,10.0,287.0,95.0,197.0,3.0,0.0,0.0,0.0,36.0,68.0,21.0,0.0,0.0,32.0,152.0,83.0,0.0,1.0,21.0
2022,Odisha,21,Kandhamal,359,Kandhamal,27.0,130.0,5.0,254.0,234.0,0.0,2.0,235.0,104.0,85.0,1.0,0.0,0.0,0.0,10.0,27.0,9.0,2.0,0.0,11.0,46.0,30.0,0.0,0.0,9.0
2022,Odisha,21,Kendrapara,360,Kendrapara,55.0,150.0,25.0,830.0,507.0,2.0,0.0,359.0,101.0,184.0,17.0,0.0,0.0,0.0,48.0,80.0,17.0,0.0,0.0,31.0,177.0,68.0,0.0,0.0,17.0
2022,Odisha,21,Kendujhar,361,Keonjhar,81.0,213.0,4.0,570.0,405.0,2.0,0.0,329.0,110.0,87.0,9.0,0.0,0.0,0.0,54.0,110.0,43.0,0.0,0.0,22.0,125.0,97.0,0.0,1.0,197.0
2022,Odisha,21,Khordha,362,Dcp Bbsr,0.0,0.0,0.0,0.0,336.0,0.0,0.0,432.0,79.0,0.0,0.0,0.0,0.0,0.0,0.0,0.0,0.0,0.0,0.0,0.0,0.0,0.0,0.0,0.0,0.0
2022,Odisha,21,Khordha,362,Dcp Bhubaneswar,47.0,165.0,3.0,31.0,330.0,0.0,2.0,0.0,0.0,25.0,14.0,0.0,0.0,0.0,51.0,159.0,52.0,0.0,0.0,57.0,932.0,643.0,0.0,2.0,76.0
2022,Odisha,21,Khordha,362,Khurda,27.0,69.0,0.0,650.0,246.0,0.0,0.0,178.0,50.0,102.0,9.0,0.0,0.0,0.0,23.0,24.0,7.0,0.0,0.0,10.0,96.0,80.0,0.0,2.0,9.0
2022,Odisha,21,Koraput,363,Koraput,46.0,275.0,1.0,258.0,284.0,2.0,1.0,258.0,110.0,72.0,1.0,1.0,0.0,0.0,28.0,104.0,42.0,0.0,0.0,19.0,149.0,90.0,0.0,0.0,42.0
2022,Odisha,21,Malkangiri,364,Malkangiri,36.0,142.0,3.0,203.0,233.0,0.0,1.0,183.0,58.0,133.0,5.0,0.0,0.0,0.0,10.0,183.0,80.0,0.0,0.0,16.0,221.0,16.0,0.0,1.0,86.0
2022,Odisha,21,Mayurbhanj,365,Mayurbhanj,101.0,389.0,26.0,663.0,814.0,0.0,6.0,625.0,193.0,336.0,6.0,0.0,0.0,0.0,83.0,148.0,46.0,0.0,0.0,57.0,236.0,94.0,0.0,0.0,52.0
2022,Odisha,21,Nabarangpur,366,Nabarangpur,23.0,104.0,2.0,244.0,106.0,0.0,6.0,104.0,83.0,157.0,1.0,0.0,0.0,1.0,20.0,74.0,32.0,0.0,0.0,12.0,39.0,24.0,0.0,0.0,50.0
2022,Odisha,21,Nayagarh,367,Nayagarh,44.0,102.0,0.0,93.0,189.0,0.0,1.0,137.0,33.0,58.0,15.0,0.0,0.0,0.0,43.0,17.0,6.0,0.0,0.0,7.0,56.0,42.0,0.0,0.0,6.0
2022,Odisha,21,Nuapada,368,Nuapada,14.0,18.0,0.0,46.0,177.0,2.0,13.0,106.0,14.0,34.0,34.0,0.0,0.0,0.0,9.0,29.0,11.0,0.0,0.0,7.0,52.0,11.0,0.0,0.0,11.0
2022,Odisha,21,Puri,369,Puri,55.0,142.0,4.0,100.0,501.0,0.0,0.0,339.0,74.0,123.0,14.0,0.0,0.0,0.0,15.0,99.0,26.0,14.0,0.0,40.0,220.0,171.0,0.0,0.0,28.0
2022,Odisha,21,Rayagada,370,Rayagada,27.0,108.0,5.0,99.0,168.0,0.0,2.0,156.0,60.0,73.0,3.0,0.0,0.0,0.0,33.0,86.0,39.0,0.0,0.0,13.0,103.0,16.0,0.0,2.0,39.0
2022,Odisha,21,Sambalpur,371,Sambalpur,50.0,94.0,2.0,115.0,224.0,0.0,16.0,194.0,71.0,190.0,5.0,0.0,0.0,0.0,132.0,317.0,47.0,0.0,0.0,26.0,225.0,213.0,0.0,0.0,217.0
2022,Odisha,21,Sonepur,372,Sonepur,15.0,47.0,0.0,128.0,90.0,0.0,0.0,85.0,25.0,27.0,3.0,0.0,0.0,0.0,7.0,24.0,12.0,0.0,0.0,0.0,43.0,39.0,0.0,0.0,12.0
2022,Odisha,21,Sundargarh,373,Rourkela,46.0,180.0,2.0,201.0,241.0,0.0,2.0,222.0,87.0,87.0,0.0,0.0,0.0,0.0,51.0,158.0,56.0,0.0,0.0,25.0,227.0,142.0,0.0,1.0,74.0
2022,Odisha,21,Sundargarh,373,Srp(Rourkela),7.0,2.0,1.0,3.0,8.0,0.0,3.0,6.0,0.0,0.0,0.0,0.0,1.0,0.0,0.0,2.0,0.0,0.0,0.0,0.0,0.0,14.0,0.0,0.0,16.0
2022,Odisha,21,Sundargarh,373,Sundargarh,39.0,138.0,0.0,110.0,144.0,0.0,2.0,146.0,51.0,152.0,1.0,0.0,0.0,6.0,23.0,98.0,35.0,0.0,0.0,0.0,70.0,79.0,0.0,0.0,86.0
2022,Puducherry,34,Karaikal,598,Karaikal,0.0,0.0,0.0,0.0,0.0,0.0,0.0,0.0,0.0,0.0,0.0,0.0,0.0,0.0,0.0,0.0,0.0,0.0,0.0,0.0,0.0,0.0,0.0,0.0,0.0
2022,Puducherry,34,Pondicherry,600,Puducherry,33.0,79.0,0.0,40.0,36.0,1.0,23.0,139.0,106.0,9.0,8.0,0.0,6.0,0.0,110.0,64.0,0.0,28.0,0.0,10.0,42.0,21.0,24.0,7.0,351.0
2022,Punjab,3,Amritsar,27,Amritsar Rural,53.0,140.0,1.0,44.0,92.0,0.0,0.0,119.0,27.0,32.0,4.0,1.0,5.0,0.0,26.0,10.0,0.0,0.0,1.0,6.0,75.0,12.0,0.0,0.0,139.0
2022,Punjab,3,Amritsar,27,Cp Amritsar,33.0,124.0,1.0,32.0,81.0,0.0,0.0,127.0,43.0,58.0,3.0,0.0,4.0,0.0,24.0,145.0,61.0,3.0,4.0,10.0,156.0,9.0,1.0,0.0,333.0
2022,Punjab,3,Amritsar,27,Special Task Force,0.0,0.0,0.0,0.0,0.0,0.0,0.0,0.0,0.0,0.0,0.0,0.0,0.0,0.0,0.0,0.0,0.0,0.0,0.0,0.0,0.0,0.0,0.0,0.0,0.0
2022,Punjab,3,Barnala,605,Barnala,12.0,51.0,1.0,10.0,32.0,1.0,0.0,45.0,14.0,17.0,6.0,0.0,7.0,0.0,3.0,14.0,0.0,2.0,0.0,6.0,55.0,7.0,0.0,1.0,39.0
2022,Punjab,3,Bathinda,28,Bathinda,41.0,158.0,2.0,34.0,71.0,0.0,0.0,148.0,49.0,86.0,7.0,0.0,9.0,0.0,0.0,10.0,0.0,0.0,0.0,6.0,140.0,4.0,3.0,0.0,167.0
2022,Punjab,3,Faridkot,29,Faridkot,16.0,48.0,0.0,22.0,22.0,2.0,0.0,44.0,20.0,9.0,3.0,0.0,7.0,0.0,15.0,8.0,0.0,2.0,1.0,2.0,44.0,3.0,0.0,0.0,81.0
2022,Punjab,3,Fatehgarh Sahib,30,Fatehgarh Sahib,15.0,83.0,1.0,34.0,63.0,0.0,0.0,67.0,26.0,44.0,0.0,1.0,4.0,0.0,0.0,20.0,7.0,0.0,2.0,0.0,47.0,5.0,1.0,4.0,121.0
2022,Punjab,3,Fazilka,651,Fazilka,22.0,166.0,2.0,14.0,50.0,0.0,3.0,109.0,59.0,45.0,2.0,0.0,6.0,0.0,35.0,22.0,4.0,0.0,0.0,0.0,99.0,8.0,1.0,0.0,59.0
2022,Punjab,3,Ferozepur,31,Ferozepur,23.0,82.0,1.0,22.0,52.0,1.0,0.0,58.0,19.0,25.0,1.0,0.0,4.0,0.0,0.0,16.0,5.0,0.0,0.0,0.0,67.0,4.0,0.0,0.0,83.0
2022,Punjab,3,Gurdaspur,32,Batala,24.0,99.0,1.0,17.0,65.0,2.0,0.0,91.0,30.0,42.0,0.0,0.0,7.0,1.0,23.0,33.0,13.0,0.0,1.0,4.0,100.0,1.0,1.0,0.0,156.0
2022,Punjab,3,Gurdaspur,32,Gurdaspur,11.0,46.0,2.0,10.0,24.0,0.0,0.0,35.0,22.0,67.0,3.0,0.0,3.0,0.0,7.0,29.0,3.0,0.0,2.0,7.0,121.0,2.0,3.0,2.0,57.0
2022,Punjab,3,Hoshiarpur,33,Hoshiarpur,34.0,119.0,0.0,33.0,82.0,0.0,0.0,112.0,33.0,109.0,4.0,0.0,16.0,0.0,15.0,198.0,87.0,1.0,4.0,1.0,252.0,4.0,1.0,0.0,214.0
2022,Punjab,3,Jalandhar,34,Cp Jalandhar,18.0,124.0,1.0,40.0,92.0,0.0,5.0,136.0,29.0,124.0,5.0,1.0,4.0,1.0,67.0,102.0,16.0,3.0,5.0,0.0,189.0,10.0,1.0,0.0,109.0
2022,Punjab,3,Jalandhar,34,Jalandhar Rural,35.0,102.0,0.0,46.0,47.0,0.0,4.0,108.0,26.0,61.0,5.0,0.0,8.0,2.0,51.0,59.0,20.0,1.0,3.0,1.0,139.0,9.0,1.0,0.0,132.0
2022,Punjab,3,Kapurthala,35,Kapurthala,16.0,89.0,4.0,25.0,41.0,1.0,2.0,66.0,28.0,37.0,3.0,1.0,14.0,0.0,30.0,19.0,0.0,0.0,3.0,0.0,42.0,8.0,0.0,0.0,238.0
2022,Punjab,3,Ludhiana,36,Cp Ludhiana,66.0,308.0,2.0,75.0,142.0,0.0,0.0,275.0,120.0,224.0,7.0,1.0,14.0,12.0,68.0,155.0,42.0,1.0,8.0,6.0,330.0,14.0,9.0,0.0,568.0
2022,Punjab,3,Ludhiana,36,Khanna,24.0,38.0,1.0,18.0,20.0,0.0,0.0,33.0,10.0,34.0,0.0,0.0,13.0,0.0,0.0,3.0,0.0,0.0,0.0,3.0,73.0,4.0,0.0,0.0,1.0
2022,Punjab,3,Ludhiana,36,Ludhiana Rural,17.0,88.0,0.0,15.0,40.0,0.0,0.0,70.0,26.0,30.0,1.0,0.0,5.0,0.0,0.0,18.0,0.0,2.0,0.0,10.0,67.0,4.0,0.0,0.0,54.0
2022,Punjab,3,Malerkotla,737,Malerkotla,5.0,36.0,0.0,10.0,22.0,0.0,0.0,31.0,8.0,39.0,0.0,0.0,1.0,0.0,0.0,3.0,0.0,0.0,0.0,0.0,41.0,2.0,0.0,0.0,57.0
2022,Punjab,3,Mansa,37,Mansa,29.0,79.0,0.0,14.0,30.0,0.0,0.0,61.0,22.0,26.0,4.0,0.0,5.0,0.0,22.0,3.0,1.0,0.0,0.0,0.0,39.0,9.0,0.0,1.0,112.0
2022,Punjab,3,Moga,38,Moga,28.0,83.0,0.0,26.0,38.0,0.0,0.0,57.0,27.0,23.0,2.0,0.0,2.0,0.0,35.0,40.0,9.0,1.0,0.0,34.0,130.0,3.0,1.0,0.0,69.0
2022,Punjab,3,Pathankot,662,Pathankot,7.0,35.0,0.0,12.0,17.0,0.0,0.0,30.0,12.0,38.0,2.0,0.0,7.0,0.0,8.0,23.0,0.0,0.0,0.0,7.0,0.0,1.0,0.0,0.0,46.0
2022,Punjab,3,Patiala,41,Grp,8.0,0.0,0.0,3.0,2.0,0.0,0.0,8.0,0.0,0.0,0.0,0.0,1.0,0.0,9.0,1.0,0.0,1.0,0.0,0.0,0.0,6.0,0.0,0.0,12.0
2022,Punjab,3,Patiala,41,Patiala,45.0,183.0,0.0,32.0,106.0,2.0,2.0,167.0,68.0,144.0,8.0,0.0,12.0,0.0,62.0,15.0,4.0,2.0,0.0,0.0,253.0,4.0,0.0,2.0,297.0
2022,Punjab,3,Rupnagar,42,Ropar,10.0,52.0,0.0,19.0,39.0,0.0,0.0,48.0,29.0,20.0,0.0,0.0,5.0,0.0,0.0,0.0,0.0,0.0,0.0,0.0,55.0,3.0,2.0,0.0,76.0
2022,Punjab,3,S.A.S Nagar,608,Bureau Of Investigation,0.0,2.0,0.0,5.0,0.0,0.0,0.0,0.0,0.0,0.0,0.0,0.0,0.0,0.0,0.0,0.0,0.0,0.0,0.0,0.0,16.0,0.0,3.0,0.0,1.0
2022,Punjab,3,S.A.S Nagar,608,Intelligence Wing,0.0,0.0,0.0,0.0,0.0,0.0,0.0,0.0,0.0,0.0,0.0,0.0,0.0,0.0,0.0,0.0,0.0,0.0,0.0,0.0,0.0,0.0,1.0,0.0,3.0
2022,Punjab,3,S.A.S Nagar,608,Nri Wing,0.0,0.0,0.0,0.0,0.0,0.0,0.0,0.0,0.0,47.0,1.0,0.0,0.0,0.0,0.0,0.0,0.0,0.0,0.0,0.0,53.0,0.0,0.0,0.0,10.0
2022,Punjab,3,S.A.S Nagar,608,S.A.S Nagar,22.0,52.0,0.0,0.0,0.0,0.0,4.0,0.0,0.0,0.0,0.0,0.0,0.0,0.0,0.0,0.0,0.0,0.0,0.0,0.0,267.0,13.0,0.0,0.0,478.0
2022,Punjab,3,S.A.S Nagar,608,Sas Nagar,2.0,212.0,7.0,26.0,131.0,0.0,0.0,172.0,43.0,130.0,0.0,0.0,22.0,0.0,0.0,0.0,0.0,0.0,0.0,0.0,0.0,0.0,0.0,0.0,0.0
2022,Punjab,3,Sangrur,43,Sangrur,20.0,96.0,1.0,24.0,42.0,1.0,0.0,79.0,25.0,41.0,1.0,0.0,10.0,0.0,40.0,22.0,0.0,0.0,0.0,0.0,102.0,4.0,0.0,0.0,147.0
2022,Punjab,3,Sas Nagar,608,Bureau Of Investigation,0.0,0.0,0.0,0.0,0.0,0.0,0.0,0.0,0.0,0.0,0.0,0.0,0.0,0.0,0.0,70.0,21.0,10.0,5.0,1.0,7.0,0.0,2.0,0.0,31.0
2022,Punjab,3,Sas Nagar,608,Sas Nagar,0.0,0.0,0.0,0.0,0.0,0.0,0.0,0.0,0.0,0.0,0.0,0.0,0.0,0.0,0.0,22.0,0.0,6.0,0.0,8.0,0.0,0.0,0.0,0.0,0.0
2022,Punjab,3,Shahid Bhagat Singh Nagar,40,Sbs Nagar,9.0,45.0,1.0,11.0,26.0,0.0,0.0,42.0,14.0,45.0,0.0,0.0,4.0,0.0,0.0,26.0,2.0,0.0,0.0,0.0,2.0,3.0,0.0,0.0,51.0
2022,Punjab,3,Sri Muktsar Sahib,39,Muktsar,35.0,104.0,1.0,27.0,47.0,0.0,0.0,74.0,26.0,16.0,1.0,0.0,3.0,0.0,11.0,23.0,5.0,0.0,2.0,2.0,0.0,7.0,3.0,0.0,133.0
2022,Punjab,3,Tarn Taran,609,Tarn Taran,34.0,73.0,1.0,15.0,41.0,0.0,0.0,82.0,29.0,27.0,2.0,0.0,6.0,0.0,0.0,13.0,3.0,3.0,0.0,1.0,83.0,9.0,0.0,0.0,110.0
2022,Rajasthan,8,Ajmer,86,Ajmer,64.0,472.0,33.0,708.0,654.0,3.0,0.0,515.0,156.0,1028.0,15.0,2.0,2.0,1.0,66.0,167.0,21.0,3.0,20.0,22.0,1385.0,129.0,458.0,1.0,150.0
2022,Rajasthan,8,Ajmer,86,Grp Ajmer,2.0,4.0,0.0,20.0,5.0,0.0,8.0,7.0,1.0,0.0,2.0,0.0,0.0,0.0,9.0,4.0,2.0,0.0,0.0,0.0,0.0,3.0,0.0,0.0,11.0
2022,Rajasthan,8,Alwar,87,Alwar,73.0,572.0,135.0,276.0,213.0,3.0,0.0,185.0,170.0,770.0,23.0,0.0,0.0,0.0,0.0,232.0,95.0,0.0,0.0,0.0,931.0,38.0,190.0,0.0,95.0
2022,Rajasthan,8,Banswara,88,Banswara,47.0,340.0,7.0,119.0,461.0,0.0,0.0,261.0,29.0,195.0,6.0,0.0,8.0,0.0,153.0,25.0,1.0,0.0,0.0,0.0,102.0,61.0,1.0,0.0,156.0
2022,Rajasthan,8,Baran,89,Baran,43.0,211.0,4.0,137.0,264.0,2.0,0.0,260.0,142.0,366.0,8.0,0.0,6.0,0.0,28.0,20.0,2.0,2.0,4.0,6.0,0.0,16.0,96.0,0.0,87.0
2022,Rajasthan,8,Barmer,90,Barmer,45.0,458.0,52.0,253.0,115.0,0.0,0.0,221.0,107.0,385.0,24.0,1.0,14.0,0.0,127.0,170.0,5.0,0.0,0.0,11.0,290.0,26.0,125.0,2.0,145.0
2022,Rajasthan,8,Bharatpur,91,Bharatpur,88.0,624.0,150.0,120.0,203.0,6.0,0.0,236.0,240.0,994.0,33.0,0.0,6.0,0.0,139.0,72.0,0.0,24.0,0.0,34.0,878.0,113.0,0.0,0.0,5518.0
2022,Rajasthan,8,Bhilwara,92,Bhilwara,40.0,681.0,29.0,579.0,550.0,6.0,0.0,323.0,122.0,877.0,10.0,0.0,12.0,0.0,210.0,171.0,21.0,0.0,21.0,14.0,937.0,80.0,13.0,5.0,118.0
2022,Rajasthan,8,Bikaner,93,Bikaner,60.0,312.0,30.0,253.0,162.0,0.0,0.0,186.0,119.0,554.0,22.0,0.0,5.0,0.0,0.0,32.0,0.0,0.0,0.0,0.0,370.0,13.0,277.0,0.0,1517.0
2022,Rajasthan,8,Bundi,94,Bundi,23.0,196.0,9.0,216.0,238.0,0.0,0.0,153.0,65.0,311.0,5.0,0.0,1.0,0.0,0.0,4.0,0.0,0.0,0.0,0.0,0.0,7.0,38.0,0.0,468.0
2022,Rajasthan,8,Chittorgarh,95,Chittorgarh,41.0,256.0,10.0,184.0,320.0,1.0,0.0,205.0,124.0,532.0,1.0,0.0,7.0,0.0,148.0,12.0,5.0,0.0,0.0,0.0,455.0,53.0,22.0,0.0,689.0
2022,Rajasthan,8,Churu,96,Churu,37.0,265.0,21.0,79.0,148.0,0.0,0.0,134.0,82.0,484.0,10.0,0.0,4.0,0.0,0.0,14.0,0.0,0.0,0.0,0.0,0.0,14.0,447.0,0.0,1385.0
2022,Rajasthan,8,Dausa,97,Dausa,46.0,308.0,14.0,85.0,164.0,0.0,0.0,78.0,42.0,339.0,10.0,0.0,1.0,0.0,73.0,95.0,26.0,0.0,5.0,6.0,650.0,25.0,0.0,0.0,1764.0
2022,Rajasthan,8,Dholpur,98,Dholpur,51.0,252.0,23.0,78.0,181.0,3.0,0.0,176.0,92.0,375.0,20.0,0.0,2.0,0.0,109.0,99.0,44.0,1.0,0.0,18.0,263.0,22.0,0.0,0.0,1254.0
2022,Rajasthan,8,Dungarpur,99,Dungarpur,44.0,404.0,0.0,102.0,258.0,0.0,0.0,318.0,73.0,154.0,2.0,0.0,9.0,0.0,201.0,1.0,0.0,0.0,0.0,0.0,140.0,35.0,0.0,0.0,104.0
2022,Rajasthan,8,Ganganagar,100,Ganganagar,72.0,399.0,28.0,257.0,349.0,0.0,0.0,329.0,125.0,877.0,6.0,0.0,6.0,0.0,144.0,49.0,6.0,2.0,6.0,3.0,546.0,47.0,400.0,0.0,790.0
2022,Rajasthan,8,Hanumangarh,101,Hanumangarh,58.0,332.0,11.0,208.0,237.0,1.0,0.0,265.0,135.0,755.0,16.0,0.0,11.0,0.0,122.0,50.0,3.0,1.0,4.0,0.0,3.0,19.0,291.0,0.0,923.0
2022,Rajasthan,8,Jaipur,102,Jaipur Crime,0.0,0.0,0.0,0.0,0.0,0.0,0.0,0.0,0.0,0.0,0.0,0.0,0.0,0.0,0.0,51.0,15.0,9.0,0.0,0.0,15.0,0.0,0.0,0.0,15.0
2022,Rajasthan,8,Jaipur,102,Jaipur East,47.0,310.0,11.0,210.0,311.0,6.0,0.0,284.0,80.0,300.0,11.0,0.0,9.0,0.0,86.0,134.0,33.0,6.0,6.0,12.0,723.0,56.0,7.0,0.0,119.0
2022,Rajasthan,8,Jaipur,102,Jaipur Metro,0.0,0.0,0.0,0.0,0.0,0.0,0.0,0.0,0.0,0.0,0.0,0.0,0.0,0.0,0.0,0.0,0.0,0.0,0.0,0.0,0.0,0.0,0.0,0.0,0.0
2022,Rajasthan,8,Jaipur,102,Jaipur North,12.0,217.0,2.0,90.0,116.0,0.0,1.0,204.0,61.0,320.0,4.0,0.0,0.0,0.0,0.0,60.0,13.0,6.0,5.0,15.0,13.0,33.0,0.0,0.0,783.0
2022,Rajasthan,8,Jaipur,102,Jaipur Rural,57.0,301.0,27.0,184.0,146.0,1.0,0.0,0.0,41.0,537.0,11.0,0.0,11.0,0.0,71.0,102.0,28.0,3.0,0.0,14.0,793.0,75.0,267.0,0.0,2108.0
2022,Rajasthan,8,Jaipur,102,Jaipur South,23.0,260.0,6.0,176.0,237.0,4.0,0.0,179.0,48.0,357.0,9.0,0.0,1.0,0.0,80.0,92.0,1.0,13.0,0.0,24.0,839.0,35.0,168.0,0.0,1003.0
2022,Rajasthan,8,Jaipur,102,Jaipur West,51.0,339.0,8.0,142.0,367.0,1.0,0.0,313.0,121.0,538.0,9.0,0.0,3.0,0.0,97.0,59.0,0.0,0.0,0.0,0.0,1811.0,51.0,0.0,1.0,992.0
2022,Rajasthan,8,Jaipur,102,Scrb,0.0,0.0,0.0,0.0,0.0,0.0,0.0,1.0,0.0,0.0,0.0,0.0,0.0,0.0,0.0,16.0,0.0,1.0,0.0,2.0,0.0,0.0,0.0,0.0,0.0
2022,Rajasthan,8,Jaipur,102,Sog,0.0,0.0,0.0,0.0,0.0,0.0,0.0,0.0,0.0,0.0,0.0,0.0,0.0,0.0,0.0,0.0,0.0,0.0,0.0,0.0,11.0,0.0,10.0,0.0,0.0
2022,Rajasthan,8,Jaipur,102,Ssb,0.0,0.0,0.0,0.0,0.0,0.0,0.0,0.0,0.0,0.0,0.0,0.0,0.0,0.0,0.0,0.0,0.0,0.0,0.0,0.0,0.0,0.0,0.0,0.0,0.0
2022,Rajasthan,8,Jaipur (Gramin),783,Jaipur Rural,1.0,0.0,0.0,0.0,88.0,0.0,0.0,224.0,122.0,0.0,0.0,0.0,0.0,0.0,0.0,0.0,0.0,0.0,0.0,0.0,0.0,0.0,0.0,0.0,0.0
2022,Rajasthan,8,Jaisalmer,103,Jaisalmer,21.0,73.0,11.0,130.0,29.0,1.0,0.0,51.0,19.0,63.0,4.0,0.0,1.0,0.0,77.0,31.0,1.0,0.0,3.0,0.0,80.0,7.0,62.0,0.0,137.0
2022,Rajasthan,8,Jalore,104,Jalore,44.0,207.0,13.0,218.0,103.0,1.0,0.0,119.0,100.0,223.0,13.0,0.0,5.0,0.0,77.0,11.0,0.0,0.0,0.0,11.0,0.0,26.0,267.0,2.0,0.0
2022,Rajasthan,8,Jhalawar,105,Jhalawar,33.0,292.0,8.0,243.0,355.0,5.0,0.0,324.0,114.0,539.0,5.0,1.0,7.0,0.0,250.0,56.0,15.0,0.0,10.0,6.0,145.0,25.0,0.0,0.0,65.0
2022,Rajasthan,8,Jhunjhunu,106,Jhunjhunu,37.0,235.0,19.0,70.0,128.0,0.0,0.0,102.0,42.0,540.0,9.0,0.0,8.0,0.0,131.0,34.0,4.0,6.0,0.0,10.0,640.0,12.0,133.0,3.0,741.0
2022,Rajasthan,8,Jodhpur,107,Grp Jodhpur,3.0,0.0,0.0,7.0,7.0,0.0,0.0,4.0,0.0,0.0,0.0,0.0,1.0,0.0,10.0,0.0,0.0,0.0,0.0,0.0,0.0,2.0,0.0,0.0,2.0
2022,Rajasthan,8,Jodhpur,107,Jodhpur East,12.0,183.0,0.0,186.0,89.0,0.0,0.0,115.0,69.0,237.0,5.0,0.0,4.0,0.0,167.0,108.0,30.0,6.0,15.0,12.0,26.0,28.0,201.0,1.0,506.0
2022,Rajasthan,8,Jodhpur,107,Jodhpur Rural,31.0,174.0,25.0,161.0,125.0,0.0,2.0,139.0,88.0,235.0,25.0,0.0,3.0,0.0,119.0,10.0,0.0,0.0,0.0,0.0,121.0,34.0,189.0,0.0,318.0
2022,Rajasthan,8,Jodhpur,107,Jodhpur West,20.0,174.0,4.0,233.0,203.0,0.0,0.0,222.0,78.0,247.0,2.0,0.0,2.0,0.0,113.0,124.0,25.0,0.0,6.0,8.0,433.0,46.0,125.0,1.0,443.0
2022,Rajasthan,8,Karauli,108,Karauli,43.0,250.0,74.0,173.0,252.0,2.0,0.0,170.0,55.0,334.0,20.0,0.0,5.0,0.0,95.0,53.0,0.0,6.0,0.0,61.0,367.0,33.0,1.0,0.0,2985.0
2022,Rajasthan,8,Khairthal-Tijara,770,Bhiwadi,59.0,359.0,35.0,175.0,244.0,0.0,0.0,122.0,81.0,449.0,14.0,0.0,3.0,7.0,0.0,64.0,27.0,0.0,0.0,0.0,195.0,44.0,104.0,3.0,277.0
2022,Rajasthan,8,Kota,109,Kota City,29.0,346.0,4.0,222.0,377.0,1.0,3.0,339.0,91.0,435.0,11.0,1.0,4.0,1.0,304.0,50.0,7.0,0.0,3.0,9.0,864.0,31.0,31.0,1.0,112.0
2022,Rajasthan,8,Kota,109,Kota Rural,24.0,161.0,7.0,161.0,175.0,0.0,0.0,142.0,71.0,215.0,4.0,0.0,2.0,0.0,0.0,35.0,0.0,0.0,0.0,5.0,188.0,9.0,11.0,0.0,770.0
2022,Rajasthan,8,Nagaur,110,Nagaur,62.0,385.0,46.0,310.0,208.0,0.0,3.0,262.0,126.0,595.0,19.0,0.0,4.0,0.0,170.0,110.0,5.0,11.0,13.0,20.0,630.0,31.0,205.0,6.0,1097.0
2022,Rajasthan,8,Pali,111,Pali,55.0,305.0,18.0,347.0,214.0,0.0,0.0,145.0,135.0,720.0,10.0,0.0,10.0,0.0,0.0,10.0,3.0,0.0,0.0,8.0,764.0,97.0,25.0,6.0,2166.0
2022,Rajasthan,8,Pratapgarh,629,Pratapgarh,40.0,395.0,23.0,234.0,306.0,0.0,0.0,200.0,64.0,249.0,8.0,0.0,8.0,0.0,105.0,42.0,18.0,0.0,0.0,6.0,189.0,21.0,28.0,0.0,371.0
2022,Rajasthan,8,Rajsamand,112,Rajsamand,37.0,165.0,7.0,148.0,302.0,0.0,0.0,275.0,44.0,311.0,6.0,0.0,4.0,0.0,76.0,23.0,5.0,2.0,1.0,5.0,317.0,29.0,33.0,4.0,14.0
2022,Rajasthan,8,Sawai Madhopur,113,Sawai Madhopur,36.0,268.0,41.0,155.0,123.0,4.0,1.0,172.0,159.0,326.0,8.0,0.0,2.0,0.0,124.0,83.0,22.0,0.0,0.0,4.0,332.0,37.0,229.0,0.0,2066.0
2022,Rajasthan,8,Sikar,114,Sikar,61.0,337.0,33.0,148.0,338.0,0.0,2.0,331.0,155.0,732.0,14.0,0.0,6.0,0.0,35.0,123.0,7.0,35.0,6.0,18.0,747.0,36.0,427.0,0.0,3292.0
2022,Rajasthan,8,Sirohi,115,Sirohi,45.0,215.0,24.0,226.0,170.0,0.0,0.0,209.0,78.0,255.0,4.0,0.0,2.0,0.0,114.0,70.0,16.0,0.0,8.0,10.0,266.0,35.0,0.0,6.0,412.0
2022,Rajasthan,8,Tonk,116,Tonk,38.0,232.0,16.0,110.0,143.0,1.0,0.0,122.0,101.0,327.0,12.0,0.0,2.0,0.0,117.0,19.0,3.0,3.0,0.0,9.0,388.0,24.0,40.0,1.0,805.0
2022,Rajasthan,8,Udaipur,117,Udaipur,118.0,680.0,35.0,458.0,985.0,0.0,1.0,748.0,176.0,770.0,9.0,0.0,15.0,0.0,461.0,21.0,0.0,0.0,0.0,30.0,877.0,168.0,38.0,2.0,626.0
2022,Sikkim,11,Gangtok,225,Gangtok (East),2.0,34.0,1.0,10.0,46.0,0.0,0.0,60.0,31.0,1.0,0.0,0.0,0.0,0.0,1.0,26.0,0.0,5.0,0.0,5.0,18.0,4.0,1.0,0.0,2.0
2022,Sikkim,11,Gyalshing,228,Gyalshing (West),3.0,13.0,0.0,2.0,5.0,0.0,0.0,17.0,14.0,0.0,0.0,0.0,0.0,0.0,0.0,0.0,0.0,0.0,0.0,0.0,1.0,0.0,2.0,0.0,1.0
2022,Sikkim,11,Mangan,226,Mangan (North),1.0,6.0,0.0,0.0,7.0,0.0,0.0,16.0,9.0,0.0,0.0,0.0,0.0,0.0,0.0,0.0,0.0,0.0,0.0,0.0,1.0,0.0,0.0,0.0,1.0
2022,Sikkim,11,Namchi,227,Namchi (South),1.0,25.0,0.0,6.0,13.0,0.0,0.0,37.0,24.0,1.0,0.0,0.0,0.0,2.0,2.0,0.0,0.0,0.0,0.0,0.0,1.0,0.0,0.0,0.0,1.0
2022,Sikkim,11,Pakyong,741,Pakyong (East),1.0,15.0,0.0,6.0,2.0,0.0,0.0,14.0,13.0,0.0,0.0,0.0,0.0,0.0,0.0,0.0,0.0,0.0,0.0,0.0,2.0,0.0,0.0,0.0,4.0
2022,Sikkim,11,Soreng,742,Soreng (West),1.0,6.0,0.0,1.0,4.0,0.0,0.0,15.0,12.0,0.0,0.0,0.0,0.0,0.0,0.0,0.0,0.0,0.0,0.0,0.0,1.0,1.0,0.0,0.0,0.0
2022,Tamil Nadu,33,Ariyalur,610,Ariyalur,20.0,90.0,3.0,4.0,2.0,0.0,0.0,112.0,100.0,9.0,1.0,0.0,3.0,2.0,52.0,21.0,10.0,0.0,0.0,2.0,51.0,10.0,0.0,0.0,89.0
2022,Tamil Nadu,33,Chengalpattu,730,Chengalpattu,33.0,46.0,0.0,5.0,2.0,0.0,0.0,71.0,46.0,2.0,2.0,1.0,1.0,0.0,0.0,36.0,0.0,0.0,0.0,2.0,39.0,49.0,0.0,0.0,0.0
2022,Tamil Nadu,33,Chengalpattu,730,Tambaram,63.0,80.0,0.0,8.0,0.0,1.0,0.0,80.0,71.0,22.0,1.0,0.0,7.0,0.0,39.0,16.0,0.0,1.0,0.0,0.0,186.0,141.0,18.0,0.0,255.0
2022,Tamil Nadu,33,Chennai,568,Chennai,103.0,269.0,0.0,153.0,3.0,6.0,1.0,514.0,310.0,106.0,10.0,1.0,11.0,36.0,591.0,443.0,140.0,12.0,21.0,63.0,767.0,406.0,225.0,58.0,2060.0
2022,Tamil Nadu,33,Chennai,568,Cyber Cell,0.0,0.0,0.0,0.0,0.0,0.0,0.0,1.0,0.0,0.0,0.0,0.0,0.0,0.0,0.0,3.0,0.0,0.0,0.0,2.0,0.0,0.0,0.0,0.0,0.0
2022,Tamil Nadu,33,Chennai,568,Other Units,0.0,0.0,0.0,0.0,0.0,0.0,0.0,0.0,0.0,0.0,0.0,0.0,0.0,0.0,0.0,9.0,3.0,0.0,1.0,2.0,6.0,0.0,0.0,0.0,4.0
2022,Tamil Nadu,33,Chennai,568,Railway Chennai,7.0,0.0,0.0,4.0,0.0,0.0,0.0,16.0,6.0,0.0,0.0,0.0,0.0,0.0,63.0,0.0,0.0,0.0,0.0,0.0,4.0,101.0,0.0,0.0,3.0
2022,Tamil Nadu,33,Coimbatore,569,Coimbatore,41.0,188.0,0.0,21.0,6.0,1.0,0.0,240.0,220.0,19.0,2.0,0.0,10.0,0.0,22.0,59.0,6.0,0.0,2.0,18.0,48.0,84.0,11.0,24.0,685.0
2022,Tamil Nadu,33,Coimbatore,569,Coimbatore City,33.0,59.0,0.0,10.0,5.0,0.0,0.0,83.0,75.0,35.0,0.0,0.0,0.0,0.0,54.0,129.0,60.0,0.0,1.0,0.0,318.0,183.0,0.0,8.0,118.0
2022,Tamil Nadu,33,Coimbatore,569,Cyber Cell,0.0,0.0,0.0,0.0,0.0,0.0,0.0,0.0,0.0,0.0,0.0,0.0,0.0,0.0,0.0,0.0,0.0,0.0,0.0,2.0,0.0,0.0,0.0,0.0,0.0
2022,Tamil Nadu,33,Cuddalore,570,Cuddalore,43.0,176.0,0.0,37.0,86.0,0.0,0.0,214.0,190.0,44.0,4.0,0.0,20.0,0.0,58.0,53.0,0.0,0.0,0.0,0.0,54.0,18.0,1.0,3.0,7755.0
2022,Tamil Nadu,33,Dharmapuri,571,Dharmapuri,33.0,112.0,0.0,28.0,22.0,0.0,0.0,135.0,118.0,11.0,0.0,0.0,6.0,0.0,48.0,44.0,0.0,0.0,0.0,7.0,20.0,19.0,0.0,1.0,829.0
2022,Tamil Nadu,33,Dindigul,572,Dindigul,77.0,108.0,0.0,41.0,15.0,3.0,0.0,272.0,116.0,58.0,1.0,0.0,3.0,2.0,159.0,94.0,15.0,4.0,9.0,6.0,114.0,65.0,9.0,6.0,883.0
2022,Tamil Nadu,33,Erode,573,Erode,26.0,161.0,0.0,28.0,3.0,0.0,0.0,181.0,171.0,8.0,2.0,0.0,3.0,0.0,0.0,29.0,0.0,0.0,0.0,2.0,52.0,62.0,0.0,13.0,918.0
2022,Tamil Nadu,33,Kallakurichi,729,Kallakurichi,26.0,76.0,0.0,38.0,20.0,2.0,0.0,83.0,77.0,18.0,8.0,0.0,0.0,0.0,24.0,9.0,0.0,0.0,0.0,8.0,46.0,13.0,10.0,2.0,14.0
2022,Tamil Nadu,33,Kanchipuram,574,Kanchipuram,19.0,44.0,0.0,2.0,2.0,0.0,0.0,108.0,40.0,0.0,1.0,0.0,1.0,0.0,2.0,21.0,0.0,8.0,1.0,6.0,19.0,55.0,0.0,0.0,148.0
2022,Tamil Nadu,33,Kanniyakumari,575,Kanyakumari,40.0,102.0,0.0,41.0,27.0,0.0,0.0,220.0,103.0,3.0,37.0,0.0,6.0,1.0,88.0,10.0,0.0,0.0,5.0,0.0,119.0,76.0,0.0,0.0,72.0
2022,Tamil Nadu,33,Karur,576,Karur,14.0,62.0,2.0,8.0,2.0,0.0,0.0,80.0,73.0,23.0,6.0,0.0,1.0,0.0,4.0,15.0,0.0,1.0,2.0,0.0,51.0,24.0,0.0,7.0,99.0
2022,Tamil Nadu,33,Krishnagiri,577,Krishnagiri,56.0,91.0,0.0,19.0,7.0,0.0,0.0,114.0,96.0,7.0,0.0,0.0,6.0,0.0,26.0,47.0,0.0,1.0,0.0,4.0,36.0,32.0,4.0,2.0,400.0
2022,Tamil Nadu,33,Madurai,578,Madurai,67.0,180.0,2.0,52.0,13.0,0.0,0.0,199.0,180.0,38.0,13.0,0.0,4.0,0.0,113.0,82.0,0.0,18.0,0.0,3.0,117.0,124.0,0.0,0.0,276.0
2022,Tamil Nadu,33,Madurai,578,Madurai City,37.0,123.0,0.0,38.0,5.0,2.0,0.0,148.0,135.0,85.0,1.0,0.0,1.0,0.0,147.0,113.0,0.0,1.0,0.0,4.0,152.0,152.0,0.0,8.0,60.0
2022,Tamil Nadu,33,Nagapattinam,579,Nagapattinam,42.0,93.0,1.0,59.0,9.0,0.0,0.0,123.0,110.0,19.0,4.0,0.0,0.0,1.0,30.0,17.0,0.0,3.0,0.0,4.0,1.0,24.0,0.0,0.0,10.0
2022,Tamil Nadu,33,Namakkal,580,Namakkal,31.0,114.0,0.0,37.0,3.0,0.0,0.0,132.0,120.0,5.0,4.0,0.0,3.0,0.0,19.0,34.0,0.0,0.0,0.0,4.0,27.0,34.0,0.0,5.0,383.0
2022,Tamil Nadu,33,Perambalur,581,Perambalur,15.0,58.0,1.0,16.0,1.0,0.0,0.0,71.0,69.0,9.0,3.0,0.0,3.0,0.0,16.0,10.0,0.0,1.0,0.0,0.0,17.0,23.0,8.0,0.0,8.0
2022,Tamil Nadu,33,Pudukkottai,582,Pudukottai,38.0,57.0,0.0,56.0,4.0,0.0,0.0,74.0,70.0,32.0,0.0,0.0,4.0,0.0,0.0,16.0,0.0,0.0,0.0,32.0,17.0,38.0,0.0,0.0,626.0
2022,Tamil Nadu,33,Ramanathapuram,583,Ramnathapuram,38.0,93.0,2.0,15.0,26.0,0.0,3.0,115.0,111.0,10.0,24.0,0.0,0.0,0.0,20.0,75.0,0.0,0.0,0.0,7.0,37.0,54.0,13.0,0.0,27.0
2022,Tamil Nadu,33,Ranipet,731,Ranipet,26.0,18.0,0.0,13.0,1.0,0.0,0.0,63.0,31.0,3.0,1.0,0.0,3.0,0.0,7.0,46.0,0.0,1.0,0.0,0.0,19.0,27.0,8.0,1.0,398.0
2022,Tamil Nadu,33,Salem,584,Salem,39.0,135.0,0.0,70.0,23.0,0.0,0.0,183.0,173.0,14.0,2.0,0.0,10.0,0.0,54.0,44.0,0.0,0.0,0.0,0.0,48.0,44.0,0.0,0.0,876.0
2022,Tamil Nadu,33,Salem,584,Salem City,18.0,77.0,0.0,29.0,46.0,5.0,0.0,137.0,76.0,11.0,8.0,0.0,0.0,0.0,11.0,66.0,1.0,0.0,1.0,0.0,32.0,45.0,7.0,0.0,546.0
2022,Tamil Nadu,33,Sivaganga,585,Sivagangai,39.0,104.0,1.0,30.0,21.0,2.0,0.0,129.0,113.0,36.0,12.0,0.0,0.0,6.0,52.0,40.0,0.0,0.0,0.0,8.0,73.0,38.0,12.0,0.0,74.0
2022,Tamil Nadu,33,Tenkasi,733,Tenkasi,42.0,109.0,2.0,60.0,10.0,0.0,0.0,147.0,133.0,14.0,7.0,0.0,5.0,9.0,56.0,100.0,38.0,0.0,5.0,14.0,87.0,32.0,0.0,4.0,730.0
2022,Tamil Nadu,33,Thanjavur,586,Thanjavur,73.0,117.0,0.0,144.0,8.0,0.0,0.0,359.0,146.0,48.0,15.0,1.0,14.0,0.0,106.0,58.0,0.0,0.0,0.0,11.0,141.0,105.0,0.0,0.0,125.0
2022,Tamil Nadu,33,The Nilgiris,587,Nilgiris,8.0,62.0,0.0,12.0,1.0,0.0,0.0,67.0,65.0,5.0,1.0,0.0,5.0,0.0,8.0,31.0,0.0,0.0,0.0,0.0,23.0,5.0,0.0,0.0,211.0
2022,Tamil Nadu,33,Theni,588,Theni,57.0,174.0,0.0,43.0,9.0,0.0,0.0,206.0,195.0,65.0,2.0,0.0,7.0,0.0,66.0,135.0,51.0,0.0,13.0,0.0,149.0,47.0,0.0,4.0,175.0
2022,Tamil Nadu,33,Thiruvallur,589,Avadi,64.0,105.0,0.0,12.0,7.0,5.0,0.0,198.0,137.0,18.0,18.0,0.0,14.0,7.0,145.0,54.0,13.0,2.0,2.0,28.0,111.0,50.0,12.0,6.0,436.0
2022,Tamil Nadu,33,Thiruvallur,589,Thiruvallur,21.0,65.0,2.0,14.0,0.0,0.0,0.0,61.0,57.0,22.0,0.0,0.0,9.0,0.0,12.0,88.0,0.0,3.0,0.0,3.0,85.0,39.0,8.0,0.0,603.0
2022,Tamil Nadu,33,Thiruvarur,590,Thiruvarur,23.0,75.0,0.0,16.0,7.0,0.0,0.0,81.0,79.0,13.0,2.0,0.0,2.0,0.0,12.0,19.0,0.0,3.0,0.0,0.0,15.0,20.0,2.0,1.0,614.0
2022,Tamil Nadu,33,Tiruchirappalli,591,Railway Trichy,1.0,0.0,0.0,1.0,0.0,0.0,0.0,1.0,0.0,0.0,0.0,0.0,0.0,0.0,5.0,0.0,0.0,0.0,0.0,0.0,0.0,33.0,0.0,0.0,4.0
2022,Tamil Nadu,33,Tiruchirappalli,591,Trichy,37.0,112.0,2.0,49.0,9.0,0.0,0.0,132.0,106.0,70.0,0.0,0.0,2.0,12.0,158.0,60.0,26.0,0.0,1.0,6.0,113.0,51.0,18.0,4.0,393.0
2022,Tamil Nadu,33,Tiruchirappalli,591,Trichy City,22.0,44.0,0.0,15.0,1.0,1.0,0.0,75.0,51.0,19.0,3.0,0.0,1.0,0.0,86.0,17.0,0.0,1.0,0.0,3.0,66.0,42.0,11.0,17.0,95.0
2022,Tamil Nadu,33,Tirunelveli,592,Thirunelveli,49.0,91.0,6.0,61.0,20.0,0.0,3.0,136.0,93.0,22.0,2.0,0.0,5.0,5.0,117.0,97.0,34.0,0.0,6.0,4.0,68.0,34.0,3.0,3.0,661.0
2022,Tamil Nadu,33,Tirunelveli,592,Thirunelveli City,18.0,26.0,0.0,18.0,2.0,0.0,0.0,46.0,38.0,9.0,3.0,0.0,0.0,7.0,24.0,25.0,0.0,0.0,2.0,2.0,39.0,27.0,0.0,8.0,215.0
2022,Tamil Nadu,33,Tirupathur,732,Tiruppattur,23.0,66.0,0.0,19.0,9.0,0.0,0.0,138.0,62.0,4.0,6.0,0.0,3.0,0.0,43.0,50.0,25.0,0.0,0.0,0.0,91.0,27.0,8.0,2.0,119.0
2022,Tamil Nadu,33,Tiruppur,634,Tiruppur,38.0,103.0,0.0,18.0,1.0,0.0,0.0,128.0,122.0,13.0,0.0,0.0,3.0,0.0,6.0,33.0,0.0,1.0,0.0,4.0,58.0,108.0,4.0,5.0,34.0
2022,Tamil Nadu,33,Tiruppur,634,Tiruppur City,23.0,64.0,0.0,3.0,21.0,1.0,0.0,92.0,74.0,1.0,2.0,0.0,0.0,1.0,8.0,71.0,30.0,0.0,2.0,0.0,44.0,54.0,0.0,2.0,125.0
2022,Tamil Nadu,33,Tiruvannamalai,593,Thiruvannamalai,48.0,131.0,1.0,22.0,5.0,2.0,0.0,224.0,147.0,10.0,9.0,0.0,9.0,3.0,39.0,43.0,0.0,0.0,0.0,2.0,82.0,40.0,0.0,0.0,723.0
2022,Tamil Nadu,33,Tuticorin,594,Thoothukudi,85.0,137.0,1.0,46.0,28.0,2.0,0.0,189.0,134.0,29.0,12.0,0.0,6.0,9.0,177.0,14.0,0.0,0.0,0.0,16.0,25.0,82.0,5.0,5.0,1267.0
2022,Tamil Nadu,33,Vellore,595,Vellore,24.0,53.0,0.0,14.0,1.0,2.0,0.0,70.0,67.0,19.0,0.0,0.0,0.0,0.0,0.0,80.0,40.0,0.0,0.0,0.0,14.0,24.0,3.0,0.0,141.0
2022,Tamil Nadu,33,Villupuram,596,Villupuram,23.0,133.0,0.0,14.0,43.0,0.0,0.0,123.0,87.0,20.0,6.0,0.0,12.0,0.0,19.0,80.0,0.0,1.0,0.0,3.0,81.0,33.0,14.0,8.0,21.0
2022,Tamil Nadu,33,Virudhunagar,597,Virudhunagar,60.0,181.0,0.0,33.0,12.0,0.0,0.0,209.0,184.0,20.0,14.0,1.0,2.0,3.0,61.0,39.0,0.0,1.0,0.0,1.0,64.0,52.0,15.0,0.0,724.0
2022,Telangana,36,Adilabad,501,Adilabad,14.0,56.0,0.0,83.0,34.0,0.0,5.0,73.0,43.0,149.0,4.0,1.0,8.0,1.0,16.0,73.0,27.0,0.0,5.0,2.0,160.0,3.0,0.0,0.0,250.0
2022,Telangana,36,Bhadradri Kothagudem,690,Bhadradri Kothagudem,26.0,92.0,1.0,133.0,163.0,2.0,2.0,260.0,92.0,378.0,2.0,1.0,20.0,0.0,52.0,234.0,112.0,0.0,4.0,0.0,374.0,11.0,1.0,0.0,808.0
2022,Telangana,36,Hyderabad,507,Cyberabad Commissionerate,114.0,509.0,0.0,596.0,1019.0,5.0,296.0,1116.0,323.0,1206.0,11.0,2.0,64.0,0.0,103.0,0.0,0.0,0.0,0.0,3.0,5777.0,109.0,17.0,0.0,422.0
2022,Telangana,36,Hyderabad,507,Hyderabad Commissionerate,84.0,465.0,0.0,675.0,453.0,1.0,9.0,645.0,401.0,1577.0,11.0,2.0,22.0,4.0,322.0,8587.0,3719.0,79.0,366.0,66.0,6324.0,121.0,26.0,0.0,4504.0
2022,Telangana,36,Hyderabad,507,Railway Police Secunderabad,1.0,0.0,1.0,6.0,10.0,0.0,0.0,12.0,0.0,0.0,1.0,0.0,0.0,0.0,5.0,0.0,0.0,0.0,0.0,0.0,3.0,6.0,0.0,0.0,35.0
2022,Telangana,36,Jagitial,681,Jagitial,30.0,9.0,0.0,0.0,0.0,0.0,1.0,0.0,0.0,0.0,0.0,0.0,0.0,0.0,0.0,0.0,0.0,0.0,0.0,0.0,272.0,27.0,0.0,0.0,749.0
2022,Telangana,36,Jagitial,681,Jagityal,0.0,41.0,0.0,179.0,32.0,0.0,2.0,65.0,48.0,262.0,4.0,0.0,10.0,0.0,22.0,0.0,0.0,0.0,0.0,0.0,0.0,0.0,0.0,1.0,0.0
2022,Telangana,36,Jagityal,681,Jagityal,0.0,0.0,0.0,0.0,0.0,0.0,0.0,0.0,0.0,0.0,0.0,0.0,0.0,0.0,0.0,311.0,130.0,0.0,25.0,0.0,130.0,0.0,0.0,0.0,155.0
2022,Telangana,36,Jayashankar Bhupalapally,687,Jayashankar Bhupalpalli,13.0,16.0,0.0,74.0,42.0,0.0,0.0,18.0,8.0,86.0,2.0,0.0,6.0,0.0,0.0,32.0,0.0,0.0,0.0,0.0,129.0,2.0,0.0,0.0,485.0
2022,Telangana,36,Jogulamba Gadwal,695,Jogulamba Gadwal,21.0,74.0,0.0,48.0,17.0,0.0,0.0,84.0,66.0,47.0,1.0,0.0,10.0,0.0,29.0,65.0,32.0,0.0,0.0,2.0,132.0,4.0,0.0,0.0,75.0
2022,Telangana,36,Kamareddy,685,Kamareddy,43.0,48.0,0.0,104.0,4.0,1.0,0.0,64.0,44.0,196.0,4.0,0.0,5.0,0.0,81.0,588.0,291.0,1.0,2.0,0.0,434.0,13.0,0.0,0.0,463.0
2022,Telangana,36,Karimnagar,508,Karimnagar Commissionerate,24.0,59.0,0.0,191.0,37.0,0.0,0.0,92.0,23.0,236.0,4.0,0.0,14.0,0.0,71.0,172.0,66.0,0.0,17.0,0.0,599.0,4.0,0.0,1.0,495.0
2022,Telangana,36,Khammam,509,Khammam Commissionerate,27.0,73.0,4.0,179.0,168.0,0.0,0.0,321.0,100.0,278.0,4.0,0.0,23.0,0.0,35.0,473.0,222.0,0.0,5.0,0.0,409.0,9.0,12.0,8.0,1174.0
2022,Telangana,36,Kumuram Bheem Asifabad,699,Kumaram Bheem Asifabad,14.0,46.0,2.0,24.0,66.0,0.0,0.0,54.0,15.0,69.0,3.0,0.0,4.0,2.0,27.0,70.0,31.0,0.0,1.0,0.0,329.0,2.0,0.0,1.0,66.0
2022,Telangana,36,Mahabubabad,688,Mahabubabad,29.0,73.0,0.0,111.0,136.0,0.0,0.0,117.0,44.0,199.0,1.0,0.0,17.0,0.0,49.0,115.0,54.0,0.0,2.0,0.0,304.0,2.0,0.0,0.0,138.0
2022,Telangana,36,Mahabubnagar,512,Mahabubnagar,22.0,168.0,0.0,121.0,120.0,0.0,0.0,219.0,96.0,151.0,0.0,0.0,14.0,0.0,37.0,158.0,68.0,0.0,3.0,8.0,269.0,6.0,0.0,4.0,681.0
2022,Telangana,36,Medak,513,Medak,34.0,61.0,0.0,77.0,80.0,0.0,4.0,114.0,68.0,147.0,7.0,0.0,9.0,0.0,60.0,253.0,125.0,0.0,1.0,0.0,307.0,14.0,0.0,0.0,483.0
2022,Telangana,36,Mulugu,720,Mulug,7.0,35.0,1.0,41.0,33.0,0.0,0.0,49.0,26.0,65.0,3.0,0.0,7.0,0.0,13.0,52.0,21.0,0.0,2.0,0.0,80.0,1.0,9.0,0.0,143.0
2022,Telangana,36,Nagarkurnool,694,Nagarkurnool,29.0,86.0,2.0,131.0,96.0,0.0,0.0,128.0,70.0,121.0,2.0,0.0,13.0,0.0,34.0,148.0,71.0,0.0,1.0,2.0,172.0,4.0,0.0,0.0,308.0
2022,Telangana,36,Nalgonda,514,Nalgonda,36.0,123.0,8.0,258.0,96.0,0.0,0.0,147.0,92.0,273.0,6.0,0.0,23.0,0.0,30.0,189.0,68.0,0.0,1.0,2.0,463.0,2.0,26.0,0.0,1969.0
2022,Telangana,36,Narayanpet,721,Narayanpet,12.0,55.0,0.0,41.0,50.0,0.0,0.0,76.0,46.0,38.0,1.0,0.0,4.0,0.0,0.0,98.0,43.0,4.0,2.0,0.0,136.0,5.0,41.0,0.0,440.0
2022,Telangana,36,Nirmal,680,Nirmal,16.0,25.0,0.0,47.0,33.0,1.0,0.0,24.0,9.0,113.0,3.0,0.0,11.0,0.0,13.0,74.0,24.0,0.0,13.0,0.0,117.0,3.0,0.0,0.0,122.0
2022,Telangana,36,Nizamabad,516,Nizamabad Commissionerate,62.0,78.0,1.0,208.0,115.0,0.0,3.0,138.0,64.0,347.0,5.0,0.0,15.0,0.0,34.0,264.0,120.0,1.0,4.0,0.0,604.0,16.0,0.0,0.0,293.0
2022,Telangana,36,Peddapalli,682,Ramagundam Commissionerate,59.0,71.0,2.0,233.0,112.0,0.0,0.0,181.0,77.0,589.0,4.0,0.0,18.0,9.0,47.0,238.0,100.0,0.0,14.0,0.0,545.0,6.0,3.0,1.0,255.0
2022,Telangana,36,Rajanna Sircilla,683,Rajanna Siricilla,17.0,78.0,0.0,144.0,24.0,0.0,0.0,107.0,21.0,167.0,4.0,0.0,6.0,0.0,26.0,126.0,59.0,0.0,2.0,0.0,262.0,8.0,0.0,0.0,694.0
2022,Telangana,36,Ranga Reddy,518,Cyberabad Commissionerate,0.0,0.0,0.0,0.0,0.0,0.0,0.0,0.0,0.0,0.0,0.0,0.0,0.0,0.0,0.0,10819.0,5237.0,14.0,79.0,17.0,3852.0,0.0,9.0,0.0,5446.0
2022,Telangana,36,Sangareddy,691,Sangareddy,45.0,98.0,0.0,73.0,7.0,0.0,0.0,72.0,60.0,189.0,10.0,0.0,7.0,0.0,68.0,570.0,283.0,0.0,1.0,4.0,356.0,11.0,0.0,0.0,1063.0
2022,Telangana,36,Siddipet,692,Siddipet Commissionerate,24.0,104.0,0.0,117.0,46.0,0.0,0.0,89.0,80.0,291.0,7.0,0.0,8.0,0.0,0.0,492.0,233.0,2.0,11.0,0.0,286.0,6.0,0.0,0.0,445.0
2022,Telangana,36,Suryapet,696,Suryapet,27.0,95.0,4.0,270.0,68.0,0.0,0.0,108.0,81.0,352.0,5.0,0.0,4.0,0.0,22.0,238.0,116.0,0.0,3.0,0.0,500.0,0.0,0.0,1.0,1534.0
2022,Telangana,36,Vikarabad,698,Vikarabad,34.0,79.0,1.0,63.0,91.0,0.0,0.0,157.0,53.0,126.0,3.0,0.0,11.0,0.0,5.0,82.0,0.0,0.0,0.0,0.0,57.0,2.0,0.0,0.0,418.0
2022,Telangana,36,Wanaparthy,693,Wanaparthy,15.0,57.0,0.0,47.0,34.0,0.0,0.0,58.0,25.0,63.0,0.0,0.0,0.0,0.0,15.0,76.0,38.0,0.0,0.0,0.0,118.0,1.0,0.0,0.0,126.0
2022,Telangana,36,Warangal,522,Warangal Commissionerate,46.0,185.0,2.0,285.0,345.0,0.0,12.0,354.0,136.0,577.0,19.0,0.0,31.0,0.0,59.0,1261.0,630.0,0.0,0.0,1.0,1500.0,19.0,0.0,0.0,2876.0
2022,Telangana,36,Yadadri Bhuvanagiri,697,Rachakonda Commissionerate,64.0,607.0,0.0,1143.0,218.0,0.0,0.0,715.0,518.0,1704.0,12.0,0.0,1.0,112.0,69.0,4372.0,2128.0,0.0,31.0,0.0,4758.0,138.0,0.0,0.0,5286.0
2022,The Dadra And Nagar Haveli And Daman And Diu,38,Dadra And Nagar Haveli,465,Dadra And Nagar Haveli,13.0,53.0,0.0,7.0,28.0,0.0,0.0,75.0,45.0,3.0,1.0,0.0,0.0,0.0,40.0,4.0,0.0,0.0,0.0,8.0,10.0,11.0,2.0,0.0,26.0
2022,The Dadra And Nagar Haveli And Daman And Diu,38,Daman,463,Daman,6.0,9.0,0.0,4.0,51.0,0.0,0.0,29.0,9.0,6.0,0.0,0.0,0.0,0.0,5.0,1.0,0.0,0.0,0.0,1.0,14.0,4.0,3.0,0.0,6.0
2022,The Dadra And Nagar Haveli And Daman And Diu,38,Diu,464,Diu,0.0,0.0,0.0,0.0,2.0,0.0,0.0,3.0,1.0,1.0,0.0,0.0,0.0,0.0,1.0,0.0,0.0,0.0,0.0,0.0,6.0,0.0,1.0,0.0,1.0
2022,Tripura,16,Dhalai,269,Dhalai,21.0,23.0,1.0,9.0,8.0,0.0,0.0,17.0,9.0,30.0,1.0,0.0,1.0,0.0,2.0,0.0,0.0,0.0,0.0,0.0,2.0,0.0,1.0,0.0,0.0
2022,Tripura,16,Gomati,654,Gomati,9.0,38.0,0.0,8.0,11.0,0.0,0.0,35.0,23.0,69.0,2.0,0.0,1.0,0.0,0.0,1.0,0.0,0.0,0.0,0.0,12.0,0.0,2.0,0.0,21.0
2022,Tripura,16,Khowai,652,Kowai,13.0,23.0,0.0,3.0,5.0,0.0,0.0,17.0,11.0,8.0,3.0,0.0,2.0,0.0,0.0,2.0,0.0,0.0,0.0,1.0,7.0,1.0,4.0,0.0,14.0
2022,Tripura,16,North Tripura,270,North,22.0,37.0,1.0,23.0,12.0,0.0,2.0,32.0,18.0,40.0,5.0,0.0,1.0,0.0,0.0,0.0,0.0,0.0,0.0,0.0,24.0,2.0,0.0,0.0,44.0
2022,Tripura,16,Sepahijala,653,Sipahijala,0.0,0.0,0.0,0.0,12.0,0.0,0.0,16.0,3.0,0.0,0.0,0.0,1.0,0.0,0.0,0.0,0.0,0.0,0.0,0.0,0.0,0.0,0.0,0.0,0.0
2022,Tripura,16,South Tripura,271,South,15.0,22.0,1.0,14.0,9.0,0.0,0.0,23.0,10.0,37.0,2.0,0.0,2.0,0.0,5.0,2.0,0.0,1.0,0.0,0.0,9.0,0.0,3.0,0.0,6.0
2022,Tripura,16,Unakoti,655,Sipahijala,12.0,15.0,1.0,7.0,13.0,1.0,0.0,0.0,0.0,41.0,4.0,0.0,0.0,0.0,6.0,3.0,0.0,0.0,0.0,0.0,17.0,2.0,8.0,0.0,26.0
2022,Tripura,16,Unakoti,655,Unakoti,7.0,26.0,3.0,11.0,11.0,2.0,0.0,34.0,20.0,50.0,0.0,0.0,0.0,0.0,4.0,4.0,0.0,1.0,0.0,1.0,27.0,0.0,0.0,0.0,40.0
2022,Tripura,16,West Tripura,272,Grp,0.0,0.0,0.0,0.0,1.0,0.0,0.0,0.0,0.0,0.0,0.0,0.0,0.0,0.0,0.0,0.0,0.0,0.0,0.0,0.0,0.0,0.0,0.0,0.0,0.0
2022,Tripura,16,West Tripura,272,West,25.0,34.0,1.0,14.0,20.0,1.0,0.0,46.0,26.0,63.0,8.0,0.0,2.0,0.0,6.0,18.0,0.0,2.0,0.0,4.0,58.0,2.0,13.0,0.0,38.0
2022,Uttar Pradesh,9,Agra,118,Agra,80.0,274.0,0.0,332.0,222.0,2.0,0.0,80.0,80.0,775.0,95.0,2.0,0.0,0.0,0.0,160.0,0.0,19.0,0.0,52.0,427.0,75.0,32.0,8.0,62.0
2022,Uttar Pradesh,9,Aligarh,119,Aligarh,106.0,188.0,0.0,598.0,964.0,1.0,0.0,728.0,276.0,919.0,56.0,4.0,11.0,0.0,0.0,154.0,0.0,0.0,0.0,50.0,0.0,243.0,0.0,0.0,891.0
2022,Uttar Pradesh,9,Ambedkar Nagar,121,Ambedkar Nagar,43.0,247.0,20.0,158.0,193.0,0.0,0.0,184.0,20.0,21.0,196.0,0.0,0.0,0.0,0.0,54.0,0.0,2.0,0.0,26.0,65.0,19.0,45.0,1.0,700.0
2022,Uttar Pradesh,9,Amethi,640,Amethi,35.0,92.0,1.0,47.0,27.0,0.0,0.0,57.0,50.0,134.0,10.0,0.0,0.0,0.0,0.0,73.0,31.0,0.0,0.0,0.0,105.0,18.0,0.0,0.0,31.0
2022,Uttar Pradesh,9,Auraiya,122,Auraiya,29.0,83.0,0.0,92.0,131.0,3.0,0.0,145.0,138.0,263.0,25.0,0.0,5.0,0.0,0.0,71.0,0.0,30.0,0.0,24.0,86.0,15.0,0.0,0.0,96.0
2022,Uttar Pradesh,9,Ayodhya,140,Ayodhya,51.0,128.0,6.0,176.0,518.0,0.0,0.0,301.0,24.0,10.0,267.0,0.0,3.0,0.0,2.0,77.0,0.0,12.0,0.0,40.0,9.0,6.0,156.0,1.0,78.0
2022,Uttar Pradesh,9,Azamgarh,123,Azamgarh,55.0,248.0,0.0,373.0,315.0,0.0,0.0,391.0,184.0,353.0,23.0,0.0,4.0,0.0,0.0,130.0,0.0,14.0,0.0,125.0,21.0,19.0,62.0,0.0,4248.0
2022,Uttar Pradesh,9,Baghpat,124,Baghpat,54.0,206.0,20.0,123.0,275.0,0.0,0.0,268.0,107.0,82.0,12.0,0.0,0.0,0.0,0.0,261.0,0.0,10.0,1.0,65.0,0.0,16.0,0.0,0.0,864.0
2022,Uttar Pradesh,9,Bahraich,125,Bahraich,61.0,130.0,7.0,342.0,619.0,0.0,0.0,348.0,184.0,30.0,951.0,0.0,30.0,0.0,7.0,124.0,24.0,0.0,18.0,0.0,56.0,11.0,143.0,0.0,45.0
2022,Uttar Pradesh,9,Ballia,126,Ballia,41.0,88.0,4.0,97.0,259.0,0.0,0.0,172.0,84.0,167.0,16.0,0.0,6.0,0.0,0.0,71.0,0.0,0.0,0.0,86.0,65.0,8.0,52.0,0.0,53.0
2022,Uttar Pradesh,9,Balrampur,127,Balrampur,25.0,261.0,33.0,132.0,233.0,0.0,0.0,311.0,67.0,24.0,139.0,0.0,7.0,0.0,19.0,25.0,0.0,2.0,0.0,8.0,56.0,8.0,57.0,0.0,183.0
2022,Uttar Pradesh,9,Banda,128,Banda,62.0,102.0,3.0,150.0,365.0,0.0,0.0,352.0,141.0,198.0,32.0,0.0,16.0,0.0,0.0,77.0,6.0,7.0,0.0,43.0,71.0,20.0,0.0,0.0,1172.0
2022,Uttar Pradesh,9,Bara Banki,129,Barabanki,43.0,280.0,0.0,101.0,208.0,0.0,0.0,0.0,0.0,36.0,708.0,0.0,9.0,0.0,218.0,97.0,0.0,12.0,0.0,45.0,101.0,9.0,130.0,0.0,21.0
2022,Uttar Pradesh,9,Barabanki,129,Barabanki,2.0,0.0,0.0,0.0,307.0,0.0,0.0,485.0,176.0,0.0,0.0,0.0,0.0,0.0,0.0,0.0,0.0,0.0,0.0,0.0,0.0,0.0,0.0,0.0,0.0
2022,Uttar Pradesh,9,Bareilly,130,Bareilly,89.0,131.0,0.0,335.0,416.0,0.0,6.0,248.0,273.0,1155.0,57.0,1.0,0.0,0.0,0.0,161.0,0.0,0.0,0.0,0.0,415.0,29.0,0.0,2.0,3274.0
2022,Uttar Pradesh,9,Basti,131,Basti,37.0,338.0,29.0,71.0,211.0,2.0,0.0,289.0,89.0,0.0,355.0,0.0,13.0,0.0,0.0,81.0,0.0,1.0,0.0,40.0,130.0,16.0,0.0,0.0,0.0
2022,Uttar Pradesh,9,Bhadohi,179,Bhadohi,21.0,74.0,0.0,62.0,174.0,0.0,0.0,139.0,28.0,8.0,92.0,0.0,2.0,0.0,0.0,21.0,0.0,4.0,0.0,9.0,52.0,11.0,0.0,0.0,98.0
2022,Uttar Pradesh,9,Bijnor,132,Bijnor,54.0,113.0,15.0,114.0,17.0,0.0,0.0,130.0,125.0,527.0,562.0,0.0,16.0,0.0,0.0,79.0,0.0,6.0,0.0,29.0,0.0,18.0,0.0,0.0,97.0
2022,Uttar Pradesh,9,Budaun,133,Badaun,65.0,249.0,3.0,208.0,105.0,0.0,0.0,263.0,253.0,539.0,71.0,1.0,0.0,0.0,28.0,61.0,0.0,0.0,0.0,0.0,95.0,15.0,0.0,1.0,2496.0
2022,Uttar Pradesh,9,Bulandshahr,134,Bulandshahar,56.0,208.0,9.0,113.0,156.0,0.0,0.0,304.0,257.0,691.0,41.0,0.0,12.0,9.0,58.0,403.0,86.0,1.0,5.0,14.0,238.0,21.0,71.0,0.0,292.0
2022,Uttar Pradesh,9,Chandauli,135,Chandoli,26.0,98.0,0.0,48.0,37.0,1.0,0.0,86.0,72.0,99.0,11.0,0.0,8.0,0.0,0.0,33.0,0.0,4.0,0.0,15.0,49.0,6.0,15.0,0.0,247.0
2022,Uttar Pradesh,9,Chitrakoot,136,Chitrakoot,24.0,60.0,0.0,49.0,43.0,0.0,0.0,55.0,51.0,30.0,8.0,0.0,6.0,0.0,0.0,25.0,0.0,0.0,0.0,0.0,35.0,5.0,0.0,0.0,180.0
2022,Uttar Pradesh,9,Deoria,137,Deoria,27.0,46.0,0.0,26.0,0.0,1.0,0.0,54.0,41.0,19.0,23.0,0.0,0.0,0.0,0.0,65.0,0.0,0.0,0.0,0.0,0.0,5.0,107.0,0.0,0.0
2022,Uttar Pradesh,9,Etah,138,Etah,31.0,51.0,0.0,105.0,58.0,0.0,0.0,71.0,60.0,81.0,33.0,0.0,0.0,0.0,0.0,56.0,0.0,8.0,0.0,27.0,226.0,21.0,0.0,0.0,72.0
2022,Uttar Pradesh,9,Etawah,139,Etawah,50.0,83.0,0.0,31.0,120.0,0.0,0.0,124.0,65.0,98.0,31.0,0.0,6.0,0.0,213.0,27.0,0.0,0.0,0.0,8.0,114.0,14.0,0.0,0.0,11.0
2022,Uttar Pradesh,9,Farrukhabad,141,Fatehgarh,56.0,133.0,31.0,38.0,203.0,0.0,0.0,229.0,79.0,153.0,17.0,1.0,0.0,26.0,97.0,113.0,0.0,14.0,0.0,0.0,79.0,36.0,0.0,0.0,1509.0
2022,Uttar Pradesh,9,Fatehpur,142,Fatehpur,39.0,84.0,0.0,178.0,150.0,1.0,0.0,330.0,111.0,182.0,42.0,0.0,4.0,33.0,42.0,71.0,0.0,0.0,0.0,40.0,22.0,12.0,35.0,0.0,966.0
2022,Uttar Pradesh,9,Firozabad,143,Firozabad,92.0,558.0,40.0,531.0,762.0,0.0,5.0,696.0,149.0,419.0,55.0,2.0,16.0,0.0,70.0,133.0,33.0,8.0,5.0,11.0,16.0,34.0,0.0,0.0,2799.0
2022,Uttar Pradesh,9,Gautam Buddha Nagar,144,Gautambudh Nagar,55.0,140.0,2.0,81.0,450.0,2.0,0.0,145.0,75.0,293.0,32.0,1.0,0.0,0.0,52.0,1633.0,666.0,60.0,32.0,15.0,677.0,39.0,241.0,0.0,3131.0
2022,Uttar Pradesh,9,Ghaziabad,145,Ghaziabad,112.0,418.0,0.0,193.0,122.0,0.0,2.0,360.0,241.0,846.0,54.0,2.0,25.0,0.0,0.0,810.0,0.0,19.0,0.0,173.0,432.0,84.0,394.0,6.0,248.0
2022,Uttar Pradesh,9,Ghazipur,146,Ghazipur,42.0,222.0,0.0,332.0,152.0,4.0,0.0,323.0,116.0,247.0,29.0,1.0,3.0,0.0,153.0,147.0,0.0,3.0,0.0,43.0,101.0,22.0,0.0,0.0,511.0
2022,Uttar Pradesh,9,Gonda,147,Gonda,37.0,96.0,0.0,94.0,470.0,1.0,0.0,303.0,118.0,29.0,295.0,0.0,0.0,0.0,0.0,85.0,0.0,5.0,0.0,30.0,186.0,10.0,0.0,0.0,2828.0
2022,Uttar Pradesh,9,Gorakhpur,148,Gorakhpur,80.0,288.0,74.0,406.0,197.0,3.0,0.0,733.0,188.0,664.0,57.0,0.0,24.0,0.0,0.0,222.0,0.0,0.0,0.0,160.0,210.0,42.0,355.0,0.0,4831.0
2022,Uttar Pradesh,9,Hamirpur,149,Hamirpur,22.0,113.0,0.0,105.0,63.0,2.0,0.0,138.0,77.0,133.0,20.0,0.0,0.0,0.0,0.0,41.0,1.0,1.0,0.0,17.0,42.0,12.0,0.0,0.0,168.0
2022,Uttar Pradesh,9,Hapur,661,Hapur,33.0,60.0,0.0,101.0,241.0,0.0,0.0,54.0,32.0,289.0,23.0,0.0,0.0,0.0,8.0,51.0,0.0,3.0,3.0,28.0,108.0,11.0,0.0,0.0,89.0
2022,Uttar Pradesh,9,Hardoi,150,Hardoi,41.0,122.0,28.0,255.0,175.0,0.0,0.0,252.0,105.0,173.0,100.0,0.0,14.0,0.0,0.0,104.0,52.0,0.0,0.0,0.0,148.0,11.0,30.0,0.0,52.0
2022,Uttar Pradesh,9,Hathras,163,Hathras,40.0,197.0,18.0,211.0,275.0,1.0,0.0,321.0,73.0,123.0,26.0,1.0,0.0,0.0,0.0,44.0,0.0,1.0,0.0,30.0,22.0,26.0,30.0,0.0,1198.0
2022,Uttar Pradesh,9,Jalaun,151,Jalaun,19.0,61.0,0.0,52.0,234.0,0.0,0.0,214.0,73.0,97.0,25.0,0.0,6.0,0.0,14.0,54.0,0.0,3.0,0.0,15.0,35.0,10.0,7.0,0.0,85.0
2022,Uttar Pradesh,9,Jaunpur,152,Jaunpur,55.0,326.0,86.0,234.0,336.0,0.0,0.0,460.0,159.0,170.0,28.0,1.0,5.0,0.0,0.0,94.0,0.0,5.0,0.0,63.0,97.0,16.0,0.0,0.0,3530.0
2022,Uttar Pradesh,9,Jhansi,153,Jhansi,35.0,188.0,0.0,112.0,85.0,0.0,0.0,150.0,69.0,260.0,26.0,0.0,12.0,0.0,0.0,92.0,0.0,6.0,0.0,39.0,67.0,7.0,18.0,0.0,544.0
2022,Uttar Pradesh,9,Kannauj,155,Kannauj,60.0,114.0,0.0,133.0,467.0,0.0,0.0,228.0,82.0,471.0,24.0,1.0,9.0,0.0,55.0,37.0,0.0,0.0,0.0,0.0,8.0,7.0,15.0,0.0,1016.0
2022,Uttar Pradesh,9,Kanpur Dehat,156,Kanpur Dehat,35.0,42.0,0.0,88.0,130.0,0.0,0.0,96.0,96.0,312.0,18.0,0.0,5.0,0.0,0.0,79.0,18.0,0.0,0.0,13.0,63.0,16.0,20.0,0.0,600.0
2022,Uttar Pradesh,9,Kanpur Dehat,156,Kanpur Outer,0.0,0.0,0.0,0.0,0.0,0.0,0.0,0.0,0.0,0.0,0.0,0.0,0.0,0.0,0.0,0.0,0.0,0.0,0.0,0.0,0.0,0.0,0.0,0.0,0.0
2022,Uttar Pradesh,9,Kanpur Nagar,157,Kanpur Commissionarate,81.0,363.0,1.0,367.0,381.0,1.0,0.0,437.0,281.0,1075.0,43.0,2.0,0.0,0.0,35.0,541.0,0.0,139.0,0.0,91.0,451.0,18.0,0.0,5.0,4427.0
2022,Uttar Pradesh,9,Kasganj,633,Kasganj,42.0,117.0,26.0,199.0,295.0,0.0,0.0,216.0,59.0,114.0,28.0,0.0,1.0,0.0,0.0,51.0,0.0,0.0,0.0,51.0,37.0,12.0,42.0,0.0,1032.0
2022,Uttar Pradesh,9,Kaushambi,158,Kaushambi,34.0,256.0,0.0,48.0,143.0,2.0,0.0,211.0,67.0,68.0,13.0,1.0,0.0,0.0,0.0,55.0,0.0,11.0,0.0,24.0,33.0,16.0,0.0,0.0,1599.0
2022,Uttar Pradesh,9,Kheri,159,Khiri,79.0,405.0,0.0,96.0,240.0,0.0,0.0,360.0,99.0,274.0,53.0,0.0,0.0,0.0,0.0,71.0,0.0,0.0,0.0,0.0,59.0,25.0,104.0,0.0,6147.0
2022,Uttar Pradesh,9,Kushi Nagar,160,Kushi Nagar,5.0,0.0,0.0,0.0,223.0,0.0,0.0,325.0,97.0,0.0,0.0,0.0,0.0,0.0,0.0,0.0,0.0,0.0,0.0,0.0,0.0,0.0,0.0,0.0,0.0
2022,Uttar Pradesh,9,Kushinagar,160,Kushi Nagar,39.0,161.0,0.0,89.0,341.0,0.0,0.0,0.0,0.0,98.0,27.0,0.0,3.0,0.0,169.0,116.0,7.0,0.0,0.0,22.0,43.0,8.0,59.0,0.0,8.0
2022,Uttar Pradesh,9,Lalitpur,161,Lalitpur,13.0,72.0,3.0,52.0,42.0,0.0,0.0,48.0,40.0,38.0,13.0,0.0,0.0,0.0,0.0,36.0,0.0,3.0,0.0,15.0,0.0,4.0,0.0,0.0,384.0
2022,Uttar Pradesh,9,Lucknow,162,Grp,17.0,12.0,1.0,35.0,30.0,0.0,7.0,19.0,5.0,0.0,1.0,0.0,0.0,0.0,0.0,1.0,0.0,0.0,0.0,0.0,19.0,117.0,0.0,0.0,351.0
2022,Uttar Pradesh,9,Lucknow,162,Lucknow Commissionarate,136.0,530.0,0.0,387.0,293.0,0.0,0.0,398.0,277.0,1038.0,43.0,0.0,44.0,22.0,0.0,1134.0,0.0,52.0,0.0,107.0,1844.0,145.0,257.0,0.0,248.0
2022,Uttar Pradesh,9,Lucknow,162,Lucknow Grameen,0.0,0.0,0.0,0.0,0.0,0.0,0.0,0.0,0.0,0.0,0.0,0.0,0.0,0.0,0.0,0.0,0.0,0.0,0.0,0.0,0.0,0.0,0.0,0.0,0.0
2022,Uttar Pradesh,9,Maharajganj,164,Maharajganj,3.0,0.0,0.0,0.0,8.0,0.0,1.0,93.0,70.0,0.0,0.0,0.0,0.0,0.0,0.0,0.0,0.0,0.0,0.0,0.0,0.0,0.0,0.0,0.0,0.0
2022,Uttar Pradesh,9,Mahoba,165,Mahoba,9.0,68.0,0.0,61.0,85.0,0.0,0.0,141.0,61.0,12.0,8.0,0.0,7.0,7.0,15.0,20.0,0.0,5.0,0.0,11.0,31.0,8.0,0.0,0.0,5.0
2022,Uttar Pradesh,9,Mahrajganj,164,Maharajganj,21.0,71.0,0.0,24.0,3.0,0.0,2.0,0.0,0.0,176.0,23.0,0.0,4.0,0.0,12.0,52.0,0.0,2.0,0.0,36.0,19.0,6.0,55.0,0.0,710.0
2022,Uttar Pradesh,9,Mainpuri,166,Mainpuri,43.0,201.0,2.0,105.0,270.0,1.0,0.0,267.0,84.0,189.0,45.0,0.0,11.0,0.0,0.0,26.0,0.0,6.0,0.0,0.0,0.0,23.0,0.0,0.0,60.0
2022,Uttar Pradesh,9,Mathura,167,Mathura,101.0,269.0,0.0,356.0,396.0,2.0,0.0,214.0,173.0,373.0,34.0,0.0,0.0,0.0,0.0,166.0,0.0,0.0,0.0,0.0,0.0,120.0,0.0,0.0,3303.0
2022,Uttar Pradesh,9,Mau,168,Mau,28.0,153.0,0.0,83.0,142.0,0.0,0.0,111.0,107.0,20.0,301.0,0.0,0.0,0.0,0.0,125.0,1.0,14.0,0.0,71.0,52.0,27.0,53.0,0.0,13.0
2022,Uttar Pradesh,9,Meerut,169,Meerut,124.0,274.0,67.0,125.0,800.0,0.0,0.0,485.0,146.0,613.0,28.0,0.0,0.0,0.0,0.0,190.0,0.0,0.0,0.0,190.0,0.0,49.0,402.0,0.0,649.0
2022,Uttar Pradesh,9,Mirzapur,170,Mirzapur,31.0,116.0,0.0,33.0,54.0,0.0,0.0,132.0,64.0,106.0,26.0,0.0,5.0,0.0,45.0,62.0,0.0,0.0,0.0,8.0,18.0,4.0,30.0,0.0,337.0
2022,Uttar Pradesh,9,Moradabad,171,Moradabad,39.0,121.0,3.0,108.0,72.0,0.0,0.0,161.0,148.0,399.0,23.0,0.0,0.0,0.0,26.0,58.0,3.0,10.0,2.0,6.0,0.0,11.0,0.0,0.0,5.0
2022,Uttar Pradesh,9,Muzaffarnagar,172,Muzaffarnagar,56.0,194.0,50.0,55.0,49.0,0.0,0.0,202.0,71.0,314.0,23.0,0.0,0.0,0.0,0.0,104.0,17.0,0.0,14.0,20.0,45.0,27.0,24.0,0.0,1134.0
2022,Uttar Pradesh,9,Pilibhit,173,Pilibhit,68.0,548.0,2.0,171.0,524.0,0.0,2.0,356.0,91.0,353.0,33.0,0.0,4.0,0.0,0.0,93.0,0.0,2.0,0.0,34.0,258.0,33.0,0.0,0.0,265.0
2022,Uttar Pradesh,9,Pratapgarh,174,Pratapgarh,88.0,422.0,0.0,164.0,220.0,2.0,0.0,351.0,126.0,536.0,21.0,0.0,0.0,0.0,0.0,82.0,0.0,31.0,0.0,10.0,176.0,46.0,0.0,0.0,5999.0
2022,Uttar Pradesh,9,Prayagraj,120,Prayagraj,106.0,390.0,0.0,532.0,336.0,4.0,0.0,346.0,84.0,947.0,50.0,0.0,28.0,1.0,141.0,891.0,0.0,0.0,0.0,20.0,479.0,52.0,0.0,0.0,93.0
2022,Uttar Pradesh,9,Rae Bareli,175,Raibareilly,34.0,304.0,0.0,69.0,385.0,0.0,0.0,412.0,115.0,138.0,18.0,0.0,0.0,0.0,0.0,101.0,0.0,0.0,0.0,0.0,88.0,10.0,0.0,0.0,0.0
2022,Uttar Pradesh,9,Rampur,176,Rampur,36.0,316.0,4.0,80.0,173.0,0.0,0.0,143.0,68.0,16.0,470.0,0.0,7.0,0.0,3.0,46.0,0.0,0.0,4.0,28.0,0.0,20.0,163.0,0.0,117.0
2022,Uttar Pradesh,9,Saharanpur,177,Saharanpur,34.0,133.0,0.0,91.0,321.0,0.0,2.0,202.0,112.0,376.0,25.0,0.0,0.0,0.0,13.0,79.0,0.0,5.0,0.0,64.0,92.0,11.0,280.0,0.0,678.0
2022,Uttar Pradesh,9,Sambhal,659,Sambhal,58.0,263.0,6.0,113.0,151.0,1.0,3.0,198.0,125.0,229.0,63.0,2.0,3.0,1.0,0.0,75.0,20.0,1.0,8.0,10.0,107.0,29.0,12.0,0.0,75.0
2022,Uttar Pradesh,9,Sant Kabeer Nagar,178,Sant Kabirnagar,1.0,19.0,0.0,50.0,96.0,0.0,0.0,241.0,74.0,0.0,0.0,0.0,0.0,0.0,0.0,0.0,0.0,0.0,0.0,0.0,0.0,0.0,0.0,0.0,0.0
2022,Uttar Pradesh,9,Sant Kabir Nagar,178,Sant Kabirnagar,23.0,182.0,19.0,127.0,5.0,0.0,0.0,0.0,0.0,69.0,9.0,0.0,4.0,0.0,0.0,38.0,0.0,0.0,0.0,36.0,40.0,6.0,0.0,0.0,689.0
2022,Uttar Pradesh,9,Shahjahanpur,180,Shahjahanpur,57.0,91.0,0.0,130.0,173.0,0.0,0.0,159.0,90.0,303.0,68.0,1.0,0.0,0.0,0.0,68.0,0.0,0.0,0.0,70.0,53.0,1.0,46.0,0.0,148.0
2022,Uttar Pradesh,9,Shamli,660,Shamli,26.0,110.0,0.0,147.0,35.0,1.0,0.0,112.0,110.0,252.0,5.0,0.0,0.0,0.0,15.0,56.0,0.0,3.0,0.0,22.0,0.0,30.0,77.0,0.0,453.0
2022,Uttar Pradesh,9,Shravasti,181,Shrawasti,1.0,0.0,0.0,0.0,96.0,0.0,0.0,164.0,40.0,0.0,0.0,0.0,0.0,0.0,0.0,0.0,0.0,0.0,0.0,0.0,0.0,0.0,0.0,0.0,0.0
2022,Uttar Pradesh,9,Shrawasti,181,Shrawasti,12.0,167.0,0.0,50.0,30.0,0.0,1.0,0.0,0.0,7.0,176.0,0.0,8.0,0.0,0.0,17.0,0.0,5.0,0.0,6.0,39.0,13.0,73.0,0.0,9.0
2022,Uttar Pradesh,9,Siddharth Nagar,182,Sidharthnagar,4.0,20.0,0.0,0.0,50.0,0.0,0.0,241.0,167.0,0.0,0.0,0.0,0.0,0.0,0.0,0.0,0.0,0.0,0.0,0.0,0.0,0.0,0.0,0.0,0.0
2022,Uttar Pradesh,9,Siddharthnagar,182,Sidharthnagar,20.0,134.0,20.0,110.0,8.0,0.0,4.0,0.0,86.0,13.0,140.0,0.0,3.0,0.0,0.0,76.0,0.0,0.0,0.0,0.0,84.0,6.0,0.0,0.0,1741.0
2022,Uttar Pradesh,9,Sitapur,183,Sitapur,64.0,323.0,0.0,78.0,511.0,1.0,0.0,297.0,27.0,293.0,48.0,0.0,0.0,0.0,0.0,58.0,0.0,0.0,0.0,0.0,126.0,51.0,0.0,0.0,0.0
2022,Uttar Pradesh,9,Sonbhadra,184,Sonbhadra,42.0,205.0,0.0,51.0,50.0,0.0,2.0,122.0,122.0,79.0,102.0,0.0,0.0,0.0,0.0,60.0,0.0,0.0,0.0,0.0,81.0,8.0,0.0,0.0,43.0
2022,Uttar Pradesh,9,Sultanpur,185,Sultanpur,59.0,337.0,5.0,146.0,543.0,1.0,0.0,433.0,85.0,34.0,242.0,0.0,6.0,0.0,18.0,131.0,34.0,0.0,0.0,11.0,90.0,46.0,53.0,0.0,34.0
2022,Uttar Pradesh,9,Unnao,186,Unnao,50.0,117.0,0.0,147.0,352.0,0.0,0.0,227.0,149.0,217.0,30.0,0.0,5.0,0.0,45.0,76.0,3.0,1.0,0.0,57.0,39.0,23.0,59.0,0.0,3.0
2022,Uttar Pradesh,9,Varanasi,187,Varanasi Commissionarate,53.0,165.0,1.0,113.0,294.0,0.0,1.0,241.0,91.0,485.0,28.0,0.0,9.0,0.0,141.0,331.0,0.0,35.0,8.0,47.0,207.0,27.0,168.0,0.0,545.0
2022,Uttar Pradesh,9,Varanasi,187,Vasanasi Dehat,0.0,0.0,0.0,0.0,0.0,0.0,0.0,0.0,0.0,0.0,0.0,0.0,0.0,0.0,0.0,0.0,0.0,0.0,0.0,0.0,0.0,0.0,0.0,0.0,0.0
2022,Uttarakhand,5,Almora,45,Almora,2.0,47.0,0.0,12.0,2.0,0.0,0.0,36.0,19.0,6.0,0.0,0.0,0.0,0.0,0.0,13.0,0.0,0.0,1.0,0.0,0.0,4.0,0.0,0.0,34.0
2022,Uttarakhand,5,Bageshwar,46,Bageshwar,8.0,27.0,0.0,4.0,0.0,0.0,0.0,9.0,7.0,3.0,1.0,0.0,0.0,0.0,4.0,4.0,1.0,1.0,0.0,1.0,13.0,1.0,0.0,0.0,24.0
2022,Uttarakhand,5,Chamoli,47,Chamoli,1.0,12.0,1.0,8.0,29.0,0.0,0.0,23.0,13.0,9.0,7.0,0.0,0.0,0.0,2.0,6.0,0.0,0.0,0.0,0.0,11.0,1.0,1.0,0.0,5.0
2022,Uttarakhand,5,Champawat,48,Champawat,4.0,17.0,2.0,9.0,10.0,0.0,0.0,7.0,4.0,4.0,1.0,0.0,0.0,0.0,0.0,25.0,8.0,2.0,2.0,2.0,8.0,1.0,3.0,0.0,11.0
2022,Uttarakhand,5,Cyber Cell,9999,Cyber Cell,0.0,0.0,0.0,0.0,0.0,0.0,0.0,0.0,0.0,0.0,0.0,0.0,0.0,0.0,0.0,0.0,0.0,0.0,0.0,0.0,0.0,0.0,0.0,0.0,0.0
2022,Uttarakhand,5,Dehradun,49,Cyber Cell,0.0,0.0,0.0,0.0,0.0,0.0,0.0,0.0,0.0,0.0,0.0,0.0,0.0,0.0,0.0,30.0,0.0,10.0,0.0,0.0,0.0,0.0,0.0,0.0,0.0
2022,Uttarakhand,5,Dehradun,49,Dehradun,34.0,476.0,13.0,162.0,396.0,0.0,2.0,423.0,178.0,362.0,15.0,0.0,14.0,0.0,98.0,224.0,0.0,0.0,0.0,0.0,0.0,83.0,0.0,3.0,18.0
2022,Uttarakhand,5,Dehradun,49,Grp,0.0,3.0,0.0,0.0,0.0,0.0,0.0,1.0,1.0,0.0,0.0,0.0,0.0,0.0,0.0,0.0,0.0,0.0,0.0,0.0,0.0,4.0,0.0,0.0,11.0
2022,Uttarakhand,5,Haridwar,50,Haridwar,42.0,601.0,0.0,162.0,309.0,1.0,6.0,427.0,215.0,201.0,20.0,1.0,0.0,0.0,4.0,38.0,0.0,0.0,4.0,0.0,0.0,62.0,94.0,4.0,1214.0
2022,Uttarakhand,5,Nainital,51,Nainital,22.0,287.0,0.0,165.0,225.0,0.0,1.0,279.0,115.0,78.0,9.0,0.0,7.0,0.0,33.0,54.0,9.0,1.0,7.0,0.0,82.0,21.0,0.0,0.0,324.0
2022,Uttarakhand,5,Pauri Garhwal,52,Pauri Garhwal,14.0,57.0,0.0,27.0,35.0,0.0,0.0,31.0,18.0,23.0,18.0,0.0,2.0,0.0,10.0,12.0,0.0,1.0,0.0,3.0,46.0,0.0,5.0,0.0,6.0
2022,Uttarakhand,5,Pithoragarh,53,Pithoragarh,4.0,48.0,0.0,33.0,53.0,0.0,0.0,38.0,20.0,6.0,4.0,0.0,1.0,0.0,7.0,77.0,19.0,0.0,12.0,21.0,0.0,4.0,3.0,0.0,43.0
2022,Uttarakhand,5,Rudra Prayag,54,Rudra Prayag,4.0,2.0,0.0,5.0,17.0,0.0,0.0,7.0,0.0,0.0,0.0,0.0,0.0,0.0,0.0,3.0,0.0,2.0,0.0,0.0,0.0,0.0,0.0,0.0,17.0
2022,Uttarakhand,5,Tehri Garhwal,55,Tehri Garhwal,3.0,39.0,2.0,11.0,16.0,0.0,0.0,21.0,9.0,12.0,9.0,0.0,1.0,0.0,3.0,8.0,0.0,3.0,0.0,3.0,20.0,1.0,1.0,0.0,7.0
2022,Uttarakhand,5,Udam Singh Nagar,56,Udham Singh Nagar,0.0,0.0,0.0,0.0,0.0,0.0,0.0,0.0,0.0,0.0,0.0,0.0,0.0,0.0,0.0,123.0,0.0,5.0,1.0,15.0,0.0,0.0,0.0,0.0,1.0
2022,Uttarakhand,5,Udam Singh Nagar,56,Udhamsingh Nagar,53.0,724.0,0.0,154.0,144.0,3.0,7.0,374.0,238.0,246.0,24.0,0.0,0.0,0.0,0.0,0.0,0.0,0.0,0.0,11.0,92.0,55.0,80.0,2.0,1499.0
2022,Uttarakhand,5,Uttar Kashi,57,Uttarkashi,7.0,40.0,0.0,5.0,28.0,0.0,0.0,30.0,14.0,4.0,0.0,0.0,0.0,0.0,0.0,6.0,0.0,0.0,0.0,0.0,0.0,0.0,0.0,0.0,54.0
2022,West Bengal,19,24 Paraganas North,303,Bangaon,0.0,0.0,0.0,0.0,97.0,0.0,0.0,139.0,35.0,0.0,0.0,0.0,0.0,1.0,0.0,0.0,0.0,0.0,0.0,0.0,0.0,0.0,0.0,0.0,0.0
2022,West Bengal,19,24 Paraganas North,303,Barasat,0.0,0.0,0.0,0.0,156.0,0.0,1.0,260.0,87.0,0.0,0.0,0.0,6.0,0.0,0.0,0.0,0.0,0.0,0.0,0.0,0.0,0.0,0.0,0.0,0.0
2022,West Bengal,19,24 Paraganas North,303,Barrackpur Pc,1.0,0.0,0.0,0.0,209.0,0.0,3.0,348.0,71.0,0.0,0.0,0.0,1.0,7.0,0.0,0.0,0.0,0.0,0.0,0.0,0.0,0.0,0.0,0.0,0.0
2022,West Bengal,19,24 Paraganas North,303,Basirhat,0.0,0.0,0.0,0.0,210.0,0.0,2.0,295.0,64.0,0.0,0.0,0.0,0.0,0.0,0.0,0.0,0.0,0.0,0.0,0.0,0.0,0.0,0.0,0.0,0.0
2022,West Bengal,19,24 Paraganas North,303,Bidhannagar Pc,2.0,0.0,0.0,0.0,68.0,0.0,0.0,113.0,42.0,0.0,0.0,0.0,0.0,0.0,0.0,0.0,0.0,0.0,0.0,0.0,0.0,0.0,0.0,0.0,0.0
2022,West Bengal,19,24 Paraganas South,304,Baruipur Police,8.0,0.0,0.0,0.0,379.0,0.0,7.0,576.0,169.0,0.0,0.0,0.0,2.0,0.0,0.0,0.0,0.0,0.0,0.0,0.0,0.0,0.0,0.0,0.0,0.0
2022,West Bengal,19,24 Paraganas South,304,Diamond Harbour Police,0.0,0.0,0.0,0.0,81.0,2.0,0.0,150.0,61.0,0.0,0.0,0.0,1.0,0.0,0.0,0.0,0.0,0.0,0.0,0.0,0.0,0.0,0.0,1.0,0.0
2022,West Bengal,19,24 Paraganas South,304,Sundarban Police,0.0,0.0,0.0,0.0,161.0,0.0,2.0,275.0,99.0,0.0,0.0,0.0,1.0,0.0,0.0,0.0,0.0,0.0,0.0,0.0,0.0,0.0,0.0,2.0,0.0
2022,West Bengal,19,Alipurduar,664,Alipurduar,54.0,118.0,21.0,40.0,235.0,0.0,0.0,204.0,84.0,313.0,10.0,0.0,17.0,0.0,18.0,10.0,3.0,0.0,0.0,0.0,48.0,3.0,12.0,2.0,334.0
2022,West Bengal,19,Bankura,305,Bankura,45.0,76.0,14.0,104.0,170.0,0.0,0.0,138.0,45.0,294.0,18.0,1.0,10.0,0.0,62.0,3.0,0.0,0.0,0.0,4.0,78.0,6.0,36.0,0.0,661.0
2022,West Bengal,19,Birbhum,307,Birbhum,94.0,95.0,17.0,43.0,154.0,1.0,0.0,152.0,59.0,371.0,8.0,4.0,21.0,0.0,18.0,28.0,0.0,0.0,8.0,0.0,139.0,12.0,7.0,1.0,104.0
2022,West Bengal,19,Cooch Behar,308,Coochbehar,42.0,176.0,58.0,48.0,360.0,10.0,0.0,0.0,0.0,582.0,19.0,0.0,18.0,0.0,0.0,16.0,0.0,0.0,0.0,0.0,76.0,23.0,16.0,3.0,1643.0
2022,West Bengal,19,Coochbehar,308,Coochbehar,0.0,0.0,0.0,0.0,211.0,0.0,0.0,327.0,113.0,0.0,0.0,0.0,0.0,0.0,0.0,0.0,0.0,0.0,0.0,0.0,0.0,0.0,0.0,0.0,0.0
2022,West Bengal,19,Dakshin Dinajpur,310,Dakshin Dinajpur,40.0,68.0,16.0,22.0,193.0,4.0,1.0,0.0,1.0,163.0,11.0,0.0,11.0,0.0,0.0,18.0,1.0,0.0,0.0,0.0,60.0,1.0,16.0,0.0,90.0
2022,West Bengal,19,Darjeeling,309,Darjeeling,20.0,48.0,4.0,85.0,162.0,0.0,6.0,136.0,49.0,141.0,0.0,0.0,4.0,0.0,0.0,0.0,0.0,0.0,0.0,0.0,42.0,1.0,25.0,0.0,503.0
2022,West Bengal,19,Darjeeling,309,Siliguri Grp,8.0,0.0,1.0,2.0,6.0,0.0,5.0,7.0,1.0,0.0,1.0,0.0,3.0,0.0,0.0,0.0,0.0,0.0,0.0,0.0,1.0,3.0,0.0,0.0,16.0
2022,West Bengal,19,Darjeeling,309,Siliguri Pc,24.0,64.0,13.0,102.0,400.0,2.0,0.0,263.0,67.0,503.0,3.0,0.0,1.0,0.0,0.0,25.0,0.0,0.0,0.0,0.0,401.0,15.0,180.0,10.0,1901.0
2022,West Bengal,19,Dinajpur Dakshin,310,Dakshin Dinajpur,2.0,0.0,0.0,0.0,183.0,0.0,0.0,248.0,35.0,0.0,0.0,0.0,1.0,6.0,0.0,0.0,0.0,0.0,0.0,0.0,0.0,0.0,0.0,0.0,0.0
2022,West Bengal,19,Dinajpur Uttar,311,Islampur,2.0,0.0,0.0,1.0,55.0,0.0,0.0,90.0,27.0,0.0,0.0,0.0,0.0,1.0,0.0,0.0,0.0,0.0,0.0,0.0,0.0,0.0,0.0,1.0,0.0
2022,West Bengal,19,Dinajpur Uttar,311,Raiganj,1.0,0.0,0.0,0.0,91.0,0.0,1.0,147.0,50.0,0.0,0.0,0.0,2.0,0.0,0.0,0.0,0.0,0.0,0.0,0.0,0.0,0.0,0.0,0.0,0.0
2022,West Bengal,19,Hooghly,312,Chandannagar Pc,12.0,43.0,7.0,20.0,86.0,1.0,0.0,94.0,45.0,500.0,6.0,1.0,5.0,0.0,8.0,14.0,6.0,0.0,0.0,0.0,221.0,2.0,4.0,0.0,745.0
2022,West Bengal,19,Hooghly,312,Hooghly Rural Police,42.0,92.0,9.0,20.0,261.0,2.0,0.0,210.0,78.0,588.0,22.0,0.0,25.0,0.0,0.0,13.0,3.0,1.0,1.0,0.0,225.0,14.0,7.0,0.0,2888.0
2022,West Bengal,19,Howrah,313,Howrah Grp,5.0,0.0,0.0,2.0,1.0,0.0,3.0,6.0,2.0,0.0,0.0,0.0,2.0,0.0,0.0,0.0,0.0,0.0,0.0,0.0,4.0,0.0,0.0,0.0,13.0
2022,West Bengal,19,Howrah,313,Howrah Pc,32.0,63.0,12.0,40.0,174.0,4.0,3.0,201.0,91.0,563.0,8.0,0.0,16.0,0.0,0.0,28.0,0.0,0.0,0.0,0.0,329.0,15.0,63.0,0.0,2267.0
2022,West Bengal,19,Howrah,313,Howrah Rural,49.0,73.0,12.0,15.0,305.0,1.0,4.0,244.0,80.0,471.0,10.0,1.0,14.0,0.0,8.0,4.0,0.0,3.0,0.0,0.0,101.0,9.0,34.0,0.0,481.0
2022,West Bengal,19,Jalpaiguri,314,Jalpaiguri,37.0,137.0,21.0,23.0,286.0,1.0,3.0,250.0,104.0,291.0,19.0,0.0,6.0,0.0,4.0,22.0,0.0,0.0,0.0,0.0,119.0,3.0,51.0,0.0,1257.0
2022,West Bengal,19,Jhargram,703,Jhargram,27.0,62.0,9.0,26.0,120.0,0.0,3.0,92.0,22.0,96.0,3.0,0.0,2.0,0.0,8.0,12.0,3.0,0.0,0.0,0.0,32.0,5.0,3.0,0.0,340.0
2022,West Bengal,19,Kalimpong,702,Kalimpong,7.0,18.0,2.0,20.0,20.0,0.0,3.0,30.0,17.0,17.0,0.0,0.0,0.0,0.0,0.0,2.0,0.0,0.0,0.0,0.0,23.0,1.0,0.0,0.0,28.0
2022,West Bengal,19,Kolkata,315,Kolkata,35.0,142.0,0.0,491.0,663.0,11.0,4.0,602.0,191.0,860.0,4.0,3.0,16.0,0.0,3.0,139.0,29.0,12.0,6.0,7.0,1789.0,17.0,53.0,8.0,1694.0
2022,West Bengal,19,Kolkata,315,Sealdah Grp,11.0,0.0,0.0,15.0,6.0,0.0,0.0,8.0,0.0,0.0,1.0,0.0,3.0,1.0,0.0,0.0,0.0,0.0,0.0,0.0,10.0,3.0,0.0,0.0,2.0
2022,West Bengal,19,Malda,316,Malda,97.0,551.0,97.0,113.0,368.0,1.0,1.0,0.0,0.0,707.0,11.0,3.0,37.0,0.0,0.0,26.0,2.0,2.0,3.0,0.0,266.0,17.0,21.0,2.0,1186.0
2022,West Bengal,19,Maldah,316,Malda,3.0,0.0,0.0,0.0,292.0,0.0,0.0,581.0,275.0,0.0,0.0,0.0,5.0,0.0,0.0,0.0,0.0,0.0,0.0,0.0,0.0,0.0,0.0,0.0,0.0
2022,West Bengal,19,Medinipur East,317,Purab Medinipur,1.0,0.0,0.0,0.0,527.0,1.0,1.0,623.0,78.0,0.0,0.0,0.0,1.0,0.0,0.0,0.0,0.0,0.0,0.0,0.0,0.0,0.0,0.0,0.0,0.0
2022,West Bengal,19,Medinipur West,318,Kharagpur Grp,1.0,0.0,0.0,0.0,0.0,0.0,2.0,3.0,0.0,0.0,0.0,0.0,0.0,0.0,0.0,0.0,0.0,0.0,0.0,0.0,0.0,0.0,0.0,0.0,0.0
2022,West Bengal,19,Medinipur West,318,Paschim Medinipur,0.0,0.0,0.0,0.0,212.0,0.0,0.0,297.0,83.0,0.0,0.0,0.0,0.0,0.0,0.0,0.0,0.0,0.0,0.0,0.0,0.0,0.0,0.0,0.0,0.0
2022,West Bengal,19,Murshidabad,319,Jangipur Police District,25.0,48.0,13.0,15.0,140.0,1.0,0.0,86.0,38.0,608.0,10.0,0.0,0.0,0.0,0.0,4.0,0.0,0.0,0.0,0.0,41.0,4.0,3.0,1.0,461.0
2022,West Bengal,19,Murshidabad,319,Murshidabad Police District,131.0,323.0,98.0,91.0,832.0,3.0,0.0,616.0,183.0,1394.0,15.0,5.0,26.0,0.0,209.0,7.0,0.0,0.0,0.0,0.0,135.0,12.0,116.0,0.0,426.0
2022,West Bengal,19,Nadia,320,Krishnagar,75.0,194.0,84.0,41.0,383.0,5.0,0.0,304.0,45.0,682.0,14.0,4.0,15.0,0.0,15.0,0.0,0.0,0.0,0.0,0.0,230.0,5.0,9.0,0.0,1913.0
2022,West Bengal,19,Nadia,320,Ranaghat,36.0,98.0,44.0,37.0,330.0,0.0,0.0,217.0,67.0,707.0,21.0,1.0,2.0,0.0,0.0,0.0,0.0,0.0,0.0,0.0,118.0,4.0,0.0,1.0,1545.0
2022,West Bengal,19,North 24 Parganas,303,Bangaon,17.0,95.0,18.0,84.0,119.0,2.0,0.0,0.0,0.0,609.0,13.0,1.0,4.0,0.0,0.0,32.0,0.0,0.0,0.0,0.0,105.0,1.0,43.0,0.0,501.0
2022,West Bengal,19,North 24 Parganas,303,Barasat,42.0,119.0,21.0,60.0,134.0,2.0,2.0,0.0,0.0,754.0,12.0,1.0,23.0,0.0,0.0,22.0,2.0,0.0,5.0,6.0,183.0,3.0,63.0,0.0,1014.0
2022,West Bengal,19,North 24 Parganas,303,Barrackpur Pc,59.0,62.0,12.0,656.0,187.0,13.0,5.0,0.0,5.0,1352.0,13.0,3.0,17.0,0.0,60.0,50.0,0.0,0.0,2.0,0.0,906.0,21.0,105.0,0.0,1948.0
2022,West Bengal,19,North 24 Parganas,303,Basirhat,37.0,132.0,22.0,20.0,408.0,5.0,4.0,0.0,0.0,597.0,17.0,0.0,0.0,0.0,0.0,15.0,0.0,0.0,0.0,0.0,0.0,4.0,58.0,0.0,151.0
2022,West Bengal,19,North 24 Parganas,303,Bidhannagar Pc,20.0,49.0,4.0,75.0,55.0,1.0,0.0,0.0,0.0,351.0,6.0,2.0,4.0,0.0,36.0,10.0,0.0,0.0,0.0,0.0,746.0,1.0,37.0,1.0,1286.0
2022,West Bengal,19,Paschim Bardhaman,704,Asansol-Durgapur Pc,54.0,62.0,5.0,25.0,86.0,1.0,0.0,99.0,59.0,257.0,15.0,0.0,18.0,0.0,29.0,48.0,9.0,2.0,6.0,0.0,240.0,13.0,93.0,1.0,193.0
2022,West Bengal,19,Paschim Medinipur,318,Kharagpur Grp,8.0,0.0,0.0,4.0,0.0,0.0,2.0,0.0,0.0,0.0,0.0,0.0,1.0,0.0,0.0,0.0,0.0,0.0,0.0,0.0,5.0,0.0,0.0,0.0,2.0
2022,West Bengal,19,Paschim Medinipur,318,Paschim Medinipur,110.0,71.0,11.0,147.0,302.0,0.0,0.0,0.0,1.0,569.0,12.0,0.0,8.0,0.0,0.0,3.0,0.0,0.0,0.0,0.0,45.0,49.0,69.0,1.0,1782.0
2022,West Bengal,19,Purba Bardhaman,306,Purba Bardhaman,75.0,144.0,45.0,140.0,635.0,2.0,2.0,440.0,112.0,1074.0,13.0,3.0,40.0,0.0,3.0,33.0,0.0,4.0,1.0,2.0,327.0,7.0,0.0,2.0,2808.0
2022,West Bengal,19,Purba Medinipur,317,Purab Medinipur,80.0,368.0,32.0,55.0,431.0,7.0,4.0,0.0,1.0,847.0,25.0,2.0,13.0,0.0,27.0,65.0,13.0,0.0,6.0,3.0,87.0,22.0,94.0,2.0,2161.0
2022,West Bengal,19,Purulia,321,Purulia,52.0,52.0,7.0,34.0,68.0,1.0,0.0,79.0,39.0,220.0,8.0,1.0,5.0,0.0,17.0,0.0,0.0,0.0,0.0,0.0,15.0,6.0,3.0,0.0,916.0
2022,West Bengal,19,South 24 Parganas,304,Baruipur Police,96.0,254.0,42.0,35.0,412.0,4.0,14.0,0.0,0.0,1339.0,15.0,1.0,14.0,0.0,138.0,3.0,0.0,0.0,0.0,0.0,428.0,12.0,19.0,0.0,3898.0
2022,West Bengal,19,South 24 Parganas,304,Diamond Harbour Police,40.0,73.0,1.0,38.0,85.0,2.0,0.0,0.0,1.0,692.0,15.0,0.0,4.0,0.0,0.0,18.0,5.0,0.0,1.0,0.0,90.0,1.0,7.0,1.0,1217.0
2022,West Bengal,19,South 24 Parganas,304,Sundarban Police,51.0,133.0,12.0,69.0,203.0,0.0,6.0,0.0,0.0,794.0,5.0,1.0,10.0,0.0,0.0,17.0,0.0,0.0,5.0,5.0,132.0,9.0,5.0,2.0,634.0
2022,West Bengal,19,Uttar Dinajpur,311,Islampur,23.0,68.0,12.0,8.0,68.0,0.0,0.0,0.0,1.0,152.0,9.0,0.0,6.0,0.0,5.0,2.0,0.0,0.0,0.0,2.0,16.0,9.0,2.0,2.0,183.0
2022,West Bengal,19,Uttar Dinajpur,311,Raiganj,22.0,92.0,30.0,13.0,121.0,1.0,1.0,0.0,2.0,192.0,14.0,0.0,14.0,0.0,23.0,20.0,2.0,8.0,0.0,0.0,97.0,4.0,0.0,0.0,802.0
